trajectory_id,icao24,callsign,start_time,fuel_efficiency_score,fuel_anomaly,fuel_anomaly_score_normalized,primary_inefficiency_cause
0,0100a2,MSR509,2025-12-29 16:21:38,99.88842753703938,1,92.5537231700764,Normal Operation
1,0100a2,MSR5111,2025-12-30 06:48:37,99.86353848277038,1,95.73854227829337,Normal Operation
2,01012b,MSR958,2025-12-30 09:08:33,99.88197551443348,1,91.43919164926474,Normal Operation
3,01013c,MSR959,2025-12-29 00:08:45,99.8882544313644,1,92.03399145597616,Normal Operation
4,010143,MSR968,2025-12-30 00:48:35,48.78778107768036,-1,52.04090543340732,Speed Instability
5,0101dd,MSR951,2025-12-30 09:08:33,99.8722153184966,1,92.79602618628351,Normal Operation
6,01025d,MSR971,2025-12-28 23:58:46,99.98707170888912,1,93.57153438634556,Normal Operation
7,040031,ETH637,2025-12-29 01:54:09,99.32816033074066,1,91.62344590806303,Normal Operation
8,040031,ETH637,2025-12-29 04:24:05,99.92676796574656,1,95.86777556272779,Normal Operation
9,040033,ETH640,2025-12-30 01:58:37,42.10046033158936,1,62.50670833811128,Normal Operation
10,040033,ETH611,2025-12-30 04:18:35,55.67605708288461,1,72.65764067520351,Normal Operation
11,040049,ETH686,2025-12-29 07:14:05,36.93982286543806,-1,48.426303466873726,Multiple Causes
12,040049,ETH689,2025-12-29 09:54:04,49.0764778889314,1,63.23475178160927,Normal Operation
13,04004b,ETH636,2025-12-29 07:14:05,99.9878369379603,1,94.37144618280361,Normal Operation
14,04004b,ETH636,2025-12-29 08:44:04,99.84206660732048,1,90.65915622622656,Normal Operation
15,04004b,ETH637,2025-12-30 01:38:40,99.91535538114915,1,92.96902838632512,Normal Operation
16,04004b,ETH637,2025-12-30 04:18:35,99.84253698969296,1,95.8080540859795,Normal Operation
17,040062,ETH3857,2025-12-29 04:44:07,99.80350542522685,1,92.1237139151711,Normal Operation
18,040062,ETH3857,2025-12-29 06:54:07,99.9710421890152,1,96.32249868194907,Normal Operation
19,040066,ETH607,2025-12-29 01:44:09,99.99858615272296,1,95.97321203446022,Normal Operation
20,040066,ETH607,2025-12-29 03:14:06,99.9713206037228,1,98.37920420466871,Normal Operation
21,040066,ETH606,2025-12-30 06:58:37,99.92317811337044,1,95.47068113081423,Normal Operation
22,040066,ETH606,2025-12-30 08:38:36,99.7373378467008,1,92.5595219381477,Normal Operation
23,040075,ETH688,2025-12-30 00:08:41,59.51231147972794,1,60.30054245574144,Normal Operation
24,040075,ETH687,2025-12-30 03:18:38,75.95057866337588,1,87.47224136039517,Normal Operation
25,040075,ETH687,2025-12-30 04:28:41,99.94563412192016,1,95.55644343118232,Normal Operation
26,040087,ETH678,2025-12-30 05:28:36,99.98405735612388,1,96.5271724969985,Normal Operation
27,040087,ETH678,2025-12-30 06:58:37,43.8506421486611,-1,51.84986151045155,Multiple Causes
28,040087,ETH678,2025-12-30 09:08:33,57.689865321428165,1,60.55400097259277,Normal Operation
29,040101,ETH608,2025-12-29 06:54:07,99.95672467115746,1,94.53173511877918,Normal Operation
30,040101,ETH609,2025-12-30 03:28:39,99.96059770729326,1,93.66015517685274,Normal Operation
31,040103,ETH645,2025-12-29 02:44:02,99.94693759265677,1,97.0574995912148,Normal Operation
32,040103,ETH644,2025-12-30 06:38:36,99.99019607348278,1,96.09326246612653,Normal Operation
33,040103,ETH644,2025-12-30 08:18:37,99.78077601512275,1,89.69732299631379,Normal Operation
34,040105,ETH640,2025-12-29 01:34:05,47.2173744664698,1,67.74128111196511,Normal Operation
35,040105,ETH611,2025-12-29 04:34:06,71.79013059709825,1,82.68127588772722,Normal Operation
36,040105,ETH610,2025-12-30 06:28:37,46.24980476924436,1,55.821752327622775,Normal Operation
37,040106,ETH606,2025-12-29 06:44:08,99.83722025369312,1,90.05650248331538,Normal Operation
38,040106,ETH606,2025-12-29 08:24:06,99.86615353457498,1,94.80697756345405,Normal Operation
39,040106,ETH607,2025-12-30 01:08:40,99.85376082701376,1,95.89254912868196,Normal Operation
40,040106,ETH607,2025-12-30 03:18:38,99.8517639576818,1,94.94729776236129,Normal Operation
41,040126,ETH628,2025-12-30 06:48:37,99.9505055034136,1,96.52356575732456,Normal Operation
42,040134,ETH684,2025-12-30 07:28:36,99.85675013569778,1,95.4889647810703,Normal Operation
43,040134,ETH684,2025-12-30 09:08:33,99.90168671224664,1,95.07305442905655,Normal Operation
44,04014c,ETH684,2025-12-29 07:24:06,99.87141655649528,1,89.37221271688938,Normal Operation
45,04014c,ETH684,2025-12-29 08:54:06,99.809115677812,1,93.49889034696804,Normal Operation
46,04014c,ETH685,2025-12-30 01:28:36,96.85281560344798,1,85.63308002903223,Normal Operation
47,04014c,ETH685,2025-12-30 03:58:40,99.98490385870818,1,97.88655079195247,Normal Operation
48,04014e,ETH685,2025-12-29 01:54:09,99.73471364805768,1,92.29583147280857,Normal Operation
49,04014e,ETH685,2025-12-29 04:14:05,99.96288007713773,1,96.73818013263697,Normal Operation
50,040168,ETH3229,2025-12-30 01:48:39,99.9783379394728,1,96.36764556238185,Normal Operation
51,04016a,ETH692,2025-12-30 07:08:35,98.35055271219694,1,89.7911816897278,Normal Operation
52,04016b,ETH690,2025-12-29 06:24:05,77.2577500847826,1,70.74543864504767,Normal Operation
53,040187,ETH639,2025-12-29 03:14:06,99.97973722467862,1,97.44607698555279,Normal Operation
54,040187,ETH638,2025-12-30 07:58:34,99.96773278867488,1,96.11416700136043,Normal Operation
55,040188,ETH629,2025-12-29 03:04:06,99.94152786118973,1,96.91287467301906,Normal Operation
56,040211,ETH696,2025-12-29 00:18:37,89.0521547441246,1,86.93625589412369,Normal Operation
57,040211,ETH697,2025-12-29 03:34:08,99.8801651719436,1,94.78949715850004,Normal Operation
58,04022a,ETH3490,2025-12-29 10:04:07,99.96686652206397,1,97.53709836468505,Normal Operation
59,040232,ETH682,2025-12-29 23:28:38,99.71973073060695,1,96.30382240492108,Normal Operation
60,040232,ETH683,2025-12-30 02:48:39,99.99719646149336,1,97.71920811394607,Normal Operation
61,04024a,ETH610,2025-12-29 06:04:04,46.90993399722432,1,64.1695498730132,Normal Operation
62,04024a,ETH616,2025-12-29 23:48:40,99.91654006567389,1,93.35734531934479,Normal Operation
63,04024a,ETH617,2025-12-30 08:28:35,99.73244149415645,1,93.97660571335139,Normal Operation
64,040260,ETH688,2025-12-28 23:58:46,48.33353922812387,1,70.70630795283039,Normal Operation
65,040260,ETH687,2025-12-29 07:34:07,70.75572350582277,1,81.99986433441453,Normal Operation
66,040260,ETH686,2025-12-30 07:28:36,38.63409798956796,-1,52.71306468158674,Multiple Causes
67,040260,ETH689,2025-12-30 09:48:34,49.015056494887816,1,69.06955315267656,Normal Operation
68,04c147,KQA202,2025-12-29 02:04:07,53.58723850270698,1,76.79268051268099,Normal Operation
69,04c147,KQA203,2025-12-29 04:24:05,65.07590895046192,1,76.31352049799332,Normal Operation
70,04c147,KQA202,2025-12-30 03:38:37,64.55364766397835,1,68.8150222528308,Normal Operation
71,04c147,KQA203,2025-12-30 05:58:33,70.94105235325222,1,71.66722864323414,Normal Operation
72,04c14b,KQA204,2025-12-29 07:24:06,69.97378951474391,-1,39.214356114309105,Poor Routing
73,04c14b,KQA205,2025-12-29 09:04:08,56.339690588237104,1,80.76507573966414,Normal Operation
74,05a054,DQA700,2025-12-29 09:24:04,63.38950122423158,1,72.11868282057355,Normal Operation
75,05a0af,DQA707,2025-12-29 17:23:08,55.96036539393555,1,70.94204787073846,Normal Operation
76,060046,MAU746,2025-12-30 01:08:40,99.85309620463396,1,94.30398626390097,Normal Operation
77,060046,MAU747,2025-12-30 04:58:38,90.4285059019405,1,78.94035711426004,Normal Operation
78,06a03d,QTR12H,2025-12-30 01:38:40,89.98635555587265,1,86.10227288601597,Normal Operation
79,06a03d,QTR93X,2025-12-30 04:48:37,95.7887962813293,1,87.31009328703252,Normal Operation
80,06a040,QTR880,2025-12-29 08:34:04,99.84435483692442,1,92.59389949521561,Normal Operation
81,06a040,QTR881,2025-12-30 01:28:36,99.39211539915536,1,93.25390570586158,Normal Operation
82,06a040,QTR881,2025-12-30 03:48:37,99.79747989551105,1,94.81478361194479,Normal Operation
83,06a041,QTR860,2025-12-30 07:58:34,99.96885392071157,1,90.37276401255734,Normal Operation
84,06a04c,QTR12H,2025-12-29 01:34:05,93.83996861894882,1,87.75448337810124,Normal Operation
85,06a04c,QTR93X,2025-12-29 04:44:07,96.5406579049308,1,87.71403611632294,Normal Operation
86,06a052,QTR834,2025-12-30 07:58:34,99.8319699362116,1,91.94494585085846,Normal Operation
87,06a053,QTR834,2025-12-29 07:54:02,99.6111747577419,1,89.89135414670532,Normal Operation
88,06a053,QTR870,2025-12-30 07:48:33,99.95567532822294,1,91.13719940898272,Normal Operation
89,06a060,QTR21Y,2025-12-30 01:48:39,50.99857300726819,-1,51.26152233665185,Altitude Instability
90,06a062,QTR5M,2025-12-30 03:08:38,99.83667705404524,1,93.19072653092486,Normal Operation
91,06a063,QTR53R,2025-12-29 08:44:04,99.96311425275306,1,96.03410630240141,Normal Operation
92,06a064,VOZ008,2025-12-29 08:14:07,99.80448861875246,1,93.79342226940855,Normal Operation
93,06a070,QTR5M,2025-12-29 02:24:07,99.99104214121144,1,97.47727402970028,Normal Operation
94,06a079,QTR970,2025-12-29 08:54:06,99.6587787134688,1,91.38728103473441,Normal Operation
95,06a07a,QTR31J,2025-12-29 06:14:08,99.96723205138362,1,97.0303213873358,Normal Operation
96,06a07a,QTR56U,2025-12-30 05:18:34,99.79905153425554,1,96.89049116073612,Normal Operation
97,06a07b,QTR52U,2025-12-30 00:38:34,99.86922760198578,1,93.38038794840968,Normal Operation
98,06a07c,QTR840,2025-12-29 08:54:06,99.69744500418872,1,93.28320457433676,Normal Operation
99,06a07c,QTR841,2025-12-30 01:58:37,99.98957228742331,1,97.23440138688285,Normal Operation
100,06a07d,QTR85N,2025-12-29 05:04:06,99.99228625287913,1,97.7685388590814,Normal Operation
101,06a07d,QTR920,2025-12-30 00:48:35,99.99637908306508,1,96.34076803274561,Normal Operation
102,06a07f,QTR8906,2025-12-30 05:58:33,99.10540904932056,1,88.31163815966103,Normal Operation
103,06a08d,QTR55P,2025-12-30 01:38:40,67.96541030175612,1,86.72402789802932,Normal Operation
104,06a093,QTR6Y,2025-12-30 04:28:41,99.80410055169924,1,95.08081289857847,Normal Operation
105,06a0a5,QTR974,2025-12-30 02:18:37,99.86337535819848,1,91.16914947882051,Normal Operation
106,06a0a6,QTR936,2025-12-29 09:54:04,99.96460141191966,1,95.38177361472411,Normal Operation
107,06a0a6,QTR936,2025-12-30 01:48:39,99.57341575125382,1,92.15912450280625,Normal Operation
108,06a0a8,QTR850,2025-12-30 02:28:35,99.8226638554345,1,92.46059729616584,Normal Operation
109,06a0a8,QTR851,2025-12-30 09:28:35,99.99979315443782,1,95.83743447362697,Normal Operation
110,06a0a9,QTR66U,2025-12-30 07:38:20,89.42991258054228,1,84.98406253100113,Normal Operation
111,06a0aa,QTR648,2025-12-30 05:48:34,72.97883901386483,1,65.0981341898625,Normal Operation
112,06a0aa,QTR649,2025-12-30 08:58:35,76.92684153583538,1,82.9350153832931,Normal Operation
113,06a0ac,QTR540,2025-12-30 00:58:38,38.91496975260577,-1,40.02907912053488,Multiple Causes
114,06a0ac,QTR9F,2025-12-30 03:38:37,63.75979245130008,1,69.07828756333475,Normal Operation
115,06a0ad,QTR2C,2025-12-30 09:58:35,87.4912691163326,1,80.93646843974857,Normal Operation
116,06a0b2,QTR926,2025-12-29 08:24:06,99.6755322585382,1,86.69504625123744,Normal Operation
117,06a0b3,QTR58A,2025-12-29 00:48:39,99.83487585373918,1,91.39709943733668,Normal Operation
118,06a0b3,QTR1B,2025-12-29 04:34:06,99.91452979225976,1,95.27956371588668,Normal Operation
119,06a0b7,QTR850,2025-12-29 01:34:05,99.9526482535673,1,94.72497145625726,Normal Operation
120,06a0b8,QTR55P,2025-12-29 01:24:06,54.35256253550226,1,62.60504204789801,Normal Operation
121,06a0ba,QTR974,2025-12-29 02:24:07,99.99626010136254,1,95.09741450983793,Normal Operation
122,06a0ba,QTR974,2025-12-29 03:24:06,99.97287118768013,1,97.23765170147584,Normal Operation
123,06a0bb,QTR647,2025-12-29 17:33:04,92.71365680984964,1,80.59838334693572,Normal Operation
124,06a0bc,QTR1L,2025-12-30 07:28:36,44.005956661621305,1,57.25481897069341,Normal Operation
125,06a0bc,QTR571,2025-12-30 10:18:36,66.89880182083424,1,66.29577307150086,Normal Operation
126,06a0be,QTR5G,2025-12-29 02:54:07,99.97115630922292,1,97.96984918116948,Normal Operation
127,06a0be,QTR644,2025-12-29 17:33:04,56.5718016324046,1,59.97374993722623,Normal Operation
128,06a0c0,QTR540,2025-12-29 00:08:45,42.52635402726536,-1,39.94859339823697,Altitude Instability
129,06a0c0,QTR9F,2025-12-29 03:14:06,45.04310898211715,-1,51.68984617584913,Altitude Instability
130,06a0c1,QTR832,2025-12-29 07:14:05,99.94014270991184,1,89.62475183621599,Normal Operation
131,06a0c2,QTR66U,2025-12-29 07:14:05,89.56624594046315,1,79.77199101077674,Normal Operation
132,06a0db,QTR920,2025-12-29 05:54:05,99.87375286762703,1,94.22980168360871,Normal Operation
133,06a0dc,QTR932,2025-12-29 08:54:06,99.86766144279888,1,96.3862024328651,Normal Operation
134,06a0df,QTR8031,2025-12-30 04:48:37,99.91748677277184,1,94.08237867088513,Normal Operation
135,06a0e5,QTR74A,2025-12-30 02:38:38,99.74595909238964,1,94.76022468783995,Normal Operation
136,06a0e6,QTR808,2025-12-29 02:04:07,99.8651973898716,1,91.74287823610558,Normal Operation
137,06a0e8,QTR578,2025-12-30 01:18:37,47.65093096988289,1,65.67255864614121,Normal Operation
138,06a0e8,QTR579,2025-12-30 04:38:37,82.31737061121615,1,85.62992481576363,Normal Operation
139,06a0ea,QTR942,2025-12-29 00:38:36,99.86904297404286,1,92.39011626339258,Normal Operation
140,06a0f4,QTR15P,2025-12-29 01:44:09,70.60379429604933,-1,35.92355419770898,Multiple Causes
141,06a0f4,QTR77P,2025-12-29 04:54:04,83.9733855468902,1,82.0809658276316,Normal Operation
142,06a0f6,QTR956,2025-12-30 07:58:34,99.9764139428486,1,96.94012807249912,Normal Operation
143,06a0f9,QTR955,2025-12-30 02:48:39,99.99670615358384,1,98.40056466980776,Normal Operation
144,06a0fa,QTR890,2025-12-30 08:28:35,99.8893847251667,1,87.0943265439446,Normal Operation
145,06a0fb,QTR891,2025-12-29 02:04:07,99.82802592183944,1,90.9321203129959,Normal Operation
146,06a0fc,QTR955,2025-12-29 02:54:07,99.9631146427998,1,99.1424796073835,Normal Operation
147,06a0fd,QTR1L,2025-12-29 07:44:01,40.38729075007059,1,56.218962695286926,Normal Operation
148,06a0ff,QTR956,2025-12-29 07:34:07,99.951842727731,1,97.88515215771777,Normal Operation
149,06a0ff,QTR802,2025-12-30 07:08:35,99.820759183832,1,92.1581379774346,Normal Operation
150,06a100,QTR958,2025-12-29 23:28:38,99.69874285485986,1,89.67934815581783,Normal Operation
151,06a101,QTR578,2025-12-29 01:14:06,47.59394799850946,1,65.31481066681052,Normal Operation
152,06a101,QTR579,2025-12-29 06:14:08,79.68577623210021,1,85.99817318401792,Normal Operation
153,06a103,QTR802,2025-12-29 06:54:07,99.876007866797,1,91.99220208321977,Normal Operation
154,06a106,QTR58A,2025-12-30 00:48:35,99.5240044193386,1,88.83946663969766,Normal Operation
155,06a106,QTR1B,2025-12-30 04:28:41,99.82344132116836,1,97.12232032656276,Normal Operation
156,06a109,QTR74A,2025-12-29 02:04:07,99.96905892651326,1,96.20178934381366,Normal Operation
157,06a10f,QTR961,2025-12-29 03:04:06,99.9575105616337,1,98.0592148837074,Normal Operation
158,06a10f,QTR838,2025-12-30 03:58:40,99.90547608406348,1,93.64732807342915,Normal Operation
159,06a10f,QTR838,2025-12-30 05:08:39,99.98510633003104,1,95.40735002559023,Normal Operation
160,06a110,QTR962,2025-12-29 07:44:01,99.98494787460092,1,96.2250348301543,Normal Operation
161,06a110,QTR16P,2025-12-30 07:18:12,99.97540982638684,1,98.80450564516217,Normal Operation
162,06a114,QTR961,2025-12-30 03:08:38,99.99955808822264,1,96.48088573786433,Normal Operation
163,06a115,QTR16P,2025-12-29 07:34:07,99.9903487529447,1,95.40005784893933,Normal Operation
164,06a116,QTR838,2025-12-29 02:24:07,99.62393976998617,1,86.28923228622841,Normal Operation
165,06a116,QTR962,2025-12-30 07:58:34,99.96831012472144,1,98.89129350634306,Normal Operation
166,06a122,QTR945,2025-12-30 04:38:37,99.33833016136276,1,90.83452373734865,Normal Operation
167,06a123,QTR54G,2025-12-30 00:48:35,54.728231030869296,1,62.74693624649731,Normal Operation
168,06a123,QTR23B,2025-12-30 04:08:35,79.28013471799548,1,86.64977578013155,Normal Operation
169,06a124,QTR948,2025-12-29 07:04:08,99.71245922882918,1,91.39640436643938,Normal Operation
170,06a124,QTR948,2025-12-30 06:58:37,99.55131211099184,1,88.72248434638145,Normal Operation
171,06a126,QTR54G,2025-12-29 00:38:36,57.73017829408434,1,70.28689251840777,Normal Operation
172,06a12b,QTR15P,2025-12-30 01:28:36,40.41268631662752,1,57.27816184421033,Normal Operation
173,06a12b,QTR77P,2025-12-30 04:18:35,67.24898569175997,1,77.91202355781382,Normal Operation
174,06a12d,QTR945,2025-12-29 04:34:06,99.99990326771628,1,95.81567659264945,Normal Operation
175,06a136,QTR842,2025-12-29 02:54:07,99.94280703978131,1,97.20442745151189,Normal Operation
176,06a136,QTR929,2025-12-30 07:18:12,99.99985890008725,1,97.2562451284301,Normal Operation
177,06a137,QTR929,2025-12-29 03:14:06,99.9452595009535,1,97.01475161255937,Normal Operation
178,06a137,QTR92A,2025-12-29 16:11:36,44.400755010303854,1,58.31508228136975,Normal Operation
179,06a137,QTR840,2025-12-30 08:38:36,99.93431042208326,1,98.74015225286998,Normal Operation
180,06a138,QTR874,2025-12-29 08:04:08,99.78765118696582,1,88.91476998592017,Normal Operation
181,06a138,QTR875,2025-12-30 01:48:39,99.78681293654604,1,92.80828236018355,Normal Operation
182,06a13b,QTR934,2025-12-29 00:54:10,99.4518597114669,1,92.01363020370299,Normal Operation
183,06a13c,QTR934,2025-12-30 00:48:35,99.9223474443068,1,92.39753346991388,Normal Operation
184,06a13d,QTR641D,2025-12-29 00:48:39,77.7927145483895,1,82.24013862874229,Normal Operation
185,06a13d,QTR932,2025-12-30 08:28:35,99.82307304332424,1,88.16866825172303,Normal Operation
186,06a141,QTR2J,2025-12-29 05:04:06,99.17779591495032,1,87.46583650697326,Normal Operation
187,06a141,QTR9R,2025-12-29 09:14:08,97.66518911181936,1,89.52083775316201,Normal Operation
188,06a145,QTR8A,2025-12-29 03:04:06,99.96421228838274,1,95.95817570531369,Normal Operation
189,06a145,QTR9C,2025-12-30 02:58:37,99.29390900174934,1,86.57727085237696,Normal Operation
190,06a147,QTR9C,2025-12-29 03:04:06,99.9452211463444,1,97.55610160848751,Normal Operation
191,06a148,QTR836,2025-12-29 08:34:04,99.46934901454944,1,81.95779869101924,Normal Operation
192,06a148,QTR837,2025-12-30 03:38:37,99.99960627070796,1,96.29602464431625,Normal Operation
193,06a149,QTR837,2025-12-29 03:44:06,99.95994772508904,1,96.31396040968097,Normal Operation
194,06a149,QTR8A,2025-12-30 01:28:36,99.97953931416043,1,91.84839993485888,Normal Operation
195,06a149,QTR8A,2025-12-30 02:38:38,99.27012402546752,1,89.35325652784314,Normal Operation
196,06a14a,QTR836,2025-12-30 08:58:35,99.99913631998515,1,94.5627207111372,Normal Operation
197,06a14b,QTR830,2025-12-29 01:54:09,99.9571004950016,1,96.73013237527923,Normal Operation
198,06a14b,QTR831,2025-12-29 09:54:04,99.99803887979792,1,95.64575674065183,Normal Operation
199,06a157,IGO1306,2025-12-29 01:24:06,51.11495948293674,1,66.06849708273533,Normal Operation
200,06a157,IGO1306,2025-12-30 01:38:40,46.3365626082194,1,58.81743677056603,Normal Operation
201,06a158,IGO32Q,2025-12-29 00:28:46,96.26227453683356,1,82.06011300828791,Normal Operation
202,06a158,IGO1321,2025-12-29 03:54:07,95.68264611819404,1,81.02171665660222,Normal Operation
203,06a158,IGO32Q,2025-12-30 00:28:37,99.95163552610704,1,90.66698431343778,Normal Operation
204,06a158,IGO1321,2025-12-30 04:08:35,99.65306149842056,1,93.31522980464057,Normal Operation
205,06a159,QTR3168,2025-12-29 01:04:06,51.10683332550895,-1,53.87427119227804,Altitude Instability
206,06a19d,QTR875,2025-12-29 01:54:09,99.81568710578308,1,95.35494036059865,Normal Operation
207,06a19d,QTR2L,2025-12-30 08:48:37,46.68530294590276,1,62.87022651331123,Normal Operation
208,06a1be,VOZ016,2025-12-30 06:48:37,99.94805174825434,1,92.92801930644657,Normal Operation
209,06a1bf,VOZ022,2025-12-29 01:34:05,99.9860415098116,1,96.18146157638448,Normal Operation
210,06a1c0,VOZ008,2025-12-30 07:48:33,99.98053066445686,1,96.79233050922899,Normal Operation
211,06a1e6,QTR8941,2025-12-29 04:24:05,99.97587960777396,1,97.1144507892141,Normal Operation
212,06a1e6,QTR8467,2025-12-30 05:28:36,99.98894478942546,1,93.01345787400338,Normal Operation
213,06a1e7,QTR8974,2025-12-29 02:14:08,99.79574609431552,1,89.72091786866447,Normal Operation
214,06a1e8,QTR8313,2025-12-29 05:04:06,99.98941541222688,1,93.89804359870058,Normal Operation
215,06a1e9,QTR8912,2025-12-29 01:34:05,99.89323642255825,1,91.07470136252626,Normal Operation
216,06a1eb,QTR8961,2025-12-29 04:34:06,99.92920808103632,1,94.982270742835,Normal Operation
217,06a1eb,QTR8001,2025-12-30 05:58:33,99.9679541257147,1,94.78736667461322,Normal Operation
218,06a2af,VOZ016,2025-12-29 07:54:02,99.98233344454272,1,96.531104782402,Normal Operation
219,06a2b2,QTR806,2025-12-30 08:18:37,99.77169577858248,1,86.07408862019051,Normal Operation
220,06a2b5,QTR806,2025-12-29 08:34:04,99.88549378150556,1,94.74782623463011,Normal Operation
221,06a2b6,QTR31J,2025-12-30 02:38:38,99.8566061565685,1,95.42434377622129,Normal Operation
222,06a2b8,QTR56U,2025-12-29 03:44:06,99.95051603894476,1,98.86767473182901,Normal Operation
223,06a2c7,QTR52U,2025-12-29 00:48:39,99.83220145265744,1,90.27795020098353,Normal Operation
224,06a2df,QTR8411,2025-12-29 03:44:06,99.9790142071582,1,93.15031120601816,Normal Operation
225,06a2e5,QTR36Q,2025-12-29 00:28:46,97.944745517601,1,82.95575326479054,Normal Operation
226,06a2e5,QTR21W,2025-12-29 04:24:05,99.48288749691216,1,94.55467069743298,Normal Operation
227,06a2e6,QTR976,2025-12-30 07:58:34,71.34856308212089,-1,25.49840812692205,Poor Routing
228,06a2e9,QTR976,2025-12-29 07:54:02,99.7788897664962,1,92.46630071445003,Normal Operation
229,06a2ee,QTR65Q,2025-12-29 00:38:36,95.26112717662733,1,87.0953986573632,Normal Operation
230,06a2ee,QTR42H,2025-12-30 08:18:37,95.29550372454958,1,85.68362067132254,Normal Operation
231,06a2f1,QTR982,2025-12-30 02:18:37,99.99392609342968,1,89.59452695109721,Normal Operation
232,06a2f1,QTR983,2025-12-30 09:48:34,99.82142217811482,1,94.487916699773,Normal Operation
233,06a2f2,QTR2L,2025-12-29 09:24:04,42.34372778929177,-1,43.79382008952505,Multiple Causes
234,06a2f2,QTR830,2025-12-30 01:58:37,99.71687516578535,1,83.97282743215304,Normal Operation
235,06a2f5,QTR648,2025-12-29 06:04:04,67.51891727811719,1,69.1412526594596,Normal Operation
236,06a2f5,QTR649,2025-12-29 09:24:04,87.06395939432731,1,82.22534862470063,Normal Operation
237,06a2f6,QTR36Q,2025-12-30 00:58:38,98.72385759495522,1,88.41694565498979,Normal Operation
238,06a2f6,QTR21W,2025-12-30 04:28:41,97.7853653776818,1,88.73145985868013,Normal Operation
239,06a2f8,QTR65Q,2025-12-30 00:28:37,94.57833796825948,1,85.5309932914918,Normal Operation
240,06a2f8,QTR8X,2025-12-30 03:48:37,97.02847076309168,1,86.17939572298097,Normal Operation
241,06a2f9,QTR42H,2025-12-29 08:24:06,95.10855028258376,1,88.1048208825722,Normal Operation
242,06a2fa,QTR982,2025-12-29 02:34:07,78.15175778381185,-1,47.51760270834595,Unknown Inefficiency
243,06a2fa,QTR983,2025-12-29 09:34:05,99.619192010046,1,90.93304288641966,Normal Operation
244,06a30a,QTR8477,2025-12-28 23:48:41,99.96213851211388,1,98.42316888843851,Normal Operation
245,06a30b,QTR8001,2025-12-29 05:24:05,99.95925457227676,1,95.7787892127198,Normal Operation
246,06a30c,QTR8435,2025-12-29 05:44:09,99.96434927306886,1,95.95831157563747,Normal Operation
247,06a30d,QTR8971,2025-12-29 07:54:02,99.95629319375554,1,94.11966459565075,Normal Operation
248,06a372,QTR818,2025-12-29 08:14:07,99.6587959209399,1,90.06305194179825,Normal Operation
249,06a373,QTR815,2025-12-29 01:24:06,99.8227080483462,1,92.12016951632357,Normal Operation
250,06a373,QTR826,2025-12-29 15:51:45,99.678035414524,1,89.88628843856003,Normal Operation
251,06a373,QTR827,2025-12-30 05:28:36,99.9983978880777,1,98.68694731833186,Normal Operation
252,06a374,QTR818,2025-12-30 08:18:37,99.87172771492756,1,91.79279022088578,Normal Operation
253,06a376,QTR871,2025-12-29 01:34:05,99.91437091229398,1,96.2625119221841,Normal Operation
254,06a376,QTR842,2025-12-30 02:38:38,99.84991684478784,1,97.9447356571955,Normal Operation
255,06a376,QTR843,2025-12-30 09:38:37,99.83300359610634,1,95.52744149589867,Normal Operation
256,06a377,QTR870,2025-12-29 07:24:06,99.82181054079442,1,91.2206335577263,Normal Operation
257,06a377,QTR871,2025-12-30 04:08:35,99.97687713288616,1,98.17140090294279,Normal Operation
258,06a37c,QTR841,2025-12-29 02:04:07,99.96511394757734,1,96.8512405152526,Normal Operation
259,06a37c,QTR970,2025-12-30 08:18:37,99.51864101391848,1,85.32256766526783,Normal Operation
260,06a38d,QTR827,2025-12-29 04:44:07,99.97498661003158,1,96.0518060048894,Normal Operation
261,06a38d,QTR815,2025-12-30 01:28:36,99.94270028973622,1,90.88523402338298,Normal Operation
262,06a390,QTR8431,2025-12-29 23:28:38,99.98773532417192,1,95.8615858741213,Normal Operation
263,06a391,QTR98K,2025-12-29 08:34:04,60.35360861703758,1,57.04860083921165,Normal Operation
264,06a3b4,QTR655,2025-12-29 03:34:08,91.31358126643153,1,82.20775284070902,Normal Operation
265,06a3b6,QTR8341,2025-12-30 06:28:37,99.88280812782168,1,92.70108329137929,Normal Operation
266,080065,ATC400,2025-12-30 04:38:37,61.19022454845014,-1,39.82868322332815,Poor Routing
267,080092,ATC400,2025-12-29 05:44:09,64.66803416592553,-1,36.24551763807677,Holding Pattern
268,0a00c2,DAH3180,2025-12-29 23:28:38,99.71748353933424,1,89.20172760956554,Normal Operation
269,151d48,AZV2938,2025-12-28 23:48:41,67.357016384215,-1,42.09948732533667,Poor Routing
270,151d48,AZV2902,2025-12-29 23:28:38,78.32628051691195,1,55.75551520293628,Normal Operation
271,151d4a,AZV2924,2025-12-29 16:51:45,99.35126199119549,1,86.69248333068747,Normal Operation
272,151d77,AZV2620,2025-12-29 15:51:45,96.64815648093992,1,66.65187894230928,Normal Operation
273,151d77,AZV2620,2025-12-29 18:03:07,94.28350804890567,1,65.09577784781419,Normal Operation
274,151d77,AZV2619,2025-12-30 06:38:36,69.91064642008223,-1,45.39295236067421,Speed Instability
275,151d77,AZV2619,2025-12-30 07:58:34,99.67940881461236,1,89.22883325837428,Normal Operation
276,151d87,AFL623,2025-12-29 08:14:07,98.8553936922788,1,93.54897619425394,Normal Operation
277,151daa,AFL628,2025-12-29 10:14:09,99.74894155951758,1,94.61192558745614,Normal Operation
278,151daa,AFL627,2025-12-29 18:35:17,99.92941165639677,1,100.0,Normal Operation
279,151daa,AFL626,2025-12-30 09:48:34,99.85980203230702,1,92.95731101572446,Normal Operation
280,151dae,AFL278,2025-12-29 03:14:06,69.50586033946537,-1,28.011181843876404,Speed Instability
281,151daf,AFL277,2025-12-28 23:48:41,93.18892906808696,1,59.2539776180086,Normal Operation
282,151db3,AFL270,2025-12-30 03:48:37,77.69919785520275,-1,45.10652533043655,Unknown Inefficiency
283,151db4,AFL276,2025-12-30 07:08:35,99.2685805731085,1,77.6066419781152,Normal Operation
284,151db5,AFL272,2025-12-29 06:14:08,78.02230182013776,-1,37.03177991535629,Unknown Inefficiency
285,151db5,AFL273,2025-12-29 15:51:45,99.88746261847606,1,95.11805727319573,Normal Operation
286,151db5,AFL284,2025-12-30 05:48:34,99.55434902864448,1,82.3820214935024,Normal Operation
287,151db6,AFL284,2025-12-29 05:34:08,83.47949783187686,-1,34.67394070168069,Unknown Inefficiency
288,151db6,AFL272,2025-12-30 06:08:34,99.19228471085904,1,60.44853677707916,Normal Operation
289,151dba,AFL270,2025-12-29 05:24:05,69.69686681219741,-1,27.626235627246142,Speed Instability
290,151dba,AFL278,2025-12-30 04:48:37,99.58005723107068,1,86.98564592016896,Normal Operation
291,151dc0,AFL294,2025-12-30 05:08:39,99.74959744641356,1,87.65546194679384,Normal Operation
292,151dc1,AFL295,2025-12-29 15:51:45,99.4167262573158,1,90.68493074874314,Normal Operation
293,151dc3,AFL232,2025-12-30 04:58:38,51.27523641540779,1,72.26247040379174,Normal Operation
294,151dc3,AFL233,2025-12-30 07:58:34,74.08328232708708,1,75.85886236269187,Normal Operation
295,151e38,KAR3433,2025-12-29 03:54:07,99.64007304213769,1,88.79728395109636,Normal Operation
296,151e73,RWZ3091,2025-12-29 05:44:09,98.98216755190153,1,85.22645034224706,Normal Operation
297,151f5d,NWC9072,2025-12-29 00:08:45,99.97320322024244,1,94.75982562095534,Normal Operation
298,152038,AFL233,2025-12-29 07:34:07,78.16840632880877,1,82.59171636070437,Normal Operation
299,152079,NWS3809,2025-12-30 04:28:41,86.29856856158317,1,86.45137108930349,Normal Operation
300,152079,NWS9807,2025-12-30 07:48:33,99.97740375176632,1,95.19937154410852,Normal Operation
301,15207a,NWS3487,2025-12-29 04:54:04,86.84771431048433,-1,49.763316265045106,Unknown Inefficiency
302,15207a,NWS3529,2025-12-30 03:08:38,99.08298769299168,1,63.33172944343072,Normal Operation
303,152adf,VDA7704,2025-12-29 10:24:06,99.95184588206362,1,92.87931558879569,Normal Operation
304,3444ce,ETD447,2025-12-30 06:38:36,99.99410890457148,1,94.97341844604375,Normal Operation
305,3444ce,ETD447,2025-12-30 09:38:37,99.86551480992236,1,97.86197388032312,Normal Operation
306,346195,ETD447,2025-12-29 09:54:04,99.97968005323132,1,95.4495701982304,Normal Operation
307,348342,WFL8623,2025-12-29 02:04:07,99.26298189484362,1,60.53938281500068,Normal Operation
308,3949e4,AFR194,2025-12-29 23:28:38,69.65496218071733,1,69.2938650725639,Normal Operation
309,3949e4,AFR191,2025-12-30 03:18:38,75.52985486404461,1,84.36510593638714,Normal Operation
310,3949ec,AFR225,2025-12-29 03:04:06,57.69171374658137,1,77.80230184419781,Normal Operation
311,3949ec,AFR226,2025-12-30 00:18:35,51.455689269520114,1,56.802366064004794,Normal Operation
312,3949ec,AFR225,2025-12-30 04:18:35,80.9361053860425,1,87.02392826843715,Normal Operation
313,3949ed,AFR194,2025-12-28 23:48:41,73.80483238197274,1,71.0926006047712,Normal Operation
314,3949ed,AFR191,2025-12-29 02:24:07,95.0334918670634,1,87.62827702175218,Normal Operation
315,3949f7,AFR196,2025-12-30 01:28:36,76.05373240590728,-1,32.8637837964958,Unknown Inefficiency
316,3949f7,AFR183,2025-12-30 10:18:36,99.80374493394164,1,94.5615130618283,Normal Operation
317,3949f8,AFR196,2025-12-29 02:04:07,99.51255835557818,1,64.18612735467306,Normal Operation
318,3949f8,AFR183,2025-12-29 09:54:04,99.68306627863262,1,93.36884939958298,Normal Operation
319,394a02,AFR257,2025-12-28 23:48:41,99.8113148793975,1,96.27329827058648,Normal Operation
320,394a02,AFR257,2025-12-29 00:48:39,99.86358470742329,1,90.14416807137947,Normal Operation
321,394a13,AFR156,2025-12-30 03:48:37,99.9979625100927,1,88.86288441841009,Normal Operation
322,394a13,AFR156,2025-12-30 04:58:38,99.89340540259391,1,97.04813712220454,Normal Operation
323,3965a3,AFR257,2025-12-29 23:48:40,99.96161253408096,1,97.22373356140183,Normal Operation
324,3965a3,AFR257,2025-12-30 01:18:37,99.78969878430564,1,94.65372769595167,Normal Operation
325,3965aa,AFR256,2025-12-30 08:18:37,98.98095716116389,1,65.52448875416012,Normal Operation
326,39c426,AFR218,2025-12-29 00:28:46,60.78858332258453,1,60.01439139572497,Normal Operation
327,39c426,AFR217,2025-12-29 03:14:06,58.53682965338562,1,63.777956689981195,Normal Operation
328,39c427,AFR218,2025-12-30 00:08:41,60.24412493097771,1,62.080647568724984,Normal Operation
329,39c427,AFR217,2025-12-30 02:38:38,59.59394248407479,1,62.58102936090819,Normal Operation
330,39c428,AFR206,2025-12-29 02:04:07,40.18834361071633,-1,51.54503320484672,Multiple Causes
331,39c428,AFR207,2025-12-29 05:14:08,60.133619060088805,-1,45.552672194132015,Multiple Causes
332,39c428,AFR182,2025-12-30 01:28:36,99.36045190590508,1,78.93515362985731,Normal Operation
333,39cf0f,AFR209,2025-12-29 00:48:39,99.08393107205254,1,63.12513138478318,Normal Operation
334,39d2a0,AFR198,2025-12-30 03:38:37,98.95314240206972,1,60.061401511275015,Normal Operation
335,39d2ab,AFR198,2025-12-29 03:34:08,99.27940526833126,1,65.75856374702724,Normal Operation
336,3a3493,ACI500,2025-12-29 09:14:08,99.88063011845536,1,90.84689128794375,Normal Operation
337,3a3493,ACI501,2025-12-30 08:08:33,99.53347285048444,1,71.0355805807161,Normal Operation
338,3c4584,BOX513,2025-12-30 06:48:37,99.9901310943474,1,92.12733219078913,Normal Operation
339,3c458c,BOX514,2025-12-29 06:14:08,99.89616095982252,1,91.78574951455792,Normal Operation
340,3c4593,BOX629,2025-12-29 07:04:08,99.9450894153394,1,96.8362259059123,Normal Operation
341,3c4594,BOX523,2025-12-30 07:18:12,99.97600939658788,1,93.6944075667957,Normal Operation
342,3c4a0d,DLH756,2025-12-29 00:18:37,66.77258381331507,-1,37.38698854729319,Poor Routing
343,3c4a0d,DLH757,2025-12-29 03:04:06,61.46646785530169,1,57.10850652800954,Normal Operation
344,3c4a0d,DLH756,2025-12-30 00:28:37,70.14938889295871,-1,30.994098630313907,Poor Routing
345,3c4a8b,DLH760,2025-12-29 00:28:46,52.98120357640354,1,63.28281869477478,Normal Operation
346,3c4a8b,DLH761,2025-12-29 04:14:05,62.50160631279306,-1,53.3118259154256,Speed Instability
347,3c4a8b,DLH780,2025-12-30 08:58:35,99.96437533356082,1,94.7339540801602,Normal Operation
348,3c4a8b,DLH780,2025-12-30 10:08:34,99.98283630441472,1,98.41467978138222,Normal Operation
349,3c4a8c,DLH760,2025-12-30 00:28:37,38.30080505404957,-1,37.38027163544368,Multiple Causes
350,3c4a8c,DLH761,2025-12-30 03:58:40,64.6989987657118,1,72.60309499941184,Normal Operation
351,3c4ad5,DLH754,2025-12-28 23:58:46,66.13667550630795,1,73.7939613390382,Normal Operation
352,3c4ad5,DLH755,2025-12-29 03:54:07,69.14821050674715,1,79.926798721283,Normal Operation
353,3c4ad5,DLH754,2025-12-30 00:18:35,56.767371287572686,1,67.47397204359895,Normal Operation
354,3c4ad5,DLH755,2025-12-30 04:48:37,99.91435325519204,1,93.5490564753619,Normal Operation
355,3c4ad7,DLH780,2025-12-29 08:44:04,99.90214605345608,1,90.24338692056007,Normal Operation
356,3c4ad7,DLH781,2025-12-30 00:38:34,99.7824695331924,1,71.56965659407527,Normal Operation
357,3c4ad8,DLH781,2025-12-29 00:48:39,99.77034125096225,1,76.39073309683414,Normal Operation
358,3c5641,BOX500,2025-12-29 10:14:09,51.45841489498128,1,72.61968333999341,Normal Operation
359,3c5642,BOX533,2025-12-30 08:18:37,62.915866261607306,1,70.19711137557442,Normal Operation
360,3c64c6,DLH759,2025-12-29 03:54:07,99.12537854949638,1,89.4774991473954,Normal Operation
361,3c65a8,DLH773,2025-12-28 23:48:41,99.61306904199336,1,76.79104616052427,Normal Operation
362,3c65ac,DLH772,2025-12-29 09:44:08,99.58924352587582,1,80.44986341922194,Normal Operation
363,3c65ac,DLH773,2025-12-29 23:28:38,99.82843528619578,1,71.72615543051657,Normal Operation
364,3c65ad,DLH762,2025-12-28 23:48:41,50.60710379063101,1,60.63118715165274,Normal Operation
365,3c65ad,DLH763,2025-12-29 03:44:06,68.04991202813358,1,79.36486132175848,Normal Operation
366,3c65ae,DLH772,2025-12-30 09:18:35,99.63684694701452,1,81.16693448572293,Normal Operation
367,3c66c1,DLH766,2025-12-29 23:58:37,69.73568216579277,-1,27.76263900319001,Poor Routing
368,3c66c3,DLH762,2025-12-29 23:48:40,41.057347170467935,-1,45.452687230270875,Altitude Instability
369,3c66c3,DLH763,2025-12-30 03:08:38,94.59432947654574,1,89.00430041842505,Normal Operation
370,3c66c5,DLH764,2025-12-29 00:08:45,66.67233704185914,1,67.7784761901808,Normal Operation
371,3c66c5,DLH765,2025-12-29 04:14:05,99.98522759223653,1,97.31353545896535,Normal Operation
372,3c6703,DLH796,2025-12-29 08:34:04,99.56263475591206,1,70.39952748255847,Normal Operation
373,3c6704,DLH768,2025-12-30 09:38:37,99.9247976567846,1,92.63705596695148,Normal Operation
374,3c6706,DLH764,2025-12-30 00:18:35,53.63422226041699,1,60.64924261325398,Normal Operation
375,3c6706,DLH765,2025-12-30 03:48:37,70.00670958253865,1,83.97219190325968,Normal Operation
376,3c670b,DLH796,2025-12-30 08:18:37,99.13776739965438,1,64.03385557184438,Normal Operation
377,3c6711,DLH769,2025-12-29 00:18:37,99.77129604819407,1,79.96535899482392,Normal Operation
378,3c68cb,BCS547,2025-12-30 06:58:37,99.83218039970112,1,90.61773195457533,Normal Operation
379,3c7a4a,CFG2368,2025-12-30 01:58:37,99.99660094228048,1,89.77287696081159,Normal Operation
380,3c7a4a,CFG2368,2025-12-30 03:08:38,99.82774809321872,1,95.53696767961073,Normal Operation
381,3c7a4d,CFG2368,2025-12-29 02:24:07,99.45585147868346,1,76.37655564344031,Normal Operation
382,3c7a4d,CFG2362,2025-12-30 06:58:37,99.10590645030682,1,57.92264124764388,Normal Operation
383,3c7a51,CFG2362,2025-12-29 07:24:06,99.35706803514428,1,62.450996503927094,Normal Operation
384,3c7a51,CFG2363,2025-12-29 23:28:38,93.9902255837915,-1,39.747374379487034,Unknown Inefficiency
385,3c7a54,CFG2363,2025-12-29 00:08:45,89.33708382736765,1,64.9893318797955,Normal Operation
386,3ccd45,IFA2454,2025-12-30 01:28:36,99.96860675473803,1,97.67212072409714,Normal Operation
387,4007ec,BAW2231,2025-12-30 09:48:34,99.99024298344472,1,90.94201556741567,Normal Operation
388,4007ee,BAW2231,2025-12-29 10:14:09,99.65251335652655,1,87.88348916579197,Normal Operation
389,4007ee,BAW2230,2025-12-29 23:28:38,90.75120995738136,-1,36.22562313564619,Unknown Inefficiency
390,4007f0,BAW2230,2025-12-28 23:48:41,99.60405057251258,1,73.45563458143856,Normal Operation
391,4007f2,BAW199,2025-12-30 09:48:34,44.45823477330141,1,56.63884221384913,Normal Operation
392,4007f4,BAW119,2025-12-29 03:04:06,70.33488922131882,1,76.80637773488858,Normal Operation
393,4007f4,BAW118,2025-12-29 07:44:01,85.75986221425069,1,87.81512302397459,Normal Operation
394,4007f7,BAW119,2025-12-30 03:38:37,99.99297230550133,1,97.90534679915005,Normal Operation
395,4007f7,BAW118,2025-12-30 07:38:20,87.57007382404467,1,86.49190639480216,Normal Operation
396,405bfe,BAW199,2025-12-29 10:24:06,76.83704838508626,1,77.26108966164426,Normal Operation
397,40621b,BAW15,2025-12-30 09:38:37,99.98065296641568,1,89.45599657920418,Normal Operation
398,4067f6,TOM104,2025-12-30 02:08:35,99.31111557031022,1,69.27581894612058,Normal Operation
399,40688f,BAW35,2025-12-30 03:48:37,99.92019285490682,1,95.16473192524676,Normal Operation
400,40688f,BAW36,2025-12-30 08:08:33,98.1022218611546,1,88.8344985665018,Normal Operation
401,406948,BAW11,2025-12-30 07:48:33,99.95215598544306,1,92.04836917795647,Normal Operation
402,406a34,BAW12,2025-12-28 23:58:46,94.5241804932545,-1,51.99626505034708,Unknown Inefficiency
403,406a35,BAW16,2025-12-29 23:58:37,99.8874997108828,1,81.81003443590852,Normal Operation
404,406a9f,BAW277,2025-12-30 02:58:37,99.61281019847532,1,82.81899635674468,Normal Operation
405,406a9f,BAW276,2025-12-30 08:08:33,99.9882918592261,1,98.52422932223064,Normal Operation
406,406b0a,BAW16,2025-12-28 23:48:41,91.96142634722348,-1,48.71082030732832,Unknown Inefficiency
407,406b12,TOM977P,2025-12-30 00:28:37,99.66738290108978,1,91.67735922848664,Normal Operation
408,406b12,TOM977P,2025-12-30 02:38:38,99.95798134591952,1,93.80533359466041,Normal Operation
409,406b13,BLX376,2025-12-29 23:28:38,99.85047628218786,1,97.5091382370592,Normal Operation
410,406c3b,VIR358,2025-12-30 01:48:39,47.74775647330034,-1,54.228407374461725,Poor Routing
411,406d4d,VIR316,2025-12-29 01:24:06,65.34448508711165,1,75.44580176412886,Normal Operation
412,406d4d,VIR317,2025-12-29 05:24:05,90.14790730971612,1,86.14967577329281,Normal Operation
413,406d7a,BAW34,2025-12-30 01:08:40,99.99866589771771,1,97.27994200145771,Normal Operation
414,406e10,VIR316,2025-12-30 01:18:37,65.07804802058787,1,69.39409188736701,Normal Operation
415,406e10,VIR317,2025-12-30 05:38:33,92.92890131448488,1,86.8412740660072,Normal Operation
416,406ecd,VIR358,2025-12-29 01:44:09,36.709504319764825,-1,45.70899000128251,Multiple Causes
417,406f77,BAW33,2025-12-30 09:18:35,99.93794845583405,1,92.8712723112459,Normal Operation
418,406f79,BAW34,2025-12-29 01:34:05,99.72808266531752,1,92.93916845685575,Normal Operation
419,406f7c,BAW135,2025-12-29 05:34:08,38.65074461574397,-1,53.04483858283486,Multiple Causes
420,406f7c,BAW134,2025-12-29 08:34:04,59.12169615083356,-1,50.19851945896806,Speed Instability
421,40742e,UBT791,2025-12-29 05:04:06,99.19807988603898,1,59.15190582318957,Normal Operation
422,40742e,UBT792,2025-12-29 15:51:45,99.7581249590288,1,91.20696662303776,Normal Operation
423,40749a,BAW35,2025-12-29 03:44:06,99.9784505125626,1,97.13079875899987,Normal Operation
424,40749a,BAW36,2025-12-29 08:04:08,96.3288948810405,1,88.12853082802725,Normal Operation
425,40749a,BAW135,2025-12-30 05:28:36,46.10072343012783,1,61.16020359905013,Normal Operation
426,4074e2,BAW277,2025-12-29 03:54:07,99.98735431340644,1,93.96793636592801,Normal Operation
427,4075b3,VIR302,2025-12-29 01:04:06,36.88247527149146,-1,34.01763251771846,Multiple Causes
428,4075b3,VIR303,2025-12-29 06:04:04,78.9771865465965,1,81.20417014776363,Normal Operation
429,4075c1,UBT793,2025-12-29 23:48:40,98.84683782378248,1,60.66144798658078,Normal Operation
430,4075c1,UBT794,2025-12-30 08:38:36,96.61004080141652,1,60.421049923479195,Normal Operation
431,407943,BAW143,2025-12-28 23:58:46,37.70608368435613,-1,31.669681982347576,Multiple Causes
432,407943,BAW142,2025-12-29 04:04:06,64.4439309861742,1,68.88377754836877,Normal Operation
433,407992,BAW11,2025-12-29 08:14:07,99.95225735611388,1,90.00704676400825,Normal Operation
434,407992,BAW12,2025-12-30 00:08:41,99.43138062960216,1,69.55129708866524,Normal Operation
435,4079cc,VIR354,2025-12-29 07:14:05,56.62332021960352,1,63.41668346062889,Normal Operation
436,4079cd,VIR300,2025-12-30 07:28:36,43.97425514912862,1,64.65137000402862,Normal Operation
437,407af4,BAW143,2025-12-30 00:38:34,37.97789206233928,-1,37.95501496189673,Multiple Causes
438,407af4,BAW142,2025-12-30 04:18:35,70.3644900383313,1,69.05928934946071,Normal Operation
439,407cd2,BAW138,2025-12-30 02:38:38,57.86710060982736,1,59.25655128339444,Normal Operation
440,407e8e,JCO655,2025-12-29 10:24:06,62.910244189118266,1,62.954723365998596,Normal Operation
441,407f19,VIR303,2025-12-30 05:18:34,71.2962801067668,1,73.98644944715934,Normal Operation
442,407fd2,DHK593,2025-12-30 07:38:20,77.4242198116975,1,60.251065146584494,Normal Operation
443,40808c,VIR354,2025-12-30 06:48:37,41.16449572171999,1,58.455353224579156,Normal Operation
444,4080a2,VIR300,2025-12-29 07:54:02,47.28049774881392,1,60.37232000565795,Normal Operation
445,40826a,SEJ059,2025-12-29 02:14:08,65.71125449526723,1,67.28517243530692,Normal Operation
446,40826a,SEJ024,2025-12-29 09:54:04,89.7887744115938,1,84.30786945594365,Normal Operation
447,40826a,SEJ059,2025-12-30 02:08:35,66.90193404538113,-1,43.79199454559271,Unknown Inefficiency
448,40826a,SEJ024,2025-12-30 09:18:35,94.43173354894202,1,80.82297619922339,Normal Operation
449,4082b2,SEJ014,2025-12-29 05:44:09,40.10121336337009,-1,54.10707933238987,Multiple Causes
450,4082b2,SEJ329,2025-12-29 15:51:45,77.0475891199487,1,80.95696626879932,Normal Operation
451,4082b2,SEJ014,2025-12-30 05:58:33,42.05143624239908,1,60.67141319107753,Normal Operation
452,4243fa,AZG648,2025-12-29 07:34:07,99.83810086514632,1,95.61668562634652,Normal Operation
453,440002,AUA7,2025-12-29 09:54:04,99.49281290504756,1,88.55374224999026,Normal Operation
454,440002,AUA8,2025-12-30 00:08:41,99.59253939826736,1,90.15649002171828,Normal Operation
455,440002,AUA8,2025-12-30 02:08:35,78.84879098642989,1,78.77568485579597,Normal Operation
456,440081,AUA5,2025-12-29 06:44:08,99.19712659777208,1,58.07338984086874,Normal Operation
457,440081,AUA6,2025-12-29 15:51:45,99.01692195558448,1,82.41726073229226,Normal Operation
458,440081,AUA7,2025-12-30 09:58:35,99.99734683238484,1,88.82514314751648,Normal Operation
459,4408fb,AUA8,2025-12-29 00:08:45,99.69525397434762,1,74.46129666866204,Normal Operation
460,4408fb,AUA5,2025-12-30 06:48:37,98.61532001428009,-1,52.300672474130835,Unknown Inefficiency
461,44ccc2,BEL23D,2025-12-29 23:38:34,,-1,17.648383372333633,Holding Pattern
462,452149,UAE9788,2025-12-28 23:48:41,99.92821789734242,1,93.89862089856794,Normal Operation
463,452149,UAE9789,2025-12-29 08:04:08,99.78967370308226,1,94.46541207066224,Normal Operation
464,452181,UAE9838,2025-12-30 08:38:36,99.88170441677444,1,89.81660202029991,Normal Operation
465,461f09,FIN122,2025-12-30 08:48:37,89.98260311283659,1,79.41541396535791,Normal Operation
466,461f0d,FIN122,2025-12-29 08:14:07,84.44070457049033,1,86.63670281794572,Normal Operation
467,461f48,FIN132,2025-12-29 23:28:38,99.981941201828,1,97.11420876742034,Normal Operation
468,461f49,FIN132,2025-12-28 23:48:41,99.93502945819704,1,92.0933271079925,Normal Operation
469,461f4b,FIN143,2025-12-29 09:14:08,99.2921709550058,1,72.10053783885854,Normal Operation
470,461f4b,FIN144,2025-12-29 15:51:45,94.89092174093338,-1,51.35843257415005,Unknown Inefficiency
471,461f4c,FIN151,2025-12-29 02:44:02,99.21170026912434,1,69.88865080055665,Normal Operation
472,461f4c,FIN143,2025-12-30 07:58:34,99.94926370424515,1,90.74284058787232,Normal Operation
473,461f4c,FIN143,2025-12-30 09:18:35,99.98106063946103,1,96.7133540554558,Normal Operation
474,461f54,FIN151,2025-12-30 03:28:39,99.4379532416673,1,71.03011737518185,Normal Operation
475,461f55,FIN141,2025-12-28 23:58:46,99.50570734895102,1,65.69293990378272,Normal Operation
476,461f56,FIN141,2025-12-29 23:58:37,99.4627087822754,1,66.90568851086753,Normal Operation
477,461f56,FIN141,2025-12-30 02:38:38,99.99589589179232,1,95.19769602115856,Normal Operation
478,47ae38,IGO172P,2025-12-30 01:48:39,72.03982159938047,-1,32.73480887487162,Poor Routing
479,47b0e7,NBT191,2025-12-29 05:24:05,99.2284096982277,1,62.31053076647888,Normal Operation
480,47b0e7,NBT091,2025-12-30 09:38:37,99.06451878454844,1,75.50452716258019,Normal Operation
481,47b12e,IGO0034,2025-12-29 02:14:08,47.4234900807719,1,70.05730239374188,Normal Operation
482,47b12e,IGO0033,2025-12-29 05:44:09,53.79151137674943,1,75.69564205470475,Normal Operation
483,47b12e,IGO0034,2025-12-30 03:38:37,41.79358789580596,1,64.01734131396852,Normal Operation
484,47b12e,IGO0033,2025-12-30 06:18:36,56.451119289303136,1,81.01128244246385,Normal Operation
485,47b1dc,IGO172P,2025-12-29 01:54:09,51.626874374751495,1,61.44223154605043,Normal Operation
486,47c98d,IGO0042,2025-12-29 01:04:06,36.522190826886,-1,42.76306799502006,Multiple Causes
487,47c98d,IGO0031,2025-12-29 05:24:05,63.73872661177508,-1,51.99250046361264,Speed Instability
488,47c98d,IGO0032,2025-12-30 02:08:35,40.832543192369,1,55.221850585986886,Normal Operation
489,4841ad,KLM807,2025-12-29 08:44:04,99.32902460687964,1,71.24043822552825,Normal Operation
490,484416,KLM846,2025-12-29 00:18:37,99.6415705660637,1,71.20346675250946,Normal Operation
491,48455f,KLM871,2025-12-29 23:58:37,48.34113613410339,-1,53.91214217833573,Altitude Instability
492,48455f,KLM872,2025-12-30 03:48:37,81.11212344441984,1,85.53005579733093,Normal Operation
493,484561,KLM879,2025-12-29 23:38:34,66.23103326143078,1,82.06356924204154,Normal Operation
494,484561,KLM880,2025-12-30 02:38:38,78.29177954549525,1,81.90095364456019,Normal Operation
495,484cbb,KLM879,2025-12-28 23:48:41,61.92196065456372,1,81.51451393980633,Normal Operation
496,484cbb,KLM880,2025-12-29 02:44:02,91.6985808988492,1,85.04314520791878,Normal Operation
497,484cbc,KLM877,2025-12-28 23:48:41,68.43625247037758,-1,35.280460866286454,Poor Routing
498,4850f5,KLM871,2025-12-29 00:18:37,67.5044518273537,1,56.651859238662844,Normal Operation
499,4850f5,KLM872,2025-12-29 05:14:08,82.09071421996586,1,85.06744306448569,Normal Operation
500,4850f5,KLM877,2025-12-29 23:48:40,46.06177738975359,1,57.81501164715885,Normal Operation
501,4851ad,KLM810,2025-12-29 01:44:09,99.95637133872336,1,97.96431532797239,Normal Operation
502,4851b0,KLM809,2025-12-30 07:38:20,99.322679447457,1,77.92774882633336,Normal Operation
503,4851b1,KLM874,2025-12-29 03:44:06,99.99342997550914,1,96.83544975128764,Normal Operation
504,4851f5,KLM843,2025-12-30 04:18:35,60.0,-1,30.68097907082045,Multiple Causes
505,4851f7,KLM835,2025-12-29 08:34:04,99.9969537591108,1,89.89968858570556,Normal Operation
506,4851f7,KLM835,2025-12-29 09:44:08,99.79757934720315,1,90.51966044150389,Normal Operation
507,4851f7,KLM836,2025-12-30 02:18:37,99.73264261911967,1,92.9294186510709,Normal Operation
508,4851f7,KLM836,2025-12-30 03:38:37,99.99721581070612,1,93.67896735939236,Normal Operation
509,485345,KLM809,2025-12-29 08:34:04,99.92320156387392,1,87.52726056498778,Normal Operation
510,485345,KLM809,2025-12-29 09:54:04,99.95235128952125,1,95.8429218633371,Normal Operation
511,485345,KLM810,2025-12-30 00:08:41,99.79394552737824,1,73.71551639023961,Normal Operation
512,485789,KLM887,2025-12-29 08:34:04,99.5792325599892,1,72.46722293281981,Normal Operation
513,485ecc,KLM836,2025-12-29 02:34:07,99.88736882267008,1,96.23065200064256,Normal Operation
514,485ecc,KLM836,2025-12-29 03:54:07,99.06402431189328,1,84.38542414608683,Normal Operation
515,485ecd,KLM843,2025-12-29 04:24:05,92.37226810056006,-1,46.65226458905481,Unknown Inefficiency
516,485ecd,KLM835,2025-12-30 08:08:33,99.73260569384546,1,90.14878268815943,Normal Operation
517,485ecd,KLM835,2025-12-30 09:28:35,99.9356959772779,1,97.29233158208486,Normal Operation
518,486648,CND9135,2025-12-29 15:51:45,41.76540095818312,-1,54.05693118542863,Multiple Causes
519,486648,CND9136,2025-12-29 18:13:07,93.67395369848846,1,82.91711176405343,Normal Operation
520,489227,ENT1877,2025-12-29 07:44:01,90.05423492399613,1,82.97902622672501,Normal Operation
521,48ae05,LOT6523,2025-12-29 08:04:08,99.38825307435977,1,63.595264878570234,Normal Operation
522,48ae05,LOT6524,2025-12-29 18:25:18,99.94509405405032,1,99.09436429218172,Normal Operation
523,48ae07,LOT71,2025-12-29 04:14:05,49.045479643360736,1,58.97379225030758,Normal Operation
524,48ae07,LOT72,2025-12-29 07:44:01,89.15953255111819,1,82.37350793806701,Normal Operation
525,48ae22,LOT6281,2025-12-29 02:34:07,99.57905173889488,1,88.81913904410345,Normal Operation
526,48ae22,LOT6281,2025-12-29 03:54:07,99.91680286503474,1,92.63735219080564,Normal Operation
527,48ae22,LOT6519,2025-12-30 05:48:34,99.51061069622465,1,68.87247094791451,Normal Operation
528,48ae24,LOT71,2025-12-30 03:28:39,37.68048558339494,-1,40.99958619334049,Multiple Causes
529,48ae24,LOT72,2025-12-30 07:38:20,88.1752312925112,1,88.62937404813339,Normal Operation
530,495cd0,WFL8621,2025-12-30 02:38:38,99.17635622438996,1,69.48473529860568,Normal Operation
531,49d13f,SEJ8090,2025-12-30 08:48:37,67.77712217334425,1,74.94904555650493,Normal Operation
532,49d1cd,SEJ879,2025-12-29 00:38:36,62.26203153454667,1,82.05925580274743,Normal Operation
533,49d1cd,SEJ879,2025-12-29 02:14:08,74.87207149659527,-1,52.79622004343795,Unknown Inefficiency
534,49d1cd,SEJ874,2025-12-29 03:54:07,52.71083063455061,1,63.39467580959871,Normal Operation
535,49d1cd,SEJ875,2025-12-29 07:44:01,57.36389381063907,1,78.64140893390302,Normal Operation
536,49d1cd,SEJ880,2025-12-29 09:24:04,37.52885858488402,-1,45.47749382974664,Multiple Causes
537,49d1cd,SEJ491,2025-12-29 17:01:38,41.87321568713055,1,59.30030176576159,Normal Operation
538,49d1cd,SEJ494,2025-12-29 18:45:15,61.89743910710315,1,75.7068688850993,Normal Operation
539,49d26c,SEJ8194,2025-12-29 08:54:06,61.42937417501877,1,64.54586173839152,Normal Operation
540,49d26c,SEJ090,2025-12-29 23:28:38,79.21973054290383,1,66.38100173713407,Normal Operation
541,49d287,SEJ8193,2025-12-29 00:28:46,90.49601235388708,1,85.80534307631075,Normal Operation
542,49d287,SEJ879,2025-12-30 01:18:37,87.14758760546775,1,89.48998465021455,Normal Operation
543,49d287,SEJ879,2025-12-30 02:38:38,76.70435528001043,-1,43.31232682867331,Holding Pattern
544,49d287,SEJ874,2025-12-30 04:18:35,61.487415538838746,1,66.72121020590785,Normal Operation
545,49d287,SEJ875,2025-12-30 07:48:33,57.258964086491375,1,77.0938516876726,Normal Operation
546,49d287,SEJ880,2025-12-30 09:38:37,45.28710564097484,-1,52.863234378614074,Altitude Instability
547,4a1a62,RCR5525,2025-12-30 08:18:37,99.8423658451213,1,93.90792692632343,Normal Operation
548,4ac8da,BLX403,2025-12-29 15:51:45,99.85299096358408,1,95.87847181292243,Normal Operation
549,4ac8da,BLX404,2025-12-30 00:38:34,99.99774427934132,1,95.6363554748738,Normal Operation
550,4aca66,SAS978,2025-12-28 23:48:41,99.88325125444992,1,84.60588800114462,Normal Operation
551,4aca66,SAS973,2025-12-30 04:58:38,98.8447332461507,1,56.45616973358597,Normal Operation
552,4b187a,SWR155,2025-12-29 01:34:05,79.8518498457509,1,69.67521680863528,Normal Operation
553,4b1884,SWR146,2025-12-28 23:48:41,,-1,15.671921291763253,Holding Pattern
554,4b1884,SWR147,2025-12-29 03:44:06,71.77181507734917,1,84.59016908260445,Normal Operation
555,4b1887,SWR146,2025-12-29 23:28:38,72.08236867595855,-1,54.52644666787086,Poor Routing
556,4b1887,SWR147,2025-12-30 02:38:38,70.24587809815634,1,70.4130647579527,Normal Operation
557,4b18ff,EDW50,2025-12-29 06:04:04,99.98966151358717,1,90.13155307390016,Normal Operation
558,4b18ff,EDW50,2025-12-29 07:14:05,99.54641713079954,1,93.22937686456011,Normal Operation
559,4b18ff,EDW51,2025-12-29 15:51:45,96.89276117101268,1,75.02326936660128,Normal Operation
560,4b1917,SWR176,2025-12-29 09:54:04,99.91505729631376,1,94.37670471654408,Normal Operation
561,4b1917,SWR177,2025-12-29 23:48:40,99.99934994636774,1,89.50221879318434,Normal Operation
562,4b1917,SWR177,2025-12-30 00:58:38,98.89357307412536,1,70.74025682577572,Normal Operation
563,4b1918,SWR138,2025-12-30 09:28:35,99.10663631476132,1,75.86339258886505,Normal Operation
564,4b1919,SWR180,2025-12-30 05:08:39,67.44699531939565,-1,17.973645864240485,Speed Instability
565,4b191a,SWR138,2025-12-29 09:44:08,99.36995964127044,1,87.61028816628091,Normal Operation
566,4b191f,SWR180,2025-12-29 05:34:08,99.99349069864138,1,89.38950150877615,Normal Operation
567,4b191f,SWR180,2025-12-29 06:44:08,99.5248999346316,1,86.60611374460841,Normal Operation
568,4b191f,SWR181,2025-12-29 15:51:45,80.2302657876234,-1,54.4618547247011,Unknown Inefficiency
569,4b191f,SWR176,2025-12-30 09:38:37,99.95121203777856,1,91.64952259393085,Normal Operation
570,4b1920,SWR177,2025-12-29 02:24:07,99.97664740903764,1,98.03679525903065,Normal Operation
571,4b8467,UAE9280,2025-12-29 09:54:04,99.91161210728572,1,91.19958391832694,Normal Operation
572,4b8467,UAE9790,2025-12-30 09:28:35,99.8964746989071,1,90.90700820389489,Normal Operation
573,4b8de5,IGO713C,2025-12-29 15:51:45,60.77477148042552,1,65.09619880017958,Normal Operation
574,4b8de5,IGO771F,2025-12-29 18:23:08,82.03463563496152,1,87.40763867595071,Normal Operation
575,4b8dee,IGO37DC,2025-12-29 17:13:08,64.3146056713335,1,69.36338160953329,Normal Operation
576,4b8df2,IGO36AF,2025-12-29 07:14:05,51.48816063512156,1,76.70693225543128,Normal Operation
577,4b8df2,IGO633P,2025-12-29 16:21:38,82.36559416916738,1,86.42289389499605,Normal Operation
578,4b8df2,IGO36AF,2025-12-30 05:58:33,89.47641400086354,1,85.94149617963859,Normal Operation
579,4b9dec,THY6324,2025-12-29 00:08:45,99.47556906354812,1,76.21152971279282,Normal Operation
580,4b9e42,QNT2237,2025-12-30 03:28:39,73.24853702696885,-1,35.11678349179966,Unknown Inefficiency
581,4ba869,THY6312,2025-12-30 00:18:35,99.33744823037983,1,72.2714099592587,Normal Operation
582,4ba869,THY6313,2025-12-30 09:48:34,99.6698263508708,1,89.46068226861071,Normal Operation
583,4ba892,THY6373,2025-12-29 03:54:07,99.22718169850238,1,65.37850553692373,Normal Operation
584,4ba946,THY84,2025-12-30 09:58:35,99.4551145675757,1,83.6288155892289,Normal Operation
585,4ba948,THY84,2025-12-29 09:34:05,99.78316828329903,1,90.97174509943103,Normal Operation
586,4ba948,THY85,2025-12-29 23:38:34,99.41205293227134,1,75.21005271510947,Normal Operation
587,4ba94a,THY70,2025-12-29 09:24:04,99.79778642143044,1,89.77071014117644,Normal Operation
588,4ba950,THY54,2025-12-29 09:44:08,99.93437749170668,1,90.99866826337531,Normal Operation
589,4ba953,THY85,2025-12-28 23:48:41,99.36456643976923,1,77.72708617356068,Normal Operation
590,4ba954,THY72,2025-12-30 09:18:35,99.63658463373692,1,83.43161696047959,Normal Operation
591,4ba95a,THY124,2025-12-29 02:14:08,99.7819522919504,1,79.25042781312831,Normal Operation
592,4ba95a,THY54,2025-12-30 09:58:35,99.97773193376732,1,95.75691756438941,Normal Operation
593,4ba9c5,THY62Y,2025-12-29 10:04:07,99.7090857423721,1,88.21166545198659,Normal Operation
594,4ba9c5,THY46M,2025-12-29 15:51:45,99.23777235393264,1,74.26960919174383,Normal Operation
595,4ba9c8,THY62Y,2025-12-30 03:28:39,60.3160577102345,-1,45.239533072332115,Unknown Inefficiency
596,4ba9c8,THY46M,2025-12-30 07:58:34,88.98079272158853,1,66.21316147044985,Normal Operation
597,4ba9ca,THY52,2025-12-29 05:44:09,99.98301847506367,1,95.18638508164578,Normal Operation
598,4ba9ca,THY52,2025-12-29 06:54:07,99.76349706794764,1,94.12463637701556,Normal Operation
599,4ba9ca,THY52,2025-12-29 08:04:08,99.91167358837342,1,98.01452215044382,Normal Operation
600,4ba9ca,THY53,2025-12-29 23:28:38,94.28871007809452,-1,49.86093838247411,Unknown Inefficiency
601,4ba9cb,THY68,2025-12-29 08:54:06,99.3987643642272,1,78.15366400093646,Normal Operation
602,4ba9cb,THY69,2025-12-29 23:28:38,88.09838115291595,-1,45.421610270574824,Unknown Inefficiency
603,4ba9cd,THY51U,2025-12-29 04:24:05,90.25874636884468,1,85.16877452659614,Normal Operation
604,4ba9cd,THY89A,2025-12-29 08:14:07,99.15526222845295,1,94.00156971188979,Normal Operation
605,4ba9ce,THY172,2025-12-29 10:04:07,99.51173682182458,1,90.62042776654458,Normal Operation
606,4ba9ce,THY173,2025-12-29 23:58:37,99.90542028759332,1,95.33845500960658,Normal Operation
607,4ba9d0,THY726,2025-12-29 08:44:04,68.58952155857433,1,67.85520409751325,Normal Operation
608,4ba9d0,THY726,2025-12-30 08:28:35,66.23548229760681,-1,54.37414770018702,Unknown Inefficiency
609,4ba9da,THY173,2025-12-28 23:48:41,99.93181578501444,1,97.34656296619005,Normal Operation
610,4ba9da,THY64,2025-12-30 03:18:38,99.09799352418892,1,64.70341202678735,Normal Operation
611,4ba9da,THY65,2025-12-30 09:38:37,99.65266438470006,1,93.78306764749539,Normal Operation
612,4ba9e4,THY164,2025-12-29 09:54:04,99.44193855369092,1,87.19060325703283,Normal Operation
613,4ba9e9,THY172,2025-12-30 09:58:35,99.95843320797054,1,96.32150795220954,Normal Operation
614,4ba9ea,THY64,2025-12-29 03:34:08,99.98158592189658,1,91.81788436401581,Normal Operation
615,4ba9ea,THY64,2025-12-29 04:44:07,99.69270275924244,1,89.74733255347527,Normal Operation
616,4ba9ea,THY51U,2025-12-30 03:18:38,93.5446417630106,1,73.06312013803415,Normal Operation
617,4ba9ea,THY89A,2025-12-30 08:28:35,99.65384336707488,1,92.0305280976507,Normal Operation
618,4ba9eb,THY69,2025-12-28 23:48:41,99.734284865255,1,77.98183448188908,Normal Operation
619,4ba9ef,THY6336,2025-12-29 07:54:02,99.67465158547004,1,79.412182272685,Normal Operation
620,4ba9f5,THY6101,2025-12-28 23:58:46,99.96399961676158,1,98.21597575969595,Normal Operation
621,4ba9f5,THY6282,2025-12-29 18:35:17,99.9336272702832,1,94.96961343333028,Normal Operation
622,4bb0e1,THY175,2025-12-30 05:18:34,99.98307384685027,1,99.50733402788883,Normal Operation
623,4bb0e2,THY066,2025-12-29 09:24:04,99.8905000303218,1,90.90287244242606,Normal Operation
624,4bb0e2,THY067,2025-12-29 23:58:37,99.99648232631448,1,97.85784468032395,Normal Operation
625,4bb0e3,THY056,2025-12-29 09:54:04,99.92980083061482,1,94.8180037602938,Normal Operation
626,4bb0e3,THY057,2025-12-29 23:28:38,99.98199477117748,1,99.08041363887743,Normal Operation
627,4bb0e4,THY208,2025-12-29 02:14:08,99.92542277774784,1,91.25976657037602,Normal Operation
628,4bb0e6,THY49A,2025-12-30 09:38:37,99.95256440621874,1,94.58999660000504,Normal Operation
629,4bb0ec,THY165,2025-12-28 23:48:41,99.98293557541184,1,96.25151308858322,Normal Operation
630,4bb0ee,THY066,2025-12-30 09:58:35,99.96894217735058,1,95.14305392218053,Normal Operation
631,4bb0f0,THY164,2025-12-30 10:18:36,99.95496190327827,1,89.72424569638109,Normal Operation
632,4bb0f5,THY175,2025-12-29 05:14:08,99.96297410752716,1,97.55607030621948,Normal Operation
633,4bb0f6,THY250,2025-12-29 23:28:38,99.9222117343608,1,93.16459895113138,Normal Operation
634,4bb0f6,THY250,2025-12-30 00:48:35,99.97338166893016,1,95.9220453210586,Normal Operation
635,4bb0f6,THY250,2025-12-30 01:48:39,99.9758530457261,1,96.07312622578746,Normal Operation
636,4bb0f6,THY251,2025-12-30 07:48:33,99.99049017747684,1,97.62385357790274,Normal Operation
637,4bb0fa,THY208,2025-12-30 00:38:34,99.8821988674104,1,94.99063044529964,Normal Operation
638,4bb101,THY067,2025-12-28 23:58:46,99.89605504033466,1,98.52604058693615,Normal Operation
639,4bb104,THY168,2025-12-29 00:54:10,99.83589036482064,1,95.81675024068925,Normal Operation
640,4bb104,THY169,2025-12-30 08:08:33,99.95734559509954,1,97.72495737019669,Normal Operation
641,4bb106,THY49A,2025-12-29 09:34:05,99.91037629179527,1,90.82338536843886,Normal Operation
642,4bb106,THY39V,2025-12-30 00:38:34,99.76075502931042,1,93.58753508424262,Normal Operation
643,4bb148,THY59E,2025-12-29 04:44:07,62.70150519716723,-1,37.56040900087388,Poor Routing
644,4bb148,THY47G,2025-12-29 06:54:07,51.51670314688482,-1,46.27267374215968,Holding Pattern
645,4bb14a,THY72,2025-12-29 09:04:08,85.50222584837272,1,55.89162916520918,Normal Operation
646,4bb14b,THY70,2025-12-30 09:48:34,99.64558653000856,1,84.44052259407508,Normal Operation
647,4bb14c,THY6256,2025-12-29 06:04:04,99.73031883981514,1,79.756014635476,Normal Operation
648,4bb14f,THY6268,2025-12-29 05:44:09,99.25278365726211,1,72.9956736833817,Normal Operation
649,4bb14f,THY6269,2025-12-29 15:51:45,99.63846636404772,1,88.63325690399182,Normal Operation
650,4bb153,THY6342,2025-12-30 01:48:39,78.16192718700182,1,75.61802645752346,Normal Operation
651,4bb153,THY6342,2025-12-30 03:08:38,99.92428952506717,1,92.60130895878515,Normal Operation
652,4bb155,THY6233,2025-12-30 03:38:37,99.97213146990563,1,95.0371389478897,Normal Operation
653,4bb159,THY6300,2025-12-29 00:48:39,99.56087063465124,1,86.42014915401315,Normal Operation
654,4bb159,THY6240,2025-12-30 08:48:37,99.92274070871696,1,92.11532031089835,Normal Operation
655,4bb162,THY51Q,2025-12-29 04:24:05,46.055252845537794,-1,51.785953044786794,Altitude Instability
656,4bb162,THY32W,2025-12-29 07:14:05,,-1,16.857435389668115,Holding Pattern
657,4bb162,THY32W,2025-12-29 08:04:08,93.42050914998754,1,76.87100581509324,Normal Operation
658,4bb162,THY51Q,2025-12-30 04:58:38,45.36227913446288,1,60.77639527279702,Normal Operation
659,4bb162,THY32W,2025-12-30 08:28:35,85.26546394072113,1,88.35413180824828,Normal Operation
660,4bb164,IGO018,2025-12-29 03:54:07,52.70654914809567,1,64.9600349083541,Normal Operation
661,4bb164,IGO018,2025-12-30 04:08:35,49.71603079818965,1,67.76144334512901,Normal Operation
662,4bb165,IGO012,2025-12-29 04:04:06,47.92660404154398,1,71.87317104978173,Normal Operation
663,4bb165,IGO011,2025-12-29 08:04:08,57.16159638637703,-1,43.9810652873721,Speed Instability
664,4bb165,IGO012,2025-12-30 03:28:39,49.98989245144963,1,70.85143641665435,Normal Operation
665,4bb165,IGO011,2025-12-30 09:08:33,51.37611683384452,1,77.61833818829412,Normal Operation
666,4bb187,THY24,2025-12-30 09:58:35,99.79190764807046,1,87.67478055164874,Normal Operation
667,4bb188,THY24,2025-12-29 09:14:08,99.7270303591144,1,83.74716961925766,Normal Operation
668,4bb18d,THY252,2025-12-30 01:48:39,99.24208844517858,1,72.51481810062754,Normal Operation
669,4bb18d,THY253,2025-12-30 09:38:37,99.6548138140084,1,93.35748018200012,Normal Operation
670,4bb194,THY298,2025-12-28 23:48:41,99.91558301197948,1,93.5482441039983,Normal Operation
671,4bb194,THY170,2025-12-30 00:28:37,99.5996344295655,1,78.0858586235129,Normal Operation
672,4bb196,THY162,2025-12-29 09:54:04,99.81379666973278,1,92.00807611073968,Normal Operation
673,4bb196,THY163,2025-12-29 23:28:38,99.75818603660692,1,96.31968989242336,Normal Operation
674,4bb199,THY166,2025-12-30 01:28:36,99.99760842269067,1,88.82119551998109,Normal Operation
675,4bb199,THY166,2025-12-30 02:38:38,99.38497992382165,1,90.40854321779729,Normal Operation
676,4bb199,THY167,2025-12-30 09:48:34,99.80907069430584,1,97.32468461558447,Normal Operation
677,4bb1a5,THY166,2025-12-29 02:34:07,99.97785783506598,1,93.92471998081932,Normal Operation
678,4bb1a5,THY166,2025-12-29 03:34:08,99.83505679632016,1,93.64064857166143,Normal Operation
679,4bb1a5,THY167,2025-12-29 10:04:07,99.60877533025474,1,93.80726959570258,Normal Operation
680,4bb1c3,THY58,2025-12-29 23:28:38,99.492813700125,1,76.71205443709228,Normal Operation
681,4bb1c3,THY59,2025-12-30 05:28:36,69.99883224017262,-1,38.7413322067142,Speed Instability
682,4bb1c3,THY59,2025-12-30 06:18:36,99.22625248988788,1,61.28912580368211,Normal Operation
683,4bb1c6,THY58,2025-12-29 02:04:07,99.60503878529188,1,79.94693254464636,Normal Operation
684,4bb1c6,THY68,2025-12-30 10:08:34,99.80098532165457,1,87.85268858382413,Normal Operation
685,4bb46d,MNB507,2025-12-29 03:44:06,99.66759947128796,1,78.31781452952042,Normal Operation
686,4bb46d,MNB508,2025-12-29 15:51:45,76.18018557470215,1,61.134338994885866,Normal Operation
687,4bb562,IGO46JC,2025-12-29 07:04:08,85.60352212079968,1,83.74124279572395,Normal Operation
688,4bb562,IGO457J,2025-12-29 15:51:45,66.20472919914872,1,74.95122803121075,Normal Operation
689,4bb562,IGO39YC,2025-12-29 17:53:07,83.70206705570972,1,78.22404529568352,Normal Operation
690,4bb562,IGO39YC,2025-12-29 18:45:15,77.2288456439143,1,71.06457712555819,Normal Operation
691,4bb562,IGO46JC,2025-12-30 05:58:33,44.71723949777817,1,66.03216050763817,Normal Operation
692,4bbb21,FAD9112,2025-12-30 07:48:33,99.9794746574722,1,97.00124512689435,Normal Operation
693,4bbb21,FAD9112,2025-12-30 09:08:33,39.07495110330007,-1,51.291760574208276,Multiple Causes
694,4bd152,IGO6672,2025-12-29 00:48:39,57.84422258549122,1,83.07761643564824,Normal Operation
695,4bd152,IGO508,2025-12-29 06:24:05,82.88743901370088,1,80.6194344389834,Normal Operation
696,4bd152,IGO6821,2025-12-29 09:14:08,92.03528975400928,1,79.20220365309315,Normal Operation
697,4bd152,IGO6193,2025-12-29 16:11:36,99.95665678490434,1,96.18519244773536,Normal Operation
698,4bd152,IGO6193,2025-12-29 17:23:08,62.21121181355174,1,75.50471473201088,Normal Operation
699,4c80ae,SEB401,2025-12-30 02:48:39,99.98927342921972,1,94.14945513135169,Normal Operation
700,4ca364,KZR168,2025-12-29 16:11:36,99.5734424532258,1,93.39207937043145,Normal Operation
701,4ca364,KZR168,2025-12-29 18:13:07,99.35891535839596,1,90.17830670502292,Normal Operation
702,4ca7c6,KZR931,2025-12-29 03:34:08,79.48647831019093,-1,28.742087819511646,Unknown Inefficiency
703,4ca7c6,KZR932,2025-12-29 09:54:04,99.90610639185668,1,93.70606034590372,Normal Operation
704,4ca7c6,KZR931,2025-12-30 03:28:39,80.44595811833935,-1,40.74250709073981,Unknown Inefficiency
705,4ca7c6,KZR931,2025-12-30 06:08:34,99.99224792190516,1,95.74642157935624,Normal Operation
706,4ca87d,ITY770,2025-12-30 00:48:35,40.6298863987809,-1,48.559586451335136,Altitude Instability
707,4ca87d,ITY769,2025-12-30 04:28:41,89.20937827618971,1,84.56570478160472,Normal Operation
708,4ca8fa,NOS126,2025-12-30 02:18:37,99.78477300068992,1,88.40257792412339,Normal Operation
709,4ca8fa,NOS126,2025-12-30 03:48:37,99.88436219890475,1,94.28380298039946,Normal Operation
710,4caa15,GFA154,2025-12-29 07:24:06,99.42703174253442,1,85.92238127508388,Normal Operation
711,4caa15,GFA155,2025-12-29 18:23:08,99.98476314148996,1,97.34830011499228,Normal Operation
712,4caa15,GFA154,2025-12-30 07:28:36,99.99590886003452,1,94.9632457167066,Normal Operation
713,4caa15,GFA154,2025-12-30 08:28:35,99.93410257305491,1,96.59207804922403,Normal Operation
714,4cac03,KZR289,2025-12-30 02:38:38,69.95762018029683,-1,45.15599608755958,Speed Instability
715,4cac03,KZR289,2025-12-30 04:08:35,81.96818876572536,1,65.54818695977258,Normal Operation
716,4cac03,KZR290,2025-12-30 07:38:20,99.68796826890188,1,91.28701853175714,Normal Operation
717,4cac0d,KZR563,2025-12-29 03:54:07,69.87244036352821,-1,39.19051757444244,Speed Instability
718,4cac0e,KZR585,2025-12-29 07:44:01,98.83215041525813,1,86.34124897430358,Normal Operation
719,4cac0e,KZR585,2025-12-29 09:54:04,99.54736555000105,1,92.85154220447144,Normal Operation
720,4cac0e,KZR586,2025-12-29 16:21:38,99.9701314325069,1,97.67757402926453,Normal Operation
721,4cac0e,KZR586,2025-12-29 17:43:10,98.88189565417636,1,82.1250613215917,Normal Operation
722,4cac0e,KZR563,2025-12-30 03:38:37,99.49834916109135,1,78.6034883487887,Normal Operation
723,4cac11,KZR593,2025-12-29 01:54:09,89.26964073105144,1,56.267356561304354,Normal Operation
724,4cac12,KZR645,2025-12-30 01:58:37,99.64851719641152,1,66.36798854190276,Normal Operation
725,4cac14,KZR199,2025-12-30 06:38:36,76.08297031761046,1,58.56230873279075,Normal Operation
726,4cac14,KZR199,2025-12-30 08:08:33,98.38347815349984,1,72.13224320047246,Normal Operation
727,4cac15,KZR161,2025-12-30 02:28:35,90.13846444932422,-1,42.480877867261626,Unknown Inefficiency
728,4cac15,KZR162,2025-12-30 09:48:34,73.57560417009236,-1,47.843622489357074,Unknown Inefficiency
729,4cad1f,KZR173,2025-12-29 01:44:09,99.69327312088308,1,70.03967755818307,Normal Operation
730,4cad1f,KZR174,2025-12-29 09:44:08,99.89694451819123,1,94.11032017279119,Normal Operation
731,4cad30,KZR161,2025-12-29 02:14:08,78.15666509516672,-1,36.7786535941472,Unknown Inefficiency
732,4cad30,KZR162,2025-12-29 10:04:07,67.75812875698594,-1,38.18736594038896,Unknown Inefficiency
733,4cad30,KZR163,2025-12-30 01:28:36,90.1805312724476,1,54.96542282949228,Normal Operation
734,4cad30,KZR163,2025-12-30 03:58:40,99.9234918495315,1,97.85316668292677,Normal Operation
735,4cadc6,ITY758,2025-12-29 02:24:07,99.29773727604176,1,66.25217627081066,Normal Operation
736,4cadca,ITY758,2025-12-30 02:08:35,99.04084409882428,1,61.594513994568565,Normal Operation
737,4cae7d,SEJ088,2025-12-29 05:54:05,80.70400471781656,-1,45.2799529057194,Unknown Inefficiency
738,4cae7d,SEJ087,2025-12-30 00:58:38,83.32911395458717,-1,43.30939940601722,Unknown Inefficiency
739,4cae7d,SEJ088,2025-12-30 07:48:33,99.28791063739972,1,70.10694761138991,Normal Operation
740,4cae80,ITY770,2025-12-29 00:54:10,37.48713899995478,-1,40.72597746688,Multiple Causes
741,4cae80,ITY769,2025-12-29 04:34:06,49.99304384198197,-1,39.80731171599946,Poor Routing
742,4cae83,SEJ011,2025-12-29 09:14:08,85.32290900681694,1,86.88606297246336,Normal Operation
743,4cae83,SEJ006,2025-12-29 16:41:44,46.66720657360434,1,63.23036887134249,Normal Operation
744,4cae83,SEJ012,2025-12-30 08:58:35,59.437344526409866,1,68.49264398420173,Normal Operation
745,4cae84,SEJ012,2025-12-29 03:34:08,78.72421981426645,-1,41.847856498573556,Poor Routing
746,4cae84,SEJ012D,2025-12-29 08:44:04,76.58656403411806,1,60.89949385900819,Normal Operation
747,4cae84,SEJ011,2025-12-30 08:18:37,66.8008746357691,1,75.2473616035807,Normal Operation
748,4caeba,KZR963,2025-12-30 00:48:35,52.29229714551169,1,63.425833235863735,Normal Operation
749,4caeba,KZR964,2025-12-30 03:08:38,75.43429874988071,1,55.287966745274645,Normal Operation
750,4d0102,CLX4327,2025-12-30 06:08:34,99.91005991125851,1,87.13589502579136,Normal Operation
751,4d0112,CLX4167,2025-12-29 03:04:06,99.87897064760077,1,91.7070083447017,Normal Operation
752,4d0116,CLX7337,2025-12-29 06:44:08,99.7356477938778,1,92.3392233743836,Normal Operation
753,4d2012,SVA799,2025-12-29 15:51:45,89.3772598646286,1,83.25851439724802,Normal Operation
754,4d20ec,VJT219,2025-12-29 23:58:37,99.95695890449514,1,91.01835065574045,Normal Operation
755,4d21c8,SEJ647,2025-12-29 10:04:07,69.54751435251451,-1,52.41063792818639,Unknown Inefficiency
756,4d21c8,SEJ651,2025-12-29 16:21:38,82.17196271772082,-1,51.94390982092947,Poor Routing
757,4d21c8,SEJ686,2025-12-29 23:38:34,54.29233056335796,1,59.687725917315994,Normal Operation
758,4d21c8,SEJ648,2025-12-30 01:18:37,58.48410294413149,-1,53.35868461068992,Speed Instability
759,4d21c8,SEJ640,2025-12-30 09:58:35,46.85543706162976,1,74.15596557704102,Normal Operation
760,4d229d,SEJ676,2025-12-28 23:48:41,88.17367879019275,1,88.88330518304588,Normal Operation
761,4d229d,SEJ447,2025-12-29 10:14:09,63.636945792568966,1,64.83194899312505,Normal Operation
762,4d229d,SEJ645,2025-12-30 00:58:38,44.87828031394072,1,65.60221479363119,Normal Operation
763,4d229d,SEJ646,2025-12-30 02:48:39,59.59165269899808,1,74.43735151101693,Normal Operation
764,4d229d,SEJ447,2025-12-30 10:18:36,74.28688190186779,1,80.10003094105052,Normal Operation
765,4d22a3,SEJ645,2025-12-28 23:48:41,51.90505358210552,1,61.94453508009926,Normal Operation
766,4d22a3,SEJ646,2025-12-29 01:34:05,64.0385104340728,1,77.38902788250704,Normal Operation
767,4d22a3,SEJ640,2025-12-29 08:04:08,48.22202193086631,1,73.41126642320228,Normal Operation
768,4d22a3,SEJ640,2025-12-29 10:04:07,45.84808245949772,1,72.27064155677581,Normal Operation
769,4d22a3,SEJ642,2025-12-29 15:51:45,98.89136320910866,1,84.989735646667,Normal Operation
770,4d22a3,SEJ018,2025-12-30 02:18:37,59.04056445443774,1,76.98043529353646,Normal Operation
771,4d232c,SEJ018,2025-12-29 02:24:07,80.25587940173763,1,87.05303299794039,Normal Operation
772,4d232c,SEJ018,2025-12-29 03:24:06,99.96113117162588,1,98.55466450787502,Normal Operation
773,4d232c,SEJ056,2025-12-29 10:24:06,99.50448474014422,1,92.86638693376419,Normal Operation
774,4d232c,SEJ676,2025-12-29 23:58:37,86.36789980819371,1,88.35926472956503,Normal Operation
775,4d232c,SEJ647,2025-12-30 08:28:35,53.21172753113855,1,66.50969687768773,Normal Operation
776,4d235b,VJT223,2025-12-30 06:58:37,99.86549969573782,1,89.19028398411783,Normal Operation
777,4d23ea,SEJ672,2025-12-29 07:24:06,87.37797799044395,1,76.23522086597329,Normal Operation
778,4d23ea,SEJ678,2025-12-29 23:38:34,56.99594037864664,1,56.895571388436394,Normal Operation
779,4d23ea,SEJ672,2025-12-30 07:38:20,80.89958810156281,1,55.924972721304385,Normal Operation
780,500241,T7MCV,2025-12-29 00:28:46,64.64842759250544,1,58.765267218993465,Normal Operation
781,500241,T7MCV,2025-12-29 02:04:07,99.87312491857764,1,93.06858431927789,Normal Operation
782,503cc6,SIF125,2025-12-29 18:23:08,99.99164837902688,1,91.8537210097656,Normal Operation
783,503cfa,NVD9930,2025-12-30 07:48:33,99.98861390058784,1,98.40493138002721,Normal Operation
784,504e36,UAE9285,2025-12-29 08:24:06,99.7803881554962,1,94.55440875153596,Normal Operation
785,504e36,UAE9841,2025-12-30 08:18:37,99.99009042908422,1,95.36210140677812,Normal Operation
786,504e6c,TVR4705,2025-12-30 02:38:38,99.8802257804669,1,90.29578629999554,Normal Operation
787,507c44,UZB531,2025-12-30 00:48:35,76.27154566690533,-1,39.98580011274759,Unknown Inefficiency
788,507c44,UZB532,2025-12-30 08:48:37,99.80036396736398,1,85.01853841109313,Normal Operation
789,507c45,UZB423,2025-12-29 10:24:06,99.08075363993646,1,90.81477774946603,Normal Operation
790,507c50,UZB553,2025-12-29 01:34:05,67.36556370561375,-1,17.594338352672725,Unknown Inefficiency
791,507c56,UZB427,2025-12-30 03:18:38,58.52618042781869,1,65.09022079680253,Normal Operation
792,507c60,UZB421,2025-12-30 06:18:36,66.36851450285488,1,60.16746273100857,Normal Operation
793,507c60,UZB422,2025-12-30 08:48:37,54.255110542482456,1,71.70648499123017,Normal Operation
794,507c6f,UZB426,2025-12-29 03:24:06,67.20050594042476,1,70.66651170038466,Normal Operation
795,507cb3,MFX5535,2025-12-29 02:24:07,99.665030443284,1,71.58607768054371,Normal Operation
796,507cb3,MFX5536,2025-12-29 09:54:04,74.93285716646686,-1,40.46479058007508,Unknown Inefficiency
797,5140c6,IGT1146,2025-12-29 02:54:07,86.9633458003542,-1,32.09458187242136,Unknown Inefficiency
798,5140c6,IGT1145,2025-12-29 15:51:45,99.79549730730312,1,86.8913338040299,Normal Operation
799,5140cc,LOL503,2025-12-29 04:24:05,99.9237585011117,1,95.36682046625097,Normal Operation
800,5140cc,LOL503,2025-12-29 05:24:05,99.949822131752,1,96.62178043018616,Normal Operation
801,515309,SMR110,2025-12-29 16:11:36,90.08543659893908,1,82.90172849743172,Normal Operation
802,60084d,AHY057,2025-12-29 02:34:07,81.68307656119524,-1,48.45970808128519,Poor Routing
803,60084d,AHY57A,2025-12-29 09:04:08,58.75812313770865,1,74.96754768659095,Normal Operation
804,60084d,AHY058,2025-12-29 16:31:45,91.28264586405255,1,87.03978979769614,Normal Operation
805,600853,AHY059,2025-12-30 02:38:38,,-1,19.697857767342995,Holding Pattern
806,600853,AHY060,2025-12-30 04:28:41,60.18627140979267,1,78.91734186743733,Normal Operation
807,600854,AHY057,2025-12-30 02:38:38,63.23693089634017,1,69.48902745772105,Normal Operation
808,600854,AHY058,2025-12-30 04:58:38,91.15489121697205,1,88.68818129333964,Normal Operation
809,600b21,AZG633,2025-12-30 03:58:40,99.98570698794543,1,92.86486920382463,Normal Operation
810,680001,DRK400,2025-12-29 06:44:08,69.23979835327945,1,76.25222104654102,Normal Operation
811,680001,DRK401,2025-12-29 09:14:08,91.4986184888464,1,84.78446068134464,Normal Operation
812,680002,DRK123,2025-12-29 09:24:04,99.8874664714848,1,94.39494689306692,Normal Operation
813,680002,DRK200,2025-12-30 09:18:35,98.70948028695078,1,75.66920178428296,Normal Operation
814,680008,DRK621,2025-12-29 05:14:08,79.8210311101335,-1,52.6505770971041,Unknown Inefficiency
815,680008,DRK800,2025-12-29 09:54:04,99.51949480240948,1,92.50674714489989,Normal Operation
816,680008,DRK801,2025-12-30 09:08:33,99.15235422357372,1,86.46725064508286,Normal Operation
817,680009,BTN789,2025-12-29 05:44:09,94.62778581427054,1,86.08225834522044,Normal Operation
818,680009,BTN773,2025-12-29 07:44:01,71.15621308260715,1,78.13609372451502,Normal Operation
819,680009,BTN773,2025-12-29 09:24:04,69.1527776757816,1,69.7257433890428,Normal Operation
820,680009,BTN702,2025-12-29 15:51:45,84.5898816454646,1,74.2969922429654,Normal Operation
821,68000a,BTN701,2025-12-29 06:14:08,99.81457384128254,1,91.71558766704841,Normal Operation
822,68000a,BTN701,2025-12-29 07:04:08,53.693869851948456,1,74.17236679164935,Normal Operation
823,68000a,BTN701,2025-12-29 08:24:06,59.8181810112645,1,82.28777298188794,Normal Operation
824,68000a,BTN701,2025-12-30 06:08:34,58.05739640858695,1,56.743666144919885,Normal Operation
825,68000a,BTN701,2025-12-30 08:18:37,71.76185516727921,1,76.34611027747424,Normal Operation
826,68000c,DRK543,2025-12-29 04:24:05,73.48742017512377,-1,42.22410315188824,Unknown Inefficiency
827,68000c,DRK543,2025-12-29 05:24:05,94.69136127493194,1,72.85186496023195,Normal Operation
828,68000c,DRK200,2025-12-29 09:24:04,98.4886201915318,1,82.62310220468098,Normal Operation
829,68000c,DRK130,2025-12-29 17:01:38,92.81957872004568,1,70.16789200500027,Normal Operation
830,68000c,DRK131,2025-12-30 08:38:36,96.82305140094904,1,87.09775695097848,Normal Operation
831,6831e4,VSV5315,2025-12-29 09:34:05,99.98511311109937,1,94.80196418863858,Normal Operation
832,6831e4,VSV5315,2025-12-29 10:24:06,99.90296383886036,1,95.66728994165115,Normal Operation
833,6831e4,VSV5316,2025-12-30 05:38:33,97.58939318023548,1,56.17133505738235,Normal Operation
834,68322c,VSV5205,2025-12-29 02:24:07,68.36238360748635,-1,35.89888838256803,Speed Instability
835,683268,VSV5317,2025-12-29 00:38:36,99.60959808189588,1,74.6522059155924,Normal Operation
836,683268,VSV5235,2025-12-30 06:58:37,98.92740915735769,1,65.32657023576931,Normal Operation
837,683274,VSV5248,2025-12-29 04:54:04,74.4376744910485,-1,40.53849158725878,Unknown Inefficiency
838,683274,VSV5243,2025-12-29 15:51:45,99.8969481377173,1,94.90654566138794,Normal Operation
839,683274,VSV5354,2025-12-30 05:08:39,69.34212193948375,-1,33.69545535786499,Speed Instability
840,6832b3,VSV469,2025-12-29 23:28:38,99.74484932678314,1,87.07012866084823,Normal Operation
841,6832b3,VSV470,2025-12-30 05:08:39,72.75695488884782,-1,43.904772688655484,Unknown Inefficiency
842,6832b3,VSV470,2025-12-30 06:08:34,99.59435064171824,1,66.10180008016813,Normal Operation
843,6832b5,VSV5212,2025-12-30 05:08:39,93.43265105567453,1,87.82419988727722,Normal Operation
844,6832b5,VSV5213,2025-12-30 07:48:33,99.8726548131114,1,97.25053558455672,Normal Operation
845,68331f,TGI1822,2025-12-30 09:38:37,99.21570990766428,1,82.33486598434123,Normal Operation
846,68332b,VSV5318,2025-12-30 00:48:35,99.60837401554868,1,78.76878202794046,Normal Operation
847,68332b,VSV5322,2025-12-30 08:58:35,99.68919238398558,1,87.04901446836558,Normal Operation
848,68332c,VSV5338,2025-12-29 06:14:08,99.78164238984166,1,81.7875980162209,Normal Operation
849,68332c,VSV5242,2025-12-30 08:38:36,99.11590580023788,1,79.46037888765558,Normal Operation
850,68332c,VSV5242,2025-12-30 09:58:35,99.8050622830656,1,97.33766836043206,Normal Operation
851,702033,BBC612,2025-12-29 10:04:07,77.37484458809884,1,55.76518452511313,Normal Operation
852,702033,BBC437,2025-12-29 16:01:36,82.85122304372379,1,70.78824682258313,Normal Operation
853,702033,BBC438,2025-12-29 17:33:04,75.14806053389292,-1,49.58054126251077,Unknown Inefficiency
854,702034,BBC386,2025-12-28 23:48:41,94.14014478117592,1,88.20400300789119,Normal Operation
855,702034,BBC387,2025-12-29 07:44:01,65.11684628282953,1,67.99814555637141,Normal Operation
856,702034,BBC398,2025-12-29 15:51:45,66.46347990603236,1,61.15077205226537,Normal Operation
857,702034,BBC386,2025-12-29 23:48:40,92.04344356863837,1,79.72452154452566,Normal Operation
858,702034,BBC387,2025-12-30 06:58:37,68.19823906041371,1,64.71978434048431,Normal Operation
859,70203e,BBC339,2025-12-29 01:34:05,90.80948250149194,1,84.00390077778498,Normal Operation
860,70203e,BBC339,2025-12-30 01:18:37,82.21144726112576,1,81.59905389010896,Normal Operation
861,70203f,BBC336,2025-12-29 08:24:06,56.33010281131366,1,68.4683165353447,Normal Operation
862,70203f,BBC350,2025-12-29 23:28:38,50.94901887224447,1,60.39455479411675,Normal Operation
863,70203f,BBC121,2025-12-30 10:18:36,91.98618036397848,1,86.0871224810732,Normal Operation
864,70204b,BBC450,2025-12-29 08:04:08,43.03150456201488,-1,47.85943712320163,Multiple Causes
865,70204b,BBC235,2025-12-29 17:33:04,93.67706453758552,1,66.94725011316999,Normal Operation
866,70204b,BBC236,2025-12-30 08:58:35,93.94110491412572,1,61.45668469109429,Normal Operation
867,702066,BBC389,2025-12-29 16:41:44,50.55156519751544,1,67.75579108140292,Normal Operation
868,702066,BBC366,2025-12-29 23:28:38,93.13249155157992,1,83.28105220627486,Normal Operation
869,702066,BBC367,2025-12-30 06:58:37,55.02086853701943,1,70.66154905087693,Normal Operation
870,702067,BBC127,2025-12-28 23:48:41,97.1531603634844,1,88.70596582528091,Normal Operation
871,702067,BBC128,2025-12-29 10:04:07,99.85196147958874,1,94.62211178345913,Normal Operation
872,702067,BBC584,2025-12-30 08:18:37,82.18452350921572,1,82.41824607860492,Normal Operation
873,702086,BBC148,2025-12-29 07:14:05,76.43641005391677,1,67.41305471006856,Normal Operation
874,702086,BBC148,2025-12-29 10:04:07,76.08910371473868,1,59.995707005203954,Normal Operation
875,702087,BBC226,2025-12-29 08:34:04,60.33125383309306,1,58.06712510261364,Normal Operation
876,702087,BBC126,2025-12-30 08:08:33,78.27824910359028,1,70.04590161402817,Normal Operation
877,702097,UBG141,2025-12-29 08:34:04,98.48226528315374,1,71.7065851681728,Normal Operation
878,702097,UBG142,2025-12-29 09:54:04,96.55980605701475,1,68.4465255301286,Normal Operation
879,702097,UBG111,2025-12-29 16:51:45,92.85947791973896,1,68.14437965835054,Normal Operation
880,702097,UBG112,2025-12-29 18:03:07,97.38582536572878,1,71.14755437143836,Normal Operation
881,702097,UBG117,2025-12-30 00:18:35,92.29060423228182,1,68.60936764562774,Normal Operation
882,702097,UBG118,2025-12-30 09:38:37,86.79336893280895,-1,54.416562493419676,Unknown Inefficiency
883,702099,UBG161,2025-12-29 09:24:04,98.44445267075508,1,66.46199438565043,Normal Operation
884,702099,UBG531,2025-12-30 07:08:35,97.7609836644189,1,63.40465202912977,Normal Operation
885,702099,UBG161,2025-12-30 10:08:34,99.14807279081704,1,65.68035227331097,Normal Operation
886,70209a,BBC208,2025-12-29 09:14:08,99.54038644923097,1,77.8789199649121,Normal Operation
887,70209a,BBC148,2025-12-30 07:48:33,85.36747525815979,1,73.65772033386283,Normal Operation
888,70209b,BBC356,2025-12-29 06:34:06,65.99610053851565,-1,46.983020965118,Unknown Inefficiency
889,70209e,BBC202,2025-12-29 07:34:07,78.23709990102843,1,56.32177797856084,Normal Operation
890,70209e,BBC337,2025-12-29 17:13:08,83.28457903779736,1,76.3174861390111,Normal Operation
891,70209e,BBC138,2025-12-30 08:08:33,73.22146290791329,1,71.38327264888926,Normal Operation
892,70209f,BBC537,2025-12-29 00:28:46,77.70453617063745,1,77.92704130876481,Normal Operation
893,70209f,BBC305,2025-12-30 05:58:33,86.42672668011087,-1,48.47787087561935,Unknown Inefficiency
894,7020a2,UBG543,2025-12-29 07:24:06,98.14869456844482,1,69.99161047538018,Normal Operation
895,7020a2,UBG150,2025-12-29 15:51:45,71.6839467570522,-1,34.4277563472343,Multiple Causes
896,7020a2,UBG158,2025-12-29 16:51:45,72.9993584633938,-1,25.82306871393605,Poor Routing
897,7020a2,UBG141,2025-12-30 07:08:35,98.74158394841542,1,72.66476970257595,Normal Operation
898,7020a2,UBG142,2025-12-30 08:48:37,85.37886951952333,1,57.47140313345812,Normal Operation
899,7020a4,BBC617,2025-12-28 23:48:41,,-1,14.996616146613702,Holding Pattern
900,7020a4,BBC395,2025-12-29 17:13:08,92.45538369220536,1,68.76901820078294,Normal Operation
901,7020a4,BBC396,2025-12-29 18:45:15,78.57240903699991,-1,52.31969876223257,Unknown Inefficiency
902,7020a4,BBC402,2025-12-30 09:18:35,84.25100945196476,-1,45.17270945939086,Poor Routing
903,7020a6,BBC439,2025-12-29 09:44:08,98.23937882507798,1,73.17721032292926,Normal Operation
904,7020a6,BBC603,2025-12-29 16:01:36,90.72895821059087,1,70.88850344293937,Normal Operation
905,7020a6,BBC604,2025-12-29 17:01:38,94.86960564276846,1,65.09201627330947,Normal Operation
906,7020a6,BBC495,2025-12-29 18:35:17,95.97382431091069,1,70.62229756160143,Normal Operation
907,7020a6,BBC433,2025-12-30 08:08:33,99.47618275803688,1,75.65785308705367,Normal Operation
908,7020a6,BBC434,2025-12-30 09:28:35,90.80298021533838,1,60.769440629737936,Normal Operation
909,7020ab,UBG326,2025-12-29 08:14:07,60.17495121739713,1,68.69097464217056,Normal Operation
910,7020ab,UBG321,2025-12-30 01:28:36,94.96798933455229,1,86.33164166037236,Normal Operation
911,7020ac,UBG334D,2025-12-29 08:14:07,49.75625807992781,1,63.74547769772753,Normal Operation
912,7020ac,UBG325,2025-12-30 00:28:37,76.40135453906625,1,79.12894195830482,Normal Operation
913,7020ae,AWA411,2025-12-29 07:34:07,93.68623490213837,1,68.20768600860325,Normal Operation
914,7020ae,AWA412,2025-12-29 08:54:06,88.01528945004532,1,54.92625324364037,Normal Operation
915,7020ae,AWA415,2025-12-29 10:14:09,95.30628203932277,1,70.01818840295508,Normal Operation
916,7020ae,AWA449,2025-12-29 16:21:38,90.8653159472285,1,70.79060033542243,Normal Operation
917,7020ae,AWA450,2025-12-29 17:53:07,87.66381393883808,1,59.37565310104406,Normal Operation
918,7020ae,AWA411,2025-12-30 07:38:20,97.4185318638486,1,68.34950141538962,Normal Operation
919,7020ae,AWA415,2025-12-30 09:18:35,76.67516489601475,-1,39.912076261733375,Poor Routing
920,7020b2,UBG341,2025-12-30 02:08:35,94.18715560951938,1,84.80939389030543,Normal Operation
921,7020b4,UBG322,2025-12-29 08:04:08,55.01025232553075,1,73.42739460956734,Normal Operation
922,7020b4,UBG307,2025-12-29 23:28:38,68.9825892262193,-1,27.16089548131078,Speed Instability
923,7020b4,UBG308,2025-12-30 06:48:37,53.991809017119344,1,69.39737543601952,Normal Operation
924,7020b4,UBG337,2025-12-30 09:48:34,87.96146185938807,1,87.18304487707734,Normal Operation
925,7020b5,UBG101,2025-12-29 07:14:05,96.06879593706036,1,65.52361029790977,Normal Operation
926,7020b5,UBG102,2025-12-29 08:44:04,91.86351274778843,1,55.30031718557782,Normal Operation
927,7020b5,UBG105,2025-12-29 09:54:04,97.67947193415756,1,67.30845442591166,Normal Operation
928,7020b5,UBG537,2025-12-29 15:51:45,95.27355193226244,1,64.40640053200593,Normal Operation
929,7020b5,UBG538,2025-12-29 17:01:38,97.0047690755398,1,64.58039224373829,Normal Operation
930,7020b5,UBG541,2025-12-29 18:35:17,97.95676966448076,1,63.44122503796916,Normal Operation
931,7020b5,UBG101,2025-12-30 06:58:37,98.71412767643724,1,67.94418122654938,Normal Operation
932,7020b5,UBG102,2025-12-30 08:18:37,87.22030923355331,1,57.19344224035258,Normal Operation
933,7020b5,UBG105,2025-12-30 09:48:34,90.3228360695237,1,68.40179187552525,Normal Operation
934,7020b8,UBG143,2025-12-29 08:34:04,95.7047392393305,1,70.36005564306744,Normal Operation
935,7020b8,UBG144,2025-12-29 10:14:09,99.2947674571234,1,69.30183699259328,Normal Operation
936,7020b8,UBG151,2025-12-29 15:51:45,87.82010914579683,1,75.46878509270327,Normal Operation
937,7020b8,UBG152,2025-12-29 17:23:08,86.89653049136403,1,58.149895587489546,Normal Operation
938,7020b8,UBG143,2025-12-30 08:38:36,94.49395290623586,1,69.52628034061914,Normal Operation
939,7020bc,AWA441,2025-12-29 08:44:04,97.1768147840338,1,72.30110248477511,Normal Operation
940,7020bc,AWA442,2025-12-29 10:04:07,97.289294061451,1,68.8839163994237,Normal Operation
941,7020bc,AWA475,2025-12-29 15:51:45,95.32522501505446,1,65.59862512715837,Normal Operation
942,7020bc,AWA476,2025-12-29 17:01:38,85.21553626860933,1,63.05628080107078,Normal Operation
943,7020bc,AWA477,2025-12-29 18:23:08,88.09183320714517,1,72.6307930259838,Normal Operation
944,7020bc,AWA441,2025-12-30 07:18:12,91.56169064257216,1,73.67206042786951,Normal Operation
945,7020bc,AWA442,2025-12-30 08:58:35,87.91980870508235,1,57.56765895711534,Normal Operation
946,7020bd,UBG362,2025-12-29 08:44:04,41.238680065694936,-1,50.79789242206678,Multiple Causes
947,7020bd,UBG361,2025-12-30 00:48:35,89.31579760621113,1,81.99328832664645,Normal Operation
948,7020c2,UBG382,2025-12-29 10:04:07,90.5779598687543,1,77.7387025768172,Normal Operation
949,7020c2,UBG381,2025-12-29 18:35:17,81.70222978901134,1,83.36657417813566,Normal Operation
950,7020c2,UBG382,2025-12-30 07:08:35,44.196330283062224,1,55.8703327438885,Normal Operation
951,702702,UBG531,2025-12-29 07:14:05,97.53699340372144,1,67.29499611700972,Normal Operation
952,702702,UBG532,2025-12-29 08:34:04,82.4551713718207,-1,44.45144461422054,Unknown Inefficiency
953,702702,UBG155,2025-12-29 09:44:08,96.62806447705508,1,71.50421233939123,Normal Operation
954,702702,UBG165,2025-12-29 16:11:36,95.91142855823956,1,59.76450361970659,Normal Operation
955,702702,UBG166,2025-12-29 17:23:08,88.4861136344739,-1,53.690732962239615,Unknown Inefficiency
956,702702,UBG543,2025-12-30 06:58:37,98.19143719565692,1,64.44868530541078,Normal Operation
957,702702,UBG201,2025-12-30 09:48:34,91.3011285331756,1,58.78619709198848,Normal Operation
958,704009,MMA391,2025-12-29 04:34:06,72.49042209714295,1,63.78166524951347,Normal Operation
959,704009,MMA336,2025-12-29 09:54:04,59.80042080851268,-1,37.14259216636064,Holding Pattern
960,704009,MMA391,2025-12-30 04:58:38,63.01605064618636,-1,52.442807085674765,Unknown Inefficiency
961,704009,MMA336,2025-12-30 09:48:34,84.28276388742793,1,65.04765448893755,Normal Operation
962,70400c,MMA332,2025-12-29 18:45:15,72.15078571816552,1,65.90703310525417,Normal Operation
963,70400c,MMA373,2025-12-30 04:48:37,76.0837317292008,1,66.78335626670962,Normal Operation
964,704010,MMA236,2025-12-29 04:44:07,75.44738194688406,1,59.953503916837285,Normal Operation
965,704011,MMA630,2025-12-30 06:58:37,98.84900270919536,1,87.81932812996456,Normal Operation
966,704018,MMA376,2025-12-29 04:54:04,68.21302144893762,-1,47.14227985645241,Holding Pattern
967,70401f,MMA363,2025-12-29 17:43:10,46.63539984192578,-1,20.737165122936062,Multiple Causes
968,704020,MMA620,2025-12-29 07:14:05,80.37254961996449,1,56.48306065499634,Normal Operation
969,704129,UBA1405,2025-12-29 05:04:06,92.45214479241402,1,56.6944667864158,Normal Operation
970,70412b,UBA301,2025-12-29 05:24:05,57.83376148348148,-1,29.45902392894805,Multiple Causes
971,7041c1,UBA016,2025-12-29 18:23:08,81.25261549464945,1,75.61998620070037,Normal Operation
972,7041c1,UBA020,2025-12-30 09:18:35,83.44795537771613,1,67.98781005442846,Normal Operation
973,704458,MMA3307,2025-12-29 05:14:08,65.89743384823228,-1,54.669835502704935,Unknown Inefficiency
974,704458,MMA711,2025-12-30 07:48:33,47.62823031248215,-1,44.885508389532035,Poor Routing
975,70472a,KBZ324,2025-12-29 10:14:09,90.44355600517152,1,68.25124043602004,Normal Operation
976,70472a,KBZ311,2025-12-30 04:48:37,84.40278266377348,-1,40.849461628568264,Holding Pattern
977,704946,MMA100,2025-12-29 07:54:02,70.64973933621057,1,80.37010601310196,Normal Operation
978,704946,MMA100,2025-12-29 08:54:06,99.92970751272074,1,97.74989948712714,Normal Operation
979,704946,MMA501,2025-12-30 05:58:33,57.45544498043489,1,60.416383901488324,Normal Operation
980,706058,KAC411,2025-12-29 06:24:05,99.7767458335623,1,93.45903470910793,Normal Operation
981,706059,KAC417,2025-12-29 09:04:08,99.85114197414562,1,93.79131828232391,Normal Operation
982,706059,KAC418,2025-12-30 01:48:39,99.99994154700612,1,96.75028225630143,Normal Operation
983,70605a,KAC417,2025-12-30 08:08:33,99.46116399087568,1,77.71379726763553,Normal Operation
984,70605b,KAC418,2025-12-28 23:48:41,99.4902401441335,1,76.50364518699416,Normal Operation
985,70605c,KAC414,2025-12-30 05:08:39,99.89399110097057,1,97.13092961272426,Normal Operation
986,70605d,KAC301,2025-12-29 00:28:46,52.86622355217918,-1,53.753539283900665,Unknown Inefficiency
987,70605e,KAC285,2025-12-29 10:24:06,99.9789418000214,1,91.1090136889069,Normal Operation
988,70605e,KAC419,2025-12-30 00:48:35,99.21692140260788,1,82.5056987236595,Normal Operation
989,70605e,KAC420,2025-12-30 09:38:37,99.39947858138116,1,93.26896158815727,Normal Operation
990,70605f,KAC284,2025-12-29 00:08:45,95.11722580719253,1,81.73483050058314,Normal Operation
991,70605f,KAC284,2025-12-30 01:38:40,91.66775197360748,1,85.65901782929737,Normal Operation
992,706060,KAC333,2025-12-30 02:18:37,66.52214676209874,1,72.63698846925335,Normal Operation
993,706060,KAC334,2025-12-30 04:18:35,84.42232609276414,1,84.87090370361211,Normal Operation
994,706068,KAC383,2025-12-29 05:24:05,41.48655955616066,1,60.346262490039535,Normal Operation
995,706068,KAC384,2025-12-29 07:44:01,74.78416676679579,1,86.63333821276026,Normal Operation
996,706068,KAC343,2025-12-30 00:38:34,99.83932407468804,1,92.47157245099825,Normal Operation
997,706068,KAC344,2025-12-30 03:38:37,99.57923071437756,1,93.30144422318561,Normal Operation
998,706068,KAC344,2025-12-30 04:28:41,99.85524413337367,1,96.22301930667429,Normal Operation
999,706069,KAC332,2025-12-29 07:54:02,66.21919177554048,1,78.15632246618034,Normal Operation
1000,706069,KAC357,2025-12-30 00:58:38,73.39264804597839,1,71.98526618966973,Normal Operation
1001,706069,KAC358,2025-12-30 03:38:37,73.06153637938952,1,81.83056728867335,Normal Operation
1002,70606a,KAC361,2025-12-29 07:14:05,98.93389358972296,1,91.33386972417571,Normal Operation
1003,70606a,KAC362,2025-12-29 09:54:04,98.39554118933243,1,91.38917475711285,Normal Operation
1004,70606a,KAC373,2025-12-30 01:08:40,99.82461169635116,1,94.5130777143964,Normal Operation
1005,70606a,KAC374,2025-12-30 04:08:35,99.9982760950975,1,97.12409383655393,Normal Operation
1006,70606c,KAC341,2025-12-29 04:54:04,99.87043597412344,1,93.70916254466586,Normal Operation
1007,70606c,KAC342,2025-12-29 07:54:02,98.2429846432502,1,87.62088684500985,Normal Operation
1008,70606c,KAC394,2025-12-29 23:38:34,99.45157511310154,1,82.47516999157484,Normal Operation
1009,70606e,KAC373,2025-12-29 02:04:07,99.72336234350728,1,94.82264630135369,Normal Operation
1010,70606e,KAC374,2025-12-29 05:04:06,99.94707512643951,1,96.38516697428578,Normal Operation
1011,70606e,KAC383,2025-12-30 05:58:33,44.31452549347926,1,65.64546093470747,Normal Operation
1012,70606e,KAC384,2025-12-30 07:58:34,87.93224816032435,1,82.24112681731927,Normal Operation
1013,70606f,KAC1391,2025-12-29 04:34:06,74.03034286173164,1,71.91974840605394,Normal Operation
1014,70606f,KAC1392,2025-12-29 07:14:05,94.27268807458783,1,74.51294168395171,Normal Operation
1015,706070,KAC301,2025-12-30 00:18:35,46.80525732466315,1,58.01558616355378,Normal Operation
1016,706070,KAC302,2025-12-30 02:58:37,75.24886738432551,1,80.89294069237445,Normal Operation
1017,706071,KAC303,2025-12-29 06:54:07,52.74476661464833,1,55.37760850645478,Normal Operation
1018,706071,KAC304,2025-12-29 09:14:08,66.00831937048633,-1,54.7108800881878,Speed Instability
1019,706072,KAC381,2025-12-29 00:18:37,41.175997776203786,-1,43.055596514363884,Multiple Causes
1020,706072,KAC382,2025-12-29 04:14:05,,-1,19.176055068845837,Holding Pattern
1021,706072,KAC382,2025-12-29 05:14:08,89.9942661121959,1,88.90802537695441,Normal Operation
1022,706072,KAC381,2025-12-30 00:28:37,44.52551383197461,1,56.33027598185654,Normal Operation
1023,706072,KAC382,2025-12-30 03:48:37,81.53690686407076,1,84.42987246829819,Normal Operation
1024,706073,KAC353,2025-12-29 02:34:07,62.72487996266313,1,75.17635835887802,Normal Operation
1025,706073,KAC354,2025-12-29 05:34:08,86.85149040405261,1,82.95728323159184,Normal Operation
1026,706076,KAC352,2025-12-29 08:54:06,85.83732913133086,1,82.84808121105101,Normal Operation
1027,706076,KAC303,2025-12-30 06:48:37,53.10796595687764,1,58.36607145400783,Normal Operation
1028,70612d,JZR551,2025-12-29 01:54:09,94.21718945397696,1,85.65074642645494,Normal Operation
1029,70612d,JZR552,2025-12-29 04:44:07,99.92775107371988,1,98.42312375908936,Normal Operation
1030,70612d,JZR532,2025-12-30 00:58:38,94.98635790553924,1,82.83093181029031,Normal Operation
1031,70612e,JZR533,2025-12-30 03:48:37,59.6409010485571,-1,44.972257857999516,Unknown Inefficiency
1032,70612e,JZR534,2025-12-30 07:28:36,89.04346937564006,1,78.69092745651265,Normal Operation
1033,70612f,JZR427,2025-12-29 00:08:45,75.10152727333816,1,83.84431431430998,Normal Operation
1034,70612f,JZR428,2025-12-29 02:04:07,98.64512548411902,1,90.13735029831194,Normal Operation
1035,706130,JZR553,2025-12-28 23:58:46,96.20415789949034,1,82.98946163099458,Normal Operation
1036,706130,JZR554,2025-12-29 03:14:06,99.8416029686476,1,94.59894973642255,Normal Operation
1037,706130,JZR1539,2025-12-30 04:18:35,69.9813761350179,1,73.72264227701454,Normal Operation
1038,706130,JZR1540,2025-12-30 07:18:12,98.17424774561714,1,82.77184470577635,Normal Operation
1039,706132,JZR501,2025-12-29 02:54:07,88.3100859983166,-1,46.253937427295334,Poor Routing
1040,70620a,JZR401,2025-12-29 00:18:37,42.548026658056,-1,48.58397545770768,Multiple Causes
1041,70620e,JZR401,2025-12-30 00:28:37,46.80060128054543,1,62.4427769197442,Normal Operation
1042,706210,JZR411,2025-12-30 00:18:35,99.97821442874243,1,99.06681345341755,Normal Operation
1043,706210,JZR411,2025-12-30 01:28:36,56.03460762010117,1,76.10547300310095,Normal Operation
1044,706210,JZR412,2025-12-30 03:18:38,78.787538655515,1,85.1817601783627,Normal Operation
1045,706212,JZR1539,2025-12-29 04:24:05,71.91056759750337,1,68.72137187499558,Normal Operation
1046,706212,JZR1540,2025-12-29 07:54:02,96.53882491520292,1,80.61779329480355,Normal Operation
1047,706212,JZR405,2025-12-30 00:18:35,59.12335810776196,1,62.71793394448597,Normal Operation
1048,706212,JZR406,2025-12-30 02:58:37,63.88853394577432,1,79.08233736974866,Normal Operation
1049,706213,JZR531D,2025-12-29 04:34:06,70.25997390302899,1,57.144867858130624,Normal Operation
1050,706213,JZR532D,2025-12-29 07:54:02,97.8518148187522,1,71.11189158033339,Normal Operation
1051,706213,JZR409,2025-12-30 05:28:36,41.38184052794328,1,59.53358894657277,Normal Operation
1052,706213,JZR410,2025-12-30 07:38:20,75.0358357390869,1,68.9612503379046,Normal Operation
1053,706214,JZR551,2025-12-30 01:08:40,94.9489950170669,1,71.74320852977995,Normal Operation
1054,706214,JZR552,2025-12-30 05:08:39,99.98468940902458,1,96.04401000171916,Normal Operation
1055,70a8e7,SHA226,2025-12-29 16:51:45,87.94819948962099,1,80.92345274817885,Normal Operation
1056,70a8e7,SHA229,2025-12-29 18:13:07,93.12064405387554,1,73.03163109698976,Normal Operation
1057,70a8e7,SHA230,2025-12-30 07:08:35,85.51994149790279,1,77.55275479388081,Normal Operation
1058,70a8e9,SHA230,2025-12-29 07:04:08,85.10563387445204,1,73.84332111658073,Normal Operation
1059,70a8e9,SHA827,2025-12-29 15:51:45,94.55965508482808,1,66.64735081364557,Normal Operation
1060,70a8eb,BHA251,2025-12-29 08:24:06,95.8226233192742,1,68.2535983509464,Normal Operation
1061,70a8eb,BHA252,2025-12-29 10:04:07,95.800311502975,1,72.40150461585581,Normal Operation
1062,70a8eb,BHA662,2025-12-29 18:03:07,94.39902049834916,1,59.28490910853424,Normal Operation
1063,70a8ee,BHA853,2025-12-29 09:54:04,97.08000945142548,1,65.22990083479084,Normal Operation
1064,70a8ee,BHA668,2025-12-30 09:48:34,87.35920306691699,-1,43.20480471751693,Poor Routing
1065,70a8fe,SHA221,2025-12-29 08:34:04,92.85050827429043,1,73.16984991870301,Normal Operation
1066,70a8fe,SHA222,2025-12-29 10:14:09,93.15868450204157,1,73.17065021929965,Normal Operation
1067,70a8fe,SHA738,2025-12-29 17:01:38,93.68133077411494,1,66.92882072826866,Normal Operation
1068,70a8fe,SHA739,2025-12-29 18:23:08,98.50086476697338,1,70.22089906394912,Normal Operation
1069,70a8fe,,2025-12-30 08:28:35,99.46708426613682,1,80.00167084910056,Normal Operation
1070,70a8fe,,2025-12-30 09:48:34,79.64410637344858,1,79.66099684369914,Normal Operation
1071,70a96a,STA602,2025-12-29 08:14:07,89.5636156415477,-1,40.8774601701222,Poor Routing
1072,70a96a,STA604,2025-12-29 10:04:07,92.58291733579098,-1,51.75583566823236,Unknown Inefficiency
1073,70a96a,STA602,2025-12-30 07:48:33,95.68376246088728,-1,54.77599757443799,Unknown Inefficiency
1074,70a9a5,BHA164,2025-12-30 08:38:36,94.36685071719724,-1,52.253526949613715,Unknown Inefficiency
1075,70a9b1,BHA851,2025-12-29 08:04:08,95.69435215777143,1,67.45296457779284,Normal Operation
1076,70a9b1,BHA960,2025-12-29 17:43:10,97.98742955361485,1,65.9166632637078,Normal Operation
1077,70a9b1,BHA451,2025-12-30 07:38:20,97.67297376982256,1,72.87211075479132,Normal Operation
1078,70a9b1,BHA452,2025-12-30 09:08:33,95.13018312680391,1,64.76028745426802,Normal Operation
1079,70aa67,HIM364,2025-12-29 07:14:05,74.07961662967438,1,75.82166645574664,Normal Operation
1080,70aa67,HIM364,2025-12-30 07:08:35,66.18848734757321,1,69.02803783923505,Normal Operation
1081,70aa71,RNA433,2025-12-29 00:08:45,94.27650601446688,1,73.8355460185758,Normal Operation
1082,70aa71,RNA434,2025-12-29 16:21:38,77.76937331240833,1,72.72655348688178,Normal Operation
1083,70aa75,RNA416,2025-12-29 06:24:05,68.17586554316152,-1,38.70110569248652,Speed Instability
1084,70aa75,RNA217,2025-12-29 15:51:45,88.42691570303121,-1,45.82650715728023,Unknown Inefficiency
1085,70aa75,RNA218,2025-12-29 17:33:04,50.55290695696184,1,61.238187215607674,Normal Operation
1086,70aa75,RNA240,2025-12-30 07:18:12,65.24921508554505,1,64.478987617185,Normal Operation
1087,70aa79,HIM765,2025-12-28 23:48:41,99.72575793186655,1,94.75331110329138,Normal Operation
1088,70aa79,HIM766,2025-12-29 07:04:08,79.3658021680136,1,75.9242280634504,Normal Operation
1089,70aa79,HIM560,2025-12-30 05:28:36,77.7762649159574,1,74.63345607743229,Normal Operation
1090,70aa79,HIM890,2025-12-30 10:18:36,86.16625160340564,1,85.21338424653419,Normal Operation
1091,70aebe,HIM560,2025-12-29 05:14:08,77.21295682344541,1,77.40970373821607,Normal Operation
1092,70aebe,HIM732,2025-12-30 08:28:35,80.31935908619135,1,77.1418909575299,Normal Operation
1093,70afb7,RNA229,2025-12-28 23:58:46,97.76029689905351,1,82.68666157188227,Normal Operation
1094,70afb9,RNA418,2025-12-29 07:14:05,79.69499642881888,1,70.2843067779608,Normal Operation
1095,70afb9,RNA402,2025-12-29 16:31:45,99.97726085319566,1,89.94102310507677,Normal Operation
1096,70afb9,RNA402,2025-12-29 17:23:08,82.92462621170374,1,76.09884964982614,Normal Operation
1097,70afb9,RNA229,2025-12-29 23:28:38,99.62221674455245,1,83.13701601501087,Normal Operation
1098,70afb9,RNA230,2025-12-30 08:18:37,71.78132681554948,1,67.74452535148147,Normal Operation
1099,70c0cc,OMA201,2025-12-30 08:28:35,50.58546666310027,1,68.18493304086054,Normal Operation
1100,70c0cc,OMA202,2025-12-30 10:18:36,66.8538787163817,1,57.79119870241506,Normal Operation
1101,70c0de,OMA246,2025-12-29 15:51:45,95.24789094403371,1,87.62590062444993,Normal Operation
1102,70c0de,OMA241,2025-12-30 07:58:34,46.154045763019205,1,61.1508116766983,Normal Operation
1103,70c0de,OMA242,2025-12-30 10:08:34,52.619966031373885,1,61.773920696740795,Normal Operation
1104,70c0df,OMA241,2025-12-29 07:54:02,48.62964611843289,1,68.72427547953933,Normal Operation
1105,70c0e0,OMA201,2025-12-29 08:54:06,48.0747770452116,1,59.37892787913679,Normal Operation
1106,70c0f6,OMA844,2025-12-30 09:18:35,99.99235338526852,1,96.8908268329358,Normal Operation
1107,70c0f7,OMA833,2025-12-29 01:54:09,99.49864209478896,1,90.0183084161681,Normal Operation
1108,70c0f7,OMA834,2025-12-29 10:14:09,99.99916054432332,1,98.54919704780544,Normal Operation
1109,70c0f9,OMA817,2025-12-30 02:38:38,99.98144862973083,1,95.5033792367377,Normal Operation
1110,70c0f9,OMA817,2025-12-30 03:28:39,99.98682294529917,1,95.17074495013523,Normal Operation
1111,70c0fa,OMA251,2025-12-29 04:34:06,99.98581365499008,1,96.59325799306531,Normal Operation
1112,70c0fa,OMA251,2025-12-29 05:24:05,96.60656106976802,1,85.67947060691222,Normal Operation
1113,70c0fa,OMA252,2025-12-29 07:44:01,97.68077717823816,1,89.48346181705584,Normal Operation
1114,70c0fb,OMA225,2025-12-29 05:24:05,58.49600996224099,1,62.901980693695066,Normal Operation
1115,70c0fc,OMA824,2025-12-29 01:24:06,99.98038926808528,1,98.48449687378162,Normal Operation
1116,70c0fc,OMA225,2025-12-30 05:18:34,65.0763698322655,1,67.05006497170959,Normal Operation
1117,70c101,OMA281,2025-12-30 07:28:36,59.60384933786644,1,74.91119417925636,Normal Operation
1118,70c101,OMA282,2025-12-30 10:08:34,86.39728446082941,1,87.27859959765406,Normal Operation
1119,70c103,OMA832,2025-12-28 23:58:46,99.85924859792851,1,94.4099709937728,Normal Operation
1120,70c103,OMA281,2025-12-29 07:44:01,69.99104960768021,1,77.91344033981049,Normal Operation
1121,70c104,OMA251,2025-12-30 04:48:37,99.99518703130572,1,95.8048451119114,Normal Operation
1122,70c104,OMA252,2025-12-30 07:48:33,98.7097142563494,1,90.85819823955363,Normal Operation
1123,70c104,OMA252,2025-12-30 08:38:36,99.21032145509017,1,93.81747792680272,Normal Operation
1124,70c105,OMA821,2025-12-30 00:58:38,99.97984758367588,1,97.08757477957641,Normal Operation
1125,70c106,OMA217,2025-12-29 06:24:05,93.65558455905868,1,80.04449359317854,Normal Operation
1126,70c106,OMA218,2025-12-29 08:44:04,96.95627667504291,1,90.99682286201701,Normal Operation
1127,70c109,OMA211,2025-12-29 05:44:09,63.008123860345336,1,64.79442016982571,Normal Operation
1128,70c109,OMA212,2025-12-29 08:34:04,77.46266643484799,1,84.24644319992264,Normal Operation
1129,70c10a,OMS783,2025-12-29 02:34:07,70.40003078979018,1,74.1873506097542,Normal Operation
1130,70c10a,OMS784,2025-12-29 05:14:08,86.77746242786657,1,76.09342192659423,Normal Operation
1131,70c10a,OMS783,2025-12-30 02:48:39,54.95090628798506,1,70.45594189104389,Normal Operation
1132,70c10a,OMS784,2025-12-30 05:18:34,92.76637937941273,1,86.69451399754512,Normal Operation
1133,70c10b,OMS705,2025-12-29 02:44:02,63.09049707976905,1,72.69416240412492,Normal Operation
1134,70c10b,OMS706,2025-12-29 04:44:07,93.54943684295588,1,86.51752863977563,Normal Operation
1135,70c10d,OMS761,2025-12-29 03:54:07,77.88740158346998,-1,53.60160794031498,Poor Routing
1136,70c10d,OMS762,2025-12-29 05:24:05,61.435164813386656,1,80.69130536348015,Normal Operation
1137,70c10d,OMS735,2025-12-30 02:38:38,99.98389616425403,1,97.29528225613319,Normal Operation
1138,70c10d,OMS736,2025-12-30 05:18:34,99.99487551924553,1,98.00554288328202,Normal Operation
1139,70c10e,OMS735,2025-12-29 02:14:08,99.92954967907616,1,98.08107145837398,Normal Operation
1140,70c10e,OMS736,2025-12-29 04:44:07,99.83142389261153,1,95.54170646861601,Normal Operation
1141,70c10e,OMS761,2025-12-30 03:28:39,71.50512957764509,1,58.421691818652256,Normal Operation
1142,70c11c,OMA265,2025-12-29 08:04:08,46.22790284313942,1,60.13788477734086,Normal Operation
1143,70c11c,OMA211,2025-12-30 06:48:37,57.32755441310309,1,71.51015670807601,Normal Operation
1144,70c11d,OMA318,2025-12-29 15:51:45,97.40657283424974,1,86.72708607567711,Normal Operation
1145,70c11d,OMA265,2025-12-30 07:38:20,49.17428069220675,1,68.04364971503921,Normal Operation
1146,70c11e,OMA235,2025-12-29 06:04:04,99.7383576186098,1,94.48732363052734,Normal Operation
1147,70c11e,OMA236,2025-12-29 09:24:04,99.97966553140624,1,99.23961823412853,Normal Operation
1148,70c122,OMA849,2025-12-29 05:44:09,99.8891422941079,1,94.1006292395013,Normal Operation
1149,70c122,OMA850,2025-12-29 17:13:08,99.99729942057058,1,97.67297891593181,Normal Operation
1150,70c122,OMA849,2025-12-30 05:58:33,98.48035171865584,1,83.74459387435287,Normal Operation
1151,70c125,OMA817,2025-12-29 02:34:07,99.9951161033637,1,94.91302893649987,Normal Operation
1152,70c126,OMS463,2025-12-30 03:08:38,99.58176340108614,1,88.32685661982673,Normal Operation
1153,70c13c,OMS401,2025-12-30 07:38:20,73.2113570627391,1,75.25038224647011,Normal Operation
1154,70c13c,OMS402,2025-12-30 09:48:34,92.54013279164964,1,86.82515101129582,Normal Operation
1155,70c13d,OMS497,2025-12-29 07:24:06,53.67060524408966,1,71.71094862300787,Normal Operation
1156,70c13d,OMS498,2025-12-29 09:44:08,74.91036699701891,1,82.29804945576615,Normal Operation
1157,70c13d,OMS497,2025-12-30 07:18:12,53.8943675059811,1,55.085945697281346,Normal Operation
1158,70c13d,OMS498,2025-12-30 09:38:37,78.2092910796865,1,80.50816863377742,Normal Operation
1159,70c13e,OMS401,2025-12-29 08:24:06,79.6844647677247,1,81.53184212404307,Normal Operation
1160,70c13e,OMS774,2025-12-30 06:48:37,99.9161637790466,1,98.05045553633728,Normal Operation
1161,70c149,OMS466,2025-12-29 05:54:05,99.7999160177032,1,91.50760680506143,Normal Operation
1162,71002a,SVA846,2025-12-30 09:58:35,99.99965825641816,1,94.69830557517722,Normal Operation
1163,71002b,SVA884,2025-12-30 07:08:35,99.90930850641875,1,87.37600407246128,Normal Operation
1164,71002c,SVA887,2025-12-29 23:48:40,99.96257493761765,1,89.97646369690214,Normal Operation
1165,71004c,SVA774,2025-12-29 17:23:08,50.62657542377555,1,58.875505813625566,Normal Operation
1166,71004e,SVA890,2025-12-29 09:04:08,56.78951252182813,1,67.95272918324348,Normal Operation
1167,710051,SVA754,2025-12-29 08:14:07,99.89096272744192,1,97.02620114184396,Normal Operation
1168,710051,SVA753,2025-12-30 03:18:38,99.97920441093248,1,99.47214925755972,Normal Operation
1169,710055,SVA813,2025-12-29 18:23:08,72.71031735402096,1,81.26413606313095,Normal Operation
1170,710056,SVA826,2025-12-29 15:51:45,99.31242144016409,1,90.53762944467593,Normal Operation
1171,710056,SVA827,2025-12-30 03:08:38,99.99107497012324,1,95.760041518363,Normal Operation
1172,710057,SVA808,2025-12-29 10:14:09,96.02857043705538,1,77.33820341634944,Normal Operation
1173,71005a,SVA816,2025-12-29 01:24:06,99.99007031316852,1,94.99611379786539,Normal Operation
1174,71005a,SVA772,2025-12-30 00:08:41,52.83458722991111,1,56.17474959085204,Normal Operation
1175,71005a,SVA773,2025-12-30 03:08:38,92.32482814620693,1,88.99314091273297,Normal Operation
1176,71005b,SVA784,2025-12-29 08:14:07,52.69664082811207,1,58.15225183635628,Normal Operation
1177,71005e,SVA827,2025-12-29 03:14:06,99.98503074330388,1,97.84951960547923,Normal Operation
1178,71005f,SVA808,2025-12-30 09:38:37,65.0256910071336,1,72.11269875152232,Normal Operation
1179,710060,SVA803,2025-12-30 01:28:36,92.30819027592624,1,85.13814687356037,Normal Operation
1180,710063,SVA740,2025-12-29 03:14:06,44.55513430508032,-1,54.171908790931624,Altitude Instability
1181,710063,SVA741,2025-12-29 07:04:08,64.96207774909554,1,80.79461710037164,Normal Operation
1182,7100b3,SVA862,2025-12-29 06:14:08,99.98737425070874,1,97.37485397928319,Normal Operation
1183,7100b3,SVA862,2025-12-29 07:04:08,99.9763101256868,1,99.60004553892314,Normal Operation
1184,7100b3,SVA862,2025-12-30 07:18:12,99.98450514463325,1,92.60734933515722,Normal Operation
1185,7100b4,SVA871,2025-12-29 01:24:06,99.9913769450382,1,95.090617923589,Normal Operation
1186,7100c0,SVA756,2025-12-29 10:04:07,52.053053077891846,1,70.4708965525483,Normal Operation
1187,7100c1,SVA806,2025-12-29 09:54:04,84.24268226742495,1,74.19720161577116,Normal Operation
1188,7100c2,SVA816,2025-12-30 00:58:38,99.9855149401961,1,96.17881939159793,Normal Operation
1189,7100c3,SVA803,2025-12-29 01:54:09,88.154172613761,1,83.43353131005031,Normal Operation
1190,7100c3,SVA758,2025-12-29 17:53:07,54.12806744299274,1,75.96314291850399,Normal Operation
1191,710100,SVA993,2025-12-30 05:48:34,99.87906185499254,1,90.34196336389871,Normal Operation
1192,710101,SVA983,2025-12-29 08:14:07,99.73056525342956,1,93.36031798238098,Normal Operation
1193,710102,SVA3961,2025-12-29 23:28:38,99.99017491232544,1,96.04217282128299,Normal Operation
1194,710103,SVA965,2025-12-29 05:34:08,99.89333550334864,1,91.66362400398963,Normal Operation
1195,710103,SVA963,2025-12-30 05:48:34,99.80074359474897,1,91.93365306369122,Normal Operation
1196,710104,SVA770,2025-12-29 10:14:09,55.53638872826674,1,70.62595725996923,Normal Operation
1197,710108,SVA772,2025-12-28 23:48:41,47.29197665036699,1,61.77342829711937,Normal Operation
1198,710108,SVA773,2025-12-29 03:04:06,94.2158967143393,1,85.96003113258543,Normal Operation
1199,71011d,SVA889,2025-12-29 02:04:07,99.88328865880467,1,91.00494524591505,Normal Operation
1200,71011d,SVA852,2025-12-29 16:51:45,99.86510955114991,1,97.19549958727507,Normal Operation
1201,71011d,SVA852,2025-12-29 18:03:07,99.97648638980576,1,95.59702510467278,Normal Operation
1202,71011d,SVA853,2025-12-30 02:08:35,99.99581288169604,1,96.34697414896335,Normal Operation
1203,710120,SVA849,2025-12-30 03:28:39,99.8781143913513,1,94.40100514841185,Normal Operation
1204,710124,SVA882,2025-12-29 09:54:04,99.83948410002718,1,89.25250415784791,Normal Operation
1205,710124,SVA883,2025-12-29 23:38:34,99.92613389592046,1,87.1881969227584,Normal Operation
1206,710415,SVA871,2025-12-30 01:28:36,99.99417780066102,1,97.03291691277006,Normal Operation
1207,7105ab,SVA834,2025-12-29 08:24:06,99.98015894389276,1,98.59278466667537,Normal Operation
1208,7105ab,SVA835,2025-12-29 18:45:15,99.9841457331587,1,97.53415913873924,Normal Operation
1209,7105ab,SVA834,2025-12-30 08:38:36,99.91810452418078,1,98.16450450669898,Normal Operation
1210,7105ad,SVA841,2025-12-29 03:24:06,99.99119903955194,1,98.68092096790976,Normal Operation
1211,7105ad,SVA840,2025-12-29 17:23:08,99.98978849915268,1,94.1510738135736,Normal Operation
1212,7105ad,SVA841,2025-12-30 03:08:38,99.98968666474217,1,97.84447366043888,Normal Operation
1213,7105af,SVA856,2025-12-29 08:14:07,99.96962866972788,1,98.71731892775541,Normal Operation
1214,7105af,SVA857,2025-12-30 03:48:37,99.99968315027532,1,97.54753050656107,Normal Operation
1215,7105b1,SVA844,2025-12-29 09:24:04,99.94584889690933,1,95.03501659925243,Normal Operation
1216,7105b1,SVA845,2025-12-29 16:01:36,99.88123679221552,1,95.49670445148837,Normal Operation
1217,7105b1,SVA845,2025-12-29 17:33:04,99.82918481241886,1,96.25411546853849,Normal Operation
1218,7105b2,SVA3624,2025-12-29 17:43:10,99.99874532958115,1,95.508938630079,Normal Operation
1219,7105b2,SVA3625,2025-12-30 02:58:37,99.90782888375932,1,96.53727972099142,Normal Operation
1220,7105bc,KNE321,2025-12-29 02:24:07,76.7016479433698,-1,41.369221342490064,Holding Pattern
1221,7105bc,KNE322,2025-12-29 04:44:07,56.61691253990181,1,59.43972837696362,Normal Operation
1222,710d9c,KNE329,2025-12-29 02:24:07,86.60481508247564,1,70.81678823922853,Normal Operation
1223,710d9c,KNE329,2025-12-29 09:34:05,71.32147064194362,1,78.01551633852567,Normal Operation
1224,710d9c,KNE330D,2025-12-30 02:58:37,92.04165335945926,1,88.14663002802953,Normal Operation
1225,717c74,KNE333,2025-12-30 08:38:36,70.70554112300414,1,75.50243749873556,Normal Operation
1226,717c76,KNE896,2025-12-30 09:28:35,51.604285171470586,1,69.48055438748729,Normal Operation
1227,717ccb,KNE333,2025-12-29 10:24:06,99.78134409766804,1,89.83137456949784,Normal Operation
1228,717cd3,FAD656,2025-12-29 16:01:36,58.83060018593997,1,66.23535857993,Normal Operation
1229,717ce7,KNE325,2025-12-30 06:38:36,99.97708993145596,1,99.408281804758,Normal Operation
1230,717ce7,KNE326,2025-12-30 09:58:35,99.96675347542528,1,97.76747008984599,Normal Operation
1231,71c345,KAL952,2025-12-29 01:44:09,99.88245571779494,1,91.30426290619967,Normal Operation
1232,71c345,KAL497,2025-12-29 15:51:45,76.69438096082669,1,63.48960639672659,Normal Operation
1233,71c391,KAL952,2025-12-30 01:58:37,99.9013176513182,1,87.0242960015438,Normal Operation
1234,728642,IAW441,2025-12-30 03:48:37,59.582005321975785,1,64.6201311954234,Normal Operation
1235,728683,IAW474,2025-12-29 04:44:07,99.90905498621063,1,95.67347084453806,Normal Operation
1236,73348b,IRB9775,2025-12-29 00:48:39,99.46897098971128,1,90.61815964073814,Normal Operation
1237,733545,IRM051,2025-12-29 04:44:07,69.84211491937651,-1,35.1427877031225,Speed Instability
1238,733545,IRM050,2025-12-30 00:28:37,99.91391481067802,1,94.95751565621333,Normal Operation
1239,7335b1,IRM087,2025-12-29 01:44:09,99.76667031526952,1,78.6032575850813,Normal Operation
1240,7335b1,IRM086,2025-12-30 00:58:38,99.60905169076788,1,74.12081632944147,Normal Operation
1241,738073,ELY081,2025-12-30 10:08:34,99.77480547360165,1,95.75552409236901,Normal Operation
1242,738075,ELY082,2025-12-29 01:34:05,99.922707116544,1,96.52225426602323,Normal Operation
1243,738076,ELY082,2025-12-30 01:38:40,99.9701802752032,1,96.56344249428484,Normal Operation
1244,7380c0,ELY083,2025-12-29 08:54:06,99.9928412781998,1,96.60972085112124,Normal Operation
1245,7380c0,ELY084,2025-12-29 18:25:18,99.9406063713116,1,97.80998026391455,Normal Operation
1246,7380cc,ELY083,2025-12-30 08:18:37,99.83377045419348,1,91.35505801002338,Normal Operation
1247,744823,RJA190,2025-12-30 02:58:37,62.526339377224566,1,63.573279861034706,Normal Operation
1248,75002b,XAX605,2025-12-30 02:38:38,99.95265063465531,1,95.96911951060163,Normal Operation
1249,75006f,XAX605,2025-12-29 01:44:09,99.3761416859464,1,85.96569759234603,Normal Operation
1250,750140,AXM9,2025-12-29 23:58:37,72.92334552230741,1,75.97547509159857,Normal Operation
1251,750140,AXM8,2025-12-30 01:28:36,93.83206607924224,1,89.18979066605532,Normal Operation
1252,7501e9,XAX701,2025-12-29 04:04:06,99.74254750433352,1,93.1805144239239,Normal Operation
1253,7501e9,XAX700,2025-12-29 16:01:36,99.83568931666304,1,92.87820530553006,Normal Operation
1254,7501e9,XAX701,2025-12-30 03:48:37,99.98172934164774,1,97.33844342977532,Normal Operation
1255,750208,MAS109,2025-12-29 00:48:39,80.79558954995261,1,82.61462535365811,Normal Operation
1256,750208,MAS185,2025-12-30 00:38:34,90.14602833399708,1,79.5344018037756,Normal Operation
1257,75020e,MAS115,2025-12-29 23:28:38,99.97776106658368,1,97.13375035588712,Normal Operation
1258,750254,MAS115,2025-12-28 23:48:41,90.2795388292011,1,75.18757503470286,Normal Operation
1259,750254,MAS195,2025-12-30 00:18:35,69.36457817168329,1,81.33394664413503,Normal Operation
1260,750257,MAS191,2025-12-28 23:48:41,99.8627946934036,1,91.07022462142801,Normal Operation
1261,750259,MAS151,2025-12-29 01:44:09,99.88222111489104,1,96.59855857997981,Normal Operation
1262,750259,MAS155,2025-12-30 02:58:37,99.77795174421622,1,94.7852181295791,Normal Operation
1263,75025a,MAS164,2025-12-30 03:38:37,99.97011320178736,1,99.17993064553521,Normal Operation
1264,75025b,MAS190,2025-12-29 18:45:15,99.20648766157495,1,91.4740893414523,Normal Operation
1265,75025b,MAS191,2025-12-30 01:48:39,77.81857922783794,-1,37.85785160807963,Unknown Inefficiency
1266,75025d,MAS164,2025-12-29 03:54:07,99.85952711992994,1,96.04459348560593,Normal Operation
1267,75025f,MAS195,2025-12-29 00:28:46,85.0080058826145,1,79.99714008025714,Normal Operation
1268,750263,MAS6244,2025-12-29 16:51:45,99.9315723357146,1,97.89189886944764,Normal Operation
1269,750263,MAS6244,2025-12-29 17:53:07,80.029879322186,1,63.75233096062197,Normal Operation
1270,75026b,XAX183,2025-12-28 23:48:41,75.81236146547981,1,79.87416771775611,Normal Operation
1271,750281,MAS117,2025-12-29 00:18:37,84.23501749666079,1,85.20485508398038,Normal Operation
1272,75029e,MAS7070,2025-12-28 23:48:41,54.807298391704286,1,79.26201471310421,Normal Operation
1273,75029e,MAS7071,2025-12-29 01:54:09,92.67327865443004,1,85.37801073183296,Normal Operation
1274,7502c2,MXD161,2025-12-30 01:08:40,82.28041120330923,1,86.14670279160421,Normal Operation
1275,7502d8,MXD131,2025-12-29 15:51:45,91.7159178261564,1,86.47825007265278,Normal Operation
1276,7502d8,MXD132,2025-12-29 18:03:07,56.043053579671366,-1,53.0135492643784,Speed Instability
1277,7502da,MXD165,2025-12-29 23:38:34,81.93975365616603,1,88.36331300292308,Normal Operation
1278,7502db,MXD206,2025-12-28 23:48:41,99.92185589906218,1,97.18474193833525,Normal Operation
1279,75031a,MAS184,2025-12-28 23:48:41,,-1,18.12182215271932,Holding Pattern
1280,75031a,MAS185,2025-12-29 01:24:06,72.55185114809744,1,69.6966157001852,Normal Operation
1281,7503b1,AXM14,2025-12-28 23:48:41,99.90958562290253,1,94.94632520215384,Normal Operation
1282,7503e6,9MIII,2025-12-29 17:43:10,99.99742165007248,1,98.25975905899115,Normal Operation
1283,750419,AXM18,2025-12-28 23:58:46,99.59497995968432,1,91.05737926021915,Normal Operation
1284,750421,MXD713,2025-12-30 00:18:35,99.96176393649692,1,97.42809914038757,Normal Operation
1285,750421,MXD714,2025-12-30 07:58:34,99.94374885936612,1,99.30610352557242,Normal Operation
1286,750422,MXD756,2025-12-29 02:14:08,81.70922263277384,-1,41.888058033168605,Unknown Inefficiency
1287,750423,MXD713,2025-12-29 00:38:36,99.99662521308072,1,98.07875836269709,Normal Operation
1288,750423,MXD713,2025-12-29 01:44:09,99.89354153967489,1,98.44356458139951,Normal Operation
1289,750423,MXD714,2025-12-29 08:24:06,99.99421008337114,1,94.04730397479435,Normal Operation
1290,750425,MXD186,2025-12-29 18:45:15,99.875027271858,1,96.55385509057807,Normal Operation
1291,750447,MXD706,2025-12-29 07:24:06,99.94316997901063,1,96.28980328049475,Normal Operation
1292,75044a,MAS3,2025-12-29 00:08:45,99.81115261312182,1,89.15854534408784,Normal Operation
1293,75044a,MAS20,2025-12-30 00:28:37,99.88406478224508,1,90.84914931459065,Normal Operation
1294,75044b,MAS2,2025-12-30 01:08:40,99.71707813774005,1,94.63469288064358,Normal Operation
1295,75044c,MAS21,2025-12-28 23:58:46,99.83335476417702,1,92.96438850963692,Normal Operation
1296,75044d,MAS2,2025-12-29 01:44:09,99.94944015886162,1,98.10619711517619,Normal Operation
1297,75044d,MAS3,2025-12-29 23:28:38,99.27702131052054,1,73.93597507633326,Normal Operation
1298,75044e,MAS20,2025-12-29 01:44:09,99.80818062154437,1,96.30453792839906,Normal Operation
1299,75044e,MAS21,2025-12-30 00:18:35,99.90783339007172,1,94.71129093447526,Normal Operation
1300,750463,AXM32,2025-12-30 00:48:35,85.5487252765976,1,85.86777159633013,Normal Operation
1301,75046c,MAS157,2025-12-29 07:54:02,99.91607087449472,1,95.98768504082925,Normal Operation
1302,75046c,MAS157,2025-12-30 07:58:34,99.72141050745468,1,94.7968322538218,Normal Operation
1303,75046e,MAS159,2025-12-29 06:44:08,99.80991727461276,1,95.23798728605395,Normal Operation
1304,75046e,MAS158,2025-12-29 16:41:44,99.9909867762306,1,96.17400507827988,Normal Operation
1305,75046e,MAS159,2025-12-30 03:38:37,99.96978066970462,1,98.73133333171756,Normal Operation
1306,750492,AXM36,2025-12-30 00:48:35,74.21371995481675,1,85.24572822264193,Normal Operation
1307,7504af,AXM64,2025-12-28 23:48:41,99.9730804143272,1,96.83619683814446,Normal Operation
1308,7504af,AXM64,2025-12-29 23:28:38,97.51155558715952,1,84.87568934807791,Normal Operation
1309,7504fe,AXM70,2025-12-29 23:28:38,88.52420641373652,1,88.30283088348904,Normal Operation
1310,750525,XAX182,2025-12-29 23:28:38,85.06119817470011,-1,40.70298757731574,Poor Routing
1311,750525,XAX183,2025-12-30 02:38:38,46.85867338894708,1,57.30417813423211,Normal Operation
1312,750543,XAX122,2025-12-29 15:51:45,99.76774293406424,1,94.7155743462778,Normal Operation
1313,75054f,MAS197,2025-12-29 23:28:38,52.73166988651983,1,58.72017537920665,Normal Operation
1314,750550,MAS197,2025-12-28 23:48:41,92.86268246034716,1,87.12554964657645,Normal Operation
1315,750552,MAS118D,2025-12-30 09:48:34,98.8833047005933,1,87.9106078149286,Normal Operation
1316,750555,MAS119D,2025-12-29 15:51:45,99.8995441490901,1,95.97438777131005,Normal Operation
1317,750556,MAS170,2025-12-29 09:54:04,99.8956526981232,1,98.66246729672959,Normal Operation
1318,750556,MAS117,2025-12-30 00:18:35,73.49569471533752,1,83.78201329827249,Normal Operation
1319,750556,MAS172,2025-12-30 09:38:37,98.54505243879176,1,81.14719128368303,Normal Operation
1320,750562,AXM94,2025-12-29 15:51:45,99.87489473848927,1,98.01605744487311,Normal Operation
1321,750562,AXM94,2025-12-29 17:43:10,97.7818317041902,1,90.5191111450359,Normal Operation
1322,750573,MXD706,2025-12-30 09:28:35,99.77747702036464,1,94.3650352117821,Normal Operation
1323,750574,MXD161,2025-12-29 00:08:45,44.29177498643736,-1,19.50201310709483,Multiple Causes
1324,750581,MXD215,2025-12-29 23:28:38,74.2897766371692,1,71.28176028913529,Normal Operation
1325,750581,MXD216,2025-12-30 01:28:36,61.78434411156464,1,66.39542623408752,Normal Operation
1326,750582,MXD206,2025-12-30 01:38:40,72.9118286306242,1,57.2636252774992,Normal Operation
1327,750583,MXD216,2025-12-29 00:48:39,91.11949419146816,1,81.03697789578635,Normal Operation
1328,750583,MXD216,2025-12-29 02:04:07,99.41649511008984,1,90.09046751292402,Normal Operation
1329,750591,MAS170,2025-12-30 10:08:34,99.3412845744883,1,90.63503445723202,Normal Operation
1330,7582f5,PAL659,2025-12-29 02:24:07,99.83665826509883,1,90.27156428125156,Normal Operation
1331,7582f5,PAL658,2025-12-29 15:51:45,99.99582186162186,1,91.74598086793675,Normal Operation
1332,7582f5,PAL658,2025-12-29 16:51:45,99.9055711391947,1,96.75695155061346,Normal Operation
1333,7582f5,PAL659,2025-12-30 01:38:40,99.73297533520017,1,84.54304705024236,Normal Operation
1334,758308,PAL685,2025-12-29 07:34:07,99.83241992607952,1,93.58096035920981,Normal Operation
1335,758308,PAL685,2025-12-30 08:28:35,99.82286904097596,1,91.18645221144695,Normal Operation
1336,758337,PAL655,2025-12-29 03:04:06,99.85620729598256,1,93.81123866859447,Normal Operation
1337,75833b,PAL654,2025-12-29 15:51:45,99.86633215491791,1,96.86992663499892,Normal Operation
1338,75833b,PAL655,2025-12-30 02:18:37,99.8947374718777,1,88.38799137041956,Normal Operation
1339,75875f,CEB015,2025-12-29 03:04:06,99.88816242295108,1,93.22813341628192,Normal Operation
1340,75875f,CEB018,2025-12-29 16:01:36,99.78335112845156,1,95.60475826843634,Normal Operation
1341,75875f,CEB018,2025-12-29 17:43:10,99.91546481893737,1,95.10863899846233,Normal Operation
1342,75875f,CEB019,2025-12-30 02:08:35,99.79210666661643,1,88.72737391194437,Normal Operation
1343,758773,CEB014,2025-12-29 17:13:08,99.9843614601836,1,97.91087977116241,Normal Operation
1344,758773,CEB014,2025-12-29 18:45:15,99.9986036222258,1,96.34226431379201,Normal Operation
1345,758773,CEB015,2025-12-30 02:48:39,99.87360022798752,1,85.73460578706421,Normal Operation
1346,760970,APBKP,2025-12-29 18:03:07,77.79998204794992,-1,49.910874346140105,Unknown Inefficiency
1347,7609b6,PIA248,2025-12-29 05:24:05,83.304478296795,-1,35.512577080326224,Poor Routing
1348,7609ee,PIA305,2025-12-29 17:53:07,53.069169381978746,1,78.50463350667093,Normal Operation
1349,7609f1,FJL513,2025-12-29 02:54:07,93.98593404607472,1,64.52222227778671,Normal Operation
1350,760a05,FJL503,2025-12-29 03:34:08,84.54499811040986,-1,45.48774267970046,Poor Routing
1351,76b449,SIA762,2025-12-29 08:14:07,78.54938503785723,1,58.21184901071754,Normal Operation
1352,76b451,SIA441,2025-12-28 23:48:41,96.58635531525933,1,84.97801985096403,Normal Operation
1353,76b452,SIA535,2025-12-29 23:38:34,67.86923607094116,1,79.74262721174493,Normal Operation
1354,76b452,SIA762,2025-12-30 07:58:34,70.25766907807079,-1,53.475650567951035,Holding Pattern
1355,76b453,SIA441,2025-12-29 23:28:38,98.94109665669166,1,89.59019293132569,Normal Operation
1356,76b863,TGW531,2025-12-28 23:48:41,78.4508280077437,1,82.43852471584565,Normal Operation
1357,76b864,TGW531,2025-12-29 23:48:40,71.13240123517562,1,80.69072738276594,Normal Operation
1358,76bcc8,TGW513,2025-12-29 16:11:36,66.04542436727405,-1,37.686251320370346,Speed Instability
1359,76bccb,TGW596,2025-12-29 18:13:07,99.98649041437687,1,96.81005555656765,Normal Operation
1360,76bccb,TGW597,2025-12-30 05:28:36,99.7078928843763,1,88.3327713607231,Normal Operation
1361,76bccc,TGW50,2025-12-29 03:34:08,99.44384834678364,1,92.21986014440826,Normal Operation
1362,76bccc,TGW50,2025-12-29 05:14:08,99.6699937819404,1,90.08793012877028,Normal Operation
1363,76bcce,TGW60,2025-12-30 03:48:37,99.3122851007722,1,78.05964910149366,Normal Operation
1364,76cc61,SIA422,2025-12-29 09:44:08,60.21690714295519,1,80.06291252690002,Normal Operation
1365,76cc6a,SIA447,2025-12-29 23:58:37,74.73386298668392,1,85.96710855609267,Normal Operation
1366,76cc6c,SIA402,2025-12-30 03:08:38,99.8061212889053,1,95.01155187192288,Normal Operation
1367,76cc6c,SIA402,2025-12-30 04:48:37,56.54709227613632,1,75.35187935965448,Normal Operation
1368,76cc6c,SIA401,2025-12-30 10:08:34,63.47608561389623,1,81.6958724167762,Normal Operation
1369,76cc71,SIA447,2025-12-29 00:18:37,88.20878944280315,1,79.90338367148864,Normal Operation
1370,76cc76,SIA422,2025-12-30 09:48:34,50.94988097880959,1,74.79190416398565,Normal Operation
1371,76cc81,SIA402,2025-12-29 02:24:07,99.98999321637666,1,97.69937395318847,Normal Operation
1372,76cc81,SIA402,2025-12-29 03:14:06,76.14571493588402,1,62.52528389649038,Normal Operation
1373,76cc81,SIA401,2025-12-29 10:14:09,67.03950723963439,1,81.1558535725169,Normal Operation
1374,76cccb,SIA7343,2025-12-30 04:48:37,99.93521867672068,1,95.89069389865153,Normal Operation
1375,76cce1,SIA21,2025-12-29 09:44:08,99.81643480903465,1,91.71330993538989,Normal Operation
1376,76cce3,SIA23,2025-12-28 23:58:46,99.75988903946144,1,93.84097799129601,Normal Operation
1377,76cce6,SIA23,2025-12-29 23:28:38,99.61305132514606,1,90.1162368370192,Normal Operation
1378,76cce7,SIA21,2025-12-30 08:48:37,99.33256140343526,1,69.33200729691578,Normal Operation
1379,76cd01,SIA508,2025-12-29 10:04:07,60.24542437044896,1,74.54483463191576,Normal Operation
1380,76cd02,SIA517,2025-12-28 23:48:41,49.48692577749591,1,62.778529265673136,Normal Operation
1381,76cd17,SIA517,2025-12-29 23:38:34,43.718926292362895,-1,42.77164662946514,Altitude Instability
1382,76cd17,SIA508,2025-12-30 10:08:34,78.30834121212283,1,80.19607062865933,Normal Operation
1383,76cd43,SIA328,2025-12-30 01:38:40,99.91464348905942,1,98.73370904033185,Normal Operation
1384,76cd48,SIA352,2025-12-29 01:44:09,99.30913333059117,1,72.80403837590542,Normal Operation
1385,76cd6d,SIA317,2025-12-28 23:48:41,99.7347182198404,1,80.75920063373582,Normal Operation
1386,76cd6d,SIA325,2025-12-30 08:38:36,99.95980167031482,1,90.19106053159081,Normal Operation
1387,76cd6e,SIA403,2025-12-28 23:48:41,99.91817102502488,1,97.38777837535523,Normal Operation
1388,76cd6e,SIA319,2025-12-30 09:18:35,99.80663634863517,1,81.8676902007679,Normal Operation
1389,76cd70,SIA319,2025-12-29 09:34:05,99.95764984795288,1,92.48200585898816,Normal Operation
1390,76cd71,SIA406,2025-12-29 17:43:10,98.11820446048225,1,89.13081640798514,Normal Operation
1391,76cd71,SIA403,2025-12-30 00:08:41,68.81728743171124,1,54.94154602132447,Normal Operation
1392,76cd72,SIA322,2025-12-30 00:28:37,99.92457825389232,1,98.7111280692717,Normal Operation
1393,76cd72,SIA322,2025-12-30 01:58:37,99.84432174166332,1,93.60175754999176,Normal Operation
1394,76cd76,SIA423,2025-12-28 23:58:46,75.98126096151827,1,80.88214148307118,Normal Operation
1395,76cd76,SIA423,2025-12-29 23:58:37,52.520103095280966,1,63.8112169496733,Normal Operation
1396,76cd79,SIA322,2025-12-29 01:44:09,99.96889025899996,1,97.72206171483506,Normal Operation
1397,76cd79,SIA317,2025-12-29 23:28:38,99.39168463235757,1,75.69877579297275,Normal Operation
1398,76cd7a,SIA325,2025-12-29 08:44:04,99.91575424306365,1,87.9747234627216,Normal Operation
1399,76cda1,SIA392,2025-12-29 03:14:06,99.9625706403904,1,98.12231296507638,Normal Operation
1400,76cda2,SIA301,2025-12-28 23:58:46,99.74872968854211,1,77.62482306202715,Normal Operation
1401,76cda4,SIA304,2025-12-30 01:18:37,99.8759094964617,1,95.66969535897769,Normal Operation
1402,76cda7,SIA327,2025-12-28 23:48:41,99.80404512802322,1,86.78745379430109,Normal Operation
1403,76cda7,SIA312,2025-12-30 01:58:37,99.77163389906602,1,92.69416955836962,Normal Operation
1404,76cda8,SIA356,2025-12-29 00:54:10,99.98369067921206,1,99.48259225378655,Normal Operation
1405,76cda8,SIA355,2025-12-30 00:28:37,99.5867036059514,1,77.3323452768416,Normal Operation
1406,76cdaa,SIA366,2025-12-30 03:08:38,99.9984108463239,1,97.07773892177543,Normal Operation
1407,76cdae,SIA356,2025-12-30 00:58:38,99.98831407460072,1,98.50574117682427,Normal Operation
1408,76cdb0,SIA304,2025-12-29 01:14:06,99.83577492262972,1,95.85583272083046,Normal Operation
1409,76cdb0,SIA303,2025-12-30 00:28:37,99.94379688455564,1,90.79508545555473,Normal Operation
1410,76cdb1,SIA328,2025-12-29 01:24:06,99.38095265871176,1,73.24176668366279,Normal Operation
1411,76cdb1,SIA327,2025-12-29 23:28:38,99.35949111233136,1,73.51809374254199,Normal Operation
1412,76cdb3,SIA352,2025-12-30 01:58:37,99.97302778322909,1,97.79538883538882,Normal Operation
1413,76cdb4,SIA302,2025-12-30 03:38:37,99.996102962952,1,97.73303269558933,Normal Operation
1414,76cdb5,SIA324,2025-12-29 00:38:36,99.47760156748411,1,74.90358489877033,Normal Operation
1415,76cdb5,SIA323,2025-12-29 23:28:38,99.92921893446388,1,95.84509668143527,Normal Operation
1416,76cdb7,SIA377,2025-12-29 00:38:36,99.83852422414223,1,94.3699813861191,Normal Operation
1417,76cdb7,SIA324,2025-12-30 01:18:37,99.99559856314278,1,99.13390422502502,Normal Operation
1418,76cdb9,SIA312,2025-12-29 00:48:39,99.26855737641256,1,68.50094950055829,Normal Operation
1419,76cdba,SIA388,2025-12-29 00:38:36,98.68949781061951,1,67.75082872310371,Normal Operation
1420,76cdba,SIA387,2025-12-29 23:58:37,99.94899684390764,1,91.89820987470446,Normal Operation
1421,76cee2,SIA306,2025-12-29 03:44:06,99.96782665655246,1,98.2315876689909,Normal Operation
1422,76cee2,SIA305,2025-12-29 23:28:38,99.94732830645464,1,97.1698681448323,Normal Operation
1423,76cee9,SIA335,2025-12-28 23:48:41,99.96299035447744,1,97.8851799310644,Normal Operation
1424,76cee9,SIA346,2025-12-30 02:28:35,99.89330694161508,1,98.64738306010507,Normal Operation
1425,76cee9,SIA346,2025-12-30 03:58:40,99.99238274837543,1,95.58272976201692,Normal Operation
1426,76ceeb,SIA26,2025-12-29 01:14:06,99.95304375237538,1,98.25170776307675,Normal Operation
1427,76ceec,SIA495,2025-12-28 23:48:41,99.9425551410862,1,96.35809907787011,Normal Operation
1428,76ceef,SIA494,2025-12-29 15:51:45,99.99766602587616,1,96.90241432431542,Normal Operation
1429,76ceef,SIA495,2025-12-29 23:28:38,99.98197901702451,1,95.1764762331627,Normal Operation
1430,76cef0,SIA346,2025-12-29 02:24:07,99.6457722158657,1,92.6778562215143,Normal Operation
1431,76cef0,SIA346,2025-12-29 03:54:07,99.81943489655882,1,94.10194434434543,Normal Operation
1432,76cef0,SIA345,2025-12-29 23:28:38,99.83196334486232,1,96.31183274158222,Normal Operation
1433,76cef1,SIA336,2025-12-29 01:44:09,99.9572441923778,1,98.36617484783626,Normal Operation
1434,76cef6,SIA25,2025-12-30 00:18:35,99.95190886992144,1,96.60150023603299,Normal Operation
1435,76cef7,SIA306,2025-12-30 02:08:35,99.63819632230768,1,75.57314592651855,Normal Operation
1436,76cef9,SIA336,2025-12-30 01:08:40,99.71245258637416,1,75.2859704835647,Normal Operation
1437,76cefa,SIA26,2025-12-30 01:08:40,99.89848560169168,1,95.01220154152057,Normal Operation
1438,77044d,ALK191,2025-12-29 02:54:07,99.8833087490389,1,94.58879573537386,Normal Operation
1439,77044d,ALK191,2025-12-29 04:44:07,63.45274427620021,1,83.25142984329177,Normal Operation
1440,77044d,ALK192,2025-12-29 07:24:06,64.21621164725174,1,72.6395880389674,Normal Operation
1441,77044d,ALK195,2025-12-29 16:51:45,61.867291578919534,1,74.44152918232227,Normal Operation
1442,77044d,ALK196,2025-12-29 18:45:15,69.23354058985787,1,81.02878798162838,Normal Operation
1443,77044e,ALK151,2025-12-29 03:34:08,99.52692876150678,1,86.40127257214753,Normal Operation
1444,77044e,ALK152,2025-12-29 08:44:04,98.3442058819314,1,84.44272647175154,Normal Operation
1445,770454,ALK143,2025-12-29 18:25:18,99.86024106621758,1,96.4037941888152,Normal Operation
1446,770454,ALK173,2025-12-30 01:48:39,57.2856418609242,1,73.02665548942474,Normal Operation
1447,770454,ALK174,2025-12-30 03:58:40,72.80705689095484,1,83.69208762474948,Normal Operation
1448,77058c,ALK558,2025-12-29 03:04:06,97.69180283446688,1,77.8188784484348,Normal Operation
1449,77058f,ALK506,2025-12-29 02:04:07,98.41030506579273,1,80.38382071810632,Normal Operation
1450,770590,ALK89L,2025-12-29 10:14:09,97.2044007316102,1,76.12579014809596,Normal Operation
1451,770590,ALK26L,2025-12-30 05:08:39,94.77371341094978,1,87.97937501668743,Normal Operation
1452,770592,ALK26L,2025-12-29 04:04:06,94.4046842547794,1,87.64266687520704,Normal Operation
1453,770594,ALK266,2025-12-30 06:18:36,94.67284496388922,1,85.75296523533657,Normal Operation
1454,7705c1,ALK218,2025-12-29 04:44:07,96.20091675340213,1,90.56693873221744,Normal Operation
1455,7705c1,ALK191,2025-12-30 03:18:38,50.85336006065217,1,68.88424869650217,Normal Operation
1456,7705c1,ALK192,2025-12-30 05:28:36,63.93825496220101,1,74.38941606932507,Normal Operation
1457,7705c3,ALK266,2025-12-29 06:24:05,99.96534675703106,1,96.29319044707134,Normal Operation
1458,7705c3,ALK254,2025-12-30 05:38:33,99.07381998167362,1,94.18796051573622,Normal Operation
1459,7705c4,ALK254,2025-12-29 05:14:08,99.22440355880325,1,87.3169963375879,Normal Operation
1460,7705c4,ALK218,2025-12-30 04:58:38,99.798879686779,1,91.35261874897539,Normal Operation
1461,7705c6,ALK230,2025-12-29 04:24:05,98.75437398858536,1,76.5669670693552,Normal Operation
1462,7705c6,ALK161,2025-12-29 09:04:08,87.1167732335982,1,63.19773635096746,Normal Operation
1463,7705c6,ALK230,2025-12-30 06:08:34,98.76845189872884,1,88.24487919761076,Normal Operation
1464,77170d,OMS437,2025-12-29 03:34:08,97.3064312323383,1,90.39337062785074,Normal Operation
1465,77170d,OMS438,2025-12-29 06:24:05,99.83762463294283,1,94.96738642239309,Normal Operation
1466,77170d,OMS437,2025-12-30 02:38:38,97.3522527829419,1,73.99769414955527,Normal Operation
1467,77170d,OMS438,2025-12-30 06:38:36,99.93837219965216,1,95.58582176059323,Normal Operation
1468,77170e,EXV932,2025-12-29 23:28:38,99.92118474095932,1,96.12041565594396,Normal Operation
1469,77181f,EXV932,2025-12-28 23:48:41,99.39420948580124,1,94.56428936008943,Normal Operation
1470,773645,ALK141,2025-12-29 00:18:37,62.64676681474346,1,65.035176872904,Normal Operation
1471,773645,ALK142,2025-12-29 04:04:06,87.08738910719478,1,75.16248507105469,Normal Operation
1472,773645,ALK141,2025-12-30 00:18:35,75.1564104245783,1,66.65699021482571,Normal Operation
1473,773645,ALK142,2025-12-30 03:08:38,80.72185481551587,1,65.85854128773587,Normal Operation
1474,780193,CPA632,2025-12-30 03:48:37,97.29868273005069,1,69.28951548192069,Normal Operation
1475,78021a,CPA018,2025-12-29 00:28:46,97.98865835921636,1,77.19018801979368,Normal Operation
1476,78021a,CPA045,2025-12-29 16:51:45,99.85641230212892,1,95.86523074954253,Normal Operation
1477,78021a,CPA044,2025-12-29 23:48:40,99.1438786537406,1,81.73621432552544,Normal Operation
1478,780231,CPA037,2025-12-29 07:54:02,74.8959090919856,1,55.86660726269626,Normal Operation
1479,78029e,CSS335,2025-12-29 05:04:06,98.1700470333594,1,79.49270552626562,Normal Operation
1480,78044f,CAO3063,2025-12-29 04:44:07,99.8571133242015,1,94.84236393147133,Normal Operation
1481,78044f,CAO3063,2025-12-29 07:24:06,99.62844844618454,1,87.43538949001582,Normal Operation
1482,78044f,CAO3064,2025-12-29 15:51:45,99.9768643307622,1,96.90716380538227,Normal Operation
1483,78044f,CAO3064,2025-12-29 17:01:38,99.84910635599852,1,94.96002912252507,Normal Operation
1484,7805dc,CKK251,2025-12-29 05:04:06,99.15587720664352,1,90.05174171460482,Normal Operation
1485,7805dc,CKK251,2025-12-29 07:24:06,99.87474304559156,1,95.44981170480767,Normal Operation
1486,780654,CSG2553,2025-12-29 07:24:06,99.61379283989224,1,90.72140976261024,Normal Operation
1487,780890,CES714,2025-12-29 02:44:02,98.32107337087793,1,78.89782292547865,Normal Operation
1488,7808e7,CES238,2025-12-29 04:04:06,99.87074797791756,1,93.23851652206689,Normal Operation
1489,780a0e,CPA627,2025-12-29 23:28:38,99.66544145655294,1,93.37216362121627,Normal Operation
1490,780a0e,CPA672,2025-12-30 03:58:40,98.36114565684518,1,75.54187967619164,Normal Operation
1491,780a2a,CPA679,2025-12-28 23:48:41,81.35228007471667,1,64.77156821197713,Normal Operation
1492,780a2a,CPA694,2025-12-29 03:44:06,83.29884458260064,1,55.003646709848795,Normal Operation
1493,780a3d,CPA3117,2025-12-29 09:04:08,99.70602718134104,1,86.16599933717151,Normal Operation
1494,780a3d,CPA3118,2025-12-29 15:51:45,99.99737207357914,1,92.03960834769994,Normal Operation
1495,780a63,CPA663,2025-12-30 00:18:35,63.4102700853755,1,80.12497294638618,Normal Operation
1496,780a63,CPA660,2025-12-30 02:48:39,57.145959179293776,1,71.33904330720675,Normal Operation
1497,780a63,CPA660,2025-12-30 04:08:35,99.1117885133336,1,82.72650656938647,Normal Operation
1498,780a64,CPA738,2025-12-29 04:34:06,99.3281107109054,1,86.63348298123813,Normal Operation
1499,780a64,CPA679,2025-12-29 23:28:38,74.31790515135602,1,79.62770424541858,Normal Operation
1500,780a64,CPA694,2025-12-30 03:08:38,73.47551583802301,-1,50.14211157277949,Unknown Inefficiency
1501,780a66,CPA663,2025-12-28 23:58:46,59.06515784106405,1,76.20200696981443,Normal Operation
1502,780a66,CPA660,2025-12-29 02:24:07,58.05219017368904,1,68.48678274664945,Normal Operation
1503,780a66,CPA660,2025-12-29 03:44:06,99.41097664798303,1,87.70921510527799,Normal Operation
1504,780a66,CPA731,2025-12-29 18:23:08,99.97676680972938,1,97.66205026527219,Normal Operation
1505,780a66,CPA738,2025-12-30 04:38:37,99.35616961316788,1,83.67982854015646,Normal Operation
1506,780a82,CPA640,2025-12-28 23:48:41,99.99180568883048,1,95.8979448790581,Normal Operation
1507,780a82,CPA640,2025-12-30 00:08:41,91.14826060403988,1,73.95932180555829,Normal Operation
1508,780a94,CPA627,2025-12-28 23:48:41,99.96170480376227,1,95.44212110279635,Normal Operation
1509,780a94,CPA672,2025-12-29 03:54:07,98.52661772168923,1,75.52784668116742,Normal Operation
1510,780a9b,CPA698,2025-12-28 23:48:41,99.83422203586515,1,86.54324283165887,Normal Operation
1511,780aa3,CPA648,2025-12-29 05:34:08,99.88375778220968,1,91.23661226619558,Normal Operation
1512,780aa4,CPA623,2025-12-29 23:38:34,55.54360943046163,1,69.98210270024913,Normal Operation
1513,780aa4,CPA624,2025-12-30 03:08:38,97.81613217848349,1,70.00232619263755,Normal Operation
1514,780aaa,CPA624,2025-12-29 03:14:06,97.77725007606136,1,75.02582449717329,Normal Operation
1515,780aac,CPA632,2025-12-29 03:24:06,98.14126398591053,1,72.37311949098851,Normal Operation
1516,780ab7,CPA698,2025-12-30 01:48:39,61.08259376252818,-1,45.91960089897716,Unknown Inefficiency
1517,780ab9,CPA647,2025-12-29 18:13:07,99.95782562081185,1,96.6473074507645,Normal Operation
1518,780ab9,CPA644,2025-12-30 09:08:33,99.894906478384,1,90.37932890839944,Normal Operation
1519,780b12,CSN6037,2025-12-29 17:33:04,99.88998319298456,1,91.97750126317203,Normal Operation
1520,780b7e,CES237,2025-12-29 16:31:45,99.88105616569185,1,94.42159609412155,Normal Operation
1521,780b7e,CES238,2025-12-30 04:08:35,99.88798450592132,1,90.58667873871144,Normal Operation
1522,780bab,CES9618,2025-12-29 16:41:44,79.55391787980238,1,75.85677982113924,Normal Operation
1523,780c00,CES705,2025-12-29 16:31:45,98.73478651979296,1,86.74715435234924,Normal Operation
1524,780c00,CES706,2025-12-30 04:18:35,99.91781216232845,1,93.89790020732245,Normal Operation
1525,780c7f,CXA831,2025-12-30 01:08:40,99.97624843657752,1,88.59421705205374,Normal Operation
1526,780ccd,CSN384,2025-12-29 06:34:06,99.84529971158398,1,93.88524892728327,Normal Operation
1527,780ccd,CSN384,2025-12-30 06:48:37,99.86171258181172,1,93.37353759569302,Normal Operation
1528,780d22,CES269,2025-12-29 15:51:45,99.99184130546809,1,96.96304638231422,Normal Operation
1529,780d22,CES270,2025-12-30 04:18:35,99.90569481162284,1,90.30041601102447,Normal Operation
1530,780d44,B8373,2025-12-30 08:38:36,99.86802543707772,1,90.56483176640666,Normal Operation
1531,780db1,CSN8058,2025-12-29 00:48:39,99.73516757086378,1,89.6488969995342,Normal Operation
1532,780db1,CSN8058,2025-12-30 01:08:40,99.87508221211743,1,93.48279040465334,Normal Operation
1533,780dc1,CHH735,2025-12-30 06:48:37,99.81308681529876,1,93.74143104595377,Normal Operation
1534,780dc1,CHH735,2025-12-30 09:18:35,98.9507963080254,1,90.55065411468678,Normal Operation
1535,780dfb,CCA762,2025-12-28 23:48:41,99.8688969155849,1,94.5934953465412,Normal Operation
1536,780e85,CES714,2025-12-30 03:18:38,98.3558006015388,1,77.3040598320657,Normal Operation
1537,780f78,CSN8436,2025-12-29 05:04:06,99.78025124639768,1,89.21369413869145,Normal Operation
1538,78112c,CSC3917,2025-12-29 16:31:45,99.84580749607642,1,90.34454065414121,Normal Operation
1539,78112c,CSC3918,2025-12-30 03:28:39,99.87830566777431,1,89.86103385298588,Normal Operation
1540,781161,CCA452,2025-12-30 05:58:33,99.8329933334613,1,82.40626288677647,Normal Operation
1541,7811e1,CSC3901,2025-12-29 09:24:04,88.10897413219647,1,76.41548938277872,Normal Operation
1542,7811e1,CSC3901,2025-12-30 09:38:37,99.39537273338794,1,88.34235872353477,Normal Operation
1543,781225,CSZ808,2025-12-29 00:38:36,99.8894051441261,1,88.30520112849645,Normal Operation
1544,7812a1,CHH471,2025-12-30 02:48:39,99.84042638404,1,93.38493277139646,Normal Operation
1545,7812a1,CHH471,2025-12-30 05:18:34,99.89516764876856,1,95.59443508946177,Normal Operation
1546,7812a3,CHH7913,2025-12-29 03:44:06,99.84698174573094,1,93.9092326987029,Normal Operation
1547,7812a3,CHH7913,2025-12-29 06:14:08,99.84604232228212,1,94.28570351557529,Normal Operation
1548,781336,CES2052,2025-12-29 01:34:05,99.94050518873152,1,98.01919346558476,Normal Operation
1549,781336,CES2052,2025-12-29 03:04:06,99.91098153863032,1,96.03060983424307,Normal Operation
1550,781362,CSN376,2025-12-29 07:14:05,99.8743279057432,1,95.92202513272696,Normal Operation
1551,781362,CSN375,2025-12-29 17:33:04,99.86573949260016,1,92.7592324409663,Normal Operation
1552,781362,CSN376,2025-12-30 06:38:36,99.86191943755114,1,91.29555587250918,Normal Operation
1553,781479,CSC3918,2025-12-29 03:34:08,99.84349854699914,1,95.22136415647327,Normal Operation
1554,78149d,CSN334,2025-12-29 07:24:06,99.86435353248558,1,93.57175026245964,Normal Operation
1555,7814b7,CSN3068,2025-12-28 23:48:41,98.50805350352358,1,81.103383134542,Normal Operation
1556,7814b7,CSN3068,2025-12-29 23:28:38,98.62613415723214,1,73.32648042424628,Normal Operation
1557,781565,CSZ807,2025-12-30 02:28:35,99.90639181756605,1,85.10362463067945,Normal Operation
1558,7815f5,CES246,2025-12-29 02:04:07,99.87514260041084,1,94.91939879889465,Normal Operation
1559,7815f5,CES245,2025-12-29 15:51:45,99.99575071900864,1,96.04494018913995,Normal Operation
1560,7815f5,CES246,2025-12-30 01:48:39,99.9414630541773,1,89.33016728697858,Normal Operation
1561,7815f8,CSS375,2025-12-29 16:11:36,84.79578928472911,1,83.758145877178,Normal Operation
1562,7815f8,CSS375,2025-12-29 18:25:18,99.37900580395652,1,90.52447730889902,Normal Operation
1563,78161c,CSN6044,2025-12-29 00:48:39,99.95628242180166,1,94.70880302733202,Normal Operation
1564,78161c,CSN6044,2025-12-29 02:04:07,99.89864176222318,1,95.18029761800797,Normal Operation
1565,78168f,CSN6038,2025-12-28 23:48:41,99.78024892139064,1,84.78725598830084,Normal Operation
1566,7816bd,CSC9651,2025-12-29 16:21:38,84.25911661497864,1,56.76985430932357,Normal Operation
1567,781704,CSN8070,2025-12-28 23:48:41,83.64136346686416,-1,40.61120432897284,Unknown Inefficiency
1568,781795,CSN334,2025-12-30 07:08:35,99.90231286367391,1,89.4138055753247,Normal Operation
1569,781b4b,CSS157,2025-12-29 23:28:38,76.43407849916474,-1,53.11307697666183,Poor Routing
1570,781bf8,CCA426,2025-12-29 00:38:36,98.08912222587398,1,78.28649164099728,Normal Operation
1571,781c6e,CCA425,2025-12-29 17:33:04,98.28240022994014,1,73.38321362976743,Normal Operation
1572,781c6e,CCA426,2025-12-30 00:08:41,97.8554327569662,1,71.88586726234973,Normal Operation
1573,781cb2,CSS231,2025-12-29 07:54:02,99.85148163014188,1,92.99720700801791,Normal Operation
1574,781cb2,CSS231,2025-12-29 10:24:06,83.25303484822369,1,86.26477056530896,Normal Operation
1575,781d14,CSN6067,2025-12-29 10:04:07,99.91942993522376,1,98.54781314229153,Normal Operation
1576,781d14,CSN6067,2025-12-30 09:48:34,99.83903947919816,1,92.31089424103585,Normal Operation
1577,781ec1,CSC9647,2025-12-30 10:08:34,99.83768049165074,1,95.03653931319,Normal Operation
1578,781ed7,B72CW,2025-12-29 17:43:10,96.50372167212448,1,57.214044447926454,Normal Operation
1579,781ed7,B72CW,2025-12-30 08:28:35,91.02506082971864,-1,45.608334416487956,Holding Pattern
1580,781efb,CSS159,2025-12-29 15:51:45,84.57378506114048,1,68.40701807455805,Normal Operation
1581,781ff2,CSS237,2025-12-30 07:38:20,98.31077147999682,1,76.0849103881853,Normal Operation
1582,7820d7,CSC9641,2025-12-29 15:51:45,99.3828765081646,1,91.37038966379617,Normal Operation
1583,7820d9,CBJ689,2025-12-30 00:28:37,97.82864167562953,1,71.5204219451158,Normal Operation
1584,7820d9,CBJ690,2025-12-30 07:28:36,97.03858523179794,1,68.07522390651143,Normal Operation
1585,78216a,CSG2552,2025-12-29 04:24:05,99.88017432115964,1,94.1905320629693,Normal Operation
1586,78219a,HLF8850,2025-12-29 03:24:06,99.8737901825248,1,98.01636135630025,Normal Operation
1587,78219a,HLF8850,2025-12-29 04:54:04,99.8810298729661,1,96.61855941091852,Normal Operation
1588,7821a0,CSS239,2025-12-28 23:48:41,97.48007206207392,1,60.00856686065642,Normal Operation
1589,7821a0,CSS239,2025-12-29 16:41:44,57.471793392842926,1,77.16044079882167,Normal Operation
1590,7bd01b,HYT9130,2025-12-30 02:18:37,96.7171239563492,1,68.07431281889922,Normal Operation
1591,7bd022,HYT9158,2025-12-29 15:51:45,99.6217855581176,1,88.7064530348693,Normal Operation
1592,7bd023,HYT9068,2025-12-29 17:23:08,99.88855455975931,1,93.43005479047112,Normal Operation
1593,7bd029,CNW9610,2025-12-29 16:31:45,53.63494081147706,1,71.94524279230876,Normal Operation
1594,7c1470,QFA68,2025-12-29 18:03:07,72.2668592674716,1,81.45510012114333,Normal Operation
1595,7c1475,QFA69,2025-12-29 16:11:36,55.6913195556713,1,70.01134556401864,Normal Operation
1596,7c4920,QFA1,2025-12-29 02:14:08,99.97082262768444,1,98.28932529191901,Normal Operation
1597,7c4920,QFA2,2025-12-30 08:48:37,98.93591169463292,1,70.16768898517049,Normal Operation
1598,7c4927,QFA1,2025-12-30 01:08:40,99.98928611814404,1,96.6223318089835,Normal Operation
1599,7c492b,QFA2,2025-12-29 08:54:06,98.06054604610696,1,72.04316040409104,Normal Operation
1600,80012d,VTDHA,2025-12-30 07:28:36,60.11389889382396,-1,49.47493864603703,Speed Instability
1601,800159,VTCSP,2025-12-29 16:21:38,84.3878499556914,-1,48.676141324667455,Poor Routing
1602,800187,VUBSF,2025-12-29 09:44:08,91.76564251145614,1,78.85529898154171,Normal Operation
1603,800187,VUBSF,2025-12-29 18:23:08,93.43056281162184,1,64.85261371316724,Normal Operation
1604,800194,VTCLA,2025-12-29 16:51:45,76.27766237442941,1,74.4418219242215,Normal Operation
1605,8002f6,VUAVA,2025-12-30 09:58:35,81.72227151351193,1,77.836852597797,Normal Operation
1606,8002fb,INDIA1,2025-12-29 06:14:08,94.24035749029396,1,91.24937550967489,Normal Operation
1607,8002fb,INDIA1,2025-12-29 08:04:08,87.75614035535567,1,81.25393683181511,Normal Operation
1608,800324,RAPTOR7,2025-12-29 16:51:45,88.13418859246704,-1,36.139742038910086,Poor Routing
1609,800373,AIC2581,2025-12-29 06:04:04,63.27180555098562,1,79.27509802751115,Normal Operation
1610,800373,AIC2582,2025-12-29 08:44:04,50.11184376837853,1,62.909412030314265,Normal Operation
1611,800373,AIC598,2025-12-29 16:41:44,40.55483648581103,1,63.93081198583641,Normal Operation
1612,800373,AIC414,2025-12-30 07:18:12,76.8037355293919,1,56.39938834190027,Normal Operation
1613,800396,AXB864,2025-12-29 06:34:06,61.798874015861074,1,79.0181887032724,Normal Operation
1614,800396,AXB941,2025-12-29 18:13:07,92.63148733325323,1,76.83371054324893,Normal Operation
1615,800396,AXB942,2025-12-30 05:18:34,68.16861118035254,1,84.47371973482238,Normal Operation
1616,8003b0,AXB582,2025-12-29 08:54:06,64.04624383604286,1,74.7315734528475,Normal Operation
1617,8003b0,AXB586,2025-12-30 06:28:37,85.10418128067171,1,84.68673905822477,Normal Operation
1618,8003b1,AXB712,2025-12-29 23:28:38,99.6914328796763,1,95.18535303495048,Normal Operation
1619,8003b1,AXB5301,2025-12-30 06:38:36,75.82102238301319,1,78.02604795124896,Normal Operation
1620,8003b2,AXB613,2025-12-29 03:54:07,96.73833582128566,1,84.7723342605663,Normal Operation
1621,8003b2,AXB613,2025-12-30 03:48:37,96.47794781676586,1,89.06469020069476,Normal Operation
1622,8003b3,AXB376,2025-12-29 18:45:15,59.775067172967056,1,74.5938417253541,Normal Operation
1623,8003e2,AIC186,2025-12-29 23:28:38,62.99178884397183,1,63.57704223901151,Normal Operation
1624,8003e2,AIC186,2025-12-30 08:08:33,,-1,2.8382527486837064,Multiple Causes
1625,8003e3,AIC126,2025-12-29 16:11:36,44.96939670742797,1,58.818196158848515,Normal Operation
1626,8003e3,AIC187,2025-12-30 02:48:39,68.45264776127135,1,73.97044780356607,Normal Operation
1627,8003e5,VUAUM,2025-12-29 16:31:45,84.05503992067659,1,88.96609407898288,Normal Operation
1628,8003e5,VUAUM,2025-12-29 18:25:18,89.23930259483274,1,86.00059489603417,Normal Operation
1629,8003f0,AXB2504,2025-12-29 08:14:07,78.42441821057349,1,71.93892917959799,Normal Operation
1630,8003f0,AXB896,2025-12-30 06:08:34,66.82094756228123,1,84.26745537792087,Normal Operation
1631,8003f0,AXB2981,2025-12-30 09:08:33,67.65658869118568,1,84.85387251149619,Normal Operation
1632,8003f1,AXB746,2025-12-29 04:54:04,99.90194535900154,1,98.79850151278525,Normal Operation
1633,800410,VTOBR,2025-12-29 15:51:45,70.44958156615132,-1,28.102492792858474,Multiple Causes
1634,800446,BDA102,2025-12-30 01:48:39,59.06973255061669,1,76.77459963382113,Normal Operation
1635,800446,BDA102,2025-12-30 03:58:40,53.9226378377553,1,63.2309784718407,Normal Operation
1636,800446,BDA102,2025-12-30 05:08:39,52.9032690681461,1,72.44213826327912,Normal Operation
1637,800446,BDA102,2025-12-30 07:18:12,46.73078813306776,-1,48.14314106052113,Altitude Instability
1638,800448,AXB550,2025-12-29 03:44:06,63.45912894153797,1,79.4010464425224,Normal Operation
1639,800448,AXB2980,2025-12-29 06:44:08,73.34819769771354,1,84.17633897729857,Normal Operation
1640,800448,AXB2981,2025-12-29 09:14:08,64.21562242521667,1,82.29056106094167,Normal Operation
1641,800448,AXB2985,2025-12-29 16:51:45,80.95541318512173,1,80.64613168610896,Normal Operation
1642,800448,AXB2985,2025-12-29 18:45:15,74.3958174313706,1,65.47373317684915,Normal Operation
1643,800448,AXB2980,2025-12-30 06:48:37,79.71849064249365,1,83.82095329485539,Normal Operation
1644,800449,AXB476,2025-12-30 03:58:40,65.6125106816635,1,71.32916616540848,Normal Operation
1645,800449,AXB2960,2025-12-30 08:18:37,88.20002493989314,1,89.61583530984505,Normal Operation
1646,80044a,AXB2960,2025-12-29 08:04:08,68.00476504984398,1,83.20839324583633,Normal Operation
1647,80044a,AXB420,2025-12-30 04:58:38,59.2301923987261,1,71.07633380644256,Normal Operation
1648,80044a,AXB1602,2025-12-30 09:28:35,88.21220065819091,1,78.5276514690466,Normal Operation
1649,80044b,AXB556,2025-12-29 04:44:07,60.50291917653918,1,77.90784441015424,Normal Operation
1650,80044b,AXB535,2025-12-30 01:48:39,71.4084986079443,1,84.58263179744392,Normal Operation
1651,80044b,AXB976,2025-12-30 08:58:35,99.9775066980858,1,99.40411557749512,Normal Operation
1652,80044c,AXB582,2025-12-30 08:48:37,71.54968943089254,1,62.3541731096859,Normal Operation
1653,80044d,AXB639,2025-12-29 01:24:06,94.61904744755525,1,90.02168853865346,Normal Operation
1654,80044d,AXB640,2025-12-29 08:54:06,96.16365880061664,1,81.37491469124797,Normal Operation
1655,80044d,AXB620,2025-12-30 08:08:33,89.94635353467633,1,77.80867827037353,Normal Operation
1656,80044e,AXB494,2025-12-29 02:24:07,57.492226118941375,1,56.20234690239146,Normal Operation
1657,80044e,AXB1602,2025-12-29 09:34:05,79.5036422938426,1,78.37984101847445,Normal Operation
1658,800460,VTAKU,2025-12-29 08:24:06,99.65367262418889,1,89.39114834746255,Normal Operation
1659,800462,AIC174,2025-12-29 00:18:37,58.28750932529243,1,67.70525449835226,Normal Operation
1660,800463,AIC187,2025-12-29 02:24:07,,-1,19.029085747951093,Holding Pattern
1661,800463,AIC187,2025-12-29 03:44:06,76.50198077639493,1,87.29975559602309,Normal Operation
1662,80047a,AIC817,2025-12-29 06:34:06,95.09038325156205,1,86.66416308636103,Normal Operation
1663,80047a,AIC818,2025-12-29 10:14:09,89.4799900239365,1,80.57064865009332,Normal Operation
1664,80047a,AIC809,2025-12-29 17:43:10,89.45661357818987,1,86.07492382039763,Normal Operation
1665,80047a,AIC602,2025-12-30 09:18:35,43.90347553332996,-1,50.20559879264844,Altitude Instability
1666,80047c,AIC2754,2025-12-29 18:45:15,77.7530910712911,-1,42.93081286281224,Holding Pattern
1667,80047c,AIC810,2025-12-29 23:28:38,71.75996861916654,-1,31.092645435743442,Poor Routing
1668,80047c,AIC1799,2025-12-30 07:28:36,58.65430275834805,1,77.77043371188759,Normal Operation
1669,8004a6,AIC2507,2025-12-29 06:34:06,72.91999540134653,1,69.4945800869768,Normal Operation
1670,8004a6,AIC2508,2025-12-29 09:24:04,95.91137432478868,1,87.10121097023735,Normal Operation
1671,8004a6,AIC2508,2025-12-29 10:24:06,80.0856352467015,1,68.1676768249729,Normal Operation
1672,8004a6,AIC2504,2025-12-29 16:21:38,64.88406467337123,1,62.83801600406815,Normal Operation
1673,8004a7,AIC415,2025-12-29 06:44:08,60.60567610812536,1,74.15417921633585,Normal Operation
1674,8004a7,AIC416,2025-12-29 09:44:08,66.79623174375057,1,80.20532131009713,Normal Operation
1675,8004a7,AIC1736,2025-12-29 17:53:07,66.93746624662423,1,68.57482642450749,Normal Operation
1676,8004a7,AIC603,2025-12-30 05:28:36,89.38189587417304,1,86.76635712494996,Normal Operation
1677,8004a7,AIC604,2025-12-30 07:28:36,63.97249576628289,1,58.62367156525234,Normal Operation
1678,8004af,VTTDT,2025-12-29 16:01:36,48.42454854214069,1,56.26343971819447,Normal Operation
1679,8004d5,AIC640,2025-12-29 18:23:08,99.63739692012214,1,82.9224636653796,Normal Operation
1680,8004d5,AIC639,2025-12-29 23:28:38,97.9168143797728,1,87.83026648540755,Normal Operation
1681,8004d6,AIC970,2025-12-29 00:28:46,63.19515433018379,-1,42.1992829467091,Unknown Inefficiency
1682,8004d6,AIC2891,2025-12-29 05:54:05,54.3699885111497,1,61.49800417924687,Normal Operation
1683,8004d6,AIC2892,2025-12-29 08:14:07,72.70565311125046,-1,54.44373710082917,Unknown Inefficiency
1684,8004d6,AIC2998,2025-12-29 16:11:36,83.66567629542735,-1,46.748364728851854,Poor Routing
1685,8004d6,AIC493,2025-12-30 07:08:35,67.18409395390452,-1,49.59477791714954,Speed Instability
1686,8004d6,AIC494,2025-12-30 09:28:35,53.63301647727462,1,66.57072517319317,Normal Operation
1687,8004de,AIC180,2025-12-30 03:18:38,59.13123997529802,-1,51.245415225014945,Poor Routing
1688,8004df,AIC127,2025-12-29 03:44:06,58.125723371869725,1,66.86288654227134,Normal Operation
1689,8004e0,AIC866,2025-12-30 05:58:33,51.536316402289245,1,69.92401828888949,Normal Operation
1690,8004fb,BDA304,2025-12-30 02:48:39,53.008507554853885,1,71.7579008167222,Normal Operation
1691,8004fb,BDA403,2025-12-30 04:48:37,57.77649650111449,1,79.21263913114373,Normal Operation
1692,800520,AIC414,2025-12-29 07:14:05,83.00283508997543,-1,52.57441711769223,Unknown Inefficiency
1693,800520,AIC2584,2025-12-29 23:38:34,70.41135973110292,1,81.68002839955696,Normal Operation
1694,800520,AIC2581,2025-12-30 05:58:33,38.16632514559949,1,56.03807494258518,Normal Operation
1695,800520,AIC2582,2025-12-30 08:38:36,55.74317430071903,1,77.73133305998513,Normal Operation
1696,800521,AIC471,2025-12-29 09:34:05,61.81771804422958,1,80.7506112689804,Normal Operation
1697,800521,AIC1895,2025-12-29 23:28:38,75.71010269715217,-1,46.842106420832316,Poor Routing
1698,80052b,AIC1769,2025-12-29 07:14:05,57.91407995077072,1,69.60338313604308,Normal Operation
1699,80052b,AIC1769,2025-12-29 09:24:04,74.66218911450167,1,82.90299361256942,Normal Operation
1700,80052b,AIC1713,2025-12-29 15:51:45,76.46138552036896,1,86.40557883324405,Normal Operation
1701,80052b,AIC1713,2025-12-29 17:43:10,71.18599936453226,1,86.08911775545343,Normal Operation
1702,80052b,AIC1769,2025-12-30 07:28:36,88.00855629783143,1,89.97207553368526,Normal Operation
1703,80052b,AIC1769,2025-12-30 09:18:35,64.85374694399454,1,86.05910461870124,Normal Operation
1704,80052d,AIC681,2025-12-29 18:03:07,75.08800715868567,1,78.70715560196332,Normal Operation
1705,80052d,AIC2728,2025-12-30 05:08:39,65.3871733663573,1,64.19272313602576,Normal Operation
1706,80052d,AIC2728,2025-12-30 06:18:36,91.28176118840972,1,89.23363896938204,Normal Operation
1707,80052d,AIC2729,2025-12-30 08:38:36,94.1872195783694,1,87.32588235527841,Normal Operation
1708,80052d,AIC2729,2025-12-30 10:08:34,75.21280550011171,1,65.55665835367748,Normal Operation
1709,80053e,AIC970,2025-12-30 00:58:38,45.85738898126431,-1,53.870475635449296,Unknown Inefficiency
1710,80053e,AIC2892,2025-12-30 08:08:33,64.72970378664179,1,55.21356642271095,Normal Operation
1711,80053f,AIC2584,2025-12-28 23:48:41,83.25172931049833,1,56.548927943352346,Normal Operation
1712,80053f,AIC603,2025-12-29 05:24:05,50.11624049104206,1,70.31179914287078,Normal Operation
1713,80053f,AIC604,2025-12-29 07:44:01,67.02943055530558,1,69.18902598380336,Normal Operation
1714,80053f,AIC696,2025-12-29 15:51:45,,-1,15.894184114554402,Holding Pattern
1715,80053f,AIC471,2025-12-30 07:28:36,62.39478231339835,1,82.61338467520831,Normal Operation
1716,80053f,AIC472,2025-12-30 09:08:33,82.27054822513105,1,85.58383867920358,Normal Operation
1717,800543,AIC829,2025-12-29 00:38:36,71.61873572276002,1,82.89529324238293,Normal Operation
1718,800543,AIC830,2025-12-29 05:24:05,91.99104453767434,1,87.37765652121128,Normal Operation
1719,800543,AIC830,2025-12-29 07:44:01,61.75183980502983,1,82.15686848799808,Normal Operation
1720,800543,AIC917,2025-12-29 10:24:06,80.0141310339489,1,85.36019341781021,Normal Operation
1721,800543,AIC918,2025-12-29 18:35:17,71.12845418744809,1,63.367500970793564,Normal Operation
1722,800543,AIC829,2025-12-30 00:58:38,59.72239989000907,1,81.15855040714459,Normal Operation
1723,800543,AIC829,2025-12-30 02:58:37,66.93515928534858,1,84.00683395377106,Normal Operation
1724,800543,AIC830,2025-12-30 05:08:39,79.00637672576964,1,83.94299952114108,Normal Operation
1725,800543,AIC830,2025-12-30 07:28:36,74.14344821139446,1,85.45678584151422,Normal Operation
1726,80057c,AIC1839,2025-12-29 16:11:36,77.77230329902665,1,81.12010677768357,Normal Operation
1727,80057c,AIC1839,2025-12-29 17:23:08,54.09639782294727,1,64.94785723121174,Normal Operation
1728,80057c,AIC1880,2025-12-29 23:58:37,63.38931079737444,1,77.78566656163915,Normal Operation
1729,80057d,AIC213,2025-12-29 09:24:04,66.57014840316035,1,72.71991568960101,Normal Operation
1730,80057d,AIC219,2025-12-29 15:51:45,78.6636311495386,-1,30.16890292642688,Poor Routing
1731,80057d,AIC220,2025-12-29 17:43:10,75.4933482588895,1,78.79437112468985,Normal Operation
1732,80057d,AIC223,2025-12-29 23:48:40,64.25337436825626,1,78.71371782436036,Normal Operation
1733,80057d,AIC224,2025-12-30 06:18:36,71.31420096856222,1,66.95313369921003,Normal Operation
1734,80057d,AIC917,2025-12-30 10:18:36,70.13422104074313,1,78.10091340231935,Normal Operation
1735,800583,AIC174,2025-12-30 06:28:37,54.16421607473684,1,76.75513522219273,Normal Operation
1736,800584,AIC188,2025-12-29 16:31:45,52.21662971419836,1,75.5357048491664,Normal Operation
1737,800588,AIC277,2025-12-29 05:04:06,72.77095664157761,1,86.88404488947224,Normal Operation
1738,800588,AIC211,2025-12-29 18:13:07,82.39894091241383,1,77.07709574451778,Normal Operation
1739,800588,AIC277,2025-12-30 04:18:35,72.65367969139496,1,85.76499242012908,Normal Operation
1740,800589,AIC224,2025-12-29 06:34:06,64.75690064191522,1,77.05415727178631,Normal Operation
1741,800589,AIC278,2025-12-29 18:23:08,99.99667561988002,1,93.32116743089156,Normal Operation
1742,800589,AIC213,2025-12-30 09:28:35,66.088491250288,1,71.9788928433302,Normal Operation
1743,80058a,AIC885,2025-12-29 07:54:02,91.82161966680586,1,88.60816521957985,Normal Operation
1744,80058a,AIC815,2025-12-29 16:31:45,57.022505492475936,1,65.60306953830043,Normal Operation
1745,80058a,AIC2509,2025-12-29 18:45:15,75.51812026740637,1,85.79171913053777,Normal Operation
1746,80058a,AIC2510,2025-12-29 23:28:38,87.80588874498486,-1,51.50594576834228,Unknown Inefficiency
1747,80058a,AIC879,2025-12-30 06:58:37,76.08732712938642,1,55.03485816364865,Normal Operation
1748,80058a,AIC880,2025-12-30 10:18:36,98.70806544304952,1,82.3891626750344,Normal Operation
1749,8005d5,SEJ655,2025-12-29 08:04:08,70.49588923302736,1,75.18212680704382,Normal Operation
1750,8005d5,SEJ488T,2025-12-29 10:14:09,87.13306846783402,1,84.63467755572178,Normal Operation
1751,8005d5,SEJ487,2025-12-29 17:01:38,61.3211961985838,1,78.00351891421352,Normal Operation
1752,8005d5,SEJ668,2025-12-30 00:18:35,39.32111464042599,1,59.867756991137725,Normal Operation
1753,8005eb,AIC156,2025-12-30 10:18:36,79.00776452242744,1,82.09687588905271,Normal Operation
1754,8005ed,AIC2028,2025-12-29 07:54:02,44.32573270526922,1,55.260112190667535,Normal Operation
1755,8005ed,AIC2028,2025-12-30 08:18:37,41.536049884075865,-1,49.60014594696358,Altitude Instability
1756,8005ee,AIC996,2025-12-29 04:44:07,54.47391684891019,1,67.0854918202874,Normal Operation
1757,8005ee,AIC423,2025-12-29 09:54:04,94.64797168301716,1,87.09514914966425,Normal Operation
1758,8005ef,AIC537,2025-12-29 17:23:08,76.35590561077792,1,77.23403479934623,Normal Operation
1759,8005ef,AIC308,2025-12-30 02:38:38,81.52599976263924,-1,45.700552284219874,Unknown Inefficiency
1760,8005f1,AIC314,2025-12-28 23:48:41,99.87818208290686,1,93.4843706909937,Normal Operation
1761,8005f4,AIC170,2025-12-29 09:54:04,83.68197868627169,1,81.15929485255637,Normal Operation
1762,8005f5,VTSSF,2025-12-29 15:51:45,67.87503719205533,1,76.43402940288733,Normal Operation
1763,800661,VTSNP,2025-12-30 08:38:36,99.8880490287867,1,96.0413443420923,Normal Operation
1764,80067a,VTUDR,2025-12-30 07:18:12,79.27584191683164,1,82.5845893792599,Normal Operation
1765,80067a,VTUDR,2025-12-30 08:38:36,45.01456309652782,1,57.90618332559641,Normal Operation
1766,80067f,SEJ386,2025-12-29 00:28:46,49.73505264245274,-1,53.581445349915775,Speed Instability
1767,80067f,SEJ386,2025-12-29 01:34:05,69.73558819721654,-1,43.60575658018306,Poor Routing
1768,80067f,SEJ9966,2025-12-29 16:01:36,65.48795339575008,-1,50.30920590654877,Poor Routing
1769,80067f,SEJ938,2025-12-29 18:23:08,60.86267449892998,1,72.09776242940025,Normal Operation
1770,80067f,SEJ9900,2025-12-30 01:58:37,61.36351934475863,1,70.67390251477781,Normal Operation
1771,80067f,SEJ661,2025-12-30 10:08:34,80.0182475304294,1,86.55202789901041,Normal Operation
1772,800728,BDA684,2025-12-30 02:58:37,66.06504035933683,1,82.4310398111975,Normal Operation
1773,800728,BDA486,2025-12-30 05:28:36,91.32649760864366,1,88.17836755869118,Normal Operation
1774,800732,AIC148,2025-12-29 00:38:36,43.31156890248715,1,58.88267449566532,Normal Operation
1775,800732,AIC147,2025-12-29 05:14:08,91.82398580234894,1,89.74070348076692,Normal Operation
1776,800732,AIC148,2025-12-30 01:08:40,45.00054639117813,1,57.42336472382111,Normal Operation
1777,800732,AIC147,2025-12-30 04:38:37,44.51713943060224,1,66.8328841780291,Normal Operation
1778,800734,AIC154,2025-12-29 09:04:08,48.79769311817669,1,56.849252832976305,Normal Operation
1779,800734,AIC996,2025-12-30 04:18:35,40.03862596722448,1,58.57540528518255,Normal Operation
1780,800735,AIC138,2025-12-29 09:24:04,59.05217780144082,1,68.0161952662239,Normal Operation
1781,800735,AIC142,2025-12-30 09:08:33,50.461132041570295,1,70.62328965916412,Normal Operation
1782,800737,AIC984,2025-12-29 04:04:06,69.79941457115262,-1,36.27589886827716,Poor Routing
1783,800737,AIC910,2025-12-29 15:51:45,,-1,14.960300521689868,Holding Pattern
1784,800737,AIC984,2025-12-30 03:38:37,63.71845835764604,1,56.79281102951858,Normal Operation
1785,800738,AIC428,2025-12-29 16:41:44,53.28647653584585,1,63.81181822237521,Normal Operation
1786,800738,AIC314,2025-12-30 00:58:38,82.65660557843395,1,58.44896627767099,Normal Operation
1787,800739,AIC427,2025-12-29 09:54:04,65.5812455136277,1,74.29086293890425,Normal Operation
1788,800739,AIC133,2025-12-29 15:51:45,99.82456210738007,1,94.5171927343279,Normal Operation
1789,80073b,AIC308,2025-12-29 02:24:07,77.82118841766776,1,83.53580360717787,Normal Operation
1790,80073b,AIC308,2025-12-29 03:14:06,99.8871195530272,1,96.51436194271822,Normal Operation
1791,80073b,AIC309,2025-12-30 01:28:36,99.8646375301608,1,92.71332661865634,Normal Operation
1792,80073b,AIC309,2025-12-30 03:18:38,53.85942273012256,1,67.00993558992003,Normal Operation
1793,80073c,AIC142,2025-12-29 08:54:06,53.70388089289351,1,64.19568944916294,Normal Operation
1794,80073c,AIC152,2025-12-30 08:48:37,56.143373390664365,1,68.93201277186574,Normal Operation
1795,80073d,AIC312,2025-12-30 01:28:36,71.1418722167829,-1,50.844511437347805,Unknown Inefficiency
1796,80073e,AIC357,2025-12-29 15:51:45,65.53827356673112,1,62.58185575630129,Normal Operation
1797,80073f,AIC309,2025-12-29 01:24:06,66.15517724177757,-1,54.719754642773964,Altitude Instability
1798,80073f,AIC929,2025-12-29 06:14:08,52.2466299177806,1,67.48760084845063,Normal Operation
1799,80073f,AIC930,2025-12-29 15:51:45,76.05875228613239,-1,51.91949877084611,Holding Pattern
1800,800740,AIC152,2025-12-29 08:24:06,43.415497412506994,-1,54.73615195585043,Altitude Instability
1801,800741,AIC301,2025-12-29 01:44:09,65.30838885885731,-1,53.6497063213504,Altitude Instability
1802,800741,AIC302,2025-12-30 01:58:37,82.61090747728562,-1,41.14729103586165,Unknown Inefficiency
1803,800742,AIC302,2025-12-29 01:24:06,60.71900612278213,-1,52.542297569463955,Unknown Inefficiency
1804,800742,AIC301,2025-12-30 01:48:39,99.77320140910597,1,91.56574962656728,Normal Operation
1805,800742,AIC301,2025-12-30 03:28:39,55.32514040113434,1,66.11691901055677,Normal Operation
1806,800742,AIC929,2025-12-30 06:28:37,63.03466420197535,1,68.62212618872137,Normal Operation
1807,80074c,VTAJM,2025-12-29 16:01:36,93.05718955436004,1,80.5666974387256,Normal Operation
1808,80074c,VTAJM,2025-12-29 18:23:08,99.46699422250596,1,86.40021984449864,Normal Operation
1809,800756,IGO41H,2025-12-29 05:04:06,37.02039371391703,-1,46.288533527173634,Multiple Causes
1810,800756,IGO6674,2025-12-29 08:04:08,47.49747923744344,1,73.21006722811401,Normal Operation
1811,800756,IGO2167,2025-12-29 15:51:45,99.99956415412208,1,89.85987178086111,Normal Operation
1812,800756,IGO2167,2025-12-29 17:13:08,69.58027550961586,1,72.22921045992736,Normal Operation
1813,800756,IGO5249,2025-12-29 23:28:38,82.5626336783134,1,60.83659664604893,Normal Operation
1814,800756,IGO5393,2025-12-30 01:18:37,57.26269471204463,1,68.75548301180464,Normal Operation
1815,800756,IGO6467,2025-12-30 07:38:20,87.0662852899944,1,85.63498902980317,Normal Operation
1816,800756,IGO6092,2025-12-30 09:28:35,93.71522359954032,1,85.63735558399469,Normal Operation
1817,800796,VUAUI,2025-12-29 10:24:06,51.39994951922824,-1,37.743249073378585,Unknown Inefficiency
1818,800796,VUAUI,2025-12-29 15:51:45,98.5642396974348,1,86.36858126208907,Normal Operation
1819,800796,VUAUI,2025-12-30 09:48:34,98.41235510059036,1,83.12389942550084,Normal Operation
1820,8007b0,IGO460,2025-12-29 07:54:02,79.35736418140627,1,63.740439483790766,Normal Operation
1821,8007b0,IGO2054,2025-12-29 16:01:36,71.90732008950539,1,82.05418138392353,Normal Operation
1822,8007b0,IGO2055,2025-12-29 18:23:08,68.20995728803993,1,76.73064941391489,Normal Operation
1823,8007b2,IGO6113,2025-12-29 17:23:08,86.163589376598,1,86.66308179053932,Normal Operation
1824,8007b2,IGO5245,2025-12-30 06:08:34,52.93553343414576,1,72.68263330535409,Normal Operation
1825,8007b2,IGO239P,2025-12-30 08:18:37,52.28821653527454,1,62.82751346825776,Normal Operation
1826,8007b3,IGO274H,2025-12-29 07:44:01,59.47616497155261,1,74.10328523635188,Normal Operation
1827,8007b3,IGO539,2025-12-29 09:04:08,87.42341590864336,1,88.68653944009935,Normal Operation
1828,8007b3,IGO540C,2025-12-29 16:31:45,58.55888242398469,1,64.02429449329787,Normal Operation
1829,8007c9,IGO217P,2025-12-29 07:14:05,96.8456532916081,1,79.9811936109372,Normal Operation
1830,8007c9,IGO5130,2025-12-29 09:04:08,71.83900274436567,1,71.31688458021047,Normal Operation
1831,8007c9,IGO582C,2025-12-29 15:51:45,57.90561535590511,1,68.30302485656414,Normal Operation
1832,8007c9,IGO072,2025-12-30 04:48:37,54.243039959985325,1,71.88703337321677,Normal Operation
1833,8007c9,IGO1633,2025-12-30 07:48:33,93.23858221265476,1,65.01093041283598,Normal Operation
1834,8007ca,IGO617C,2025-12-28 23:48:41,96.39429882504054,1,83.2821816500762,Normal Operation
1835,8007ca,IGO5093,2025-12-29 06:54:07,99.77981120909924,1,95.80127661367018,Normal Operation
1836,8007ca,IGO5093,2025-12-29 08:04:08,56.7362318473069,1,68.37480653416951,Normal Operation
1837,8007ca,IGO204F,2025-12-29 10:24:06,88.11228889121809,1,81.3588235378287,Normal Operation
1838,8007ca,IGO6752,2025-12-29 17:01:38,67.47066606041105,1,73.30360545023701,Normal Operation
1839,8007ca,IGO146,2025-12-30 06:08:34,67.52162518270552,1,84.18754251552708,Normal Operation
1840,8007ca,IGO146,2025-12-30 08:18:37,88.68227262371254,1,78.54490043543107,Normal Operation
1841,8007cc,IGO83C,2025-12-29 03:44:06,99.98123895341222,1,95.63881246978329,Normal Operation
1842,8007cc,IGO65F,2025-12-29 08:34:04,99.97102350594524,1,98.42725688150615,Normal Operation
1843,8007cc,IGO17P,2025-12-29 18:35:17,67.04232518403889,1,70.52977635851026,Normal Operation
1844,8007cc,IGO63W,2025-12-30 02:58:37,99.99645747825696,1,97.08902340977588,Normal Operation
1845,8007cd,IGO1006,2025-12-29 07:04:08,75.82207527764297,1,73.95720037643848,Normal Operation
1846,8007cd,IGO6496,2025-12-29 15:51:45,95.43543062906257,1,81.52432607964295,Normal Operation
1847,8007cd,IGO6496,2025-12-29 18:13:07,92.13124781692676,1,67.09753981958069,Normal Operation
1848,8007cd,IGO1006,2025-12-30 06:58:37,63.68284286028627,1,77.32931989793981,Normal Operation
1849,8007ce,IGO738E,2025-12-30 09:28:35,84.44635842171661,1,75.50356519020926,Normal Operation
1850,8007cf,IGO829,2025-12-29 07:44:01,62.12606067784563,1,76.392272540867,Normal Operation
1851,8007cf,IGO882,2025-12-29 09:34:05,59.58522701258437,1,65.31499725483631,Normal Operation
1852,8007cf,IGO1426,2025-12-30 04:48:37,55.76533420210151,1,66.06754085673795,Normal Operation
1853,8007cf,IGO975Y,2025-12-30 07:38:20,83.6094260444585,1,85.49897272359357,Normal Operation
1854,8007df,IGO193J,2025-12-29 06:54:07,89.222595289444,1,80.14162465791928,Normal Operation
1855,8007df,IGO150V,2025-12-29 17:53:07,68.00502755780025,1,64.64997210716363,Normal Operation
1856,8007df,IGO24E,2025-12-30 02:48:39,48.19309270813819,-1,37.229909302276326,Speed Instability
1857,8007df,IGO530F,2025-12-30 06:48:37,44.49554207237932,1,67.26779624460221,Normal Operation
1858,8007df,IGO646F,2025-12-30 09:38:37,53.73963831787629,1,66.92801860909675,Normal Operation
1859,800877,AGM00001,2025-12-29 06:54:07,,-1,15.323906319012838,Holding Pattern
1860,800877,AGM00001,2025-12-30 05:28:36,,-1,19.052888446292112,Holding Pattern
1861,800877,AGM00001,2025-12-30 07:58:34,,-1,6.786920159135169,Multiple Causes
1862,80087a,FOLOWME3,2025-12-29 03:34:08,,-1,7.138639490684648,Multiple Causes
1863,80087a,FOLOWME3,2025-12-30 09:48:34,,-1,18.19578146049667,Holding Pattern
1864,80087b,FOLOWME4,2025-12-29 16:01:36,,-1,17.260174809375634,Holding Pattern
1865,80087b,FOLOWME4,2025-12-29 18:03:07,,-1,18.264829935721266,Holding Pattern
1866,80087d,FOLOWME6,2025-12-29 03:34:08,,-1,14.451208373740146,Holding Pattern
1867,80087d,FOLOWME6,2025-12-29 08:44:04,,-1,6.346377672989851,Multiple Causes
1868,80087d,FOLOWME6,2025-12-29 17:13:08,,-1,8.584459359169948,Multiple Causes
1869,80087d,FOLOWME6,2025-12-29 23:28:38,,-1,18.78082287291794,Multiple Causes
1870,80087d,FOLOWME6,2025-12-30 03:58:40,,-1,14.293794482184435,Multiple Causes
1871,80087f,WILDLIF1,2025-12-30 08:08:33,,-1,13.954996350070662,Multiple Causes
1872,80087f,WILDLIF1,2025-12-30 09:38:37,,-1,18.674919727476965,Holding Pattern
1873,800892,FOLOWME1,2025-12-29 03:34:08,,-1,9.894268411162958,Multiple Causes
1874,800892,FOLOWME1,2025-12-29 07:24:06,,-1,6.9607783166338955,Multiple Causes
1875,800892,FOLOWME1,2025-12-29 08:54:06,,-1,2.0200931194316576,Multiple Causes
1876,800892,FOLOWME1,2025-12-29 15:51:45,,-1,11.028517407450229,Multiple Causes
1877,800892,FOLOWME1,2025-12-30 03:28:39,,-1,7.840177265128737,Multiple Causes
1878,800892,FOLOWME1,2025-12-30 05:48:34,,-1,18.761149916865712,Holding Pattern
1879,800892,FOLOWME1,2025-12-30 08:58:35,,-1,7.25384088011402,Multiple Causes
1880,8008c2,IGO2315,2025-12-29 07:34:07,76.20791888888523,1,61.91662773057976,Normal Operation
1881,8008c2,IGO92HY,2025-12-29 08:54:06,56.08085174082687,1,69.66231160924231,Normal Operation
1882,8008c2,IGO5007,2025-12-29 16:41:44,80.13464637633322,1,81.45527568595385,Normal Operation
1883,8008c2,IGO204F,2025-12-30 08:38:36,66.45650268309214,1,77.66444765420297,Normal Operation
1884,8008c3,IGO769Y,2025-12-29 10:24:06,92.72704856225069,1,82.01348477043922,Normal Operation
1885,8008c3,IGO775C,2025-12-29 16:51:45,59.88619503677663,1,76.50282990438889,Normal Operation
1886,8008c3,IGO342P,2025-12-29 18:35:17,85.18238604048668,1,87.60893769133409,Normal Operation
1887,8008c3,IGO617C,2025-12-30 02:18:37,45.21861882576256,1,73.66041559120914,Normal Operation
1888,8008c3,IGO617C,2025-12-30 03:38:37,99.73865590724095,1,93.71621811791923,Normal Operation
1889,8008c3,IGO5093,2025-12-30 06:58:37,99.8474044208022,1,96.94691899823646,Normal Operation
1890,8008c3,IGO5093,2025-12-30 08:08:33,59.30846704270726,1,80.90573021351254,Normal Operation
1891,8008c3,IGO5187,2025-12-30 10:18:36,75.2164720806189,1,77.59464917552644,Normal Operation
1892,8008c6,FLW ME 4,2025-12-29 02:34:07,,-1,15.202701259230324,Holding Pattern
1893,8008c6,FLW ME 4,2025-12-29 07:54:02,,-1,3.975921900743537,Multiple Causes
1894,8008c6,FLW ME 4,2025-12-30 07:18:12,,-1,7.25384088011402,Multiple Causes
1895,8008c7,FLW ME2,2025-12-29 09:34:05,,-1,20.8278970376623,Holding Pattern
1896,8008c7,FLW ME2,2025-12-29 23:28:38,,-1,12.522844227678986,Holding Pattern
1897,8008c7,FLW ME2,2025-12-30 06:18:36,,-1,11.945362067178493,Holding Pattern
1898,8008d4,FLW ME 1,2025-12-29 02:14:08,,-1,16.548074648045116,Holding Pattern
1899,8008d4,FLW ME 1,2025-12-29 05:44:09,,-1,1.2709694095558084,Multiple Causes
1900,8008d4,FLW ME 1,2025-12-29 08:14:07,,-1,6.920570367979379,Multiple Causes
1901,8008d4,FLW ME 1,2025-12-29 16:11:36,,-1,7.92769162664471,Multiple Causes
1902,8008d4,FLW ME 1,2025-12-29 23:48:40,,-1,6.8749094930859185,Multiple Causes
1903,8008d4,FLW ME 1,2025-12-30 03:48:37,,-1,17.483743579202063,Holding Pattern
1904,8008d4,FLW ME 1,2025-12-30 04:38:37,,-1,7.622893618174309,Multiple Causes
1905,800af1,IGO436H,2025-12-29 06:54:07,45.317426383709964,1,68.28883476774243,Normal Operation
1906,800af1,IGO114H,2025-12-29 16:11:36,95.40725709508976,1,87.5817714827881,Normal Operation
1907,800af1,IGO114H,2025-12-29 17:43:10,82.28351695169587,1,70.3320896821195,Normal Operation
1908,800af1,IGO966,2025-12-30 07:28:36,39.99128976217561,-1,39.37458292586506,Multiple Causes
1909,800af1,IGO966,2025-12-30 09:28:35,67.7854988779656,1,70.300867837352,Normal Operation
1910,800af4,IGO7171,2025-12-29 05:54:05,94.10723138290643,1,80.8577889811412,Normal Operation
1911,800af4,IGO7257,2025-12-29 08:14:07,74.99790793325747,1,78.89006341871747,Normal Operation
1912,800af4,IGO525,2025-12-29 16:51:45,89.84526598458658,1,77.42848847669984,Normal Operation
1913,800af4,IGO6176,2025-12-30 07:28:36,86.04801722224984,1,84.77501679908815,Normal Operation
1914,800af4,IGO6075,2025-12-30 09:28:35,66.59574906910633,1,82.21964580828794,Normal Operation
1915,800af5,IGO1496,2025-12-29 06:04:04,99.98094047189524,1,98.98055850187592,Normal Operation
1916,800af5,IGO6372,2025-12-29 10:14:09,99.45120698440512,1,89.5298083070142,Normal Operation
1917,800af5,IGO6371,2025-12-29 16:31:45,99.0784902611073,1,88.23682998029409,Normal Operation
1918,800af5,IGO5274,2025-12-29 23:28:38,73.53591302910147,1,63.94530981125527,Normal Operation
1919,800b05,BDA154,2025-12-30 01:28:36,67.13837154799799,1,79.60509478113211,Normal Operation
1920,800b05,BDA154,2025-12-30 03:08:38,47.2622254184833,-1,50.983278004809975,Altitude Instability
1921,800b05,BDA154,2025-12-30 05:48:34,70.22217581608913,1,78.7903210369483,Normal Operation
1922,800b07,VTHLH,2025-12-30 09:58:35,87.86091812656126,-1,48.20664892015133,Holding Pattern
1923,800b12,IGO263L,2025-12-29 00:28:46,50.75242815033022,1,67.19559216924233,Normal Operation
1924,800b12,IGO2002,2025-12-29 16:11:36,93.2410637693273,1,84.0537672205579,Normal Operation
1925,800b12,IGO26H,2025-12-30 00:38:34,81.58924050496063,1,84.02420028396686,Normal Operation
1926,800b14,IGO6009,2025-12-29 08:54:06,56.2325901736218,1,76.80483446501977,Normal Operation
1927,800b14,IGO138P,2025-12-29 17:43:10,99.6832304443234,1,96.28180114072414,Normal Operation
1928,800b14,IGO7171,2025-12-30 05:58:33,91.0653181051143,1,82.29661420042179,Normal Operation
1929,800b14,IGO7257,2025-12-30 08:08:33,73.14537372495607,1,75.96688238811494,Normal Operation
1930,800b30,AXB1289,2025-12-29 18:45:15,92.03753415013824,1,69.60953242836413,Normal Operation
1931,800b30,AXB104W,2025-12-30 00:38:34,54.85069458325577,1,71.62889456801875,Normal Operation
1932,800b43,AXB2720,2025-12-29 23:28:38,83.75667203186978,1,81.81119684405282,Normal Operation
1933,800b43,AXB2739,2025-12-30 01:48:39,67.75544552986602,1,78.89600319951322,Normal Operation
1934,800b43,AXB2115,2025-12-30 07:08:35,81.1612635373115,1,77.65680038367348,Normal Operation
1935,800b44,AXB136,2025-12-29 03:04:06,42.04361332567285,1,63.5928452676702,Normal Operation
1936,800b44,AXB164,2025-12-30 03:48:37,46.47537052528444,1,67.81380013052406,Normal Operation
1937,800b45,BDA481,2025-12-30 02:38:38,91.98528769957169,1,86.01336481807829,Normal Operation
1938,800b45,BDA481,2025-12-30 04:48:37,59.35707151344703,1,73.21378560759564,Normal Operation
1939,800b45,BDA481,2025-12-30 06:38:36,71.8700504778862,1,86.7492541351894,Normal Operation
1940,800b52,LLR507,2025-12-29 07:24:06,91.09615399248857,1,64.53440061453897,Normal Operation
1941,800b52,LLR508,2025-12-29 16:41:44,95.5613657815227,1,69.53279062942124,Normal Operation
1942,800b52,LLR547,2025-12-29 18:45:15,97.87682856494736,1,68.40412048382478,Normal Operation
1943,800b52,LLR507,2025-12-30 07:58:34,92.94293656609008,1,65.13139763310032,Normal Operation
1944,800b54,LLR638,2025-12-29 15:51:45,75.76056474920642,-1,39.331668460327066,Poor Routing
1945,800b54,LLR979,2025-12-29 18:35:17,91.63065219052964,1,73.86931699394123,Normal Operation
1946,800b54,LLR751,2025-12-30 07:08:35,93.6206365011966,1,62.34472145252209,Normal Operation
1947,800b54,LLR752,2025-12-30 10:18:36,99.98488953629136,1,78.26089621780874,Normal Operation
1948,800b61,AXB174,2025-12-29 07:14:05,56.97568348410307,1,73.13878577853,Normal Operation
1949,800b61,AXB174,2025-12-30 06:58:37,50.79569262201133,1,66.52155850172035,Normal Operation
1950,800b61,AXB178,2025-12-30 10:08:34,52.81108886674656,-1,54.380663578907544,Unknown Inefficiency
1951,800b63,AXB1229,2025-12-29 23:28:38,67.97561837991812,-1,26.486223500270228,Multiple Causes
1952,800b63,AXB1197,2025-12-30 09:48:34,64.16321698301422,1,62.51492560382164,Normal Operation
1953,800b6a,VTUPK,2025-12-29 16:41:44,93.13778883547992,-1,47.34785730069143,Unknown Inefficiency
1954,800b80,SEJ903,2025-12-29 06:24:05,81.14258893534708,1,73.46389881957451,Normal Operation
1955,800b80,SEJ904,2025-12-29 08:44:04,72.04774629468005,1,62.90902679027406,Normal Operation
1956,800b80,SEJ160,2025-12-29 16:31:45,76.62801134062036,1,80.92681545402245,Normal Operation
1957,800b81,SEJ121,2025-12-29 06:44:08,96.54584464170424,1,90.22711197134473,Normal Operation
1958,800b81,SEJ122,2025-12-29 08:44:04,67.86084163850691,1,76.81496081722757,Normal Operation
1959,800b81,SEJ187,2025-12-29 17:13:08,92.72569117534648,1,76.15305421551469,Normal Operation
1960,800b81,SEJ121,2025-12-30 06:28:37,77.30599940303203,1,85.47534392439913,Normal Operation
1961,800b81,SEJ122,2025-12-30 08:38:36,65.3272765931668,1,76.38860741206506,Normal Operation
1962,800b82,SEJ185,2025-12-28 23:48:41,48.36656926734136,1,62.129816856875934,Normal Operation
1963,800b82,SEJ130,2025-12-29 07:14:05,74.45415943544666,1,68.1319057928465,Normal Operation
1964,800b82,SEJ757,2025-12-29 23:28:38,69.64695692860363,1,57.17608348189755,Normal Operation
1965,800b82,SEJ185,2025-12-30 02:38:38,65.0099401387851,1,64.73415840719902,Normal Operation
1966,800b82,SEJ130,2025-12-30 06:18:36,77.56247435875018,1,60.91614987790561,Normal Operation
1967,800b82,SEJ130,2025-12-30 10:08:34,71.7742199988235,1,81.59971884688763,Normal Operation
1968,800b85,VTFML,2025-12-29 08:54:06,85.20718164804914,1,73.87274976105654,Normal Operation
1969,800b94,VTOMM,2025-12-29 16:51:45,93.82048689042504,1,84.23239332290561,Normal Operation
1970,800b9a,AXB476,2025-12-29 04:14:05,51.77917519696991,1,55.76887526393672,Normal Operation
1971,800b9a,AXB412,2025-12-30 02:08:35,69.24247903085083,1,70.96613985633519,Normal Operation
1972,800ba0,LLR770,2025-12-29 09:54:04,96.11071775257676,1,64.29984211145201,Normal Operation
1973,800ba0,LLR784,2025-12-29 16:51:45,95.14665970889004,1,67.86298700596394,Normal Operation
1974,800ba9,BDA201,2025-12-30 00:38:34,78.90925942137359,1,65.1642260891193,Normal Operation
1975,800ba9,BDA201,2025-12-30 04:18:35,77.9680339672529,1,86.65766184247605,Normal Operation
1976,800ba9,BDA201D,2025-12-30 07:28:36,72.08364152274054,1,82.1385931037618,Normal Operation
1977,800bb5,IGO6552,2025-12-29 16:41:44,90.51803687552444,1,74.81062917747322,Normal Operation
1978,800bb5,IGO6552,2025-12-29 18:03:07,85.87543701777977,1,83.12522559463874,Normal Operation
1979,800bb5,IGO6056,2025-12-30 10:08:34,96.75251147547232,1,90.89615649393377,Normal Operation
1980,800bc0,IGO346K,2025-12-29 16:51:45,47.64193727547564,1,71.10464959616746,Normal Operation
1981,800bc0,IGO346K,2025-12-29 18:13:07,99.82236456897792,1,92.93300318039049,Normal Operation
1982,800bc1,IGO6977,2025-12-29 06:44:08,89.515700751014,1,85.27994792681586,Normal Operation
1983,800bc1,IGO95JE,2025-12-29 08:54:06,99.90203765385463,1,93.71169937980454,Normal Operation
1984,800bc1,IGO2166,2025-12-29 17:43:10,62.53932502001684,1,79.87515538826845,Normal Operation
1985,800bc1,IGO201,2025-12-30 09:48:34,97.16597933989136,1,90.44331241396492,Normal Operation
1986,800bc4,IGO246W,2025-12-29 06:24:05,92.661715365627,1,86.98986485543277,Normal Operation
1987,800bc4,IGO246W,2025-12-29 08:44:04,55.26465048035586,1,75.37803476218208,Normal Operation
1988,800bc4,IGO71KJ,2025-12-29 16:01:36,72.2837572988563,1,72.44187051910032,Normal Operation
1989,800bc4,IGO48MV,2025-12-29 18:13:07,96.8305272932111,1,85.56634182199537,Normal Operation
1990,800bc4,IGO5237,2025-12-30 05:58:33,64.78025577108586,1,79.4989082349686,Normal Operation
1991,800bc4,IGO5237,2025-12-30 07:08:35,99.90365372034412,1,94.5216708289501,Normal Operation
1992,800bc4,IGO363Y,2025-12-30 09:08:33,99.46384224705136,1,96.33370617143729,Normal Operation
1993,800bc5,VTKZN,2025-12-29 09:44:08,96.06064700649485,1,85.50420275025374,Normal Operation
1994,800bcc,SEJ487,2025-12-29 00:08:45,74.25897571605569,1,79.37131737083848,Normal Operation
1995,800bcc,SEJ487,2025-12-29 02:04:07,60.30740759665217,1,77.34299325591705,Normal Operation
1996,800bcc,SEJ488,2025-12-29 08:04:08,72.92536965077936,1,75.59978822586397,Normal Operation
1997,800bcc,SEJ664,2025-12-29 15:51:45,72.97806995513069,1,69.66795052905115,Normal Operation
1998,800bcc,SEJ664,2025-12-29 18:13:07,78.29543728929251,1,84.50620902471157,Normal Operation
1999,800bcc,SEJ268,2025-12-30 00:58:38,73.76785120928312,1,76.12228087369998,Normal Operation
2000,800bd4,AIC2256,2025-12-29 05:14:08,74.48574684015975,1,61.86936554609296,Normal Operation
2001,800bd4,AIC2624,2025-12-29 16:11:36,71.26398414041604,1,73.23545025204166,Normal Operation
2002,800bd4,AIC1858,2025-12-30 00:28:37,91.26568380411058,1,89.33198680642258,Normal Operation
2003,800bd4,AIC1858,2025-12-30 02:38:38,59.94190643939258,1,77.45693115352618,Normal Operation
2004,800bd4,AIC215,2025-12-30 08:38:36,52.21934000962018,1,57.088048648556466,Normal Operation
2005,800bd5,VTRSG,2025-12-29 17:13:08,99.98949667661432,1,95.1390958193654,Normal Operation
2006,800bd5,VTRSG,2025-12-29 18:35:17,62.50376943795111,1,72.64056220093185,Normal Operation
2007,800be5,AIC2785,2025-12-29 06:44:08,49.46989236850512,1,58.39624010535187,Normal Operation
2008,800be5,AIC2502,2025-12-30 09:18:35,74.7152496306829,-1,49.118356557279604,Unknown Inefficiency
2009,800be6,AIC2250,2025-12-29 04:54:04,40.52294207271274,-1,53.81416760130468,Altitude Instability
2010,800be6,AIC432,2025-12-29 15:51:45,98.77387441474504,1,90.83761815767998,Normal Operation
2011,800be6,AIC432,2025-12-29 17:13:08,81.79033485976358,1,61.64855926671536,Normal Operation
2012,800be6,AIC2642,2025-12-29 23:28:38,84.09248262126542,-1,51.13014743741944,Holding Pattern
2013,800be6,AIC2507,2025-12-30 06:18:36,84.15631744258324,1,81.69834982531714,Normal Operation
2014,800be6,AIC2508,2025-12-30 09:08:33,61.3476924002374,1,70.54587037305993,Normal Operation
2015,800be7,AIC2821,2025-12-29 07:04:08,77.16723101501512,1,75.62794794869585,Normal Operation
2016,800be7,AIC2822,2025-12-29 09:54:04,99.07016899047676,1,92.32662873169228,Normal Operation
2017,800bef,AIC2492,2025-12-29 15:51:45,72.11920025468586,1,74.83876786425235,Normal Operation
2018,800bef,AIC2246,2025-12-30 04:58:38,42.65833310896436,1,58.47978592896492,Normal Operation
2019,800bef,AIC2789,2025-12-30 10:18:36,82.07764499746244,1,78.8294629572207,Normal Operation
2020,800bf9,AIC1832,2025-12-29 00:18:37,60.82199539764868,1,60.3868305378958,Normal Operation
2021,800bf9,AIC2499,2025-12-29 06:34:06,72.13058282205031,1,83.10942245519314,Normal Operation
2022,800bf9,AIC2500,2025-12-29 08:24:06,72.30422411735293,1,78.47762669941336,Normal Operation
2023,800bf9,AIC487,2025-12-29 16:31:45,52.62769177594487,1,77.81768308329985,Normal Operation
2024,800bf9,AIC487,2025-12-29 18:03:07,99.18301467419806,1,90.37230363501233,Normal Operation
2025,800bf9,AIC817,2025-12-30 06:18:36,67.70020083506685,1,82.13233185989426,Normal Operation
2026,800bf9,AIC818,2025-12-30 09:18:35,63.6550742439298,1,84.71851587921451,Normal Operation
2027,800bfa,AIC2779,2025-12-29 08:34:04,59.144450884094,1,67.8446958011245,Normal Operation
2028,800bfa,AIC2855,2025-12-29 10:24:06,71.13052262023967,1,81.33113171001318,Normal Operation
2029,800bfa,AIC2531,2025-12-29 17:13:08,71.27463896675854,1,81.63122028213823,Normal Operation
2030,800bfa,AIC2858,2025-12-30 03:18:38,80.78707224642521,1,61.95705284262361,Normal Operation
2031,800bfa,AIC2821,2025-12-30 07:08:35,67.62293459415638,1,82.47324242055475,Normal Operation
2032,800bfa,AIC2822,2025-12-30 09:48:34,98.49123052956584,1,91.66079900619467,Normal Operation
2033,800bfb,AIC2303,2025-12-28 23:48:41,67.28678387522446,1,71.48368655969355,Normal Operation
2034,800bfb,AIC2255,2025-12-29 17:13:08,82.99520763130693,1,86.63382726619848,Normal Operation
2035,800bfb,AIC2256,2025-12-30 04:48:37,43.8766908989336,1,67.17571660172403,Normal Operation
2036,800bfb,AIC2937,2025-12-30 09:28:35,88.13375374785551,1,73.51385842541032,Normal Operation
2037,800c07,AIC495,2025-12-29 09:24:04,77.97120667164806,1,81.10434310815758,Normal Operation
2038,800c07,AIC882,2025-12-29 16:51:45,56.64539764739696,1,66.5721596723079,Normal Operation
2039,800c07,AIC2710,2025-12-29 23:28:38,68.78330963271448,1,68.95470221879495,Normal Operation
2040,800c07,AIC2336,2025-12-30 02:38:38,71.06610048716097,-1,35.465304475661874,Unknown Inefficiency
2041,800c08,AIC2337,2025-12-29 15:51:45,99.93325301029527,1,96.83463518326343,Normal Operation
2042,800c08,AIC2338,2025-12-29 23:48:40,63.371802009783295,1,77.30601586621994,Normal Operation
2043,800c08,AIC2785,2025-12-30 06:48:37,59.35668829325648,1,61.56611201182567,Normal Operation
2044,800c08,AIC2786,2025-12-30 09:08:33,43.3780946590075,-1,44.412039169325155,Multiple Causes
2045,800c09,LLR803,2025-12-29 09:04:08,98.64706136420084,1,70.91586612097763,Normal Operation
2046,800c09,LLR697,2025-12-30 08:18:37,96.9285077644522,-1,50.06324156398477,Unknown Inefficiency
2047,800c0b,AIC2857,2025-12-28 23:48:41,61.7524802180609,1,77.68264112597916,Normal Operation
2048,800c0b,AIC2402,2025-12-29 06:44:08,65.42103740076959,1,67.51367349519889,Normal Operation
2049,800c0b,AIC2418,2025-12-29 16:51:45,78.67865833649807,1,81.24133656770924,Normal Operation
2050,800c0b,AIC2418,2025-12-29 18:45:15,70.74160994310277,1,81.98787818016325,Normal Operation
2051,800c0b,AIC2559,2025-12-30 08:08:33,61.97989448601889,1,72.75114351772513,Normal Operation
2052,800c0c,AIC2410,2025-12-28 23:48:41,99.80628070124888,1,91.419409623536,Normal Operation
2053,800c0c,AIC2410,2025-12-29 01:34:05,65.12035996282373,1,77.43370952400542,Normal Operation
2054,800c0c,AIC2452,2025-12-29 04:04:06,60.63101184163612,1,62.68847252738903,Normal Operation
2055,800c0c,AIC2452,2025-12-29 05:24:05,53.15897301205443,1,75.20564642176194,Normal Operation
2056,800c0c,AIC2560,2025-12-29 07:34:07,66.26083786433205,1,81.74883526565704,Normal Operation
2057,800c0c,AIC2481,2025-12-29 18:03:07,74.77909114264563,1,82.8953339003317,Normal Operation
2058,800c0c,AIC2482,2025-12-29 23:38:34,72.74750368458871,1,75.50466270984155,Normal Operation
2059,800c0c,AIC2873,2025-12-30 07:48:33,58.88595504861593,1,74.81550417392802,Normal Operation
2060,800c11,IGO6566,2025-12-28 23:48:41,89.51700790983865,1,62.609353989896576,Normal Operation
2061,800c11,IGO6913,2025-12-30 07:58:34,82.11223754494651,1,81.55629216736416,Normal Operation
2062,800c12,IGO296Y,2025-12-29 05:44:09,50.19422060090408,1,77.17486607622014,Normal Operation
2063,800c12,IGO296Y,2025-12-29 07:24:06,99.48582658121616,1,91.2860370629791,Normal Operation
2064,800c12,IGO6302,2025-12-29 09:14:08,99.9923466601184,1,95.59036206407701,Normal Operation
2065,800c12,IGO6302,2025-12-29 10:24:06,90.76129741596252,1,85.47447129129243,Normal Operation
2066,800c12,IGO67DM,2025-12-29 15:51:45,73.49137949821345,1,65.73089745760741,Normal Operation
2067,800c13,VTPVK,2025-12-29 15:51:45,99.70393337143658,1,92.33261319984412,Normal Operation
2068,800c13,VTPVK,2025-12-29 18:13:07,98.75140063530591,1,86.76427194030381,Normal Operation
2069,800c16,IGO461E,2025-12-29 03:44:06,84.62905998134451,1,84.78431681911343,Normal Operation
2070,800c16,IGO6312,2025-12-29 10:24:06,99.64438752643856,1,92.66178254298345,Normal Operation
2071,800c16,IGO982,2025-12-29 17:01:38,92.8464680967538,1,88.6646959511594,Normal Operation
2072,800c16,IGO415,2025-12-30 07:48:33,74.3452557420473,1,65.42785346139195,Normal Operation
2073,800c38,IGO752E,2025-12-29 05:54:05,40.89031628986619,1,55.49090937013656,Normal Operation
2074,800c38,IGO292,2025-12-29 16:51:45,80.50547944961771,1,73.72966994167521,Normal Operation
2075,800c38,IGO142K,2025-12-29 23:48:40,56.42505143739871,1,77.59506700141091,Normal Operation
2076,800c38,IGO560M,2025-12-30 05:38:33,50.45959341470052,-1,48.773117075719206,Unknown Inefficiency
2077,800c38,IGO714C,2025-12-30 07:48:33,57.77718177632413,1,68.39395323586577,Normal Operation
2078,800c3a,LLR634,2025-12-29 15:51:45,92.26550534591914,-1,54.16243509560827,Unknown Inefficiency
2079,800c3c,AIC2860,2025-12-29 08:44:04,53.87573418277629,1,63.78884969747491,Normal Operation
2080,800c3c,AIC2811,2025-12-30 00:58:38,54.3174350614071,1,76.20949921627479,Normal Operation
2081,800c3c,AIC2605,2025-12-30 06:38:36,63.2555164447834,1,66.38057142481975,Normal Operation
2082,800c3c,AIC2606,2025-12-30 09:38:37,95.7505161911166,1,87.7231283399961,Normal Operation
2083,800c42,AIC2710,2025-12-28 23:48:41,88.88066026166085,1,62.05628120350804,Normal Operation
2084,800c42,AIC2885,2025-12-29 03:44:06,59.390028044727856,1,75.4692690525005,Normal Operation
2085,800c42,AIC2376,2025-12-29 15:51:45,99.5068718771111,1,89.59874273953703,Normal Operation
2086,800c42,AIC2377,2025-12-29 23:28:38,67.92353737006076,1,76.74289238607786,Normal Operation
2087,800c43,AIC2884,2025-12-29 06:14:08,93.3998564269326,1,88.94558278584242,Normal Operation
2088,800c43,AIC2884,2025-12-29 08:24:06,57.90640197618298,1,75.25779417251935,Normal Operation
2089,800c43,AIC2335,2025-12-29 18:03:07,99.9114060870748,1,96.03427374704367,Normal Operation
2090,800c43,AIC2386,2025-12-30 00:48:35,53.237820387306805,1,69.10989271644138,Normal Operation
2091,800c43,AIC2386,2025-12-30 02:18:37,99.95211327221004,1,98.79666402826271,Normal Operation
2092,800c44,AIC2336,2025-12-29 03:54:07,84.17575465685192,-1,44.19227629286365,Unknown Inefficiency
2093,800c44,AIC2333,2025-12-29 10:14:09,99.95969605217452,1,98.40867556004198,Normal Operation
2094,800c44,AIC2664,2025-12-29 15:51:45,54.13186484527304,1,75.67023540040964,Normal Operation
2095,800c44,AIC2463,2025-12-30 06:58:37,67.19673054811204,1,55.77200196126434,Normal Operation
2096,800c44,AIC2427,2025-12-30 09:58:35,76.35129227761145,1,79.26174036447638,Normal Operation
2097,800c48,AIC2212,2025-12-29 03:04:06,99.95849424003954,1,94.0521866315132,Normal Operation
2098,800c48,AIC2896,2025-12-29 07:54:02,60.98137335388872,1,77.01682900332301,Normal Operation
2099,800c48,AIC3327,2025-12-29 16:51:45,66.42372424294112,1,80.81772585470371,Normal Operation
2100,800c48,AIC532,2025-12-29 23:28:38,82.9363590135611,-1,54.51678454881573,Poor Routing
2101,800c48,AIC2883,2025-12-30 06:08:34,71.23252777787995,1,86.66856564041558,Normal Operation
2102,800c48,AIC2883,2025-12-30 07:58:34,52.378145958263374,1,64.22203600252723,Normal Operation
2103,800c4a,AIC2728,2025-12-29 05:04:06,50.674343531011495,1,70.18971605115904,Normal Operation
2104,800c4a,AIC2728,2025-12-29 06:24:05,81.93085959403166,1,79.58687749224306,Normal Operation
2105,800c4a,AIC2780,2025-12-29 16:31:45,86.05724646911821,1,85.595562942465,Normal Operation
2106,800c4a,AIC2212,2025-12-30 03:08:38,99.92065868736267,1,96.70121751069378,Normal Operation
2107,800c4a,AIC2896,2025-12-30 07:48:33,52.14381049360265,1,75.52391098776607,Normal Operation
2108,800c4b,AIC2814,2025-12-28 23:48:41,67.25938270699622,1,87.17607067006332,Normal Operation
2109,800c4b,AIC2883,2025-12-29 06:34:06,73.83509963226142,1,84.70658305828124,Normal Operation
2110,800c4b,AIC2883,2025-12-29 08:24:06,52.12043627043508,1,70.13824864495605,Normal Operation
2111,800c4b,AIC2788,2025-12-29 10:14:09,73.61348557307215,1,87.24480499290615,Normal Operation
2112,800c4b,AIC2275,2025-12-29 17:33:04,99.92445764225133,1,97.76371863458975,Normal Operation
2113,800c4b,AIC2275,2025-12-29 18:45:15,87.11463432097037,1,55.26123237485925,Normal Operation
2114,800c4b,AIC2250,2025-12-30 04:38:37,40.51767126837231,1,64.2033575125747,Normal Operation
2115,800c50,VTCVV,2025-12-29 10:14:09,67.43410717759184,1,67.71003935421061,Normal Operation
2116,800c63,IGO2053,2025-12-29 07:14:05,83.40258219786386,-1,47.14641526179566,Unknown Inefficiency
2117,800c63,IGO358V,2025-12-29 09:04:08,81.71567929165379,1,81.3206672460687,Normal Operation
2118,800c63,IGO358V,2025-12-29 10:24:06,51.0463537779555,1,65.07425337377835,Normal Operation
2119,800c63,IGO260J,2025-12-29 16:31:45,40.00822245715811,1,62.911520315419516,Normal Operation
2120,800c63,IGO260J,2025-12-29 18:13:07,81.33287468521718,1,77.40042348022119,Normal Operation
2121,800c63,IGO5029,2025-12-29 23:28:38,87.30730506043163,-1,46.19074271697577,Unknown Inefficiency
2122,800c63,IGO5197,2025-12-30 01:08:40,98.103828645711,1,87.85468199878841,Normal Operation
2123,800c63,IGO596,2025-12-30 02:48:39,62.778165919754485,1,71.62106982648444,Normal Operation
2124,800c63,IGO511H,2025-12-30 06:18:36,94.48211134571396,1,77.56558869805511,Normal Operation
2125,800c64,AIC2727,2025-12-28 23:48:41,48.80172979781481,-1,53.292984986534435,Unknown Inefficiency
2126,800c64,AIC2644,2025-12-29 06:54:07,54.41990957222845,1,65.24216906662691,Normal Operation
2127,800c64,AIC2644,2025-12-29 09:14:08,63.66610781018117,1,67.52230940055254,Normal Operation
2128,800c64,AIC2445,2025-12-29 15:51:45,83.6501251952137,1,68.44346888860983,Normal Operation
2129,800c64,AIC435,2025-12-29 18:25:18,47.98779685509463,1,61.752341011647545,Normal Operation
2130,800c64,AIC2625,2025-12-30 06:28:37,57.14890896265732,1,71.55600895516673,Normal Operation
2131,800c64,AIC2466,2025-12-30 09:38:37,63.169590322195646,1,72.37566738983972,Normal Operation
2132,800c6d,IGO7227,2025-12-29 07:54:02,97.7868396114616,1,73.57141614317501,Normal Operation
2133,800c6d,IGO7233,2025-12-29 09:54:04,94.42758524758658,1,67.52494457460489,Normal Operation
2134,800c70,IGO6321,2025-12-30 10:08:34,97.575887437501,1,88.85524878691177,Normal Operation
2135,800c71,IGO924,2025-12-29 07:14:05,61.63208430243337,1,75.17336401135323,Normal Operation
2136,800c71,IGO993W,2025-12-29 16:31:45,50.21986211805067,1,61.327351191186985,Normal Operation
2137,800c71,IGO579F,2025-12-29 18:03:07,67.62874080480157,1,66.38118907138197,Normal Operation
2138,800c71,IGO976V,2025-12-29 23:58:37,70.45246453600399,1,64.1875448275122,Normal Operation
2139,800c71,IGO263L,2025-12-30 01:38:40,62.3786231860362,1,58.76935689289691,Normal Operation
2140,800c71,IGO6457,2025-12-30 07:48:33,87.80621713467536,1,77.35850899081848,Normal Operation
2141,800c74,IGO146,2025-12-29 07:24:06,58.531832337852265,1,77.61143326098376,Normal Operation
2142,800c74,IGO146,2025-12-29 09:24:04,81.82295430966678,1,77.00623038777236,Normal Operation
2143,800c74,IGO433,2025-12-29 16:11:36,50.73345571477756,1,60.01257510959125,Normal Operation
2144,800c74,IGO442Y,2025-12-29 17:43:10,67.67025555499235,1,62.55153319228185,Normal Operation
2145,800c74,IGO634Y,2025-12-30 04:28:41,87.43264011111323,1,86.18815178787936,Normal Operation
2146,800c74,IGO273F,2025-12-30 07:08:35,79.9304894139386,1,81.51874028294432,Normal Operation
2147,800c83,AXB1516,2025-12-29 16:41:44,56.06227197430475,1,64.03318825118681,Normal Operation
2148,800c83,AXB1577,2025-12-29 23:28:38,50.444628510494255,1,75.33906900090487,Normal Operation
2149,800c83,AXB1517,2025-12-30 10:18:36,39.999901124012766,-1,48.40468612143463,Multiple Causes
2150,800c85,AIC2387,2025-12-29 01:04:06,59.415188974584325,1,73.3023015742375,Normal Operation
2151,800c85,AIC420,2025-12-29 16:41:44,66.27369752049479,1,66.20469903800685,Normal Operation
2152,800c85,AIC420,2025-12-29 18:13:07,56.82131942923986,1,61.032247623184396,Normal Operation
2153,800c85,AIC2758,2025-12-30 03:28:39,61.74534419123,1,76.45472212370186,Normal Operation
2154,800c85,AIC415,2025-12-30 06:38:36,81.97823350046849,1,88.21572608427518,Normal Operation
2155,800c85,AIC416,2025-12-30 09:38:37,73.70038824148,1,82.83709208398969,Normal Operation
2156,800c86,AIC2378,2025-12-29 03:44:06,76.5358761910953,1,55.11237442143856,Normal Operation
2157,800c86,AIC2304,2025-12-29 15:51:45,99.6412092979932,1,81.41282725818834,Normal Operation
2158,800c86,AIC2303,2025-12-29 23:28:38,78.2203904138121,1,61.681597768873615,Normal Operation
2159,800c86,AIC2897,2025-12-30 08:48:37,66.34854634652382,-1,50.929703977953515,Unknown Inefficiency
2160,800c87,AIC2422,2025-12-29 02:14:08,49.481594629368914,1,75.40390260107567,Normal Operation
2161,800c87,AIC3417,2025-12-29 06:34:06,47.74403362155262,1,70.36915697374383,Normal Operation
2162,800c87,AIC3418,2025-12-29 09:34:05,71.39030117812794,1,82.32896186760769,Normal Operation
2163,800c87,AIC2939,2025-12-29 17:43:10,94.45988488859138,1,89.44694523667611,Normal Operation
2164,800c87,AIC2895,2025-12-30 05:08:39,93.42424477424754,1,85.66253630135088,Normal Operation
2165,800c87,AIC2886,2025-12-30 09:58:35,63.5832378164468,1,70.97858883370074,Normal Operation
2166,800c88,AIC2290,2025-12-29 03:54:07,69.32154037856893,-1,34.774893092750574,Poor Routing
2167,800c88,AIC2354,2025-12-29 08:04:08,89.3552483200553,1,86.08128691675994,Normal Operation
2168,800c88,AIC2354,2025-12-29 09:24:04,77.59290582379901,1,58.94637824216104,Normal Operation
2169,800c88,AIC2353,2025-12-29 15:51:45,99.98092342486268,1,97.82953144064032,Normal Operation
2170,800c88,AIC2353,2025-12-29 17:23:08,72.31715125260473,1,77.92678759653761,Normal Operation
2171,800c88,AIC2290,2025-12-30 03:38:37,64.52779987002887,1,61.380301075754154,Normal Operation
2172,800c88,AIC2787,2025-12-30 06:48:37,49.33409742864113,1,56.07918255737104,Normal Operation
2173,800c89,AIC2246,2025-12-29 04:54:04,35.733877400920534,-1,42.967538391889875,Multiple Causes
2174,800c89,AIC2655,2025-12-29 18:23:08,92.0801093689114,1,86.8378644888975,Normal Operation
2175,800c8e,AIC2986,2025-12-29 00:18:37,65.1070402616455,1,67.89904864648115,Normal Operation
2176,800c8e,AIC2577,2025-12-29 03:34:08,78.22073996804419,1,87.81634277142645,Normal Operation
2177,800c8e,AIC2559,2025-12-29 07:44:01,68.86484284785767,1,76.4160336696326,Normal Operation
2178,800c8e,AIC2542,2025-12-29 10:04:07,93.84328008324268,1,87.53194956706369,Normal Operation
2179,800c8e,AIC2541,2025-12-29 15:51:45,85.03020897533933,1,67.33232805662048,Normal Operation
2180,800c8e,AIC2537,2025-12-29 17:53:07,76.03722393396927,1,85.13254408118019,Normal Operation
2181,800c8f,AIC2771,2025-12-29 07:24:06,55.07563233032808,1,72.65323419818647,Normal Operation
2182,800c8f,AIC2771,2025-12-29 08:44:04,39.34579225183117,-1,22.034533637924675,Multiple Causes
2183,800c8f,AIC2659,2025-12-29 16:41:44,72.52034326720866,1,84.43775416499892,Normal Operation
2184,800c8f,AIC2660,2025-12-29 18:35:17,94.19865823099376,1,88.94161099255908,Normal Operation
2185,800c8f,AIC2771,2025-12-30 07:28:36,73.3382271612367,1,83.94173197687266,Normal Operation
2186,800c8f,AIC2771,2025-12-30 08:48:37,39.63081685334599,-1,51.46078321404083,Multiple Causes
2187,800cb9,AIC2927,2025-12-29 10:04:07,67.85571477217965,1,76.77438122330513,Normal Operation
2188,800cb9,AIC2600,2025-12-29 17:33:04,85.08455415803654,1,88.69403938690597,Normal Operation
2189,800cb9,AIC2661,2025-12-29 23:28:38,77.43766831665563,1,66.1191326037183,Normal Operation
2190,800cb9,AIC2571,2025-12-30 08:48:37,61.21155621878863,1,62.25264956629087,Normal Operation
2191,800cba,AIC2757,2025-12-29 00:28:46,79.2060171508571,1,83.91761810269217,Normal Operation
2192,800cba,AIC2654,2025-12-29 09:14:08,59.24625893356475,1,78.42615089992078,Normal Operation
2193,800cba,AIC2601,2025-12-29 17:13:08,83.47669047037137,1,65.55349231930815,Normal Operation
2194,800cba,AIC2608,2025-12-30 00:28:37,89.09336716388498,1,86.04456464137823,Normal Operation
2195,800cba,AIC2608,2025-12-30 01:28:36,60.79714690507749,1,73.27246671717488,Normal Operation
2196,800cba,AIC2560,2025-12-30 07:28:36,81.24215587775508,1,83.51236322934169,Normal Operation
2197,800cbe,IGO4FJ,2025-12-29 15:51:45,93.97636611971636,1,67.03973808307465,Normal Operation
2198,800cbe,IGO4MK,2025-12-29 18:35:17,97.954544059035,1,71.01637843362897,Normal Operation
2199,800cbf,IGO7603,2025-12-29 18:03:07,99.00397095505232,1,73.33604799057751,Normal Operation
2200,800cc7,AIC2858,2025-12-29 03:34:08,67.38714123918103,1,75.80307377219366,Normal Operation
2201,800cc7,AIC2930,2025-12-29 07:44:01,49.24207631142647,1,60.559653753456956,Normal Operation
2202,800cc7,AIC2930,2025-12-29 09:04:08,56.74080818144272,1,65.08675072787761,Normal Operation
2203,800cc7,AIC1ZG,2025-12-29 16:41:44,46.93323660692808,1,69.85709093965096,Normal Operation
2204,800cc7,AIC2355,2025-12-30 08:28:35,74.61334108879252,-1,51.291684727763936,Unknown Inefficiency
2205,800cc8,AIC2389,2025-12-28 23:48:41,61.363316905692734,1,63.19764245654145,Normal Operation
2206,800cc8,AIC2463,2025-12-29 07:44:01,78.35595676681329,1,88.34373645993607,Normal Operation
2207,800cc8,AIC2813,2025-12-29 18:13:07,50.71042700653753,1,75.1993636778921,Normal Operation
2208,800cc8,AIC2814,2025-12-29 23:58:37,58.38367785113386,1,68.68238861765042,Normal Operation
2209,800cc8,AIC2885,2025-12-30 02:48:39,67.821065232397,1,80.36832709945159,Normal Operation
2210,800cc8,AIC2779,2025-12-30 08:28:35,49.69140345921807,1,70.72676971065002,Normal Operation
2211,800cc9,AXB1017,2025-12-29 15:51:45,74.1883348486225,-1,43.447525349934644,Holding Pattern
2212,800cc9,AXB1064,2025-12-29 17:43:10,59.09977766446777,1,63.300906650937684,Normal Operation
2213,800cd5,AXB942,2025-12-29 05:54:05,65.80212408454412,1,82.86863726100863,Normal Operation
2214,800cd6,AXB1891,2025-12-29 08:04:08,73.16159345452446,1,82.22990412285924,Normal Operation
2215,800cd6,AXB1530,2025-12-29 16:21:38,99.65424191832872,1,95.096784439243,Normal Operation
2216,800cd6,AXB2504,2025-12-30 08:38:36,91.9950065269816,1,72.7141538908869,Normal Operation
2217,800cdc,IGO336,2025-12-29 00:18:37,72.84037830181477,1,84.00895747251913,Normal Operation
2218,800cdc,IGO441E,2025-12-29 17:13:08,87.77805678076558,1,83.65948440925462,Normal Operation
2219,800cdc,IGO6312,2025-12-30 07:38:20,81.00930074662955,1,81.43706475559635,Normal Operation
2220,800cdc,IGO927,2025-12-30 09:48:34,98.66155091130253,1,89.17597421170188,Normal Operation
2221,800ce4,AXB1577,2025-12-29 01:54:09,43.07724916873464,1,62.70039149033854,Normal Operation
2222,800ce4,AXB1584,2025-12-29 06:04:04,60.16221566547023,1,79.98016012926225,Normal Operation
2223,800ce4,AXB1584,2025-12-29 08:04:08,80.2714815918436,1,62.30893275431037,Normal Operation
2224,800ce4,AXB2760,2025-12-29 10:14:09,93.80976976859738,1,85.96520068880973,Normal Operation
2225,800ce4,AXB2052,2025-12-29 16:11:36,87.19336003618119,1,79.6928808198961,Normal Operation
2226,800ce4,AXB2053,2025-12-29 18:03:07,91.1959754611825,1,84.02427809894296,Normal Operation
2227,800ce4,AXB1584,2025-12-30 05:58:33,56.08184888289357,1,74.53334788161212,Normal Operation
2228,800ce4,AXB1584,2025-12-30 08:08:33,66.69848760557817,1,78.93941812345439,Normal Operation
2229,800ce4,AXB2760,2025-12-30 10:08:34,60.43436685641731,1,79.77351386539307,Normal Operation
2230,800ce8,AIC2546,2025-12-29 23:48:40,67.2723678374158,1,58.89648984265175,Normal Operation
2231,800cee,IGO397M,2025-12-29 15:51:45,59.494253446513895,1,65.67468769286822,Normal Operation
2232,800cee,IGO6641,2025-12-29 18:03:07,70.21362103130474,1,80.21300097097824,Normal Operation
2233,800cf1,VTARM,2025-12-29 16:41:44,63.75273843960626,1,74.49662668649194,Normal Operation
2234,800cf7,IGO7005,2025-12-29 07:44:01,99.07561024786057,1,70.78091953923136,Normal Operation
2235,800cf7,IGO7005,2025-12-30 07:48:33,99.37098402633556,1,72.24199830984237,Normal Operation
2236,800cf7,IGO7005,2025-12-30 09:18:35,90.6660197157026,-1,49.80310322206487,Unknown Inefficiency
2237,800cfb,IGO7197,2025-12-29 17:43:10,98.9435675670036,1,75.56730401170782,Normal Operation
2238,800cfe,AIC2787,2025-12-29 06:44:08,49.6163865081748,1,60.14785633558349,Normal Operation
2239,800cfe,AIC2247,2025-12-29 09:54:04,81.54286690642098,1,85.1984201953586,Normal Operation
2240,800cfe,AIC2248,2025-12-29 18:45:15,61.54043391449628,1,65.00068592921669,Normal Operation
2241,800cfe,AIC2884,2025-12-30 06:18:36,64.65978698409103,1,81.71427513947341,Normal Operation
2242,800cfe,AIC2884,2025-12-30 08:38:36,62.47654263180951,1,80.65425494995014,Normal Operation
2243,800cff,AIC2239,2025-12-29 09:24:04,61.59289554812712,1,79.61741552707474,Normal Operation
2244,800cff,AIC2240,2025-12-29 17:33:04,56.063017935341975,1,76.9565872199616,Normal Operation
2245,800cff,AIC2986,2025-12-30 01:48:39,63.350743059868265,1,80.77352464194152,Normal Operation
2246,800cff,AIC2535,2025-12-30 06:58:37,46.85631042086053,-1,48.13802142101437,Multiple Causes
2247,800cff,AIC2536,2025-12-30 09:48:34,57.745379406318406,1,68.99257804665105,Normal Operation
2248,800d01,IGO194,2025-12-29 06:14:08,80.35287156755976,1,86.10665709486209,Normal Operation
2249,800d01,IGO249,2025-12-29 08:34:04,70.18823151627862,1,75.7166757231379,Normal Operation
2250,800d01,IGO6279,2025-12-29 16:41:44,66.87623882689107,1,85.41284687897095,Normal Operation
2251,800d01,IGO6280,2025-12-29 18:35:17,65.59177205746604,1,83.4838059818153,Normal Operation
2252,800d03,SEJ1077,2025-12-29 06:34:06,90.71314473844456,1,65.73218295604109,Normal Operation
2253,800d03,SEJ1081,2025-12-29 10:04:07,76.58228689004889,1,73.70687604812935,Normal Operation
2254,800d03,SEJ1082,2025-12-29 16:41:44,80.34724808643759,-1,50.531358300245614,Unknown Inefficiency
2255,800d03,SEJ1077,2025-12-30 06:28:37,90.91325494621452,1,74.24627263591887,Normal Operation
2256,800d03,SEJ1081,2025-12-30 10:08:34,84.07521958182227,1,71.10638797424636,Normal Operation
2257,800d06,VTSNB,2025-12-29 15:51:45,94.6496374923625,1,75.50734760602644,Normal Operation
2258,800d08,SEJ9495,2025-12-29 10:14:09,67.58090070598689,-1,50.34448755067605,Poor Routing
2259,800d08,SEJ9615,2025-12-29 15:51:45,93.28991173875256,1,76.26468281125094,Normal Operation
2260,800d08,SEJ9614,2025-12-29 18:03:07,97.09230614483108,1,75.57698128613409,Normal Operation
2261,800d09,IGO094,2025-12-29 07:44:01,99.97363242439796,1,96.86918175934919,Normal Operation
2262,800d09,IGO658,2025-12-29 17:23:08,76.86225664416912,1,76.61908907653034,Normal Operation
2263,800d09,IGO924,2025-12-30 07:08:35,59.8124629690395,1,66.6364089632263,Normal Operation
2264,800d0f,IGO937E,2025-12-29 08:24:06,85.06526512599822,1,83.7499069756996,Normal Operation
2265,800d0f,IGO937E,2025-12-29 09:54:04,63.62944069049564,1,58.292214850497544,Normal Operation
2266,800d0f,IGO057,2025-12-29 17:43:10,99.97119619860628,1,98.17881604541226,Normal Operation
2267,800d0f,IGO060,2025-12-30 04:08:35,63.70794846253355,1,56.64682694379085,Normal Operation
2268,800d0f,IGO6431,2025-12-30 08:18:37,58.8459962757014,1,68.87004447974638,Normal Operation
2269,800d10,IGO1707,2025-12-29 00:18:37,78.15379102134837,1,54.850376880958784,Normal Operation
2270,800d10,IGO6790,2025-12-29 18:35:17,73.25208918633572,1,83.97239361625452,Normal Operation
2271,800d10,IGO2279,2025-12-30 01:58:37,74.05766812291958,1,73.06557350360313,Normal Operation
2272,800d10,IGO1151,2025-12-30 07:58:34,54.355942119520805,1,65.3490414791843,Normal Operation
2273,800d13,SEJ263,2025-12-29 07:44:01,39.02723526658488,-1,29.01224422327298,Multiple Causes
2274,800d13,SEJ254,2025-12-29 16:51:45,75.92081577162018,1,63.389621697496715,Normal Operation
2275,800d13,SEJ9911,2025-12-30 06:48:37,46.15681567065118,-1,41.84881309637872,Altitude Instability
2276,800d13,SEJ9911,2025-12-30 08:18:37,49.9142099485449,1,62.5829644282268,Normal Operation
2277,800d13,SEJ937,2025-12-30 10:18:36,67.8764686687056,1,77.0848284625572,Normal Operation
2278,800d17,SEJ2924,2025-12-29 16:51:45,99.18982561500913,1,81.87367254410901,Normal Operation
2279,800d18,SEJ2441,2025-12-29 08:14:07,96.40446911224304,1,63.21860518815806,Normal Operation
2280,800d18,SEJ9176,2025-12-29 15:51:45,92.24938954558408,1,79.07992797586613,Normal Operation
2281,800d18,SEJ9170,2025-12-29 18:03:07,98.7678829290196,1,72.82229815160358,Normal Operation
2282,800d18,SEJ2941,2025-12-30 06:48:37,91.1082786016462,1,62.18458691246386,Normal Operation
2283,800d18,SEJ2942,2025-12-30 08:58:35,80.66441229402191,1,65.05222874550137,Normal Operation
2284,800d1b,SEJ052,2025-12-29 03:54:07,65.62085070003447,1,81.20897393759729,Normal Operation
2285,800d1b,SEJ937,2025-12-29 08:24:06,54.62463051233297,1,71.7241169733363,Normal Operation
2286,800d1b,SEJ526,2025-12-29 16:51:45,73.87171659406897,1,79.69500700696912,Normal Operation
2287,800d1b,SEJ526,2025-12-29 18:13:07,87.95835648813144,1,80.61527604805849,Normal Operation
2288,800d1b,SEJ052,2025-12-30 03:58:40,71.14681568065942,1,84.191870739583,Normal Operation
2289,800d1b,SEJ937,2025-12-30 06:08:34,79.63187464063729,1,83.76255503324415,Normal Operation
2290,800d1b,SEJ937,2025-12-30 07:18:12,56.33041944737472,1,73.11604564022657,Normal Operation
2291,800d2c,IGO5245,2025-12-29 05:54:05,49.53230567182744,1,72.44265890166209,Normal Operation
2292,800d2c,IGO239P,2025-12-29 08:34:04,48.72960524451247,1,66.32284488064921,Normal Operation
2293,800d2c,IGO58MV,2025-12-29 18:13:07,76.78233171362008,1,56.93523305561973,Normal Operation
2294,800d2c,IGO274H,2025-12-30 07:38:20,50.87416399094104,1,55.46441791909251,Normal Operation
2295,800d2c,IGO539,2025-12-30 09:08:33,75.82902011163446,1,86.4251806726427,Normal Operation
2296,800d2d,IGO2774,2025-12-30 01:18:37,89.49896955540224,1,86.5160091629741,Normal Operation
2297,800d2d,IGO2774,2025-12-30 02:28:35,39.666646668764805,-1,43.41851859807404,Multiple Causes
2298,800d2d,IGO245,2025-12-30 06:08:34,62.98206935947784,1,73.76498893825388,Normal Operation
2299,800d34,IGO2109,2025-12-28 23:58:46,57.22610619131808,1,79.13970068227628,Normal Operation
2300,800d34,IGO1633,2025-12-29 07:34:07,64.62334613890236,-1,46.60791052869449,Unknown Inefficiency
2301,800d34,IGO637V,2025-12-29 18:23:08,44.804459447070656,1,59.489549782188526,Normal Operation
2302,800d34,IGO6472,2025-12-30 00:48:35,60.48670853319798,1,75.13305975596664,Normal Operation
2303,800d34,IGO6472,2025-12-30 04:38:37,86.32699548549026,1,85.18744247047184,Normal Operation
2304,800d34,IGO939,2025-12-30 06:48:37,91.63850031289098,1,86.77029656800642,Normal Operation
2305,800d36,IGO265C,2025-12-29 05:24:05,96.86498752401548,1,88.76395419415572,Normal Operation
2306,800d36,IGO375P,2025-12-29 08:14:07,59.82986593205924,1,73.70843440871192,Normal Operation
2307,800d36,IGO6571,2025-12-29 10:04:07,42.67215842764905,1,55.64953713962573,Normal Operation
2308,800d36,IGO248Y,2025-12-29 16:31:45,52.48348050589175,1,64.1369467198906,Normal Operation
2309,800d36,IGO297L,2025-12-29 18:45:15,83.3504010953451,1,84.97788977488419,Normal Operation
2310,800d36,IGO91NP,2025-12-30 06:38:36,66.10632669585216,1,77.20776803187881,Normal Operation
2311,800d36,IGO92NP,2025-12-30 08:48:37,51.25893422687746,1,74.35693565444222,Normal Operation
2312,800d37,IGO399,2025-12-29 17:43:10,99.99615262814726,1,96.90141654362402,Normal Operation
2313,800d3c,AXB2914,2025-12-29 06:54:07,71.09490270772761,1,63.40247191757765,Normal Operation
2314,800d3c,AXB2915,2025-12-29 09:14:08,67.93069879308763,1,81.85344667183529,Normal Operation
2315,800d3c,AXB2892,2025-12-29 16:41:44,54.7439409547741,1,70.00732846840833,Normal Operation
2316,800d3c,AXB2430,2025-12-29 18:03:07,70.09508016572033,1,75.64220361701211,Normal Operation
2317,800d40,AIC2758,2025-12-29 00:18:37,66.07031044645679,1,78.7366141741315,Normal Operation
2318,800d40,AIC2758,2025-12-29 02:04:07,66.72729547760115,1,83.62198160279306,Normal Operation
2319,800d40,AIC2441,2025-12-29 16:11:36,80.18974824499598,1,61.86371246554597,Normal Operation
2320,800d40,AIC2499,2025-12-30 06:18:36,65.88800950565172,1,72.23085477015454,Normal Operation
2321,800d40,AIC2500,2025-12-30 08:28:35,71.6401405458107,1,82.10510985415871,Normal Operation
2322,800d41,AIC2377,2025-12-28 23:48:41,55.21986293368731,1,67.97010017271347,Normal Operation
2323,800d41,AIC215,2025-12-29 05:14:08,44.93859757474652,-1,54.8178241183921,Multiple Causes
2324,800d41,AIC216,2025-12-29 08:04:08,69.04263746616323,1,73.42523356363482,Normal Operation
2325,800d41,AIC218,2025-12-29 15:51:45,56.22654304752763,1,66.74441217179161,Normal Operation
2326,800d41,AIC237,2025-12-29 17:53:07,82.61070075301947,1,74.42307870676255,Normal Operation
2327,800d41,AIC238,2025-12-29 23:28:38,80.42655546998532,-1,33.35078863884842,Holding Pattern
2328,800d41,AIC2378,2025-12-30 02:48:39,86.1829985488471,-1,47.22763709027907,Unknown Inefficiency
2329,800d41,AIC2379,2025-12-30 10:08:34,99.93807554360365,1,97.29078872405748,Normal Operation
2330,800d52,LLR771,2025-12-29 18:03:07,97.64312357830067,1,64.05468046978098,Normal Operation
2331,800d6a,IGO7226,2025-12-29 18:23:08,98.8057628947034,1,67.11178859907646,Normal Operation
2332,800d6a,IGO2KC,2025-12-30 06:38:36,96.10954368761254,1,69.8041707112345,Normal Operation
2333,800d6a,IGO5LY,2025-12-30 08:58:35,97.17299313954364,1,70.6709188263291,Normal Operation
2334,800d7a,SEJ250,2025-12-29 00:08:45,38.60794183070796,-1,40.209060637267285,Multiple Causes
2335,800d7a,SEJ251,2025-12-29 04:04:06,87.52200743740025,-1,52.798815571037196,Unknown Inefficiency
2336,800d7a,SEJ251,2025-12-30 03:48:37,78.73214685093237,1,62.96206957537049,Normal Operation
2337,800d8b,AXB240,2025-12-29 06:04:04,91.03445062997388,1,82.38434151232543,Normal Operation
2338,800d8b,AXB2143,2025-12-29 09:34:05,99.98175725036,1,92.12839371959002,Normal Operation
2339,800d8b,AXB2143,2025-12-30 08:48:37,99.88832765485468,1,95.13561815981637,Normal Operation
2340,800da0,AIC1804,2025-12-29 00:18:37,51.57474314436347,-1,51.067004080266955,Altitude Instability
2341,800da0,AIC3423,2025-12-29 07:24:06,65.5502880888326,1,66.7975415851271,Normal Operation
2342,800da0,AIC1802,2025-12-29 23:28:38,60.32110771087653,1,67.85636960890824,Normal Operation
2343,800da0,AIC1771,2025-12-30 09:28:35,57.00417801127462,1,66.62601928199274,Normal Operation
2344,800da2,SEJ9614,2025-12-30 04:38:37,70.86437678931892,1,78.73099391844083,Normal Operation
2345,800da2,SEJ141,2025-12-30 07:58:34,61.498259207905406,1,76.38732655007557,Normal Operation
2346,800da2,SEJ186,2025-12-30 10:08:34,85.12996246486082,1,85.87045985926349,Normal Operation
2347,800daf,AIC1729,2025-12-29 06:34:06,53.56911411690364,1,66.62374791041272,Normal Operation
2348,800daf,AIC1812,2025-12-29 09:54:04,63.22213695744574,1,81.30028758952865,Normal Operation
2349,800daf,AIC1757,2025-12-29 15:51:45,88.4083521394243,1,70.51582315789031,Normal Operation
2350,800daf,AIC1869,2025-12-29 17:13:08,82.60772260171447,-1,52.79343165232077,Unknown Inefficiency
2351,800daf,AIC495,2025-12-30 09:58:35,69.97040580960783,-1,43.12295681286226,Speed Instability
2352,800db0,AIC1725,2025-12-29 05:44:09,48.00597123322496,1,60.354215995795336,Normal Operation
2353,800db0,AIC1860,2025-12-29 08:54:06,64.5883716910518,1,68.50608060268341,Normal Operation
2354,800db0,AIC1859,2025-12-29 18:45:15,94.37283406756023,1,86.86343178045,Normal Operation
2355,800db0,AIC1821,2025-12-29 23:28:38,82.30963578568878,1,59.82796735108359,Normal Operation
2356,800db2,IGO3EP,2025-12-29 08:34:04,93.34691917158332,1,70.34982283512659,Normal Operation
2357,800db2,IGO3EP,2025-12-30 09:38:37,91.09056226356589,1,61.5266501250352,Normal Operation
2358,800dba,IGO2447,2025-12-29 06:14:08,87.15291720265999,1,86.000451375972,Normal Operation
2359,800dba,IGO376E,2025-12-29 08:34:04,39.61851273789019,-1,48.16425288133897,Multiple Causes
2360,800dba,IGO553W,2025-12-29 10:14:09,40.11713936627697,1,58.58256600294646,Normal Operation
2361,800dba,IGO7317,2025-12-29 16:21:38,93.57597076796232,1,76.6576399339923,Normal Operation
2362,800dba,IGO7251,2025-12-29 18:13:07,71.2054267989666,1,71.62839038550054,Normal Operation
2363,800dba,IGO553W,2025-12-30 08:58:35,56.81283746982983,1,73.32552642496054,Normal Operation
2364,80138d,AXB2739,2025-12-29 01:54:09,65.70008604033478,1,77.343167892855,Normal Operation
2365,80138d,AXB2115,2025-12-29 07:04:08,81.16895380247365,1,79.38511201689111,Normal Operation
2366,801396,AIC2897,2025-12-29 06:04:04,93.3047940072991,1,71.32744354918053,Normal Operation
2367,801396,AIC2867,2025-12-29 18:03:07,62.53980273774417,1,76.47154423186342,Normal Operation
2368,801396,AIC2433,2025-12-30 00:18:35,81.51808266443399,1,66.25726577787653,Normal Operation
2369,801396,AIC2422,2025-12-30 03:08:38,56.575120238279965,1,72.90519004232894,Normal Operation
2370,80139b,AIC2845,2025-12-29 07:14:05,68.28794554604163,1,80.26289732232743,Normal Operation
2371,80139b,AIC2846,2025-12-29 10:24:06,75.78460438229808,1,74.59186854535932,Normal Operation
2372,80139b,AIC2472,2025-12-29 17:23:08,66.81342088141658,1,66.53277553980554,Normal Operation
2373,80139b,AIC2909,2025-12-30 00:48:35,78.61023415250533,1,87.70057900122352,Normal Operation
2374,80139b,AIC2906,2025-12-30 07:08:35,56.43618930628457,1,71.7333774344914,Normal Operation
2375,80139b,AIC2963,2025-12-30 09:08:33,47.58059757389494,1,69.51345457492917,Normal Operation
2376,80139e,AIC2851,2025-12-29 08:14:07,57.20811183394747,1,72.48682085471094,Normal Operation
2377,80139e,AIC2944,2025-12-29 16:11:36,65.7322525152394,1,82.59430397748721,Normal Operation
2378,80139e,AIC2284,2025-12-30 03:38:37,49.53399695241808,1,74.67013389634265,Normal Operation
2379,8013a3,AIC2204,2025-12-29 03:24:06,99.99446697437796,1,98.7574171867272,Normal Operation
2380,8013a3,AIC2626,2025-12-29 08:34:04,62.43688110073522,1,78.2936345838337,Normal Operation
2381,8013a3,AIC2854,2025-12-29 18:13:07,94.21528947675654,1,88.27412961046616,Normal Operation
2382,8013a3,AIC2832,2025-12-30 08:48:37,55.16744233164219,1,71.11873184266629,Normal Operation
2383,8013a4,AIC2428,2025-12-29 08:34:04,65.10591415091181,-1,51.84838299086841,Speed Instability
2384,8013a4,AIC2428,2025-12-29 09:44:08,60.89795801359833,1,68.42252037377226,Normal Operation
2385,8013a4,AIC2459,2025-12-29 18:13:07,95.2543814311691,1,82.7130630041594,Normal Operation
2386,8013ae,IGO063,2025-12-29 03:24:06,66.98597985200185,1,63.70533301984489,Normal Operation
2387,8013ae,IGO064,2025-12-29 17:01:38,58.95803956490188,1,68.57402737895865,Normal Operation
2388,8013ae,IGO063,2025-12-30 01:08:40,73.8059888414609,1,71.905204412412,Normal Operation
2389,8013b2,AIC2832,2025-12-29 08:54:06,54.49575409003891,1,71.42040879243734,Normal Operation
2390,8013b2,AIC2759,2025-12-29 18:13:07,92.72729691019288,1,89.92180875288747,Normal Operation
2391,8013b2,AIC2437,2025-12-30 03:58:40,94.10415153409576,1,89.31739472907937,Normal Operation
2392,8013b2,AIC2437,2025-12-30 05:08:39,76.514972382745,-1,49.71043074859169,Unknown Inefficiency
2393,8013b2,AIC2851,2025-12-30 08:28:35,64.00192321600244,1,80.1266494021024,Normal Operation
2394,8013c3,AIC2026,2025-12-29 03:24:06,54.99530087309801,1,68.16255988111804,Normal Operation
2395,8013c6,IGO6926,2025-12-29 01:34:05,82.98747321298171,1,76.5350030365928,Normal Operation
2396,8013c6,IGO6926,2025-12-29 02:44:02,51.74516920601761,1,71.24486500568702,Normal Operation
2397,8013c6,IGO73VC,2025-12-29 09:34:05,89.65880886669486,1,89.9410886571242,Normal Operation
2398,8013c6,IGO82RM,2025-12-29 16:01:36,55.34609972421865,1,73.96621164997114,Normal Operation
2399,8013c6,IGO867W,2025-12-30 00:18:35,56.110369249100096,-1,51.33655612322881,Unknown Inefficiency
2400,8013c6,IGO749L,2025-12-30 08:58:35,85.30585299975375,1,71.90922785235219,Normal Operation
2401,8013c8,IGO1804,2025-12-29 07:44:01,56.39895216244477,1,73.94194328248598,Normal Operation
2402,8013c8,IGO1153,2025-12-29 10:14:09,54.00351730947574,1,57.305474073379145,Normal Operation
2403,8013c8,IGO1808,2025-12-30 06:18:36,45.25566879256543,1,71.73787505346517,Normal Operation
2404,8013c8,IGO5104,2025-12-30 09:38:37,62.1297569130674,1,62.718389398727226,Normal Operation
2405,8013c9,IGO104,2025-12-29 16:01:36,99.9956849901597,1,96.25941828423544,Normal Operation
2406,8013c9,IGO1238,2025-12-30 09:28:35,54.47513379134811,1,67.58719016917739,Normal Operation
2407,8013cb,IGO1268,2025-12-29 03:04:06,62.75254035978956,1,59.772975528027445,Normal Operation
2408,8013cb,IGO1131,2025-12-29 05:44:09,56.10283309210418,1,68.56315992248783,Normal Operation
2409,8013cb,IGO1134,2025-12-29 10:14:09,60.8959503242531,1,71.88988968142841,Normal Operation
2410,8013cb,IGO6223,2025-12-29 17:13:08,63.41927882740797,1,80.52127632687855,Normal Operation
2411,8013cb,IGO242M,2025-12-29 18:45:15,85.1291924139229,1,81.32482468619575,Normal Operation
2412,8013cb,IGO764J,2025-12-30 06:58:37,85.60970220353661,1,81.20735827395448,Normal Operation
2413,8013cb,IGO6009,2025-12-30 08:48:37,68.85727213147888,1,79.48220714910428,Normal Operation
2414,8013cc,AIC2768,2025-12-29 16:11:36,78.2146004422807,1,69.64740338592802,Normal Operation
2415,8013ce,IGO3478,2025-12-29 09:24:04,57.521324884514485,1,74.82593415882504,Normal Operation
2416,8013ce,IGO6676,2025-12-29 15:51:45,81.67799895493135,1,85.80608090632954,Normal Operation
2417,8013ce,IGO6676,2025-12-29 17:13:08,78.22831838274575,1,56.51530098624373,Normal Operation
2418,8013ce,IGO5161,2025-12-30 06:28:37,61.97407877601221,-1,52.39442761740254,Speed Instability
2419,8013ce,IGO6551,2025-12-30 09:18:35,68.65950360445964,1,56.11004658317541,Normal Operation
2420,8013cf,IGO233P,2025-12-29 06:44:08,82.999299196372,1,83.57472461961345,Normal Operation
2421,8013cf,IGO233P,2025-12-29 08:34:04,69.88675325207988,1,67.9954315948299,Normal Operation
2422,8013cf,IGO223,2025-12-29 18:13:07,77.61958911107797,1,79.23709203644852,Normal Operation
2423,8013d5,IGO377W,2025-12-28 23:48:41,96.88336562512178,1,90.29570131032239,Normal Operation
2424,8013d5,IGO6494,2025-12-29 06:44:08,42.2667370379158,1,66.88947067093197,Normal Operation
2425,8013d5,IGO6513,2025-12-29 08:24:06,48.72181451636797,1,66.7274740166208,Normal Operation
2426,8013d5,IGO473M,2025-12-29 18:35:17,74.38514231461895,1,86.34029222996726,Normal Operation
2427,8013d5,IGO107V,2025-12-30 00:08:41,39.76164076733637,1,59.50001212502519,Normal Operation
2428,8013d5,IGO699J,2025-12-30 04:48:37,49.69083299221511,1,70.51982817100702,Normal Operation
2429,8013d5,IGO699J,2025-12-30 06:48:37,53.90176534470131,1,69.90121774761464,Normal Operation
2430,8013d6,AIC2202,2025-12-29 23:28:38,58.63964509309727,1,66.50464844583082,Normal Operation
2431,8013d6,AIC2930,2025-12-30 08:58:35,62.57256652350917,1,72.22219595490677,Normal Operation
2432,8013d8,IGO530F,2025-12-29 06:24:05,66.63655163768543,1,75.71077191109507,Normal Operation
2433,8013d8,IGO646F,2025-12-29 09:04:08,65.30521756292094,1,72.24471696127549,Normal Operation
2434,8013d8,IGO41F,2025-12-30 03:18:38,69.34249176132067,1,70.556915170846,Normal Operation
2435,8013d8,IGO907,2025-12-30 08:18:37,67.98880262140754,1,78.65947208011066,Normal Operation
2436,8013d8,IGO907,2025-12-30 09:28:35,51.24792065545991,-1,51.84461352328866,Altitude Instability
2437,8013da,IGO6252,2025-12-29 00:38:36,73.07372349975557,-1,46.596938273556724,Poor Routing
2438,8013da,IGO9056,2025-12-29 09:44:08,79.56280071594023,1,79.77049697195723,Normal Operation
2439,8013da,IGO6015,2025-12-29 16:31:45,62.92499086525128,1,82.31698409266802,Normal Operation
2440,8013da,IGO1439,2025-12-30 10:08:34,77.45775472022272,1,84.71248348406009,Normal Operation
2441,8013db,IGO751E,2025-12-29 18:23:08,98.16608599923282,1,86.23610026942407,Normal Operation
2442,8013db,IGO27C,2025-12-29 23:38:34,99.86955436019898,1,93.91675028947324,Normal Operation
2443,8013db,IGO1496,2025-12-30 06:18:36,99.83116409858482,1,96.95521479766423,Normal Operation
2444,8013dc,IGO79AE,2025-12-29 06:34:06,59.24332227328489,1,80.87238317302963,Normal Operation
2445,8013dc,IGO259U,2025-12-29 09:14:08,66.37545060801526,1,57.877110095980306,Normal Operation
2446,8013dc,IGO6379,2025-12-29 16:11:36,57.464664043581536,1,63.211537714765285,Normal Operation
2447,8013dc,IGO86KN,2025-12-29 18:35:17,98.30926535637806,1,91.70156790127561,Normal Operation
2448,8013dc,IGO6550,2025-12-29 23:38:34,68.03953032418107,-1,54.67496707242585,Unknown Inefficiency
2449,8013dc,IGO364,2025-12-30 07:28:36,41.59733639005039,1,63.32335778951432,Normal Operation
2450,8013df,IGO6497,2025-12-29 09:34:05,99.72240304137271,1,93.0659439618759,Normal Operation
2451,8013df,IGO347J,2025-12-29 16:41:44,99.86428823344002,1,94.33045290705192,Normal Operation
2452,8013df,IGO257P,2025-12-30 05:48:34,67.03832033814459,1,80.53021190226393,Normal Operation
2453,8013df,IGO6629,2025-12-30 07:38:20,77.67607835363452,1,85.654350180921,Normal Operation
2454,8013df,IGO904,2025-12-30 09:38:37,91.0923628760152,1,72.4559504132138,Normal Operation
2455,8013e2,IGO6469,2025-12-29 00:08:45,52.53886029880556,1,65.48677056231236,Normal Operation
2456,8013e2,IGO201,2025-12-29 10:24:06,58.69601311583175,1,63.32798363950128,Normal Operation
2457,8013e2,IGO6344,2025-12-29 16:01:36,59.20817414664194,1,73.4990739885401,Normal Operation
2458,8013e2,IGO516K,2025-12-30 02:38:38,69.58585035943292,1,66.87438762279118,Normal Operation
2459,8013e2,IGO2447,2025-12-30 05:48:34,86.60026031521879,1,86.9689168509559,Normal Operation
2460,8013e2,IGO376E,2025-12-30 08:18:37,39.446937484780605,-1,46.613603103483705,Multiple Causes
2461,8013e2,IGO35LM,2025-12-30 09:58:35,61.29311209171347,1,79.95479694849182,Normal Operation
2462,8013e4,IGO7304,2025-12-30 09:18:35,86.68048211183131,1,57.10871819081861,Normal Operation
2463,8013e5,IGO2773,2025-12-28 23:48:41,63.414298145620535,1,69.94037163590828,Normal Operation
2464,8013e5,IGO2262,2025-12-29 05:44:09,60.46997253429859,1,67.66833328952782,Normal Operation
2465,8013e5,IGO6265,2025-12-29 09:14:08,78.32117636846841,1,63.319171605379594,Normal Operation
2466,8013e5,IGO244Y,2025-12-29 16:31:45,93.00662948681608,1,80.62183948794792,Normal Operation
2467,8013e5,IGO321C,2025-12-29 18:45:15,99.96787443501556,1,98.16827638189915,Normal Operation
2468,8013e5,IGO501N,2025-12-29 23:58:37,65.00497043421598,1,58.33137022120698,Normal Operation
2469,8013ea,AIC2605,2025-12-29 07:04:08,71.03100070156994,1,71.02925471267295,Normal Operation
2470,8013ea,AIC2606,2025-12-29 09:44:08,93.60378876144485,1,84.09819697861549,Normal Operation
2471,8013ea,AIC2596,2025-12-29 18:03:07,71.50866889947062,-1,52.29451901670152,Poor Routing
2472,8013ea,AIC2699,2025-12-29 23:38:34,68.9238085902943,1,76.64666262390489,Normal Operation
2473,8013ed,AIC2437,2025-12-29 00:08:45,78.59873577599032,-1,47.257215285747094,Unknown Inefficiency
2474,8013ed,AIC2928,2025-12-29 08:04:08,50.66264170325851,1,65.01524340615438,Normal Operation
2475,8013ed,AIC2116,2025-12-29 23:28:38,91.55515143175342,1,55.188229357683085,Normal Operation
2476,8013f3,IGO898,2025-12-29 07:44:01,63.20411978878383,1,67.07745929706053,Normal Operation
2477,8013f3,IGO860,2025-12-29 09:54:04,65.18691896641444,1,72.53068853164051,Normal Operation
2478,8013f3,IGO818,2025-12-29 17:23:08,62.27908233030375,1,81.39600928842222,Normal Operation
2479,8013f3,IGO211,2025-12-30 06:58:37,88.54141401612273,1,84.86307683663946,Normal Operation
2480,8013f6,IGO55V,2025-12-29 07:14:05,45.71822662591035,1,67.43334230029564,Normal Operation
2481,8013f6,IGO629,2025-12-29 16:01:36,77.0461278324411,1,66.23825538030566,Normal Operation
2482,8013f6,IGO417E,2025-12-29 18:25:18,68.87871826181912,1,83.14972149341529,Normal Operation
2483,8013f6,IGO55V,2025-12-30 07:08:35,51.7736165091948,1,55.24934165371666,Normal Operation
2484,8013f8,IGO406F,2025-12-29 07:04:08,46.00113361438201,1,67.45195977504176,Normal Operation
2485,8013f8,IGO6604,2025-12-29 15:51:45,70.36435401851395,1,69.10842293614431,Normal Operation
2486,8013f8,IGO61F,2025-12-30 00:08:41,99.69620893051469,1,94.79459468968012,Normal Operation
2487,8013f8,IGO1440,2025-12-30 07:48:33,61.71820712096882,1,82.3852246342123,Normal Operation
2488,8013fb,IGO1655,2025-12-29 02:14:08,70.30317471224802,1,65.06412601845825,Normal Operation
2489,8013fb,IGO1656,2025-12-29 07:14:05,99.9626401206801,1,98.5877416085557,Normal Operation
2490,8013fb,IGO1656,2025-12-29 08:14:07,50.06618055642999,1,69.39793927426996,Normal Operation
2491,8013fb,IGO35LM,2025-12-29 10:04:07,72.66730677691402,1,78.378436660557,Normal Operation
2492,8013fb,IGO567K,2025-12-29 16:51:45,95.9183646057012,1,83.94629884952411,Normal Operation
2493,8013fb,IGO567K,2025-12-29 18:35:17,92.13029566566512,1,75.79754582265628,Normal Operation
2494,8013fb,IGO6977,2025-12-30 06:48:37,92.07711220380988,1,89.86994655231578,Normal Operation
2495,8013fb,IGO95JE,2025-12-30 08:48:37,99.14039807122892,1,93.29674007430827,Normal Operation
2496,8013fc,IGO1273,2025-12-30 00:28:37,99.95160576083144,1,98.81700006147055,Normal Operation
2497,8013fc,IGO43C,2025-12-30 06:28:37,99.98949324028268,1,95.7780915511947,Normal Operation
2498,8013fd,IGO6129,2025-12-29 01:34:05,68.4287096686963,-1,39.12197954009861,Speed Instability
2499,8013fd,IGO721,2025-12-29 05:34:08,73.12062877654442,1,60.587497047505245,Normal Operation
2500,8013fd,IGO490,2025-12-29 17:13:08,69.0667113834869,1,70.20952844037198,Normal Operation
2501,8013fd,IGO571E,2025-12-29 23:28:38,77.45285894457434,1,85.23353419026047,Normal Operation
2502,8013fd,IGO1425,2025-12-30 06:08:34,87.00804922590761,1,90.15666129716485,Normal Operation
2503,8013fe,AIC2844,2025-12-29 09:34:05,72.65408323914096,-1,37.0885709565911,Holding Pattern
2504,8013fe,AIC2776,2025-12-30 02:38:38,60.69853668314052,1,67.35223668195351,Normal Operation
2505,8013fe,AIC2943,2025-12-30 07:38:20,67.04233559393822,1,77.83604942740627,Normal Operation
2506,8013fe,AIC2943,2025-12-30 08:58:35,80.81934213916294,-1,51.72213709500255,Unknown Inefficiency
2507,801402,IGO93F,2025-12-29 04:24:05,68.7835488423851,1,76.22505561898271,Normal Operation
2508,801403,AXB198,2025-12-29 02:54:07,51.75073423316356,1,58.85945267824299,Normal Operation
2509,801403,AXB871,2025-12-30 08:18:37,69.1159351146832,1,80.30378469494134,Normal Operation
2510,801404,IGO672P,2025-12-29 17:13:08,82.53430033569234,1,73.95508215950089,Normal Operation
2511,801404,IGO107Y,2025-12-30 10:18:36,98.31625279621215,1,89.58358607543653,Normal Operation
2512,801405,IGO2343,2025-12-29 03:54:07,65.85905951675863,1,81.05445894439944,Normal Operation
2513,801405,IGO6763,2025-12-29 06:44:08,77.51198934856154,1,80.71094350181853,Normal Operation
2514,801405,IGO6763,2025-12-29 07:54:02,56.36780241033663,1,67.24446745613312,Normal Operation
2515,801405,IGO6748,2025-12-29 09:34:05,47.15004423507341,1,66.22848674618605,Normal Operation
2516,801405,IGO6383,2025-12-29 15:51:45,73.87380159475806,1,71.01682220825371,Normal Operation
2517,801405,IGO794H,2025-12-29 18:03:07,78.3031854139594,1,83.56929136898327,Normal Operation
2518,801405,IGO625W,2025-12-30 01:08:40,67.05960533970477,1,76.07726071820197,Normal Operation
2519,801405,IGO264N,2025-12-30 04:28:41,72.5147145361355,1,78.82971574383743,Normal Operation
2520,801405,IGO264N,2025-12-30 05:38:33,56.53202906679356,1,79.39736213694349,Normal Operation
2521,801405,IGO5022,2025-12-30 07:48:33,72.79716031074523,1,77.65392487384784,Normal Operation
2522,801406,AIC2030,2025-12-29 09:04:08,59.03390335922813,1,64.98568620769647,Normal Operation
2523,801406,AIC2030,2025-12-30 08:58:35,55.58442655564359,1,68.57904357073787,Normal Operation
2524,801408,AIC2439,2025-12-29 00:18:37,77.95452254218146,1,84.33104819054817,Normal Operation
2525,801408,AIC2439,2025-12-29 01:34:05,64.89519201420498,1,70.16812582151864,Normal Operation
2526,801408,AIC2789,2025-12-29 10:24:06,84.61134118508954,1,85.17212357027387,Normal Operation
2527,801408,AIC2849,2025-12-29 18:03:07,70.7752628057913,1,71.20442336253159,Normal Operation
2528,801408,AIC2452,2025-12-30 05:08:39,46.87592390081445,1,66.43098454853151,Normal Operation
2529,801409,AIC2403,2025-12-29 16:21:38,73.10545603603802,1,68.27122139518195,Normal Operation
2530,801409,AIC2403,2025-12-29 18:23:08,94.11358912544183,1,78.42600846978179,Normal Operation
2531,801409,AIC2708,2025-12-29 23:28:38,80.91582554430282,-1,39.93004192834899,Unknown Inefficiency
2532,801409,AIC2525,2025-12-30 06:18:36,61.95745721818315,1,66.11374615411617,Normal Operation
2533,80140a,IGO5002,2025-12-29 06:04:04,52.05980534192595,1,69.88130119053116,Normal Operation
2534,80140a,IGO5167,2025-12-29 08:24:06,70.34822661060332,1,64.24639390247597,Normal Operation
2535,80140a,IGO752E,2025-12-30 06:08:34,40.370723905629774,1,57.35214718138362,Normal Operation
2536,80140b,IGO495,2025-12-29 08:34:04,81.39115868556037,1,65.79062417377496,Normal Operation
2537,80140b,IGO644H,2025-12-29 17:33:04,61.55713107815869,1,72.81996807300608,Normal Operation
2538,80140e,AXB866,2025-12-29 05:04:06,57.98364995195941,1,75.48692167206217,Normal Operation
2539,80140e,AXB2507,2025-12-29 18:23:08,78.15099733900288,-1,53.121489850952514,Poor Routing
2540,80140e,AXB2024,2025-12-29 23:48:40,73.0088840700656,1,62.7334524396585,Normal Operation
2541,801410,IGO103Y,2025-12-29 08:44:04,87.18461320006688,1,68.5813319250426,Normal Operation
2542,801410,IGO331K,2025-12-29 15:51:45,98.44987432099616,1,89.1068161367566,Normal Operation
2543,801411,IGO54F,2025-12-29 01:34:05,58.159394468951824,1,80.47714486166794,Normal Operation
2544,801411,IGO53V,2025-12-29 17:23:08,69.62211820352081,1,76.62930446132975,Normal Operation
2545,801411,IGO6627,2025-12-29 23:28:38,64.1462104262132,1,81.45402900367803,Normal Operation
2546,801414,IGO7351,2025-12-29 09:44:08,93.61501643094758,1,55.51668645914672,Normal Operation
2547,801414,IGO7505,2025-12-29 16:21:38,94.4461272934027,1,68.99775013800219,Normal Operation
2548,801414,IGO7505,2025-12-29 17:53:07,98.12659995481935,1,69.37199389723204,Normal Operation
2549,801414,IGO7351,2025-12-30 09:48:34,92.38896163231304,1,57.86858786335743,Normal Operation
2550,801415,IGO7WP,2025-12-29 08:44:04,99.18423904417892,1,68.24731514631561,Normal Operation
2551,801415,IGO8YK,2025-12-29 17:13:08,86.96786302657249,1,64.38802568795867,Normal Operation
2552,801415,IGO7WP,2025-12-30 08:48:37,99.04580738652528,1,66.89300009437007,Normal Operation
2553,80141c,IGO704,2025-12-29 10:04:07,56.78775247716573,1,68.60683838795651,Normal Operation
2554,80141c,IGO236,2025-12-30 05:18:34,72.19798220655098,1,85.02595472385491,Normal Operation
2555,80141c,IGO6241,2025-12-30 07:38:20,79.16047747034224,1,84.33989047629598,Normal Operation
2556,80141d,AIC2183,2025-12-29 08:24:06,90.02041112857128,1,86.59971890410183,Normal Operation
2557,80141d,AIC2183,2025-12-29 09:44:08,39.03257538893493,1,56.05121217920689,Normal Operation
2558,80141d,AIC2217,2025-12-29 17:01:38,56.67065716385048,1,68.40716091006054,Normal Operation
2559,80141d,AIC2218,2025-12-29 23:48:40,52.30752817307981,1,64.8638946967139,Normal Operation
2560,80141d,AIC2928,2025-12-30 07:58:34,53.04666513094188,1,68.9624732108555,Normal Operation
2561,80141d,AIC2927,2025-12-30 10:08:34,87.31944878975861,1,85.17196812383341,Normal Operation
2562,80141e,AIC2810,2025-12-29 07:54:02,55.455151985842434,1,70.17241862304004,Normal Operation
2563,80141e,AIC2955,2025-12-29 18:35:17,90.74101243698684,1,86.80254216762154,Normal Operation
2564,80141e,AIC2988,2025-12-29 23:28:38,77.50648471092241,-1,47.57003090143693,Poor Routing
2565,80141e,AIC2757,2025-12-30 02:18:37,91.75567800222456,1,88.17136319939233,Normal Operation
2566,80141e,AIC2757,2025-12-30 03:48:37,65.75458805041606,1,82.79663772837966,Normal Operation
2567,80141e,AIC2810,2025-12-30 07:58:34,62.76185473133083,1,68.78015422200681,Normal Operation
2568,80141e,AIC2467,2025-12-30 10:18:36,52.50811896562142,1,69.57324663931601,Normal Operation
2569,80141f,IGO709M,2025-12-28 23:48:41,73.59930334498543,1,80.50985185388795,Normal Operation
2570,80141f,IGO413K,2025-12-29 07:24:06,62.28850614351822,1,60.64937765209965,Normal Operation
2571,80141f,IGO547J,2025-12-29 10:14:09,75.89900478314291,1,56.22876217336263,Normal Operation
2572,80141f,IGO559,2025-12-29 16:01:36,76.501970235655,1,61.95868715024813,Normal Operation
2573,80141f,IGO567,2025-12-30 05:38:33,94.4102872498524,1,89.38313320438661,Normal Operation
2574,80141f,IGO5297,2025-12-30 07:28:36,57.824793659046726,1,72.80881135507114,Normal Operation
2575,80141f,IGO42PW,2025-12-30 09:08:33,39.57434431139715,1,61.08579814917151,Normal Operation
2576,801421,IGO35N,2025-12-29 00:28:46,99.99269023294764,1,97.80265683639145,Normal Operation
2577,801422,IGO2491,2025-12-29 05:14:08,42.90296981932438,1,57.17932675403364,Normal Operation
2578,801422,IGO212K,2025-12-29 07:14:05,62.91873079871918,1,74.4113276812014,Normal Operation
2579,801422,IGO2491,2025-12-30 05:28:36,52.040195496575166,1,69.99997020597709,Normal Operation
2580,801422,IGO212K,2025-12-30 07:08:35,57.964755926781166,1,76.71814495927133,Normal Operation
2581,801424,AIC2571,2025-12-29 06:54:07,93.39253035328984,1,88.2243302844004,Normal Operation
2582,801424,AIC2762,2025-12-29 17:13:08,88.35638003957376,1,68.66388773970912,Normal Operation
2583,801424,AIC2844,2025-12-30 09:28:35,65.92518902377611,-1,54.44950031309992,Unknown Inefficiency
2584,801427,IGO6149,2025-12-29 18:03:07,55.7487507072193,1,74.61423018496048,Normal Operation
2585,801427,IGO704,2025-12-30 09:58:35,56.20226923720944,1,68.56671062291564,Normal Operation
2586,801428,IGO327F,2025-12-28 23:48:41,45.77736601531702,1,64.4050179255439,Normal Operation
2587,801428,IGO754E,2025-12-29 01:34:05,64.83965392951342,1,75.09657336718526,Normal Operation
2588,801428,IGO749L,2025-12-29 09:14:08,80.14063565880635,1,61.03724146219645,Normal Operation
2589,801428,IGO813F,2025-12-29 15:51:45,60.91601529990895,1,60.763794845628745,Normal Operation
2590,801428,IGO485H,2025-12-29 18:45:15,99.97136950810678,1,95.00131647424548,Normal Operation
2591,801428,IGO541,2025-12-29 23:28:38,94.78333138719198,1,87.85432308174136,Normal Operation
2592,801428,IGO110J,2025-12-30 02:48:39,68.06747093381188,1,84.66625198153672,Normal Operation
2593,801428,IGO194,2025-12-30 06:18:36,81.3507622057025,1,88.27007935883829,Normal Operation
2594,801428,IGO249,2025-12-30 08:28:35,63.19062248658082,1,80.23801818701338,Normal Operation
2595,80142a,IGO22Q,2025-12-29 03:44:06,90.66900301790464,1,82.57482133020252,Normal Operation
2596,80142a,IGO45H,2025-12-29 17:23:08,76.46194537102275,1,84.30186762697464,Normal Operation
2597,80142a,IGO54F,2025-12-30 01:48:39,62.27715795839735,1,83.19962663093666,Normal Operation
2598,80142a,IGO6497,2025-12-30 09:38:37,98.86436842821276,1,88.68675113870849,Normal Operation
2599,80142b,IGO6650,2025-12-29 07:44:01,50.07107621793435,-1,47.11739887594634,Altitude Instability
2600,80142b,IGO381V,2025-12-29 10:24:06,96.18995650954474,1,86.65146078779648,Normal Operation
2601,80142b,IGO236W,2025-12-29 16:21:38,70.8776429068152,1,67.6553639520822,Normal Operation
2602,80142b,IGO89HL,2025-12-29 23:28:38,60.79945804498695,1,72.20340754018707,Normal Operation
2603,80142b,IGO742Y,2025-12-30 08:08:33,60.690239150047546,1,83.19046715105553,Normal Operation
2604,801431,IGO62P,2025-12-29 02:34:07,99.9883130314492,1,97.10586914144625,Normal Operation
2605,801431,IGO36H,2025-12-29 09:04:08,91.47775575703504,1,74.60785532138347,Normal Operation
2606,801431,IGO6647,2025-12-29 23:48:40,76.17139545166891,1,74.33139535106305,Normal Operation
2607,801431,IGO693E,2025-12-30 06:38:36,85.7763051368995,1,87.04347122975595,Normal Operation
2608,801431,IGO460F,2025-12-30 08:48:37,87.63042173327501,1,82.08953668874324,Normal Operation
2609,801432,IGO2116,2025-12-29 09:44:08,99.99024458911144,1,94.46614954815583,Normal Operation
2610,801432,IGO241F,2025-12-30 08:28:35,47.584496643408265,1,66.59913443362161,Normal Operation
2611,801434,IGO63W,2025-12-29 02:44:02,99.85535826593406,1,95.0412961826041,Normal Operation
2612,801435,AXB1507,2025-12-29 16:01:36,90.54597655942734,1,88.79598860038878,Normal Operation
2613,801435,AXB866,2025-12-30 04:18:35,61.78097723286578,1,74.33094341119286,Normal Operation
2614,801439,AIC2971,2025-12-29 16:11:36,75.91342036099269,1,85.13657298532515,Normal Operation
2615,801439,AIC2971,2025-12-29 17:23:08,62.16440451919384,1,79.77276854623835,Normal Operation
2616,801439,AIC2727,2025-12-29 23:58:37,47.06724270106296,-1,52.52922070197578,Multiple Causes
2617,801439,AIC2778,2025-12-30 08:28:35,73.61571353901786,1,62.3283594982932,Normal Operation
2618,80143a,AIC2107,2025-12-29 10:24:06,71.72719047595983,1,77.24244544415744,Normal Operation
2619,80143a,AIC2105,2025-12-30 01:28:36,89.48747739852469,1,83.27112335341684,Normal Operation
2620,80143d,VTSSK,2025-12-29 07:54:02,81.64009829755796,1,79.97838351291821,Normal Operation
2621,80143d,VTSSK,2025-12-29 23:28:38,76.84380891972503,1,64.97260833004309,Normal Operation
2622,801441,AIC1771,2025-12-29 08:04:08,53.07745983836918,1,75.16928596718428,Normal Operation
2623,801441,AIC1840,2025-12-29 10:24:06,91.09149625072496,1,82.66441798641256,Normal Operation
2624,801441,AIC1897,2025-12-29 16:41:44,54.735052455756815,-1,49.63602920089547,Unknown Inefficiency
2625,801441,AIC1729,2025-12-30 06:48:37,82.22259280159261,1,84.41208518183879,Normal Operation
2626,801441,AIC1812,2025-12-30 10:08:34,77.18498623966673,1,86.84309008586635,Normal Operation
2627,801442,IGO421P,2025-12-29 00:18:37,75.70647165704041,1,86.31915941003857,Normal Operation
2628,801442,IGO421P,2025-12-29 01:34:05,78.40349079047814,1,70.73643812602135,Normal Operation
2629,801442,IGO6409,2025-12-29 03:04:06,78.5658307218988,1,77.86607322433089,Normal Operation
2630,801442,IGO6409,2025-12-29 04:04:06,46.071164788506,1,74.22622948447781,Normal Operation
2631,801442,IGO653H,2025-12-29 06:24:05,54.133463197167885,1,79.70033332520104,Normal Operation
2632,801442,IGO2285,2025-12-29 10:24:06,83.34646086204266,1,85.25848383999649,Normal Operation
2633,801442,IGO6449,2025-12-29 16:01:36,99.80598508590536,1,97.71570595368935,Normal Operation
2634,801442,IGO6449,2025-12-29 17:23:08,56.87175988124205,1,74.3687475186632,Normal Operation
2635,801442,IGO727E,2025-12-30 01:28:36,63.97592219203929,1,64.39463160391816,Normal Operation
2636,801442,IGO6926,2025-12-30 05:38:33,60.67283310769882,1,79.21020274979053,Normal Operation
2637,801442,IGO6650,2025-12-30 07:38:20,80.87524950509598,1,74.84118919372371,Normal Operation
2638,801442,IGO381V,2025-12-30 10:18:36,96.07877176175433,1,86.88752218271962,Normal Operation
2639,801444,AXB164,2025-12-29 04:24:05,55.4696307467586,1,76.55033071295543,Normal Operation
2640,801444,AXB135,2025-12-29 08:54:06,90.97688105678849,1,89.57988789888172,Normal Operation
2641,801444,AXB183,2025-12-29 18:13:07,89.52174277895402,1,84.21294720717016,Normal Operation
2642,801444,AXB136,2025-12-30 04:08:35,53.23194568993577,1,73.04349281725838,Normal Operation
2643,801444,AXB135,2025-12-30 08:28:35,54.467423244503536,1,81.17786711674175,Normal Operation
2644,801445,IGO1642,2025-12-29 03:54:07,50.68548777987621,-1,53.47082945566802,Altitude Instability
2645,801445,IGO6514,2025-12-29 07:24:06,48.71284613881809,1,72.11247670898034,Normal Operation
2646,801445,IGO276,2025-12-29 09:24:04,53.15593307098882,1,69.35687151257984,Normal Operation
2647,801445,IGO1642,2025-12-30 03:58:40,68.37318662956326,1,68.94892287649628,Normal Operation
2648,801445,IGO6514,2025-12-30 07:28:36,66.06427398759716,1,58.84653624990555,Normal Operation
2649,801445,IGO276,2025-12-30 09:38:37,58.42107787204192,1,75.46783834425453,Normal Operation
2650,801446,IGO7517,2025-12-29 16:31:45,95.79244830823914,1,70.45479950533705,Normal Operation
2651,801446,IGO9CE,2025-12-30 06:38:36,92.77457702876028,1,68.29990373196803,Normal Operation
2652,801446,IGO7743,2025-12-30 08:08:33,94.70170393608475,1,68.12061460054514,Normal Operation
2653,801454,IGO6467,2025-12-29 07:24:06,86.19631221609842,1,85.95314806745827,Normal Operation
2654,801454,IGO6092,2025-12-29 09:14:08,98.81383598516938,1,88.95040027783995,Normal Operation
2655,801454,IGO367,2025-12-29 16:01:36,99.61279296997178,1,93.50220397069775,Normal Operation
2656,801454,IGO83C,2025-12-30 03:28:39,99.99561154336727,1,97.5124286926828,Normal Operation
2657,801454,IGO213C,2025-12-30 10:18:36,99.94235765748344,1,97.73980420531304,Normal Operation
2658,801455,IGO1272,2025-12-29 05:44:09,73.10879817845694,1,68.88389538644492,Normal Operation
2659,801455,IGO738E,2025-12-29 09:14:08,77.90618008484539,1,78.17670555021945,Normal Operation
2660,801458,IGO543J,2025-12-29 16:51:45,49.850628985971234,1,67.55898303832612,Normal Operation
2661,801458,IGO217C,2025-12-30 04:48:37,82.63863774749359,1,86.1405189424404,Normal Operation
2662,80145a,AIC2284,2025-12-29 03:44:06,48.82422879547568,1,68.13062480789773,Normal Operation
2663,80145a,AIC2204,2025-12-30 03:28:39,99.98730510072838,1,95.7612866846259,Normal Operation
2664,80145a,AIC2872,2025-12-30 06:48:37,61.3011904199084,1,66.65593461005984,Normal Operation
2665,80145a,AIC2970,2025-12-30 09:48:34,57.48636483931864,1,72.02481073345484,Normal Operation
2666,80145b,IGO84J,2025-12-29 05:24:05,53.77784729489465,1,73.95464371873514,Normal Operation
2667,80145b,IGO2294,2025-12-29 16:41:44,67.86158595570717,1,69.9795520988045,Normal Operation
2668,80145b,IGO6002,2025-12-29 23:28:38,97.59643222201444,1,71.34672863802498,Normal Operation
2669,80145b,IGO602D,2025-12-30 04:28:41,77.48776671115635,1,64.97415986863037,Normal Operation
2670,80145b,IGO6346,2025-12-30 06:48:37,76.4772176933288,1,85.4021044757914,Normal Operation
2671,80145c,IGO6523,2025-12-29 17:23:08,60.88719143902069,1,64.72601828793401,Normal Operation
2672,80145c,IGO5127,2025-12-29 23:58:37,63.22022577134864,1,69.60493377444365,Normal Operation
2673,80145c,IGO5151,2025-12-30 06:38:36,49.11137379028001,1,71.05401435719084,Normal Operation
2674,80145c,IGO6373,2025-12-30 09:48:34,59.49118982747562,1,67.98566964755824,Normal Operation
2675,80145d,IGO423C,2025-12-29 17:13:08,77.67366296993048,1,70.38770837045885,Normal Operation
2676,80145d,IGO73AJ,2025-12-30 09:58:35,70.24288291639132,1,82.83218137755873,Normal Operation
2677,80145e,IGO1426,2025-12-29 03:24:06,68.20614047833269,1,63.72395858265601,Normal Operation
2678,80145e,IGO975Y,2025-12-29 07:34:07,82.43300943033204,1,81.85288668397175,Normal Operation
2679,80145e,IGO269,2025-12-29 18:13:07,85.67198223189331,-1,53.76441667597609,Unknown Inefficiency
2680,80145e,IGO1202,2025-12-30 04:48:37,42.43488105617877,1,60.90231354141926,Normal Operation
2681,80145f,IGO616C,2025-12-29 00:38:36,79.2687194354393,1,59.78497268783724,Normal Operation
2682,80145f,IGO556L,2025-12-29 08:24:06,70.41627729266159,1,82.01314288799203,Normal Operation
2683,80145f,IGO72NY,2025-12-29 10:14:09,75.00274177222136,1,87.15507188423483,Normal Operation
2684,80145f,IGO952C,2025-12-29 15:51:45,60.47716815639515,1,77.94269569616183,Normal Operation
2685,80145f,IGO545,2025-12-29 17:23:08,74.34986221037354,1,77.85599531906954,Normal Operation
2686,80145f,IGO5150,2025-12-29 23:38:34,54.20695119215286,1,60.6681108251974,Normal Operation
2687,80145f,IGO5142,2025-12-30 06:58:37,64.00867070115953,1,56.50977507075567,Normal Operation
2688,801460,IGO494W,2025-12-29 06:24:05,62.48116166893544,1,76.04625761177138,Normal Operation
2689,801460,IGO569J,2025-12-29 08:34:04,64.06949353866158,1,56.7096543240152,Normal Operation
2690,801460,IGO177V,2025-12-29 10:04:07,51.89942049467207,1,55.35178887184629,Normal Operation
2691,801460,IGO556L,2025-12-30 08:08:33,69.07351934712435,1,84.07224449815557,Normal Operation
2692,801460,IGO72NY,2025-12-30 10:08:34,92.85147364835736,1,91.2274515919606,Normal Operation
2693,801461,IGO49FP,2025-12-29 00:48:39,95.44984375954677,1,85.65935625132657,Normal Operation
2694,801461,IGO49FP,2025-12-29 02:04:07,52.5392676449184,1,68.9356773067204,Normal Operation
2695,801461,IGO6557,2025-12-29 06:14:08,76.57527732305667,1,69.26262492358327,Normal Operation
2696,801461,IGO456M,2025-12-29 09:24:04,64.68368076258902,1,71.425406130395,Normal Operation
2697,801461,IGO68AP,2025-12-29 15:51:45,69.83396686703034,1,65.29401914373383,Normal Operation
2698,801461,IGO769E,2025-12-29 18:23:08,73.61639257147144,1,88.1169308590007,Normal Operation
2699,801461,IGO426F,2025-12-30 00:58:38,80.71359362605733,1,79.21073484103442,Normal Operation
2700,801461,IGO412Y,2025-12-30 04:58:38,60.363756071116185,1,75.23885129585972,Normal Operation
2701,801462,IGO24E,2025-12-29 03:44:06,55.30391736548573,1,62.806681681091355,Normal Operation
2702,801462,IGO6456,2025-12-29 17:53:07,84.6209202943584,1,81.61603030052254,Normal Operation
2703,801462,IGO058,2025-12-30 09:28:35,99.98232709424012,1,98.64882832014194,Normal Operation
2704,801467,VTHLU,2025-12-29 10:04:07,90.63668265772552,-1,50.07075669518083,Holding Pattern
2705,80146e,IGO7091,2025-12-29 06:34:06,99.7108122405761,1,74.84912596035713,Normal Operation
2706,80146e,IGO4HC,2025-12-29 08:24:06,99.05887459580516,1,68.58510537676928,Normal Operation
2707,80146f,IGO423H,2025-12-29 09:44:08,96.74126690309934,1,84.15638553633038,Normal Operation
2708,801470,IGO1502,2025-12-29 02:04:07,44.3282517928164,-1,46.312373057811314,Multiple Causes
2709,801470,IGO358V,2025-12-30 08:38:36,99.8878488011444,1,95.83442184912461,Normal Operation
2710,80148d,IGO414,2025-12-29 16:01:36,74.45228015632239,1,76.60228854897974,Normal Operation
2711,80148d,IGO137,2025-12-29 17:33:04,77.80212956137936,1,84.48995282560193,Normal Operation
2712,80148d,IGO963H,2025-12-30 04:38:37,63.87313926198748,1,79.12383814789044,Normal Operation
2713,80148d,IGO963H,2025-12-30 05:58:33,39.38873666405071,1,55.429583495689116,Normal Operation
2714,80148d,IGO563,2025-12-30 08:38:36,47.12843606337812,1,66.024161279363,Normal Operation
2715,80148e,IGO243H,2025-12-28 23:48:41,54.73002000362682,1,72.07180122379586,Normal Operation
2716,80148e,IGO693E,2025-12-29 06:44:08,80.2002537358664,1,86.5918191830902,Normal Operation
2717,80148e,IGO460F,2025-12-29 08:54:06,85.24520301767319,1,85.03921488818695,Normal Operation
2718,80148e,IGO6011,2025-12-29 16:41:44,78.76329990394052,1,73.4444865532216,Normal Operation
2719,80148e,IGO535C,2025-12-30 01:58:37,96.14737950063424,1,87.57409960971377,Normal Operation
2720,80148e,IGO6564,2025-12-30 06:08:34,70.80896907256061,1,84.86056421272262,Normal Operation
2721,80148e,IGO463,2025-12-30 10:08:34,71.33779603147813,1,83.07554900628982,Normal Operation
2722,80148f,IGO207,2025-12-29 07:44:01,57.94079806684768,1,61.76989625018781,Normal Operation
2723,80148f,IGO6103,2025-12-29 15:51:45,98.87897053047126,1,88.00409097768544,Normal Operation
2724,80148f,IGO406F,2025-12-30 06:18:36,64.65904383871838,1,73.44810475871145,Normal Operation
2725,80148f,IGO3438,2025-12-30 08:38:36,72.32721257555488,1,60.9101103285886,Normal Operation
2726,801492,IGO197C,2025-12-29 00:38:36,95.61237928672624,1,80.50048469884936,Normal Operation
2727,801492,IGO6659,2025-12-29 03:34:08,78.55810580580044,1,85.06246002667497,Normal Operation
2728,801492,IGO542,2025-12-29 07:14:05,98.51266728269692,1,87.55561609063867,Normal Operation
2729,801492,IGO542,2025-12-29 08:24:06,63.91722464470424,1,82.06961685589036,Normal Operation
2730,801492,IGO256M,2025-12-29 15:51:45,69.87761667823412,-1,27.10273546051562,Poor Routing
2731,801492,IGO2235,2025-12-29 17:13:08,63.57688690455841,1,70.95113135902277,Normal Operation
2732,801492,IGO2109,2025-12-29 23:48:40,69.14713072820139,1,66.41411276343122,Normal Operation
2733,801492,IGO2262,2025-12-30 05:38:33,56.14641188948282,1,70.91512051772196,Normal Operation
2734,801492,IGO6265,2025-12-30 09:08:33,93.13371389879276,1,77.19367114223058,Normal Operation
2735,801493,AIC1815,2025-12-29 17:01:38,79.46081455152955,1,73.32548630339069,Normal Operation
2736,801493,AIC1804,2025-12-29 23:58:37,55.37719003598111,-1,51.37316581591064,Poor Routing
2737,801495,AIC2643,2025-12-28 23:48:41,54.33598544433736,1,64.01124803068994,Normal Operation
2738,801495,AIC2778,2025-12-29 08:34:04,66.56327977334956,1,60.78770274576753,Normal Operation
2739,801495,AIC2636,2025-12-29 15:51:45,59.7864443631491,1,76.89868098330074,Normal Operation
2740,801495,AIC2903,2025-12-29 18:03:07,69.68961412302379,1,79.39726947893188,Normal Operation
2741,801495,AIC2702,2025-12-30 02:28:35,55.0545084640535,-1,52.6544523800399,Unknown Inefficiency
2742,801495,AIC2720,2025-12-30 07:08:35,71.74343800134552,1,63.1234026774711,Normal Operation
2743,801499,IGO1273,2025-12-29 00:28:46,99.86600448961202,1,91.19490958099044,Normal Operation
2744,801499,IGO43C,2025-12-29 06:24:05,99.96890398768495,1,97.37753075096163,Normal Operation
2745,801499,IGO521M,2025-12-29 16:11:36,70.51598772404084,1,78.3888686581513,Normal Operation
2746,801499,IGO65F,2025-12-30 08:28:35,99.88487964938037,1,94.88246916605078,Normal Operation
2747,80149a,IGO6550,2025-12-28 23:48:41,55.192406633750366,1,73.19176683042008,Normal Operation
2748,80149a,IGO364,2025-12-29 07:34:07,67.69459659902965,1,83.08248677118007,Normal Operation
2749,80149a,IGO625Y,2025-12-29 16:51:45,81.82621757662133,1,67.70707084858616,Normal Operation
2750,80149a,IGO669F,2025-12-29 18:45:15,82.7974378584027,1,82.69441103457798,Normal Operation
2751,80149a,IGO327F,2025-12-29 23:58:37,69.92924236554224,1,83.19255926786562,Normal Operation
2752,80149a,IGO754E,2025-12-30 02:18:37,73.86756981199056,1,73.95640679616177,Normal Operation
2753,80149b,IGO391,2025-12-30 07:48:33,73.85482064129911,1,83.03482963035061,Normal Operation
2754,80149b,IGO125C,2025-12-30 09:58:35,78.5431662216944,1,82.99400516624615,Normal Operation
2755,80149c,IGO966,2025-12-29 07:34:07,49.569290818587206,1,74.79814959982959,Normal Operation
2756,80149c,IGO966,2025-12-29 09:24:04,69.0075458551819,1,56.61937719940382,Normal Operation
2757,80149c,IGO6825,2025-12-29 15:51:45,65.91003795631492,1,76.80607278675126,Normal Operation
2758,80149c,IGO6759,2025-12-29 18:35:17,85.01894696495992,1,79.63636524055919,Normal Operation
2759,80149c,IGO845V,2025-12-30 06:38:36,94.34338776217037,1,90.50698521615588,Normal Operation
2760,80149c,IGO831E,2025-12-30 09:48:34,69.05262666619768,1,83.53910784652594,Normal Operation
2761,80149d,IGO7227,2025-12-30 07:48:33,99.16835065532274,1,72.09026334817257,Normal Operation
2762,80149d,IGO7233,2025-12-30 09:58:35,94.42379843539464,1,65.6789321953017,Normal Operation
2763,80149e,IGO1313,2025-12-29 04:34:06,99.9572010314481,1,97.18698570923247,Normal Operation
2764,80149e,IGO35N,2025-12-30 00:38:34,99.8373274157393,1,94.34207631009369,Normal Operation
2765,80149e,IGO1313,2025-12-30 04:28:41,99.86114385603024,1,95.73622896602846,Normal Operation
2766,80149f,IGO1YE,2025-12-29 09:14:08,89.72026897509835,1,56.12621250593161,Normal Operation
2767,80149f,IGO6JF,2025-12-29 18:03:07,93.87499690698628,1,57.677035035796436,Normal Operation
2768,80149f,IGO2TH,2025-12-30 10:08:34,87.01149827183875,1,58.72746248250645,Normal Operation
2769,8014a3,IGO643Y,2025-12-29 15:51:45,99.94873448672094,1,97.4774514706468,Normal Operation
2770,8014a3,IGO709M,2025-12-29 23:38:34,84.48424138557628,1,85.84013825713645,Normal Operation
2771,8014a3,IGO709M,2025-12-30 00:38:34,55.62417690090436,1,75.430981500367,Normal Operation
2772,8014a3,IGO549,2025-12-30 04:58:38,57.73965236128426,1,65.85316640691212,Normal Operation
2773,8014a3,IGO191J,2025-12-30 07:38:20,83.64681906563982,1,81.26512978851679,Normal Operation
2774,8014a4,IGO110W,2025-12-29 08:04:08,52.07572815083391,1,68.0308436630068,Normal Operation
2775,8014a4,IGO6357,2025-12-29 17:01:38,76.93578929660362,1,74.00721103732921,Normal Operation
2776,8014a4,IGO309,2025-12-29 18:45:15,93.93447159285152,1,88.55986355602715,Normal Operation
2777,8014a4,IGO22Q,2025-12-30 03:48:37,87.25390437093291,1,86.33774802826424,Normal Operation
2778,8014ad,IGO084,2025-12-29 05:44:09,54.74034529263889,1,76.8004784937609,Normal Operation
2779,8014ad,IGO6510,2025-12-29 15:51:45,60.07373157534309,1,63.53187895252926,Normal Operation
2780,8014ad,IGO619L,2025-12-29 17:53:07,75.33005893962556,1,75.45119043075773,Normal Operation
2781,8014ad,IGO68F,2025-12-30 01:08:40,61.33031639625976,1,82.04964768642203,Normal Operation
2782,8014ad,IGO84J,2025-12-30 08:58:35,70.13638546323915,1,81.91292718075394,Normal Operation
2783,8014ae,AIC2743,2025-12-29 05:14:08,53.02809039022433,1,60.46156552338169,Normal Operation
2784,8014ae,AIC2744,2025-12-29 08:04:08,92.65657436809602,1,85.09824723368236,Normal Operation
2785,8014ae,AIC2744,2025-12-29 09:04:08,51.58188427429091,1,69.63989486014303,Normal Operation
2786,8014ae,AIC2792,2025-12-30 00:18:35,80.53690217554676,1,87.03986791277978,Normal Operation
2787,8014ae,AIC2792,2025-12-30 01:28:36,74.99528653852448,1,65.08335015185092,Normal Operation
2788,8014ae,AIC2743,2025-12-30 05:38:33,63.57908386134903,1,74.57301940969752,Normal Operation
2789,8014ae,AIC2744,2025-12-30 09:18:35,52.676511532665714,1,66.000849599801,Normal Operation
2790,8014af,IGO245,2025-12-29 06:14:08,83.98978100738383,1,72.57112644744363,Normal Operation
2791,8014af,IGO162,2025-12-29 18:03:07,44.33471878074157,1,61.66392408280022,Normal Operation
2792,8014af,IGO6249,2025-12-30 06:08:34,73.72090427292684,1,59.90765877322499,Normal Operation
2793,8014b2,IGO3457,2025-12-29 07:54:02,72.05431173231342,-1,53.15680775014242,Unknown Inefficiency
2794,8014b2,IGO6731,2025-12-29 15:51:45,63.348552222795526,1,76.12807342206158,Normal Operation
2795,8014b2,IGO707H,2025-12-29 17:13:08,80.09626081145814,1,73.05195598205344,Normal Operation
2796,8014b3,IGO2273,2025-12-29 17:01:38,68.2250346344663,1,65.90716284237007,Normal Operation
2797,8014b3,IGO1236,2025-12-30 05:48:34,66.84788468086215,-1,50.99839952107302,Poor Routing
2798,8014b3,IGO6701,2025-12-30 08:18:37,72.7663976138119,1,84.32160314908569,Normal Operation
2799,8014b3,IGO6701,2025-12-30 09:18:35,60.64852051026634,1,66.47770509521514,Normal Operation
2800,8014b4,IGO1236,2025-12-29 05:54:05,41.58881166196888,1,57.16725534916912,Normal Operation
2801,8014b4,IGO6701,2025-12-29 08:24:06,56.43939921784657,1,64.68418490832879,Normal Operation
2802,8014b4,IGO199,2025-12-29 15:51:45,55.77364376340313,1,78.32152287302891,Normal Operation
2803,8014b4,IGO255Y,2025-12-29 17:33:04,88.97411229442362,1,85.45719549899049,Normal Operation
2804,8014b4,IGO255Y,2025-12-29 18:35:17,83.6451052197229,1,65.04440267947933,Normal Operation
2805,8014b4,IGO6133,2025-12-30 07:28:36,68.43144136853739,-1,53.940118343346754,Speed Instability
2806,8014b4,IGO49FY,2025-12-30 09:48:34,58.51954228872303,1,68.01956424806933,Normal Operation
2807,8014bb,IGO239,2025-12-29 18:13:07,99.9571261816904,1,92.80576590602779,Normal Operation
2808,8014bb,IGO1419,2025-12-30 00:28:37,86.29019584416486,1,86.83861248711031,Normal Operation
2809,8014bc,IGO620Y,2025-12-29 00:48:39,95.93028929456872,1,81.55449771943123,Normal Operation
2810,8014bc,IGO535C,2025-12-29 02:34:07,90.44523928505262,1,87.30668837977856,Normal Operation
2811,8014bc,IGO6564,2025-12-29 06:14:08,61.705182416686085,1,80.6888760537309,Normal Operation
2812,8014bc,IGO602L,2025-12-29 18:13:07,89.2901597067156,1,87.30836269723895,Normal Operation
2813,8014bc,IGO460,2025-12-30 06:58:37,60.573214936817095,1,66.11916509514676,Normal Operation
2814,8014bd,IGO907,2025-12-29 08:24:06,65.0605616701802,1,67.12487007192084,Normal Operation
2815,8014bd,IGO866,2025-12-29 17:23:08,66.95867063411904,1,72.59456655051197,Normal Operation
2816,8014bd,IGO829,2025-12-30 07:38:20,70.92310556379206,1,70.00246142974233,Normal Operation
2817,8014bd,IGO882,2025-12-30 09:08:33,58.92598324175872,1,72.23223907455846,Normal Operation
2818,8014c0,IGO506J,2025-12-29 17:23:08,61.85702683415188,1,81.00319852571549,Normal Operation
2819,8014c0,IGO1167,2025-12-30 09:58:35,92.83764088030392,1,82.52742608686621,Normal Operation
2820,8014c1,IGO696M,2025-12-29 09:14:08,55.98431632732586,1,73.23647851002033,Normal Operation
2821,8014c1,IGO390J,2025-12-30 08:58:35,96.7084922774203,1,88.22947599860939,Normal Operation
2822,8014c4,AIC2828,2025-12-29 07:24:06,74.91178234051331,1,69.05199081856091,Normal Operation
2823,8014c4,AIC2739,2025-12-29 09:34:05,60.727964177499416,1,74.94093722186037,Normal Operation
2824,8014c4,AIC2740,2025-12-29 16:41:44,82.32499029839876,1,61.02218512760895,Normal Operation
2825,8014c4,AIC2609,2025-12-30 01:58:37,65.66893972697454,1,70.80820934032234,Normal Operation
2826,8014c4,AIC2404,2025-12-30 05:48:34,73.52110084049431,1,85.46012507150792,Normal Operation
2827,8014c4,AIC2404,2025-12-30 06:58:37,58.95544245821214,1,69.96826256875896,Normal Operation
2828,8014c4,AIC2678,2025-12-30 09:08:33,82.79665500681278,1,85.62660854105556,Normal Operation
2829,8014c4,AIC2678,2025-12-30 10:18:36,80.70331493281621,1,71.68429196502271,Normal Operation
2830,8014c8,IGO264N,2025-12-29 02:14:08,47.79960041298125,1,69.74622154073006,Normal Operation
2831,8014c8,IGO2275,2025-12-29 06:24:05,92.68543364476584,1,89.47519217666982,Normal Operation
2832,8014c8,IGO2275,2025-12-29 08:14:07,74.77445382568834,1,86.0761522957771,Normal Operation
2833,8014c8,IGO295J,2025-12-29 09:44:08,94.2511655500114,1,90.02510774530876,Normal Operation
2834,8014c8,IGO2044,2025-12-29 17:01:38,49.41601122478306,1,68.59540106337563,Normal Operation
2835,8014c8,IGO2449,2025-12-29 23:28:38,,-1,15.779548530825313,Holding Pattern
2836,8014cf,IGO8415,2025-12-29 16:21:38,77.11501479725118,1,55.936122228163185,Normal Operation
2837,8014cf,IGO8417,2025-12-30 08:38:36,86.53502231867608,-1,48.74209664566741,Unknown Inefficiency
2838,8014d0,AIC2840,2025-12-28 23:48:41,81.34578402757433,1,62.225053452209444,Normal Operation
2839,8014d0,AIC2812,2025-12-29 06:24:05,68.19283027686632,1,79.23488918119341,Normal Operation
2840,8014d0,AIC2442,2025-12-29 17:33:04,58.6784167903772,1,70.69152330931978,Normal Operation
2841,8014d0,AIC2828,2025-12-30 06:38:36,56.64805103433875,1,66.30215281872795,Normal Operation
2842,8014d0,AIC2739,2025-12-30 09:28:35,95.98360324745204,1,85.43522682726221,Normal Operation
2843,8014d3,IGO1167,2025-12-29 09:54:04,72.30023417997911,1,81.80487820727014,Normal Operation
2844,8014d3,IGO657C,2025-12-29 23:28:38,59.26949044989877,1,67.54758276157064,Normal Operation
2845,8014d3,IGO1823,2025-12-30 05:18:34,63.60142734752623,1,76.55521586524804,Normal Operation
2846,8014d6,IGO324,2025-12-29 18:45:15,84.94274819050524,1,74.29272766549961,Normal Operation
2847,8014d6,IGO764Y,2025-12-29 23:28:38,65.44859814506833,1,82.84334205287807,Normal Operation
2848,8014d8,IGO464Y,2025-12-29 17:23:08,64.26628520286255,1,83.79430052198396,Normal Operation
2849,8014d9,IGO6117,2025-12-30 00:38:34,85.75547226599721,1,85.02698150378158,Normal Operation
2850,8014da,AIC2546,2025-12-28 23:48:41,53.52978404406291,1,78.05640759776006,Normal Operation
2851,8014da,AIC2937,2025-12-29 07:14:05,64.29279175261914,-1,47.21180109812214,Unknown Inefficiency
2852,8014da,AIC2451,2025-12-30 02:18:37,90.12221778041636,1,89.90228771386758,Normal Operation
2853,8014da,AIC2451,2025-12-30 03:38:37,82.89560545638986,1,66.87672530298047,Normal Operation
2854,8014da,AIC2354,2025-12-30 08:08:33,81.35739309904709,1,82.49455393505583,Normal Operation
2855,8014db,AIC2625,2025-12-29 06:14:08,61.7541326947712,1,78.35585288710139,Normal Operation
2856,8014db,AIC2466,2025-12-29 09:44:08,56.07404070609972,1,69.5304634906335,Normal Operation
2857,8014db,AIC2941,2025-12-29 16:51:45,75.29647968559073,1,86.83679920581925,Normal Operation
2858,8014db,AIC2941,2025-12-29 18:13:07,82.88213759991305,1,65.03490592266645,Normal Operation
2859,8014db,AIC2840,2025-12-30 00:08:41,72.84787918230167,1,59.202314230528,Normal Operation
2860,8014db,AIC2424,2025-12-30 08:38:36,63.9290399772583,1,72.12024184414702,Normal Operation
2861,8014dc,IGO054,2025-12-29 08:44:04,59.98710241040053,1,78.6243160560021,Normal Operation
2862,8014dd,AIC2383,2025-12-28 23:48:41,99.83917089054,1,97.00102776208512,Normal Operation
2863,8014dd,AIC2383,2025-12-29 01:04:06,54.36196850836005,1,65.11603641924381,Normal Operation
2864,8014dd,AIC2382,2025-12-29 15:51:45,99.28175099649428,1,79.76809234652704,Normal Operation
2865,8014dd,AIC2383,2025-12-30 02:18:37,66.76176048710627,1,80.96989878974289,Normal Operation
2866,8014dd,AIC2469,2025-12-30 05:18:34,84.43260329048137,1,87.53180793471124,Normal Operation
2867,8014dd,AIC2469,2025-12-30 06:28:37,90.8931710406258,1,75.48842193256142,Normal Operation
2868,8014dd,AIC2470,2025-12-30 08:18:37,89.42463052960267,1,84.71750552748196,Normal Operation
2869,8014dd,AIC2470,2025-12-30 09:18:35,49.45794926150776,1,70.23179122053095,Normal Operation
2870,8014de,IGO5143,2025-12-29 00:08:45,59.21676906118195,1,77.31336626774578,Normal Operation
2871,8014de,IGO49FY,2025-12-29 09:54:04,64.81665725875193,-1,47.57828712829822,Unknown Inefficiency
2872,8014de,IGO232H,2025-12-29 15:51:45,83.46635554316869,-1,49.10614102868624,Poor Routing
2873,8014de,IGO606W,2025-12-29 18:23:08,57.80326261198691,1,63.853742679796525,Normal Operation
2874,8014de,IGO6064,2025-12-30 02:38:38,55.96096196168082,1,75.63990652042531,Normal Operation
2875,8014de,IGO6557,2025-12-30 05:28:36,63.33048389745867,1,78.07813305215367,Normal Operation
2876,8014de,IGO456M,2025-12-30 08:48:37,63.0569728311192,1,76.40473773613839,Normal Operation
2877,8014df,IGO110J,2025-12-29 02:14:08,75.51375860620075,1,78.06698208473402,Normal Operation
2878,8014df,IGO476,2025-12-29 23:28:38,87.2782360232651,1,84.95303837351577,Normal Operation
2879,8014df,IGO102H,2025-12-30 08:08:33,92.31037928777997,1,87.39655598947455,Normal Operation
2880,8014e3,VTVRV,2025-12-29 09:44:08,65.36720167269775,1,65.35818951831178,Normal Operation
2881,8014e3,VTVRV,2025-12-29 15:51:45,65.10246532066819,1,62.10414521951249,Normal Operation
2882,8014e4,IGO567,2025-12-29 04:34:06,95.34215153624405,1,87.03964438261549,Normal Operation
2883,8014e4,IGO5297,2025-12-29 06:24:05,63.66095286141463,1,67.67572466312974,Normal Operation
2884,8014e4,IGO5123,2025-12-29 08:44:04,65.11379912639923,1,63.31515301713297,Normal Operation
2885,8014e4,IGO682,2025-12-29 18:23:08,79.74333354831727,1,59.895795158204294,Normal Operation
2886,8014e4,IGO082,2025-12-30 06:08:34,37.38489719379235,-1,49.81963773869742,Multiple Causes
2887,8014e4,IGO209H,2025-12-30 09:18:35,82.2032290740197,1,80.37805908359643,Normal Operation
2888,8014e5,IGO425C,2025-12-29 16:21:38,69.71585576634331,1,77.34800163065047,Normal Operation
2889,8014e5,IGO449V,2025-12-29 18:03:07,77.85946815832853,1,64.8518655845449,Normal Operation
2890,8014e5,IGO49FP,2025-12-30 02:38:38,67.19933235115826,1,77.2962337806878,Normal Operation
2891,8014e5,IGO73VC,2025-12-30 08:28:35,66.63892181585416,1,77.23461888012592,Normal Operation
2892,8014e5,IGO73VC,2025-12-30 09:48:34,99.9489032874165,1,94.47054502148484,Normal Operation
2893,8014e6,AKJ1637,2025-12-29 07:14:05,99.68625744300503,1,92.61617624155633,Normal Operation
2894,8014e6,AKJ1638,2025-12-29 09:54:04,99.92002233021128,1,95.75809899618034,Normal Operation
2895,8014e6,AKJ1503,2025-12-29 15:51:45,76.27773282777932,1,82.95938117393216,Normal Operation
2896,8014e6,AKJ1504,2025-12-29 17:43:10,97.31810130346209,1,87.69728494170363,Normal Operation
2897,8014e6,AKJ1359,2025-12-30 07:08:35,56.16672532480345,1,61.958029768860165,Normal Operation
2898,8014e6,AKJ1719,2025-12-30 09:28:35,64.41568123196473,1,71.04269817746196,Normal Operation
2899,8014e8,IGO317,2025-12-29 07:04:08,73.13831169899954,1,87.13100602417622,Normal Operation
2900,8014e8,IGO390J,2025-12-29 08:44:04,93.4057936077704,1,88.60666102102546,Normal Operation
2901,8014e8,IGO327,2025-12-29 16:31:45,71.81488963718434,1,85.8859315630676,Normal Operation
2902,8014e8,IGO544W,2025-12-29 18:35:17,95.65107980866188,1,88.6247538155378,Normal Operation
2903,8014e8,IGO1234,2025-12-30 07:08:35,99.9054470692765,1,96.62988373880984,Normal Operation
2904,8014ea,LLR613,2025-12-29 09:04:08,95.00128126996162,1,65.54392837246282,Normal Operation
2905,8014ea,LLR692,2025-12-29 17:33:04,91.295453512831,1,72.3970177101553,Normal Operation
2906,8014ea,LLR803,2025-12-30 07:28:36,98.29531422491904,1,72.01070395667594,Normal Operation
2907,8014ed,AIC2609,2025-12-28 23:58:46,62.13579112802741,1,78.06209326993343,Normal Operation
2908,8014ed,AIC2609,2025-12-29 01:24:06,72.41500466155689,1,83.59001746448942,Normal Operation
2909,8014ed,AIC2404,2025-12-29 06:54:07,64.34187270885266,1,81.74196445957692,Normal Operation
2910,8014ed,AIC2678,2025-12-29 08:54:06,73.04812003771225,1,77.66258694031785,Normal Operation
2911,8014ed,AIC2678,2025-12-29 10:04:07,51.77745443843092,1,66.00184842026829,Normal Operation
2912,8014ed,AIC2473,2025-12-29 15:51:45,98.4879205393937,1,90.35424289756803,Normal Operation
2913,8014ed,AIC2473,2025-12-29 17:23:08,53.26363522137179,1,69.78466931991147,Normal Operation
2914,8014ed,AIC2803,2025-12-30 06:48:37,73.25077599894135,1,87.71675841077565,Normal Operation
2915,8014f1,VTGKD,2025-12-29 02:14:08,97.30796686813608,1,71.28240065325271,Normal Operation
2916,8014f2,AKJ1405,2025-12-29 08:44:04,59.54210017861445,1,78.43791230683433,Normal Operation
2917,8014f2,AKJ1834,2025-12-29 16:41:44,73.66194095093145,1,74.17134273749971,Normal Operation
2918,8014f2,AKJ781Z,2025-12-30 05:38:33,99.93736111670415,1,97.84561283256261,Normal Operation
2919,8014f2,AKJ781Z,2025-12-30 06:28:37,58.98650355698957,1,74.57389735009245,Normal Operation
2920,8014f2,AKJ1372,2025-12-30 10:08:34,99.98712124301017,1,98.92891680578548,Normal Operation
2921,8014f3,AIC2792,2025-12-28 23:48:41,97.62278695711215,1,91.38977601807153,Normal Operation
2922,8014f3,AIC2792,2025-12-29 00:48:39,58.25200422193901,1,76.32015716273801,Normal Operation
2923,8014f3,AIC2591,2025-12-29 10:04:07,75.16493638875991,1,83.5537704113168,Normal Operation
2924,8014f3,AIC2592,2025-12-29 17:33:04,81.81875893628401,1,62.919732631202855,Normal Operation
2925,8014f3,AIC2733,2025-12-29 23:28:38,57.34142506794429,1,55.696857208235905,Normal Operation
2926,8014f3,AIC2591,2025-12-30 07:38:20,65.42039416916649,-1,54.53082803749955,Speed Instability
2927,8014f3,AIC2591,2025-12-30 10:08:34,82.03453682478015,1,84.76464270757863,Normal Operation
2928,8014f4,IGO8791,2025-12-30 07:28:36,85.0462708224626,1,82.7059465974091,Normal Operation
2929,8014f5,VTFTO,2025-12-29 16:41:44,80.11468043222771,-1,27.718550215346173,Poor Routing
2930,8014f7,IGO1443,2025-12-29 06:54:07,99.91698418148007,1,98.71093832534015,Normal Operation
2931,8014f7,IGO41H,2025-12-30 05:08:39,49.3078877328894,1,55.89490087725928,Normal Operation
2932,8014f7,IGO413K,2025-12-30 07:28:36,52.128749081416856,1,61.85882927262849,Normal Operation
2933,8014f7,IGO547J,2025-12-30 10:08:34,60.51262252634228,-1,50.488470941259344,Unknown Inefficiency
2934,8014f8,AKJ591,2025-12-29 06:34:06,59.61304754609145,1,72.98190414514042,Normal Operation
2935,8014f8,AKJ590,2025-12-29 10:14:09,78.42402020436644,1,88.1611344182568,Normal Operation
2936,8014f8,AKJ585,2025-12-29 18:35:17,78.8879154372544,1,76.9723087918689,Normal Operation
2937,8014f8,AKJ584,2025-12-29 23:28:38,89.79365564342169,1,88.84111130249791,Normal Operation
2938,8014f8,AKJ591,2025-12-30 07:18:12,65.86495683275102,1,84.64986977812669,Normal Operation
2939,8014f8,AKJ590,2025-12-30 10:18:36,88.0948070153018,1,87.69463617241534,Normal Operation
2940,8014fa,IGO657C,2025-12-28 23:58:46,57.13167639097036,1,67.77400831698188,Normal Operation
2941,8014fa,IGO1501,2025-12-29 01:44:09,57.85826751889458,1,67.65276980646566,Normal Operation
2942,8014fa,IGO1504,2025-12-29 07:24:06,98.64747737762916,1,86.28795636850968,Normal Operation
2943,8014fa,IGO1502,2025-12-30 02:18:37,45.0812925901605,-1,53.88752957852648,Speed Instability
2944,8014fa,IGO1601,2025-12-30 08:18:37,77.72822239567559,1,83.58026236933503,Normal Operation
2945,8014fd,AKJ551,2025-12-29 06:14:08,68.45936479007347,1,66.30344239802167,Normal Operation
2946,8014fd,AKJ1362,2025-12-29 09:34:05,83.65686509806818,1,80.5014787238876,Normal Operation
2947,8014fd,AKJ1881,2025-12-29 15:51:45,70.41207901409709,1,70.70580335092828,Normal Operation
2948,8014fd,AKJ1882,2025-12-29 17:53:07,62.62855279275384,1,80.58801173597202,Normal Operation
2949,8014fd,AKJ1325,2025-12-30 08:28:35,98.68456807065571,1,81.73695854978814,Normal Operation
2950,8014fe,AKJ1505,2025-12-29 06:04:04,82.82774317862814,1,83.89575198660879,Normal Operation
2951,8014fe,AKJ1607,2025-12-29 08:24:06,76.4575279029494,1,80.57144429728346,Normal Operation
2952,8014fe,AKJ1607,2025-12-29 09:34:05,63.27259573760704,1,71.17187453012393,Normal Operation
2953,8014fe,AKJ1505,2025-12-30 06:08:34,73.41285238099717,1,76.00897573037423,Normal Operation
2954,8014fe,AKJ1607,2025-12-30 08:58:35,83.24865748958254,1,83.71626140180747,Normal Operation
2955,8014fe,AKJ1607,2025-12-30 10:08:34,76.07919106269858,1,82.15703486173233,Normal Operation
2956,801502,IGO449F,2025-12-29 09:34:05,76.6972071389662,1,84.0743318450461,Normal Operation
2957,801503,IGO1608,2025-12-29 00:28:46,52.7338526011425,1,61.49518931432011,Normal Operation
2958,801503,IGO511H,2025-12-29 05:44:09,62.65807091233189,-1,53.404765713980986,Speed Instability
2959,801503,IGO511H,2025-12-29 06:34:06,96.46170694996717,1,88.27184082269406,Normal Operation
2960,801503,IGO2524,2025-12-29 16:31:45,64.29000109399516,1,74.94099669518523,Normal Operation
2961,801503,IGO597,2025-12-29 18:45:15,98.279035252743,1,91.55614762296362,Normal Operation
2962,801503,IGO112H,2025-12-29 23:58:37,89.26135108835388,1,89.62147982455951,Normal Operation
2963,801503,IGO898,2025-12-30 07:48:33,82.70546745521892,1,73.24800289504356,Normal Operation
2964,801503,IGO860,2025-12-30 09:48:34,85.34778042922643,1,85.42412918411478,Normal Operation
2965,801506,IGO1607,2025-12-29 02:34:07,79.091410048287,1,75.64202325846792,Normal Operation
2966,801506,IGO1612,2025-12-29 17:33:04,94.04234707899565,1,76.47507881760804,Normal Operation
2967,801506,IGO1701,2025-12-30 00:28:37,67.3199239595672,-1,50.066226159475534,Unknown Inefficiency
2968,801508,AKJ1738,2025-12-28 23:48:41,68.18424668671975,1,80.27939829646888,Normal Operation
2969,801508,AKJ1325,2025-12-29 08:04:08,99.94372822680285,1,99.51192052653082,Normal Operation
2970,801508,AKJ3003,2025-12-29 17:33:04,78.93643747166942,1,74.40706201053376,Normal Operation
2971,801508,AKJ1736,2025-12-30 07:18:12,75.33032690394424,1,69.0014514756285,Normal Operation
2972,801508,AKJ882P,2025-12-30 08:58:35,47.678877963023695,1,70.15811798232458,Normal Operation
2973,801509,AKJ1172,2025-12-29 00:28:46,57.39219920589663,1,58.01659581018427,Normal Operation
2974,801509,AKJ1172,2025-12-29 02:14:08,39.79042052271269,1,55.581522025880986,Normal Operation
2975,801509,AKJ366Z,2025-12-29 04:54:04,70.37952062248416,1,80.53823171694616,Normal Operation
2976,801509,AKJ366Z,2025-12-29 07:04:08,56.807120259325146,1,76.87080031669647,Normal Operation
2977,801509,AKJ1928,2025-12-29 17:13:08,67.83685897574995,1,72.2692893359786,Normal Operation
2978,801509,AKJ1927,2025-12-29 18:45:15,87.60167017829605,1,84.37201029065035,Normal Operation
2979,801509,AKJ1528,2025-12-29 23:28:38,60.888072630692406,1,64.0227544228592,Normal Operation
2980,801521,VUMAD,2025-12-29 09:54:04,85.19608352513438,1,56.963130265730236,Normal Operation
2981,801523,IGO322K,2025-12-30 07:28:36,77.2701438045463,1,79.40185565113494,Normal Operation
2982,801523,IGO513Y,2025-12-30 09:18:35,77.88032814436362,1,83.9563202970486,Normal Operation
2983,801524,AKJ1903,2025-12-29 10:14:09,99.85224552915956,1,93.14846037917684,Normal Operation
2984,801524,AKJ1822,2025-12-29 16:51:45,86.13889508422054,1,87.84435958604914,Normal Operation
2985,801526,AKJ1831,2025-12-29 07:54:02,78.29390222044009,1,84.3358077282508,Normal Operation
2986,801526,AKJ1831,2025-12-29 09:04:08,57.24989771881549,1,67.27459166844714,Normal Operation
2987,801526,AKJ1808,2025-12-29 17:13:08,77.6592044726882,1,66.1459674807863,Normal Operation
2988,801526,AKJ1823,2025-12-30 09:48:34,65.05138698048958,1,77.03180862218544,Normal Operation
2989,801527,IGO9204,2025-12-29 10:04:07,49.02414791887914,1,68.83859676542883,Normal Operation
2990,801527,IGO6914,2025-12-29 18:03:07,92.63917543337956,1,78.98823910338739,Normal Operation
2991,801527,IGO1065,2025-12-29 23:28:38,99.85580297003936,1,93.43246309162237,Normal Operation
2992,801527,IGO1066,2025-12-30 03:28:39,99.95211937942771,1,99.27244610763671,Normal Operation
2993,801527,IGO1066,2025-12-30 04:28:41,89.22981461593331,1,85.16934734029526,Normal Operation
2994,801527,IGO6793,2025-12-30 06:48:37,52.24449536279892,1,57.137832830195315,Normal Operation
2995,801527,IGO6179,2025-12-30 08:18:37,88.08200498877775,1,87.92362964443659,Normal Operation
2996,801527,IGO6181,2025-12-30 09:48:34,75.60208261225146,1,82.94614079048108,Normal Operation
2997,80152c,IGO5161,2025-12-29 06:34:06,48.90985013340034,1,72.23840823274254,Normal Operation
2998,80152c,IGO6551,2025-12-29 09:04:08,62.19499617311408,1,81.86990621732048,Normal Operation
2999,80152c,IGO6567,2025-12-29 15:51:45,74.62566280395576,-1,45.77996230792557,Multiple Causes
3000,80152c,IGO241,2025-12-29 18:13:07,91.36326477836496,1,81.0515830600275,Normal Operation
3001,80152c,IGO5166,2025-12-30 02:18:37,76.87664285506081,-1,49.86987349289585,Unknown Inefficiency
3002,80152c,IGO440Y,2025-12-30 06:08:34,80.6469811883004,1,63.318310144639675,Normal Operation
3003,80152c,IGO5223,2025-12-30 08:08:33,79.07474194576363,1,69.95980018817649,Normal Operation
3004,80152c,IGO5172,2025-12-30 09:48:34,58.70560091382467,1,69.48389355355282,Normal Operation
3005,80152d,IGO692P,2025-12-29 06:04:04,83.08887187554615,1,80.73341197879347,Normal Operation
3006,80152d,IGO633,2025-12-29 16:11:36,66.45169670380214,1,83.72781029817816,Normal Operation
3007,80152e,IGO72V,2025-12-29 01:04:06,99.983827626541,1,97.57229875135685,Normal Operation
3008,80152e,IGO71W,2025-12-29 06:44:08,99.71387430689144,1,94.37924639464181,Normal Operation
3009,80152e,IGO47M,2025-12-29 17:13:08,92.27494786412618,1,86.56522779143425,Normal Operation
3010,80152e,IGO72V,2025-12-30 01:08:40,98.115172189895,1,88.0503535853437,Normal Operation
3011,80152e,IGO71W,2025-12-30 06:38:36,99.39619435040566,1,93.5057377584206,Normal Operation
3012,80152f,IGO603Y,2025-12-29 06:04:04,49.5213991405012,1,71.56441938227708,Normal Operation
3013,80152f,IGO3438,2025-12-29 09:04:08,76.14738773273783,1,60.223621517852095,Normal Operation
3014,80152f,IGO6053,2025-12-29 16:41:44,91.0840901170843,1,73.16233986288704,Normal Operation
3015,80152f,IGO6289,2025-12-29 18:35:17,92.09586240503609,1,82.66431489144405,Normal Operation
3016,80152f,VTIPF,2025-12-30 03:58:40,,-1,12.870737101343051,Holding Pattern
3017,80152f,IGO1611,2025-12-30 07:08:35,89.28536360870416,1,81.0761920794526,Normal Operation
3018,801530,FQA321,2025-12-29 03:44:06,52.09566310230167,1,74.52000740498057,Normal Operation
3019,801530,FQA321,2025-12-29 05:24:05,67.58838805681177,-1,51.756978645462254,Unknown Inefficiency
3020,801530,FQA342,2025-12-29 06:44:08,61.12598050645264,-1,54.08184855919427,Speed Instability
3021,801530,FQA342,2025-12-29 07:54:02,61.34951194110286,1,71.57038568120484,Normal Operation
3022,801530,FQA321,2025-12-30 02:48:39,50.85955105042686,1,74.64892012451406,Normal Operation
3023,801530,FQA321,2025-12-30 04:28:41,78.94499256952703,-1,46.772645748760404,Unknown Inefficiency
3024,801530,FQA342,2025-12-30 05:58:33,50.23952968437766,1,60.96943972312243,Normal Operation
3025,801530,FQA342,2025-12-30 07:18:12,49.76651657377549,1,70.76356884176919,Normal Operation
3026,801531,IGO977C,2025-12-29 05:44:09,54.95692862195965,1,58.86607793517996,Normal Operation
3027,801531,IGO922H,2025-12-29 10:24:06,78.95289157958103,1,83.24935410605252,Normal Operation
3028,801531,IGO829F,2025-12-29 15:51:45,98.95790129429528,1,87.536423516108,Normal Operation
3029,801531,IGO829F,2025-12-29 17:13:08,74.78365094382238,-1,53.50862275877762,Poor Routing
3030,801531,IGO977C,2025-12-30 05:48:34,59.69730108013971,1,70.0443584863741,Normal Operation
3031,801532,IGO6445,2025-12-29 05:44:09,75.86703354204623,1,81.50006371307738,Normal Operation
3032,801532,IGO553,2025-12-29 07:34:07,93.82642441968078,1,89.15736249028274,Normal Operation
3033,801532,IGO495V,2025-12-29 16:41:44,99.94859747071575,1,95.63091854129634,Normal Operation
3034,801532,IGO609K,2025-12-30 07:58:34,78.04566333406302,-1,49.733234387840554,Poor Routing
3035,801534,AIC2838,2025-12-28 23:48:41,64.9976556033124,1,63.394991207086,Normal Operation
3036,801534,AIC2525,2025-12-29 06:44:08,64.5104028941438,1,80.484614568229,Normal Operation
3037,801534,AIC2966,2025-12-29 16:21:38,72.37260269372317,1,58.50241187827623,Normal Operation
3038,801534,AIC2837,2025-12-29 18:25:18,65.7577004390833,1,80.04623169747589,Normal Operation
3039,801534,AIC2838,2025-12-29 23:38:34,59.74049151103243,1,73.71747661894713,Normal Operation
3040,801534,AIC2653,2025-12-30 04:48:37,55.185410372177785,1,71.83506086675895,Normal Operation
3041,801534,AIC2808,2025-12-30 09:58:35,61.70548462459348,1,69.40420799049681,Normal Operation
3042,801535,VTCNS,2025-12-29 16:11:36,79.93010625809059,-1,41.09625593183597,Holding Pattern
3043,801535,VTCNS,2025-12-29 17:43:10,98.23101625733892,1,66.71977868459132,Normal Operation
3044,801536,IGO1816,2025-12-29 07:44:01,53.31534213262866,1,69.53983088836166,Normal Operation
3045,801536,IGO795,2025-12-29 17:53:07,60.1137281096762,1,71.07987643405988,Normal Operation
3046,801536,IGO525C,2025-12-30 00:08:41,78.49240463952135,1,81.01759413028154,Normal Operation
3047,801536,IGO205,2025-12-30 01:58:37,66.09535214746018,1,65.22558657866455,Normal Operation
3048,801536,IGO1131,2025-12-30 06:08:34,67.8582048068194,1,81.27527521564049,Normal Operation
3049,801536,IGO1134,2025-12-30 10:08:34,78.2013044324635,1,82.4901321382791,Normal Operation
3050,801538,AIC128,2025-12-29 02:54:07,46.16779881178214,-1,42.718918000721715,Poor Routing
3051,801538,AIC128,2025-12-30 02:48:39,45.87988601603788,1,55.35915545939034,Normal Operation
3052,801539,AKJ568,2025-12-29 06:34:06,49.09218317249785,1,63.573401282564795,Normal Operation
3053,801539,AKJ618,2025-12-29 09:44:08,61.61924062628723,1,74.14023366641018,Normal Operation
3054,801539,AKJ619,2025-12-29 18:03:07,99.9978988884545,1,96.88484074438864,Normal Operation
3055,801539,AKJ1637,2025-12-30 06:18:36,60.65241131673432,1,60.90620910951119,Normal Operation
3056,801539,AKJ1637,2025-12-30 07:28:36,99.95034536967748,1,96.30228895527831,Normal Operation
3057,801539,AKJ1638,2025-12-30 10:08:34,82.95950321161801,1,82.99885535321238,Normal Operation
3058,80153b,AIC180,2025-12-29 02:24:07,35.18737724534536,-1,48.186694719665205,Multiple Causes
3059,80153b,AIC866,2025-12-29 06:14:08,47.42656966035912,1,68.73046328296235,Normal Operation
3060,80153b,AIC441,2025-12-29 17:43:10,71.48582797149194,1,82.49880694139748,Normal Operation
3061,80153b,AIC816,2025-12-29 23:28:38,84.32293183897525,-1,51.78607418562774,Holding Pattern
3062,80153b,AIC887,2025-12-30 03:48:37,81.63351876239447,1,84.62905546654738,Normal Operation
3063,80153b,AIC887,2025-12-30 04:58:38,74.49211047639027,1,57.155913096298534,Normal Operation
3064,80153b,AIC179,2025-12-30 10:08:34,79.34209615773273,1,84.07068116394325,Normal Operation
3065,80153d,AIC887,2025-12-29 04:04:06,51.89047645156077,1,77.03169863516588,Normal Operation
3066,80153d,AIC887,2025-12-29 05:24:05,68.71804173019044,1,70.18525945447034,Normal Operation
3067,80153d,AIC179,2025-12-29 09:44:08,53.0992688996717,1,68.50948492823497,Normal Operation
3068,80153e,IGO306,2025-12-29 08:14:07,83.66835153500016,1,75.46854015569718,Normal Operation
3069,80153e,IGO6196,2025-12-30 08:48:37,99.67696326281566,1,89.59691775892965,Normal Operation
3070,801540,IGO1707,2025-12-30 01:38:40,68.64336315727917,-1,48.13855193383115,Unknown Inefficiency
3071,801546,AKJ562,2025-12-29 07:04:08,44.78234754999853,1,63.10990431453212,Normal Operation
3072,801546,AKJ1446,2025-12-29 09:34:05,83.31020074211655,1,86.41850420668091,Normal Operation
3073,801546,AKJ3001,2025-12-29 15:51:45,81.60663648024544,1,58.576854256814464,Normal Operation
3074,801546,AKJ552,2025-12-29 18:23:08,89.30448200129075,1,75.30567368526285,Normal Operation
3075,801546,AKJ553,2025-12-30 04:38:37,61.72179360368726,1,75.51866950724103,Normal Operation
3076,801546,AKJ1518,2025-12-30 09:08:33,66.7412220082568,1,75.28262747599376,Normal Operation
3077,801547,AKJ694W,2025-12-29 07:34:07,56.634246431558026,1,59.045207432630214,Normal Operation
3078,801547,AKJ1802,2025-12-29 10:04:07,53.38585375445473,1,70.11380047616333,Normal Operation
3079,801547,AKJ1803,2025-12-29 16:01:36,52.76253576256943,1,68.1758863668146,Normal Operation
3080,801547,AKJ1803,2025-12-29 18:13:07,81.94340152973312,1,77.58337780534129,Normal Operation
3081,801547,AKJ694W,2025-12-30 06:08:34,48.015358893774334,-1,51.19888860146385,Altitude Instability
3082,801547,AKJ1802,2025-12-30 08:48:37,70.85596460146328,1,70.00350981804698,Normal Operation
3083,801548,AKJ589,2025-12-29 01:54:09,63.84819029710329,1,73.97442459281332,Normal Operation
3084,801548,AKJ586,2025-12-29 04:24:05,82.19166076524706,1,86.79689718670926,Normal Operation
3085,801548,AKJ589,2025-12-30 00:38:34,99.95105235423992,1,96.33056060391074,Normal Operation
3086,801548,AKJ589,2025-12-30 01:48:39,70.757841448573,1,76.31242708494139,Normal Operation
3087,801548,AKJ586,2025-12-30 03:48:37,67.97576162824204,1,78.09946191192775,Normal Operation
3088,801549,AKJ553,2025-12-29 04:24:05,41.587662665326086,1,63.08436219276196,Normal Operation
3089,801549,AKJ1410,2025-12-29 08:14:07,47.166742047201765,1,64.70327738514041,Normal Operation
3090,801549,AKJ1497,2025-12-29 16:31:45,77.13286750634157,1,79.95789721300238,Normal Operation
3091,801549,AKJ1497,2025-12-29 17:53:07,73.15606265566088,1,60.642692360485825,Normal Operation
3092,801549,AKJ572,2025-12-30 05:08:39,54.85738039340865,1,67.83691689914578,Normal Operation
3093,801549,AKJ618,2025-12-30 09:38:37,52.28815850206336,1,68.12158921809372,Normal Operation
3094,80154a,AKJ1906,2025-12-29 00:08:45,99.81615548836145,1,97.16671900604027,Normal Operation
3095,80154a,AKJ1925,2025-12-29 06:54:07,40.862385539444745,1,58.812439289459476,Normal Operation
3096,80154a,AKJ1925,2025-12-29 08:34:04,61.20351634184036,1,80.36764206605335,Normal Operation
3097,80154a,AKJ1332,2025-12-29 18:45:15,99.53412121331252,1,90.9188777378694,Normal Operation
3098,80154a,AKJ1906,2025-12-29 23:28:38,99.93632986428692,1,94.68083600421794,Normal Operation
3099,80154a,AKJ1925,2025-12-30 06:38:36,39.37455395653714,-1,54.29921307428753,Multiple Causes
3100,80154a,AKJ1926,2025-12-30 08:28:35,54.091756204267455,1,57.807386456432184,Normal Operation
3101,80154b,IGO5153,2025-12-28 23:48:41,66.4889511233689,1,77.77970256852123,Normal Operation
3102,80154b,IGO5133,2025-12-29 07:14:05,85.49802305963682,1,82.86476877085303,Normal Operation
3103,80154b,IGO673M,2025-12-29 10:14:09,86.09478590877205,1,86.21907194338715,Normal Operation
3104,80154b,IGO604P,2025-12-29 15:51:45,72.68362656284393,1,83.34907277203494,Normal Operation
3105,80154b,IGO432M,2025-12-29 17:53:07,59.97389401100137,1,80.03069951121446,Normal Operation
3106,80154b,IGO6416,2025-12-30 07:08:35,82.06619364046152,1,62.67398952909847,Normal Operation
3107,80154d,IGO5010,2025-12-28 23:48:41,60.04058168638177,1,69.06443525111425,Normal Operation
3108,80154d,IGO5273,2025-12-29 05:54:05,91.85884708338706,1,89.04758860980724,Normal Operation
3109,80154d,IGO5273,2025-12-29 07:44:01,54.06320905836768,1,71.69525688249514,Normal Operation
3110,80154d,IGO237L,2025-12-29 09:14:08,79.46614901413963,1,86.40999904177161,Normal Operation
3111,80154d,IGO272E,2025-12-29 16:41:44,49.97400360408083,1,74.6567579745632,Normal Operation
3112,80154d,IGO272E,2025-12-29 18:03:07,99.16042178534656,1,94.52419953584605,Normal Operation
3113,80154d,IGO5273,2025-12-30 04:58:38,61.58427774454249,1,58.78839451250598,Normal Operation
3114,80154d,IGO5273,2025-12-30 06:58:37,54.98924705998134,1,73.79792863301962,Normal Operation
3115,80154d,IGO237L,2025-12-30 09:08:33,94.36515300577908,1,89.06578827442414,Normal Operation
3116,80154e,FQA311,2025-12-29 00:54:10,59.73586261609001,1,73.77780230542402,Normal Operation
3117,80154e,FQA322,2025-12-29 04:04:06,71.3080884955104,1,80.216130435352,Normal Operation
3118,80154e,FQA322,2025-12-30 05:38:33,68.7475479854332,1,78.07181486662918,Normal Operation
3119,80154f,VTRRK,2025-12-29 08:54:06,87.00933468352274,-1,46.923740547659435,Holding Pattern
3120,801551,IGO6708,2025-12-28 23:58:46,54.9267520355346,-1,39.30480278586801,Multiple Causes
3121,801551,IGO670D,2025-12-29 03:14:06,56.7933520349978,1,64.3222837950923,Normal Operation
3122,801551,IGO6907,2025-12-29 15:51:45,,-1,16.056876443832667,Holding Pattern
3123,801551,IGO104F,2025-12-29 17:01:38,65.5318188494017,1,75.20000836382637,Normal Operation
3124,801551,IGO086,2025-12-30 06:48:37,99.98086574838838,1,93.48559630007884,Normal Operation
3125,801552,AIC2469,2025-12-29 04:54:04,69.01893863618523,1,75.64441261511236,Normal Operation
3126,801552,AIC2469,2025-12-29 06:24:05,80.0199625820639,1,74.9046660045646,Normal Operation
3127,801552,AIC2470,2025-12-29 08:14:07,84.39286450121492,1,80.98060756991482,Normal Operation
3128,801552,AIC2470,2025-12-29 09:24:04,63.2348013147666,1,65.36738622697466,Normal Operation
3129,801552,AIC2981,2025-12-29 23:28:38,75.45178069152462,-1,41.65452902578937,Multiple Causes
3130,801553,AIC2933,2025-12-29 15:51:45,97.07147798400032,1,86.86707209771757,Normal Operation
3131,801553,AIC2933,2025-12-29 17:01:38,80.77077944393291,1,63.16557493856373,Normal Operation
3132,801553,AIC2410,2025-12-29 23:28:38,99.9873237243524,1,94.83549408663488,Normal Operation
3133,801553,AIC2410,2025-12-30 01:08:40,52.540117126600656,1,75.39009070523147,Normal Operation
3134,801553,AIC2845,2025-12-30 07:38:20,74.01751948026504,1,83.23099113385516,Normal Operation
3135,801553,AIC2846,2025-12-30 09:58:35,77.78254504724555,1,80.18869440914078,Normal Operation
3136,801554,IGO549,2025-12-29 05:24:05,59.943937609543,1,73.37350888659458,Normal Operation
3137,801554,IGO191J,2025-12-29 07:44:01,78.88859612383058,1,78.3249296558068,Normal Operation
3138,801554,IGO96HP,2025-12-29 15:51:45,76.8440313607269,1,85.36870746234159,Normal Operation
3139,801554,IGO6756,2025-12-29 18:13:07,84.36673218662992,1,79.92877957370602,Normal Operation
3140,801554,IGO442,2025-12-30 09:38:37,42.50603611554915,-1,53.22114634638057,Altitude Instability
3141,80155a,IGO26H,2025-12-29 00:38:36,79.0744874125059,1,83.64742519585937,Normal Operation
3142,80155a,IGO40C,2025-12-29 07:14:05,93.69058418719813,1,75.34579611957666,Normal Operation
3143,80155a,IGO088,2025-12-30 06:18:36,88.97859681666168,1,76.97359962110913,Normal Operation
3144,80155b,IGO196F,2025-12-29 06:34:06,61.24297697943077,1,71.29335114237458,Normal Operation
3145,80155b,IGO42PW,2025-12-29 08:44:04,95.1915041858475,1,83.75922231007085,Normal Operation
3146,80155b,IGO42PW,2025-12-29 10:04:07,92.36773185654636,1,78.9958165869641,Normal Operation
3147,80155b,IGO764,2025-12-29 16:51:45,99.6008177266767,1,93.2223439596308,Normal Operation
3148,80155b,IGO696M,2025-12-30 09:08:33,61.644312286441846,1,75.23594218041252,Normal Operation
3149,80155c,IGO991L,2025-12-29 15:51:45,58.90874237069542,1,74.65333282324501,Normal Operation
3150,80155c,IGO964W,2025-12-29 18:23:08,93.23538810392408,1,87.61878745649204,Normal Operation
3151,80155c,IGO336M,2025-12-30 07:38:20,93.93108515383672,1,83.41609743014908,Normal Operation
3152,80155c,IGO305F,2025-12-30 09:38:37,41.81012177746467,1,66.24173552929226,Normal Operation
3153,80155d,AKJ311Q,2025-12-29 00:18:37,52.472873039439015,1,70.48501931520997,Normal Operation
3154,80155d,AKJ1539,2025-12-29 01:54:09,59.3768910662235,1,73.13343550051421,Normal Operation
3155,80155d,AKJ1324,2025-12-29 17:13:08,97.17970092820336,1,76.07514182134935,Normal Operation
3156,80155d,AKJ448U,2025-12-29 23:28:38,78.30718725913793,1,82.63773550797431,Normal Operation
3157,80155e,IGO4WY,2025-12-30 07:28:36,99.32067840622098,1,70.71122179605108,Normal Operation
3158,80155e,IGO7255,2025-12-30 09:18:35,93.77163255921162,1,57.290868039514365,Normal Operation
3159,80155f,AIC2145,2025-12-28 23:48:41,99.95867945974062,1,95.4039919093671,Normal Operation
3160,80155f,AIC2817,2025-12-29 17:01:38,85.17953531749305,1,90.96029731977767,Normal Operation
3161,80155f,AIC2651,2025-12-30 08:18:37,74.59203562125806,1,86.33051804233831,Normal Operation
3162,80155f,AIC2651,2025-12-30 10:18:36,85.71706758514887,1,72.65713881515175,Normal Operation
3163,801560,IGO068,2025-12-29 08:24:06,99.98008484524138,1,96.14423972434419,Normal Operation
3164,801566,IGO4WY,2025-12-29 07:14:05,93.80904380050409,1,58.83120187640581,Normal Operation
3165,801566,IGO7255,2025-12-29 10:04:07,95.09992286091314,-1,52.590950613699,Unknown Inefficiency
3166,80156c,IGO257P,2025-12-29 05:44:09,60.70105270767205,1,79.69100653972747,Normal Operation
3167,80156c,IGO6629,2025-12-29 07:44:01,74.19901630328806,1,85.49711381496816,Normal Operation
3168,80156d,IGO73AJ,2025-12-29 09:24:04,72.07772721672814,1,82.41581852988847,Normal Operation
3169,80156d,IGO969,2025-12-29 17:23:08,86.8092912982311,1,68.68989271635618,Normal Operation
3170,80156f,VTHLV,2025-12-29 16:21:38,91.03366865917816,-1,52.17555350055107,Holding Pattern
3171,801570,BDA803,2025-12-29 23:38:34,78.0745084433914,1,83.47593077304451,Normal Operation
3172,801570,BDA803,2025-12-30 01:28:36,83.07231096126733,1,71.36110815287078,Normal Operation
3173,801570,BDA308,2025-12-30 03:08:38,67.95576429045693,1,72.04821835990562,Normal Operation
3174,801570,BDA308,2025-12-30 05:28:36,38.74141945365416,1,57.56021315269579,Normal Operation
3175,801570,BDA308,2025-12-30 06:58:37,41.450618053208856,1,63.73448429764855,Normal Operation
3176,801570,BDA308,2025-12-30 09:48:34,64.18041475250206,1,82.21575230562094,Normal Operation
3177,801571,IGO7236,2025-12-29 05:54:05,93.80751646782468,1,72.65303227746703,Normal Operation
3178,801571,IGO7245,2025-12-29 08:04:08,94.64033466457144,1,71.79122049890468,Normal Operation
3179,801571,IGO7714,2025-12-29 10:04:07,98.59801503552497,1,69.96826041171458,Normal Operation
3180,801571,IGO7453,2025-12-29 17:23:08,99.94496446308536,1,78.90628108484681,Normal Operation
3181,80157a,AKJ725K,2025-12-29 15:51:45,79.70306014781805,1,68.66641286926729,Normal Operation
3182,80157a,AKJ193Q,2025-12-29 18:03:07,88.19942431064199,1,69.50235314164597,Normal Operation
3183,80157c,AKJ1542,2025-12-29 16:31:45,85.13935456084488,1,66.67992519784882,Normal Operation
3184,80157c,AKJ1543,2025-12-29 18:45:15,49.66308019257003,1,57.21374095540138,Normal Operation
3185,801580,SDG107,2025-12-29 08:14:07,99.73721663841316,1,91.14451257598472,Normal Operation
3186,801580,SDG108,2025-12-29 16:31:45,99.36262799995464,1,92.20262478245817,Normal Operation
3187,801580,SDG169,2025-12-29 18:23:08,99.7134609252538,1,91.66240271670686,Normal Operation
3188,801580,SDG107,2025-12-30 08:48:37,99.83767334879612,1,95.86763771767377,Normal Operation
3189,801581,IGO6457,2025-12-29 09:04:08,87.16386680691248,1,79.04114461672695,Normal Operation
3190,801581,IGO359V,2025-12-29 16:01:36,60.04857994245775,1,78.2069599081726,Normal Operation
3191,801581,IGO775,2025-12-29 17:53:07,55.55896427428818,1,70.26477557097544,Normal Operation
3192,801581,IGO1911,2025-12-30 00:38:34,52.35713004761428,1,57.929920981083065,Normal Operation
3193,801581,IGO1058,2025-12-30 05:18:34,59.17079534155093,1,64.25277267284024,Normal Operation
3194,801581,IGO6405,2025-12-30 08:18:37,45.22703064488387,1,61.95548931395251,Normal Operation
3195,801584,AIC1746,2025-12-29 17:01:38,56.31768167478464,1,69.49559840598833,Normal Operation
3196,801584,AIC1725,2025-12-30 05:28:36,66.1123733161002,1,59.2740536208168,Normal Operation
3197,801584,AIC1860,2025-12-30 08:28:35,57.72876038406711,1,76.43239506948662,Normal Operation
3198,801587,AKJ624,2025-12-29 18:03:07,99.9021603421293,1,98.07129130736521,Normal Operation
3199,80158a,IGO1704,2025-12-30 09:48:34,80.62043247351306,1,82.58603343803061,Normal Operation
3200,80158b,AIC1854,2025-12-28 23:48:41,48.71411252174362,1,63.28209699924464,Normal Operation
3201,80158b,AIC1749,2025-12-29 08:34:04,74.6873238010001,1,79.35506433308089,Normal Operation
3202,80158b,AIC1848,2025-12-29 16:31:45,53.80602712708305,1,79.37332858699598,Normal Operation
3203,80158b,AIC1734,2025-12-29 18:45:15,78.89575522458213,1,83.72055497459056,Normal Operation
3204,80158b,AIC1854,2025-12-29 23:28:38,65.33331995435645,1,61.84760294448108,Normal Operation
3205,80158b,AIC1763,2025-12-30 09:48:34,52.28841179836645,1,70.16302457840466,Normal Operation
3206,80158c,AIC2025,2025-12-30 05:18:34,89.17746184154026,1,88.31616087830211,Normal Operation
3207,801590,AXB1057,2025-12-29 06:34:06,77.14592456425703,1,75.6187880578561,Normal Operation
3208,801590,AXB1058,2025-12-29 10:24:06,97.50325171213689,1,88.50646727614426,Normal Operation
3209,801590,AXB1617,2025-12-29 16:31:45,55.67219446781797,1,57.602971610568765,Normal Operation
3210,801590,AXB1618,2025-12-29 18:13:07,87.34945386945537,1,88.47552052382326,Normal Operation
3211,801590,AXB1057,2025-12-30 06:18:36,91.1120434048188,1,74.73541735763168,Normal Operation
3212,801590,AXB1058,2025-12-30 09:08:33,85.45834113623897,1,76.32564882669301,Normal Operation
3213,801591,AXB1042,2025-12-28 23:48:41,85.15931536488318,1,58.0141579132002,Normal Operation
3214,801591,AXB1108,2025-12-29 06:14:08,57.46618138861727,1,81.8163895029442,Normal Operation
3215,801591,AXB1108,2025-12-29 07:54:02,95.55066866144644,1,87.82659800661773,Normal Operation
3216,801591,AXB1109,2025-12-29 10:14:09,99.81436070636632,1,92.6603450543833,Normal Operation
3217,801591,AXB1340,2025-12-29 17:23:08,99.68214591295684,1,96.44100513823142,Normal Operation
3218,801591,AXB1340,2025-12-29 18:45:15,82.71081841633823,1,86.71662614264538,Normal Operation
3219,801591,AXB1042,2025-12-30 00:28:37,80.33760186824622,1,57.497179691891056,Normal Operation
3220,801591,AXB1012,2025-12-30 08:38:36,96.98519220521332,1,79.63460242744803,Normal Operation
3221,801593,VTPRI,2025-12-29 07:24:06,,-1,13.10638315238189,Multiple Causes
3222,801593,VTPRI,2025-12-29 16:31:45,81.82748133511478,1,57.75211352822082,Normal Operation
3223,801594,AXB1257,2025-12-28 23:48:41,84.94946151609969,1,78.92836465565709,Normal Operation
3224,801594,AXB1258,2025-12-29 01:34:05,70.76028518441463,1,75.94557157969307,Normal Operation
3225,801594,AXB1258,2025-12-29 02:44:02,52.09694302466606,1,66.74022147572983,Normal Operation
3226,801594,AXB1012,2025-12-29 08:44:04,73.79954019438708,1,56.564172423193675,Normal Operation
3227,801594,AXB1037,2025-12-29 16:21:38,78.45038624234016,1,81.08302830902284,Normal Operation
3228,801594,AXB1038,2025-12-29 17:53:07,84.5402115508576,1,80.66607528221407,Normal Operation
3229,801594,AXB1108,2025-12-30 05:48:34,87.73053923214962,1,89.82089312491846,Normal Operation
3230,801594,AXB1108,2025-12-30 06:58:37,96.79537712902592,1,90.91281838351554,Normal Operation
3231,801594,AXB1109,2025-12-30 09:28:35,99.99400995590784,1,97.80751620273993,Normal Operation
3232,801595,AXB1049,2025-12-29 15:51:45,82.53085594635547,1,68.10145767898203,Normal Operation
3233,801595,AXB1049,2025-12-29 17:23:08,64.43319340723231,1,80.35225265914353,Normal Operation
3234,801595,AXB1213,2025-12-29 23:28:38,,-1,15.265135219053962,Holding Pattern
3235,801595,AXB1737,2025-12-30 07:08:35,73.4696159802908,1,75.89160265768247,Normal Operation
3236,801595,AXB1738,2025-12-30 09:18:35,64.10975938480917,1,67.5095250906867,Normal Operation
3237,801596,IGO19H,2025-12-29 02:04:07,65.2626724127121,1,75.56361700710988,Normal Operation
3238,801596,IGO71L,2025-12-29 08:24:06,89.31956280870331,1,83.95424099515664,Normal Operation
3239,801596,IGO72P,2025-12-29 16:41:44,68.79045679766868,1,67.36146783058145,Normal Operation
3240,801596,IGO91E,2025-12-29 18:35:17,63.79635140573515,1,74.00514496606938,Normal Operation
3241,801596,IGO19H,2025-12-30 02:28:35,57.85159838503812,1,77.65715054291887,Normal Operation
3242,801596,IGO71L,2025-12-30 08:08:33,65.13206786729198,1,80.75814131520285,Normal Operation
3243,801596,IGO71L,2025-12-30 09:08:33,99.9815544027451,1,98.58631911582567,Normal Operation
3244,801597,AIC2361,2025-12-29 01:44:09,77.28174476156741,1,56.523796086503005,Normal Operation
3245,801597,AIC2495,2025-12-29 09:34:05,85.06089147061338,1,86.4497171720643,Normal Operation
3246,801597,AIC2362,2025-12-29 15:51:45,99.97176123113144,1,95.0058630152063,Normal Operation
3247,801597,AIC2361,2025-12-30 00:48:35,86.72148832866259,-1,45.52744183448402,Unknown Inefficiency
3248,80159a,IGO6705,2025-12-29 15:51:45,68.726435507816,-1,41.75218166615237,Holding Pattern
3249,80159a,IGO6566,2025-12-29 23:28:38,43.245511375906176,1,62.34899543398806,Normal Operation
3250,80159a,IGO1015,2025-12-30 02:18:37,93.2878867578942,1,75.53996050766587,Normal Operation
3251,80159a,IGO1016,2025-12-30 10:08:34,80.40538036876112,1,58.0051768207815,Normal Operation
3252,80159b,SDG228,2025-12-30 10:08:34,84.56943272049261,1,87.06096443824788,Normal Operation
3253,80159c,AIC2872,2025-12-29 06:34:06,65.01560543430551,1,81.46562667053004,Normal Operation
3254,80159c,AIC2970,2025-12-29 09:34:05,68.4710628472777,1,81.24458861696876,Normal Operation
3255,80159c,AIC2646,2025-12-29 15:51:45,76.31255959759137,1,74.34106975601159,Normal Operation
3256,80159c,AIC2879,2025-12-29 18:35:17,87.0954749768167,1,86.03646846864596,Normal Operation
3257,80159c,AIC2870,2025-12-29 23:28:38,81.95377182383393,-1,45.84012499533984,Poor Routing
3258,80159c,AIC2577,2025-12-30 02:48:39,87.13095175370879,1,87.00149159007049,Normal Operation
3259,80159c,AIC2860,2025-12-30 08:38:36,61.074073606231664,1,70.71254705554887,Normal Operation
3260,80159d,AIC2608,2025-12-29 02:34:07,54.39868225752016,1,67.03656660132076,Normal Operation
3261,80159d,AIC2819,2025-12-29 16:01:36,88.29118038730107,1,86.78717738733769,Normal Operation
3262,80159d,AIC2918,2025-12-30 06:38:36,70.74710347581671,-1,36.94976892528593,Poor Routing
3263,80159d,AIC417,2025-12-30 09:08:33,62.20804518476542,1,58.653959478638185,Normal Operation
3264,80159e,AIC130,2025-12-30 09:48:34,34.175051624004695,-1,46.19689053976152,Multiple Causes
3265,8015a4,IGO2279,2025-12-28 23:48:41,84.62809147457348,-1,44.914114500868806,Unknown Inefficiency
3266,8015a6,AIC130,2025-12-29 10:24:06,70.76974287274807,1,80.14195627115706,Normal Operation
3267,8015a6,AIC129,2025-12-30 06:28:37,59.23755964928255,1,57.538264851877244,Normal Operation
3268,8015ab,AKJ1359,2025-12-29 08:34:04,59.0724033574004,1,77.91532141299432,Normal Operation
3269,8015ab,AKJ1128,2025-12-29 17:01:38,62.14424071373982,1,78.15440901468187,Normal Operation
3270,8015ab,AKJ1128,2025-12-29 18:35:17,86.74558330172059,1,58.78351335293476,Normal Operation
3271,8015ab,AKJ1409,2025-12-30 01:38:40,73.55558932103008,1,86.24073669588397,Normal Operation
3272,8015ab,AKJ1405,2025-12-30 07:28:36,57.320532786467375,1,69.21779932321459,Normal Operation
3273,8015ab,AKJ1405,2025-12-30 09:48:34,84.94140606080957,1,77.8824818044033,Normal Operation
3274,8015ad,IGO442,2025-12-29 09:54:04,45.6704472116334,1,63.818646712289194,Normal Operation
3275,8015ad,IGO6572,2025-12-29 16:11:36,55.73396829169805,1,69.69409350437955,Normal Operation
3276,8015ad,IGO6251,2025-12-29 18:35:17,39.6874119146666,-1,44.135745355406456,Multiple Causes
3277,8015ad,IGO6066,2025-12-30 10:08:34,81.23331643707243,1,55.92396762401323,Normal Operation
3278,8015b2,IGO699J,2025-12-29 05:04:06,78.16556219929078,1,72.17263285854729,Normal Operation
3279,8015b2,IGO513Y,2025-12-29 09:04:08,70.69324050047678,1,80.25421410493126,Normal Operation
3280,8015b2,IGO144,2025-12-29 15:51:45,90.49541797727544,1,86.07556766706594,Normal Operation
3281,8015b2,IGO103Y,2025-12-30 07:28:36,89.58164560754665,1,72.27359672829239,Normal Operation
3282,8015b8,IGO2774,2025-12-29 01:54:09,82.65818438869871,1,85.41303483013473,Normal Operation
3283,8015b8,IGO2774,2025-12-29 03:14:06,46.39428712653725,1,70.15941574679971,Normal Operation
3284,8015b8,IGO139,2025-12-29 06:44:08,91.5752943714138,1,84.88616890419306,Normal Operation
3285,8015b8,IGO249W,2025-12-29 09:04:08,39.10196854868886,-1,49.17643854630698,Multiple Causes
3286,8015b8,IGO6102,2025-12-29 17:53:07,82.1896173005305,1,76.65961443722887,Normal Operation
3287,8015bc,IGO636C,2025-12-29 00:38:36,60.71778141802941,1,82.27299966458195,Normal Operation
3288,8015bc,IGO704P,2025-12-29 06:14:08,61.968731969284725,1,79.91371093664628,Normal Operation
3289,8015bc,IGO6925,2025-12-29 15:51:45,54.74125978336592,1,75.6924179351217,Normal Operation
3290,8015bc,IGO552N,2025-12-29 17:33:04,94.25272620641812,1,83.68016005416409,Normal Operation
3291,8015bc,IGO742,2025-12-30 00:08:41,76.42784878607135,1,82.62611718674182,Normal Operation
3292,8015bf,VTHNA,2025-12-30 10:08:34,51.452129947091535,1,63.54347860558622,Normal Operation
3293,8015c0,IGO845V,2025-12-29 06:24:05,57.26079909679133,1,67.20174431331839,Normal Operation
3294,8015c0,IGO831E,2025-12-29 10:24:06,89.71537667783294,1,86.31636569652102,Normal Operation
3295,8015c0,IGO158,2025-12-29 15:51:45,71.40770928053769,1,55.928700486238576,Normal Operation
3296,8015c1,AIC2999,2025-12-28 23:48:41,74.88623638896347,-1,50.28547757016616,Holding Pattern
3297,8015c1,AIC2242,2025-12-29 16:41:44,79.01606690611118,-1,53.33929307576218,Poor Routing
3298,8015c1,AIC2145,2025-12-29 23:58:37,73.39132891491134,-1,53.89449157906829,Unknown Inefficiency
3299,8015c2,IGO501N,2025-12-29 00:18:37,67.87249300025375,1,69.93087743804045,Normal Operation
3300,8015c2,IGO6468,2025-12-29 18:03:07,70.17338155643978,1,86.52239517554312,Normal Operation
3301,8015c2,IGO449F,2025-12-30 09:38:37,77.20984314584021,1,86.64260185170941,Normal Operation
3302,8015c5,AIC2147,2025-12-29 04:04:06,58.81347476722659,-1,46.84740515120474,Speed Instability
3303,8015c5,AIC2147,2025-12-29 05:34:08,99.85681124337589,1,92.49775691990256,Normal Operation
3304,8015c5,AIC2148,2025-12-29 18:35:17,99.9351478051378,1,98.15609544251284,Normal Operation
3305,8015c5,AIC2999,2025-12-30 00:48:35,81.78858343343155,1,84.66720668102367,Normal Operation
3306,8015c5,AIC2999,2025-12-30 01:58:37,79.50542603530917,1,58.39573599307927,Normal Operation
3307,8015c6,IGO6004,2025-12-29 05:24:05,49.79037661114486,1,63.568236607901035,Normal Operation
3308,8015c6,IGO6004,2025-12-29 08:14:07,81.62537950212686,1,80.40505937417144,Normal Operation
3309,8015c6,IGO236E,2025-12-29 10:04:07,99.39905556324348,1,92.78972198910402,Normal Operation
3310,8015c6,IGO291P,2025-12-29 16:01:36,75.09395958215752,1,78.8066230457714,Normal Operation
3311,8015c6,IGO2145,2025-12-29 17:53:07,60.88590646411743,1,75.67754197393252,Normal Operation
3312,8015c6,IGO2773,2025-12-29 23:38:34,60.87364291910927,1,66.26145228707483,Normal Operation
3313,8015c6,IGO2471,2025-12-30 04:48:37,53.27169793398955,1,78.82146485939184,Normal Operation
3314,8015c6,IGO2471,2025-12-30 06:08:34,68.01611004468097,1,76.7942654714126,Normal Operation
3315,8015c6,IGO63DM,2025-12-30 07:48:33,76.96148208451389,1,84.2529283029131,Normal Operation
3316,8015c6,IGO63DM,2025-12-30 08:58:35,60.05702301582224,1,72.94341504001576,Normal Operation
3317,8015c7,IGO963H,2025-12-29 05:54:05,39.486580939912045,-1,52.958061572779584,Multiple Causes
3318,8015c7,IGO563,2025-12-29 08:44:04,69.45532334022731,1,76.99865974292916,Normal Operation
3319,8015c7,IGO949P,2025-12-29 15:51:45,99.90929700377508,1,98.18881410425337,Normal Operation
3320,8015c7,IGO345,2025-12-30 09:08:33,69.4049435295212,1,87.07851134380817,Normal Operation
3321,8015c9,IGO6319,2025-12-29 18:13:07,83.36857884585336,1,57.100604114827725,Normal Operation
3322,8015ca,IGO060,2025-12-29 04:44:07,66.88635391528024,1,65.76064840510587,Normal Operation
3323,8015ca,IGO6431,2025-12-29 08:24:06,63.6599081687646,1,76.80337820179702,Normal Operation
3324,8015ca,IGO745W,2025-12-29 17:13:08,85.57384412120538,1,81.59047988818361,Normal Operation
3325,8015ca,IGO1307,2025-12-30 00:18:35,88.62790317232323,1,89.39981101096366,Normal Operation
3326,8015ca,IGO1346,2025-12-30 08:48:37,52.9332605306478,1,75.38186704788598,Normal Operation
3327,8015cb,IGO082,2025-12-29 06:04:04,49.29931340114032,1,68.88373736968747,Normal Operation
3328,8015cb,IGO6293,2025-12-29 09:14:08,91.04214353910216,1,84.32888417602514,Normal Operation
3329,8015cb,IGO756V,2025-12-29 18:13:07,98.0994936887026,1,86.76365871667993,Normal Operation
3330,8015cb,IGO196F,2025-12-30 05:38:33,97.7249436329566,1,89.47807351418854,Normal Operation
3331,8015cb,IGO196F,2025-12-30 06:28:37,59.43531572086621,1,65.07437189412337,Normal Operation
3332,8015cb,IGO5167,2025-12-30 08:18:37,67.63539855394137,1,70.72765665195816,Normal Operation
3333,8015cd,AIC2380,2025-12-29 23:38:34,88.91747340269978,1,66.53192879775958,Normal Operation
3334,8015cd,AIC2381,2025-12-30 09:38:37,99.9482759661992,1,94.8509209197878,Normal Operation
3335,8015ce,IGO2026,2025-12-29 08:04:08,66.21006179820753,1,73.1167192961922,Normal Operation
3336,8015ce,IGO257H,2025-12-29 09:44:08,79.76585189407417,1,68.55126642063784,Normal Operation
3337,8015ce,IGO82YJ,2025-12-29 16:51:45,96.02106384177036,1,89.28026515980228,Normal Operation
3338,8015ce,IGO068,2025-12-30 08:18:37,99.8510545127661,1,96.27882591370968,Normal Operation
3339,8015d0,VTBNB,2025-12-30 10:18:36,74.94644156395077,1,79.0037234438405,Normal Operation
3340,8015d3,IGO6139,2025-12-29 05:04:06,62.74446341208024,1,67.96308500417611,Normal Operation
3341,8015d3,IGO505,2025-12-29 07:54:02,39.44174763478716,-1,47.71479804116314,Multiple Causes
3342,8015d3,IGO472H,2025-12-29 10:04:07,53.89798918591674,1,74.86742678929676,Normal Operation
3343,8015d3,IGO874,2025-12-29 15:51:45,74.17762719438261,1,83.28001671846451,Normal Operation
3344,8015d3,IGO874,2025-12-29 17:33:04,98.02668977346268,1,85.75755962850565,Normal Operation
3345,8015d3,IGO233P,2025-12-30 06:28:37,76.05051037162065,1,73.79489164950928,Normal Operation
3346,8015d3,IGO233P,2025-12-30 08:28:35,79.99777760569106,1,66.14675979903868,Normal Operation
3347,8015d8,IGO2115,2025-12-30 07:58:34,96.44702440736536,1,88.33794500851685,Normal Operation
3348,8015d8,IGO2116,2025-12-30 09:48:34,99.58062119381763,1,94.08481004206111,Normal Operation
3349,8015d9,IGO49U,2025-12-29 16:51:45,64.94171070849177,1,72.27939731708841,Normal Operation
3350,8015da,IGO393P,2025-12-28 23:48:41,,-1,15.755903882633962,Holding Pattern
3351,8015da,IGO1015,2025-12-29 02:04:07,81.50381943280664,1,66.58015239167884,Normal Operation
3352,8015da,IGO1016,2025-12-29 09:54:04,71.20130463031484,-1,32.70102843585824,Poor Routing
3353,8015da,IGO1634,2025-12-29 18:45:15,99.99690566902044,1,94.39387224042206,Normal Operation
3354,8015da,VTIPY,2025-12-30 08:48:37,,-1,10.89069605641644,Holding Pattern
3355,8015db,IGO1234,2025-12-29 08:14:07,99.98678415960104,1,94.24036569038725,Normal Operation
3356,8015db,IGO5099,2025-12-29 16:41:44,81.35880952449752,1,73.01656457780426,Normal Operation
3357,8015db,IGO74EY,2025-12-29 18:25:18,51.69402228354039,1,68.0673101879558,Normal Operation
3358,8015db,IGO786,2025-12-29 23:38:34,86.05061994465821,1,82.84947873851469,Normal Operation
3359,8015dd,SDG182,2025-12-29 17:53:07,75.58637719650227,1,81.06632956156014,Normal Operation
3360,8015dd,SDG159,2025-12-30 06:28:37,85.72162633933695,1,82.82244415427549,Normal Operation
3361,8015e2,IGO1701,2025-12-28 23:48:41,99.21386748729412,1,87.94404207472726,Normal Operation
3362,8015e2,IGO1702,2025-12-29 07:54:02,82.08611120990723,1,62.59350563914501,Normal Operation
3363,8015e2,IGO1156,2025-12-29 17:01:38,76.8825163718512,1,79.48356267657937,Normal Operation
3364,8015e2,IGO1804,2025-12-30 07:38:20,48.0217213152842,1,67.13655978537966,Normal Operation
3365,8015e3,IGO1238,2025-12-29 08:34:04,55.91535401932418,1,63.18034889073523,Normal Operation
3366,8015e4,IGO077,2025-12-29 01:04:06,92.91407429080976,1,80.86737112352478,Normal Operation
3367,8015e4,IGO062,2025-12-30 05:18:34,44.08395713449149,1,56.82185188134263,Normal Operation
3368,8015e4,IGO6674,2025-12-30 07:28:36,50.549078766446826,1,72.2685553340847,Normal Operation
3369,8015e4,IGO6205,2025-12-30 10:18:36,72.43361673920612,1,84.15612013726255,Normal Operation
3370,8015e5,IGO5140,2025-12-29 08:14:07,64.33042906430182,1,58.991689438199316,Normal Operation
3371,8015e5,IGO5140,2025-12-29 09:54:04,90.21032831645331,1,83.00874033208079,Normal Operation
3372,8015e5,IGO6235,2025-12-29 17:43:10,56.607599957175616,1,70.86108090622277,Normal Operation
3373,8015e5,IGO5143,2025-12-30 00:58:38,62.67910348389581,1,66.02067466311385,Normal Operation
3374,8015e5,IGO5140,2025-12-30 05:48:34,63.3557842848744,1,61.60419503798694,Normal Operation
3375,8015e5,IGO5140,2025-12-30 07:28:36,86.17194762991294,1,80.80449025983415,Normal Operation
3376,8015e5,IGO445J,2025-12-30 09:28:35,98.053235737614,1,89.76722976327983,Normal Operation
3377,8015e6,IGO1419,2025-12-29 00:28:46,95.12687375016168,1,86.52502234552439,Normal Operation
3378,8015e6,IGO423H,2025-12-30 09:28:35,93.51260918055344,1,89.33400476775435,Normal Operation
3379,8015e7,IGO6032,2025-12-29 08:04:08,99.9347864870184,1,93.68846417521054,Normal Operation
3380,8015e7,IGO197C,2025-12-30 00:28:37,68.85903602925893,1,79.22237958101458,Normal Operation
3381,8015e7,IGO6659,2025-12-30 03:38:37,83.12649305598431,1,82.24278416937528,Normal Operation
3382,8015e7,IGO542,2025-12-30 07:38:20,99.85546914480102,1,94.38954573958839,Normal Operation
3383,8015e7,IGO542,2025-12-30 08:38:36,60.95028639781607,1,73.68344228944699,Normal Operation
3384,8015e8,VTRRN,2025-12-29 16:01:36,99.96040459133222,1,60.65972396932649,Normal Operation
3385,8015ed,IGO2KC,2025-12-29 06:44:08,94.81692695091422,1,71.88876936019092,Normal Operation
3386,8015ed,IGO5LY,2025-12-29 09:44:08,94.82716052365082,1,70.63905133924555,Normal Operation
3387,8015ee,AXB814,2025-12-29 03:24:06,99.92209781031492,1,99.09664266425926,Normal Operation
3388,8015ee,AXB2923,2025-12-29 06:34:06,86.83482641208566,1,77.19904088573988,Normal Operation
3389,8015ee,AXB1513,2025-12-29 09:04:08,97.11169070825576,1,76.76210054700651,Normal Operation
3390,8015ee,AXB1604,2025-12-29 16:41:44,70.89610357855217,1,79.19339325182145,Normal Operation
3391,8015ef,AXB1275,2025-12-29 06:04:04,79.62998028624463,1,85.11414903718492,Normal Operation
3392,8015ef,AXB1275,2025-12-29 07:14:05,99.92310767853424,1,94.8130767870995,Normal Operation
3393,8015ef,AXB1276,2025-12-29 09:54:04,99.79046715192608,1,91.1863525699384,Normal Operation
3394,8015ef,AXB1080,2025-12-29 16:41:44,71.28859851298415,1,70.15637802141855,Normal Operation
3395,8015ef,AXB1053,2025-12-29 23:28:38,95.17136869768072,1,72.66165263704012,Normal Operation
3396,8015f0,AXB1209,2025-12-29 01:04:06,50.30495637783169,-1,51.69110428447152,Altitude Instability
3397,8015f0,AXB1243,2025-12-29 16:11:36,89.1470808410061,1,84.26081532358494,Normal Operation
3398,8015f0,AXB1243,2025-12-29 17:43:10,75.03546700003562,1,75.99233658493084,Normal Operation
3399,8015f0,AXB236,2025-12-30 06:08:34,55.86964688281629,1,70.0042069563825,Normal Operation
3400,8015f0,AXB1237,2025-12-30 08:38:36,86.41184130848391,1,87.27785603285427,Normal Operation
3401,8015f3,IGO123F,2025-12-28 23:48:41,78.38032712647907,-1,44.10650723836722,Holding Pattern
3402,8015f3,IGO5151,2025-12-29 06:24:05,43.02823267499318,1,58.52061150645636,Normal Operation
3403,8015f3,IGO6373,2025-12-29 09:44:08,52.3050408393396,1,72.54955628948453,Normal Operation
3404,8015f3,IGO649,2025-12-29 17:13:08,61.998109393800135,1,64.01001754710728,Normal Operation
3405,8015f3,IGO1501,2025-12-30 00:58:38,64.1132276773575,1,60.79245032023865,Normal Operation
3406,8015f7,AIC161,2025-12-29 02:04:07,,-1,0.0,Multiple Causes
3407,8015f7,VTJRA,2025-12-30 02:08:35,,-1,18.418294092894886,Holding Pattern
3408,8015f7,AIC105,2025-12-30 04:08:35,56.88006597853865,1,82.07043002801085,Normal Operation
3409,8015fc,IGO6472,2025-12-29 00:38:36,48.67971256122543,-1,51.80109949508434,Altitude Instability
3410,8015fc,IGO6472,2025-12-29 04:54:04,89.59589343105041,1,81.58742419150894,Normal Operation
3411,8015fc,IGO939,2025-12-29 06:54:07,93.89456595505204,1,88.71220840058534,Normal Operation
3412,8015fc,IGO316M,2025-12-29 17:01:38,51.504814357464085,1,65.70563587652428,Normal Operation
3413,801600,AIC101,2025-12-29 03:24:06,61.50038863700112,1,72.6217194404786,Normal Operation
3414,801602,AIC2811,2025-12-28 23:58:46,71.25361585793249,1,73.7832974722522,Normal Operation
3415,801602,AIC2873,2025-12-29 08:14:07,49.61019665850674,1,71.49589031441631,Normal Operation
3416,801602,AIC2478,2025-12-29 15:51:45,73.20424821238645,-1,52.19444744883442,Poor Routing
3417,801602,AIC2619,2025-12-29 18:25:18,42.377859044123554,1,66.78492111336273,Normal Operation
3418,801602,AIC2857,2025-12-29 23:48:40,66.87083241939636,1,82.76675682166659,Normal Operation
3419,801602,AIC2654,2025-12-30 07:38:20,58.510921471519794,1,75.71304302769164,Normal Operation
3420,801602,AIC2654,2025-12-30 09:28:35,60.77606687107008,1,65.65407626349524,Normal Operation
3421,801603,AIC2653,2025-12-29 05:14:08,67.47124695377528,1,87.64290379498262,Normal Operation
3422,801603,AIC2808,2025-12-29 08:34:04,59.85259051916853,1,77.28989391141286,Normal Operation
3423,801603,AIC2808,2025-12-29 10:24:06,83.6525028531498,1,85.76056931202557,Normal Operation
3424,801603,AIC2484,2025-12-29 18:03:07,58.78550438101198,1,77.97023520448028,Normal Operation
3425,801603,AIC2812,2025-12-30 06:48:37,69.56437076112941,1,82.3798002387322,Normal Operation
3426,801604,AXB2841,2025-12-29 10:04:07,69.12936431208104,1,82.20805060051572,Normal Operation
3427,801604,AXB2990,2025-12-29 17:23:08,86.18188704060952,1,84.75336190804349,Normal Operation
3428,801604,AXB1228,2025-12-30 07:28:36,76.63587176224374,1,85.67791702681184,Normal Operation
3429,801605,AXB1025,2025-12-28 23:48:41,82.50027996503871,1,63.31902505364651,Normal Operation
3430,801605,AXB2367,2025-12-29 08:04:08,78.48423911769396,1,82.22036358244257,Normal Operation
3431,801605,AXB2368,2025-12-29 10:04:07,61.30607152621008,1,71.78530776977013,Normal Operation
3432,801605,AXB666,2025-12-29 18:23:08,71.4937865832919,1,78.82057493147516,Normal Operation
3433,801605,AXB268,2025-12-30 05:08:39,39.444825123949386,1,56.94058211699938,Normal Operation
3434,801605,AXB2367,2025-12-30 08:08:33,77.02706846039219,1,84.42749034148616,Normal Operation
3435,801605,AXB2368,2025-12-30 10:18:36,83.57169887471908,1,77.05589099152141,Normal Operation
3436,801606,AXB2651,2025-12-29 09:34:05,91.4410780769529,1,82.16411735612672,Normal Operation
3437,801606,AXB2986,2025-12-29 15:51:45,82.66276719283064,1,79.15013137022562,Normal Operation
3438,801606,AXB2652,2025-12-29 18:45:15,95.4622932993941,1,87.83323021536425,Normal Operation
3439,801606,AXB2651,2025-12-30 08:58:35,85.59198822043587,1,79.33961362001112,Normal Operation
3440,801607,AXB1282,2025-12-29 09:14:08,53.18777650707719,1,56.27167747228996,Normal Operation
3441,801607,AXB1023,2025-12-29 15:51:45,44.54070547653371,1,73.57666885851648,Normal Operation
3442,801607,AXB252,2025-12-30 04:38:37,46.6499271784739,1,60.62111853160001,Normal Operation
3443,801608,IGO6439,2025-12-29 07:44:01,45.795122517266734,1,64.24901430735873,Normal Operation
3444,801608,IGO619Y,2025-12-29 09:44:08,53.801512704750834,1,72.77274375038046,Normal Operation
3445,801608,IGO529H,2025-12-29 17:13:08,67.37547289081628,1,80.88717270534701,Normal Operation
3446,80160a,IGO232C,2025-12-29 00:48:39,80.32353486008347,1,65.18315118053485,Normal Operation
3447,80160a,IGO2046,2025-12-30 06:38:36,50.55971839280488,1,59.14337169956333,Normal Operation
3448,80160b,IGO092,2025-12-29 06:24:05,75.76450638904844,1,60.2126361447387,Normal Operation
3449,80160b,IGO66P,2025-12-29 09:24:04,80.44042269827267,1,81.49893317554844,Normal Operation
3450,80160b,IGO345Y,2025-12-29 17:23:08,98.32356324470796,1,88.55586695978937,Normal Operation
3451,80160d,AXB2927,2025-12-29 09:04:08,75.85584633485934,1,73.67931328607973,Normal Operation
3452,80160d,AXB2963,2025-12-29 15:51:45,84.67022274943147,1,65.69482427098163,Normal Operation
3453,80160d,AXB1979,2025-12-30 08:48:37,79.61581124367856,1,68.65373166790168,Normal Operation
3454,80160e,IGO5127,2025-12-29 00:08:45,54.05832031341463,1,72.31502396797146,Normal Operation
3455,80160e,IGO5142,2025-12-29 07:04:08,48.93788850503946,-1,50.21267964826903,Speed Instability
3456,80160e,IGO969K,2025-12-29 10:24:06,65.4435164777343,1,59.79542924887979,Normal Operation
3457,80160e,IGO343V,2025-12-29 15:51:45,82.12997081222414,1,59.75110233815071,Normal Operation
3458,80160e,IGO731L,2025-12-29 17:13:08,86.10997010719078,1,84.324499396244,Normal Operation
3459,80160e,IGO731L,2025-12-29 18:23:08,77.30563428590104,1,58.2679957128598,Normal Operation
3460,80160f,IGO322K,2025-12-29 07:34:07,77.27939823241276,1,58.99151806918896,Normal Operation
3461,80160f,IGO952K,2025-12-30 00:08:41,55.75918708181848,1,68.18939095713911,Normal Operation
3462,80160f,IGO6439,2025-12-30 07:38:20,44.99926546313751,1,64.34127890331212,Normal Operation
3463,80160f,IGO619Y,2025-12-30 09:38:37,56.78133258077311,1,77.2559470968146,Normal Operation
3464,801611,IGO9578,2025-12-29 00:28:46,42.4197396877409,1,59.67794005687696,Normal Operation
3465,801611,IGO8551,2025-12-29 07:24:06,39.916675545104766,-1,54.34020871284128,Multiple Causes
3466,801611,IGO8552,2025-12-29 15:51:45,62.78553252619295,1,77.99814501186904,Normal Operation
3467,801611,IGO8551,2025-12-30 07:18:12,42.91206829490554,-1,53.393412641362666,Multiple Causes
3468,801612,AIC2205,2025-12-29 17:01:38,83.90495697377065,1,84.98840577136964,Normal Operation
3469,801612,AIC2206,2025-12-30 01:08:40,45.50306788683318,1,56.78957027447318,Normal Operation
3470,801612,AIC111,2025-12-30 08:48:37,65.19218440972571,1,84.73505040938264,Normal Operation
3471,801613,AXB2649,2025-12-29 17:13:08,67.72657874644473,1,78.5220951992136,Normal Operation
3472,801613,AXB2927,2025-12-30 09:08:33,92.3271297880624,1,85.6332587425491,Normal Operation
3473,801615,AXB1186,2025-12-29 17:01:38,68.33328605057335,1,75.78886521378989,Normal Operation
3474,801615,AXB1187,2025-12-29 18:23:08,86.4175066835304,1,82.73534686556847,Normal Operation
3475,801615,AXB2914,2025-12-30 06:38:36,67.19845686535942,1,73.56126218843872,Normal Operation
3476,801615,AXB2915,2025-12-30 09:08:33,69.89693624695514,1,84.99831253947022,Normal Operation
3477,801616,IGO1425,2025-12-29 00:54:10,75.38542385038718,1,85.8392342687863,Normal Operation
3478,801616,IGO1425,2025-12-29 02:14:08,99.9454367709138,1,98.76275503122582,Normal Operation
3479,801616,IGO1422,2025-12-29 08:54:06,99.98376796429126,1,97.07103312728687,Normal Operation
3480,801616,IGO63P,2025-12-29 16:11:36,79.22138061543848,1,80.00074181959823,Normal Operation
3481,801616,IGO63P,2025-12-29 18:35:17,84.18729022157046,1,80.47843943462419,Normal Operation
3482,801616,IGO1268,2025-12-30 02:38:38,43.17351126298786,1,60.653080903188375,Normal Operation
3483,801616,IGO436H,2025-12-30 06:48:37,75.71574121718405,1,80.92224611770216,Normal Operation
3484,801618,SDG395,2025-12-29 08:44:04,73.48643480412929,1,77.72456648240168,Normal Operation
3485,801618,SDG164,2025-12-29 10:14:09,96.96833447184602,1,73.51534267555243,Normal Operation
3486,801618,SDG334,2025-12-29 16:01:36,74.1416738762477,1,64.64410102223677,Normal Operation
3487,801618,SDG609,2025-12-29 17:53:07,78.66631780240064,1,65.2750167348293,Normal Operation
3488,801618,SDG395,2025-12-30 08:38:36,70.38729432735988,1,78.96929359346802,Normal Operation
3489,801618,SDG164,2025-12-30 09:48:34,76.64480245558717,1,66.07404276463544,Normal Operation
3490,801619,IGO6913,2025-12-29 10:14:09,94.80969157449388,1,81.62088504709713,Normal Operation
3491,801619,IGO394,2025-12-29 16:11:36,77.02751272296608,1,74.28820369875518,Normal Operation
3492,80161a,IGO6391,2025-12-29 17:23:08,73.87932945032804,1,67.80806721614665,Normal Operation
3493,80161a,IGO1132,2025-12-30 00:48:35,63.80749484438877,1,69.10662825727363,Normal Operation
3494,80161a,IGO073,2025-12-30 05:18:34,62.44350484039148,1,76.39707664940556,Normal Operation
3495,80161c,AXB2782,2025-12-29 05:14:08,75.48706715717717,1,70.71151899224137,Normal Operation
3496,80161c,AXB2783,2025-12-29 09:24:04,63.229917061242766,1,72.01049856870317,Normal Operation
3497,80161c,AXB2786,2025-12-29 17:23:08,80.0137246960111,1,76.59616688264686,Normal Operation
3498,80161c,AXB2661,2025-12-29 23:28:38,64.63961895364295,1,68.6324522062592,Normal Operation
3499,80161c,AXB2660,2025-12-30 00:48:35,77.94035460469084,1,74.40551043120679,Normal Operation
3500,80161d,AKJ448U,2025-12-29 00:08:45,69.94479897293056,1,83.66879715424325,Normal Operation
3501,80161d,AKJ1311,2025-12-29 06:44:08,85.21419637172221,1,84.88491315180313,Normal Operation
3502,80161d,AKJ900U,2025-12-29 09:04:08,72.09043918013033,1,86.76053879096678,Normal Operation
3503,80161d,AKJ873G,2025-12-30 00:18:35,67.47659475308411,1,83.52980258763539,Normal Operation
3504,80161d,AKJ1561,2025-12-30 07:48:33,39.371221718799646,1,56.26318113556294,Normal Operation
3505,80161d,AKJ1562,2025-12-30 09:38:37,54.37707058417796,1,69.2518252867048,Normal Operation
3506,80161e,AKJ1823,2025-12-29 10:04:07,64.00789926655949,1,82.54600723817984,Normal Operation
3507,80161e,AKJ1629,2025-12-29 16:51:45,57.49273269933626,1,67.03726973602001,Normal Operation
3508,80161e,AKJ1809,2025-12-29 18:45:15,66.1042125480112,1,70.40034746376303,Normal Operation
3509,801621,IGO115P,2025-12-29 10:24:06,92.23972388651548,1,86.4923884440696,Normal Operation
3510,801621,IGO5936,2025-12-29 15:51:45,99.60556732182393,1,91.07314431017583,Normal Operation
3511,801622,IGO205,2025-12-29 00:28:46,60.56690548259647,1,77.81023914734152,Normal Operation
3512,801622,IGO560M,2025-12-29 05:34:08,58.63061988585461,-1,36.73701428427506,Poor Routing
3513,801622,IGO714C,2025-12-29 07:44:01,57.97210427293752,1,60.38676068734568,Normal Operation
3514,801622,IGO5032,2025-12-29 17:01:38,53.86503642606819,-1,53.18283141876632,Speed Instability
3515,801622,IGO5032,2025-12-29 18:35:17,86.06906962958551,1,89.45808355553407,Normal Operation
3516,801622,IGO5551,2025-12-30 00:18:35,53.94660176662326,1,76.52635722863475,Normal Operation
3517,801622,IGO5551,2025-12-30 01:58:37,82.78439812405988,-1,50.35262403447419,Unknown Inefficiency
3518,801622,IGO569J,2025-12-30 08:38:36,68.59214937868748,1,72.86654083251229,Normal Operation
3519,801622,IGO177V,2025-12-30 10:08:34,48.658876050756746,1,57.49504669409295,Normal Operation
3520,801623,AXB112R,2025-12-29 15:51:45,69.99469512317444,1,76.30575230103729,Normal Operation
3521,801623,AXB1085,2025-12-29 18:23:08,79.59808906568297,1,81.23578723406504,Normal Operation
3522,801623,AXB1235,2025-12-29 23:38:34,77.31694018094727,-1,35.40606388561701,Poor Routing
3523,801625,AIC2429,2025-12-29 07:04:08,51.07457600047563,1,67.31058849791114,Normal Operation
3524,801625,AIC2429,2025-12-29 08:54:06,71.55636212229174,-1,48.61896134920594,Unknown Inefficiency
3525,801625,AIC2853,2025-12-29 16:31:45,64.74698217006043,1,79.92068364736062,Normal Operation
3526,801625,AIC885,2025-12-30 07:38:20,85.38063618652494,1,87.99841995220461,Normal Operation
3527,801626,AXB1519,2025-12-29 18:35:17,48.42565734302637,1,71.49512035483896,Normal Operation
3528,801626,AXB2782,2025-12-30 04:58:38,48.42262784365929,1,72.80344426957315,Normal Operation
3529,801626,AXB2783,2025-12-30 08:48:37,58.92324527016964,1,71.57325886397902,Normal Operation
3530,801627,AXB1538,2025-12-29 06:04:04,68.69940600409265,1,80.91188959488225,Normal Operation
3531,801627,AXB1538,2025-12-29 07:24:06,99.4255479736861,1,93.46256880574629,Normal Operation
3532,801627,AXB1539,2025-12-29 16:51:45,99.88505301765107,1,97.21186196602795,Normal Operation
3533,801627,AXB1539,2025-12-29 18:45:15,82.85294196015266,1,84.4709100592005,Normal Operation
3534,801627,AXB1063,2025-12-30 01:48:39,62.34317654131351,1,76.75846708144155,Normal Operation
3535,801627,AXB1046,2025-12-30 08:08:33,70.74720183041552,1,71.53794547366536,Normal Operation
3536,801629,IGO7117,2025-12-28 23:48:41,99.95865968615792,1,75.44156749915439,Normal Operation
3537,801629,IGO5CK,2025-12-29 16:51:45,82.1308571111236,1,61.79029381981299,Normal Operation
3538,801629,IGO7623,2025-12-30 07:08:35,86.92015851568902,1,62.32372718056815,Normal Operation
3539,80162c,AXB1131,2025-12-29 07:44:01,51.93730887857024,1,65.23399907041608,Normal Operation
3540,80162c,AXB1521,2025-12-29 09:14:08,49.90750992626126,1,58.85175367155772,Normal Operation
3541,80162c,AXB1523,2025-12-29 16:21:38,71.6629179774354,1,66.93794013083895,Normal Operation
3542,80162c,AXB1524,2025-12-29 17:53:07,71.80822191397024,1,69.08301818551915,Normal Operation
3543,80162c,AXB939,2025-12-30 06:08:34,99.95438800284887,1,98.23146710272546,Normal Operation
3544,80162d,AXB816,2025-12-29 06:44:08,99.9625978374074,1,98.62858185491423,Normal Operation
3545,80162d,AXB5531,2025-12-29 09:44:08,58.8449624924308,1,80.98687943555854,Normal Operation
3546,80162d,AXB522,2025-12-29 23:48:40,56.41076302737181,1,74.7407131590152,Normal Operation
3547,80162d,AXB5532,2025-12-30 05:28:36,90.10694117674504,1,89.69851452636242,Normal Operation
3548,80162e,AIC2776,2025-12-29 01:34:05,47.993666369690345,1,57.867670241432435,Normal Operation
3549,80162e,AIC2943,2025-12-29 07:54:02,83.39467625704296,1,86.99418526384842,Normal Operation
3550,80162e,AIC2943,2025-12-29 09:14:08,81.71410172201061,-1,51.321560208344295,Unknown Inefficiency
3551,80162e,AIC2626,2025-12-30 08:18:37,58.84440327355814,1,77.63939042477297,Normal Operation
3552,801631,IGO7309,2025-12-29 15:51:45,88.44671576090695,1,58.93751610599832,Normal Operation
3553,801631,IGO2JP,2025-12-29 18:35:17,88.26803381555544,1,65.64367167361169,Normal Operation
3554,801632,AKJ1736,2025-12-29 07:04:08,54.66745272898409,1,67.22317424112767,Normal Operation
3555,801632,AKJ882P,2025-12-29 08:54:06,52.592326605575046,1,63.20294371832683,Normal Operation
3556,801632,AKJ1819,2025-12-29 15:51:45,69.01527464524571,1,78.95733140482018,Normal Operation
3557,801632,AKJ1819,2025-12-29 16:51:45,52.655158762210846,1,69.4780916167285,Normal Operation
3558,801632,AKJ1820,2025-12-29 18:45:15,57.82678127520093,1,71.89826151569488,Normal Operation
3559,801632,AKJ1738,2025-12-29 23:28:38,66.33814617951158,1,79.02207961115855,Normal Operation
3560,801632,AKJ900U,2025-12-30 09:08:33,69.42136311369879,1,82.62248551375907,Normal Operation
3561,801633,AKJ1141,2025-12-29 01:24:06,68.76771376187403,1,71.23897180648461,Normal Operation
3562,801633,AKJ1518,2025-12-29 08:44:04,55.9611290100677,1,62.90050900921997,Normal Operation
3563,801633,AKJ1491,2025-12-29 16:51:45,83.89128811483789,1,86.12234260886174,Normal Operation
3564,801633,AKJ1375,2025-12-30 08:18:37,72.66259349404655,1,75.53078990552098,Normal Operation
3565,801638,AXB1168,2025-12-29 15:51:45,85.82783318042655,1,85.23683866308168,Normal Operation
3566,80163c,IGO9057,2025-12-29 07:04:08,51.87564963984138,-1,46.48296520690552,Speed Instability
3567,80163c,IGO6179,2025-12-29 08:24:06,51.2567343467574,1,78.36880125124503,Normal Operation
3568,80163c,IGO6181,2025-12-29 10:14:09,96.85305851919507,1,87.3357449357007,Normal Operation
3569,80163c,IGO23H,2025-12-29 15:51:45,81.02702451831159,1,63.63353105055783,Normal Operation
3570,80163c,IGO1106,2025-12-29 17:53:07,73.37610654949586,-1,53.122766017840014,Unknown Inefficiency
3571,80163c,IGO139,2025-12-30 05:58:33,71.28223736963149,1,74.91908389063838,Normal Operation
3572,80163c,IGO249W,2025-12-30 08:28:35,39.22337774742857,-1,50.04970155108558,Multiple Causes
3573,80163c,IGO530V,2025-12-30 10:08:34,76.29871808830978,1,71.75550476834272,Normal Operation
3574,80163d,IGO1808,2025-12-29 06:54:07,46.5515998934086,1,70.49868377270055,Normal Operation
3575,80163d,IGO259W,2025-12-29 08:54:06,51.788102657681705,1,70.41250594687814,Normal Operation
3576,80163d,IGO6003,2025-12-29 17:01:38,56.90087228656148,1,78.18174272617593,Normal Operation
3577,80163d,IGO243H,2025-12-29 23:28:38,58.83349955872153,1,82.9428243916675,Normal Operation
3578,80163d,IGO246W,2025-12-30 09:18:35,94.05085496504024,1,89.12438282126557,Normal Operation
3579,80163f,AIC2451,2025-12-29 00:38:36,58.507257819733525,1,76.18042051659087,Normal Operation
3580,80163f,AIC2451,2025-12-29 02:14:08,79.73748777057273,1,65.31648294306197,Normal Operation
3581,80163f,AIC2424,2025-12-29 07:24:06,79.21975794674248,1,83.05400712244814,Normal Operation
3582,80163f,AIC2424,2025-12-29 08:24:06,54.50936404993201,1,65.94611987765118,Normal Operation
3583,80163f,AIC2995,2025-12-29 10:24:06,52.54832621768203,1,60.586114405713886,Normal Operation
3584,80163f,AIC2517,2025-12-29 15:51:45,59.62623774167001,1,73.03706829408682,Normal Operation
3585,80163f,AIC2518,2025-12-29 17:23:08,83.21731627489889,1,70.10587887583222,Normal Operation
3586,80163f,AIC2439,2025-12-30 01:38:40,67.8471157062709,1,74.40170681341905,Normal Operation
3587,80163f,AIC2439,2025-12-30 02:58:37,80.8618089275344,-1,50.50357380350202,Unknown Inefficiency
3588,80163f,AIC2183,2025-12-30 08:28:35,87.46790351315495,1,85.27632744946744,Normal Operation
3589,80163f,AIC2183,2025-12-30 09:48:34,51.698109985591366,1,71.19607775366963,Normal Operation
3590,801640,AIC238,2025-12-28 23:48:41,60.86162294569364,1,69.46132669066067,Normal Operation
3591,801640,AIC2355,2025-12-29 09:34:05,84.35710997151057,1,75.5309495400791,Normal Operation
3592,801640,AIC2356,2025-12-29 16:01:36,79.65035040656487,1,57.39330974388394,Normal Operation
3593,801640,AIC2414,2025-12-30 05:48:34,65.27326272621451,1,69.88929626170551,Normal Operation
3594,801640,AIC2414,2025-12-30 07:38:20,58.799637351741794,1,69.81026708818843,Normal Operation
3595,801640,AIC2415,2025-12-30 09:48:34,55.64054874693657,1,73.86290981193487,Normal Operation
3596,801641,AXB2807,2025-12-29 08:44:04,88.592105962847,1,69.74705582392616,Normal Operation
3597,801643,AXB1091,2025-12-29 16:11:36,55.84037576420396,1,72.67544290150431,Normal Operation
3598,801643,AXB1091,2025-12-29 18:13:07,65.37725048900288,1,81.04043003785117,Normal Operation
3599,801643,AXB1227,2025-12-30 09:48:34,73.88236887536102,1,87.06786858417239,Normal Operation
3600,801645,AIC1882,2025-12-29 01:24:06,52.12504639192841,1,69.00878965243446,Normal Operation
3601,801647,IGO1232,2025-12-29 07:04:08,51.44587285942448,1,68.9895367852503,Normal Operation
3602,801647,IGO591F,2025-12-29 09:44:08,73.92005927154358,1,81.00964574220313,Normal Operation
3603,801647,IGO502E,2025-12-29 17:33:04,81.43251593646285,1,64.89138541988824,Normal Operation
3604,801647,IGO816K,2025-12-30 01:58:37,64.6711133932406,1,78.48725576238819,Normal Operation
3605,801647,IGO375P,2025-12-30 09:28:35,65.61315999458702,1,78.77677527592317,Normal Operation
3606,801648,IGO1821,2025-12-29 05:04:06,64.98889678426605,1,55.792693175462766,Normal Operation
3607,801648,IGO1822,2025-12-29 16:21:38,62.008570342351,1,58.39116728477841,Normal Operation
3608,801648,IGO1816,2025-12-30 08:08:33,54.17120678741968,-1,51.08922487237839,Poor Routing
3609,801649,IGO265C,2025-12-30 04:48:37,,-1,0.2713566248472698,Multiple Causes
3610,801649,IGO265C,2025-12-30 06:08:34,64.30873574589089,1,71.27293687760265,Normal Operation
3611,801649,IGO106,2025-12-30 09:38:37,97.0996103575161,1,90.55354310578589,Normal Operation
3612,80164b,IGO5393,2025-12-29 00:28:46,52.11125308079021,1,68.32624828445715,Normal Operation
3613,80164b,IGO213C,2025-12-29 10:04:07,87.39726212148622,1,84.74056538935808,Normal Operation
3614,80164b,IGO733M,2025-12-29 16:21:38,65.50790788655026,1,80.13972241972846,Normal Operation
3615,80164b,IGO6136,2025-12-29 18:35:17,73.81396886801146,1,84.8719419624671,Normal Operation
3616,80164b,IGO1861,2025-12-30 03:28:39,77.03124953109158,1,79.76983180205121,Normal Operation
3617,80164c,IGO1346,2025-12-29 07:54:02,55.94040531492361,1,71.99183112542109,Normal Operation
3618,80164c,IGO5187,2025-12-29 10:04:07,74.68124893461673,1,77.36760323747664,Normal Operation
3619,80164c,IGO864E,2025-12-29 18:13:07,90.4417939343187,1,59.38468882973442,Normal Operation
3620,80164c,IGO6577,2025-12-29 23:28:38,63.91169463463223,1,74.08789127467507,Normal Operation
3621,80164c,IGO6571,2025-12-30 09:58:35,91.4529006110599,1,85.43044700174552,Normal Operation
3622,80164e,AIC2414,2025-12-29 05:54:05,78.25086423227198,1,82.89389838814546,Normal Operation
3623,80164e,AIC2414,2025-12-29 07:44:01,55.60330885833066,1,68.74099858296667,Normal Operation
3624,80164e,AIC2415,2025-12-29 10:04:07,88.53681457274803,1,87.54925475736007,Normal Operation
3625,80164f,AIC2702,2025-12-29 03:44:06,52.88468109866939,-1,54.57532743655356,Altitude Instability
3626,80164f,AIC2720,2025-12-29 06:54:07,65.52021920407681,1,62.96108637278886,Normal Operation
3627,80164f,AIC1733,2025-12-29 16:11:36,52.150438490451045,-1,46.00407572627796,Speed Instability
3628,80164f,AIC1706,2025-12-30 01:18:37,54.012674343081656,1,74.1819285817589,Normal Operation
3629,80164f,AIC1806,2025-12-30 06:38:36,50.37140052503502,1,63.67179422054992,Normal Operation
3630,80164f,AIC1791,2025-12-30 09:18:35,63.71702432889237,-1,47.881445293449076,Speed Instability
3631,801650,AXB2920,2025-12-29 05:44:09,78.32441372477815,1,83.03048424985454,Normal Operation
3632,801650,AXB2947,2025-12-29 08:04:08,75.1410549274455,1,74.70910657366126,Normal Operation
3633,801650,AXB873,2025-12-29 15:51:45,99.99924063273926,1,93.93359658569481,Normal Operation
3634,801650,AXB2975,2025-12-30 08:08:33,83.2519672526399,1,81.41803136419021,Normal Operation
3635,801657,AIC1806,2025-12-29 06:54:07,46.12898187947276,1,63.056708852338396,Normal Operation
3636,801657,AIC1791,2025-12-29 09:24:04,57.82186084302441,1,57.032466455307066,Normal Operation
3637,801657,AIC1740,2025-12-29 17:43:10,79.56077237883682,1,67.94637550838503,Normal Operation
3638,801657,AIC1765,2025-12-30 09:28:35,60.884593132569165,1,73.63984019200332,Normal Operation
3639,801659,AIC112,2025-12-29 03:34:08,56.642804868023504,1,70.83218951691025,Normal Operation
3640,801659,AIC544,2025-12-29 16:31:45,63.318652146117145,1,70.66736686359297,Normal Operation
3641,801659,AIC161,2025-12-30 02:38:38,54.052480829061466,1,62.54537081119547,Normal Operation
3642,80165a,AIC1858,2025-12-29 01:24:06,51.16821906650556,1,67.4726923308848,Normal Operation
3643,80165a,AIC1851,2025-12-29 17:43:10,61.7515603459869,1,71.13192812866104,Normal Operation
3644,80165a,AIC1832,2025-12-30 00:38:34,66.13362331061792,1,60.028808071843315,Normal Operation
3645,80165c,AXB842,2025-12-29 06:24:05,99.96284902307774,1,98.93860587748887,Normal Operation
3646,80165d,AXB1131,2025-12-30 07:48:33,50.61092780811673,1,73.28672552251955,Normal Operation
3647,80165d,AXB1521,2025-12-30 09:38:37,77.96876804839502,1,77.87351710383274,Normal Operation
3648,80165e,AXB2969,2025-12-29 08:24:06,93.790311063616,1,77.00340589549172,Normal Operation
3649,80165e,AXB2653,2025-12-29 16:31:45,90.79043171724815,1,85.07764280355725,Normal Operation
3650,80165e,AXB2653,2025-12-29 18:35:17,76.31455924264847,-1,53.94971566862034,Poor Routing
3651,80165e,AXB2969,2025-12-30 08:18:37,85.16846077077902,1,80.7013092506162,Normal Operation
3652,80165e,AXB2506,2025-12-30 09:58:35,86.28945441800923,1,79.77859884051952,Normal Operation
3653,801660,VTZTT,2025-12-29 15:51:45,99.32762875091024,1,90.65876022567575,Normal Operation
3654,801661,IGO062,2025-12-29 04:24:05,37.55956726125125,-1,50.70356292392923,Multiple Causes
3655,801661,IGO1601,2025-12-29 06:54:07,88.85238994615004,1,79.83639659393727,Normal Operation
3656,801661,IGO078,2025-12-30 08:58:35,73.63986040269114,1,78.60366153202392,Normal Operation
3657,801662,IGO91NP,2025-12-29 06:14:08,69.35186437870465,1,73.72291368245716,Normal Operation
3658,801662,IGO92NP,2025-12-29 08:34:04,50.81295085773929,1,65.50766386568864,Normal Operation
3659,801662,IGO2083,2025-12-29 15:51:45,72.70284809778727,-1,52.81172640292826,Holding Pattern
3660,801662,IGO2159,2025-12-29 17:33:04,78.71099143816703,1,84.9367230386709,Normal Operation
3661,801662,IGO2026,2025-12-30 07:58:34,66.60832731390313,1,76.87438919822762,Normal Operation
3662,801662,IGO64EH,2025-12-30 09:58:35,55.26195884455392,1,58.30051078891147,Normal Operation
3663,801663,IGO1086,2025-12-29 01:24:06,80.44897226128035,1,68.13733442881471,Normal Operation
3664,801663,IGO1085,2025-12-29 04:24:05,92.04126704874,1,83.28317888208029,Normal Operation
3665,801663,IGO1086,2025-12-30 00:28:37,80.09690416488766,1,72.00704054286133,Normal Operation
3666,801663,IGO1085,2025-12-30 04:18:35,54.7432210167724,1,73.93765786395247,Normal Operation
3667,801665,AIC2206,2025-12-29 00:48:39,37.8639077548953,-1,44.564999987669324,Multiple Causes
3668,801665,AIC111,2025-12-29 09:14:08,54.42266968782762,1,75.2733641583614,Normal Operation
3669,801665,AIC112,2025-12-30 06:18:36,40.7197165474671,1,60.18649738755273,Normal Operation
3670,801666,AIC105,2025-12-29 04:04:06,46.1441746625601,1,68.58628202714641,Normal Operation
3671,801667,AIC2386,2025-12-28 23:48:41,99.81380352607589,1,92.62294964916246,Normal Operation
3672,801667,AIC2385,2025-12-29 10:04:07,99.91035370368364,1,97.5426523577582,Normal Operation
3673,801667,AIC2388,2025-12-29 15:51:45,99.98601929281509,1,96.20260808973686,Normal Operation
3674,801667,AIC2389,2025-12-29 23:28:38,72.27183188876326,1,65.91902903769856,Normal Operation
3675,801667,AIC2239,2025-12-30 08:48:37,62.72842306675453,1,75.25589530165199,Normal Operation
3676,801669,IGO5237,2025-12-29 06:54:07,93.50766076369528,1,89.98300806729678,Normal Operation
3677,801669,IGO5237,2025-12-29 08:04:08,98.71347036793418,1,89.59451120643473,Normal Operation
3678,801669,IGO363Y,2025-12-29 09:54:04,99.90362966758698,1,92.77821353030726,Normal Operation
3679,801669,IGO31HV,2025-12-29 15:51:45,76.6040468312964,1,72.12423605138387,Normal Operation
3680,801669,IGO259W,2025-12-30 08:38:36,46.34261743542762,1,69.09288211294935,Normal Operation
3681,80166a,AKJ1811,2025-12-29 08:24:06,59.30075284956367,1,57.040003140844135,Normal Operation
3682,80166a,AKJ1379,2025-12-29 15:51:45,55.12367025033092,1,57.34326342782091,Normal Operation
3683,80166a,AKJ1378,2025-12-29 17:43:10,86.34782794971368,1,86.93095689939493,Normal Operation
3684,80166a,AKJ1378,2025-12-29 18:45:15,99.97744745378108,1,97.22176910048296,Normal Operation
3685,80166a,AKJ1812,2025-12-30 01:28:36,72.59309993247639,1,85.49570639584893,Normal Operation
3686,80166a,AKJ1194,2025-12-30 06:38:36,75.57503255822863,1,66.38311517123016,Normal Operation
3687,80166a,AKJ1410,2025-12-30 08:08:33,63.6839375882582,1,60.879073018158365,Normal Operation
3688,80166a,AKJ1410,2025-12-30 09:08:33,54.52801553534411,1,74.35188135185689,Normal Operation
3689,80166c,AIC2380,2025-12-28 23:48:41,94.5499804090625,1,71.62859324232352,Normal Operation
3690,80166c,AIC2381,2025-12-29 08:14:07,99.73313649625462,1,80.53217285355232,Normal Operation
3691,80166c,AIC2015,2025-12-29 16:01:36,64.87002030492447,1,79.72354567365278,Normal Operation
3692,80166d,AXB268,2025-12-29 03:34:08,58.886647880216536,1,71.04474306339065,Normal Operation
3693,80166d,AXB1026,2025-12-29 07:14:05,80.62523979580709,1,81.29354515155242,Normal Operation
3694,80166d,AXB1214,2025-12-29 15:51:45,,-1,10.025120490443072,Holding Pattern
3695,80166d,AXB1214,2025-12-29 18:13:07,77.21036642586567,1,76.20382379173927,Normal Operation
3696,80166d,AXB1163,2025-12-29 23:38:34,74.37940308854758,1,82.08114592403565,Normal Operation
3697,80166d,AXB1209,2025-12-30 01:48:39,73.98985771190564,1,71.26013849735735,Normal Operation
3698,80166d,,2025-12-30 05:28:36,,-1,15.966113669978922,Holding Pattern
3699,80166d,AXB1176,2025-12-30 07:48:33,72.1596102599985,1,85.78776240469969,Normal Operation
3700,80166d,AXB1176,2025-12-30 09:08:33,98.00222650891313,1,87.18047315621705,Normal Operation
3701,801670,AXB2882,2025-12-29 16:21:38,69.89431253069256,1,78.97888522230399,Normal Operation
3702,801671,AIC1765,2025-12-29 08:44:04,69.01482354545746,1,66.65844135700739,Normal Operation
3703,801671,AIC1755,2025-12-29 15:51:45,68.05311605067726,1,73.67686508323318,Normal Operation
3704,801672,AIC2906,2025-12-29 07:04:08,57.16867464222463,1,68.62560856289294,Normal Operation
3705,801672,AIC2963,2025-12-29 09:04:08,59.28757100605404,1,82.56482619640445,Normal Operation
3706,801672,AIC2511,2025-12-29 17:13:08,54.544702567252926,1,67.85740081028528,Normal Operation
3707,801672,AIC2402,2025-12-30 06:48:37,69.34780424223237,1,75.64656773627702,Normal Operation
3708,801672,AIC2430,2025-12-30 09:58:35,49.66210205055893,1,68.37557084907193,Normal Operation
3709,801673,AXB1782,2025-12-29 16:41:44,88.07462581687085,1,86.73050641165732,Normal Operation
3710,801673,AXB1782,2025-12-29 17:53:07,99.96858224931476,1,99.2601510577874,Normal Operation
3711,801673,AXB1513,2025-12-30 08:48:37,84.75617272638272,1,84.14912094407222,Normal Operation
3712,801674,AIC1880,2025-12-28 23:48:41,55.26721225712016,1,70.69374381840109,Normal Operation
3713,801674,AIC1843,2025-12-29 17:23:08,48.09465686797105,1,66.98469188562169,Normal Operation
3714,801675,VTHLX,2025-12-29 08:04:08,73.1905620905402,-1,31.518607309783807,Multiple Causes
3715,801675,VTHLX,2025-12-29 09:34:05,79.80697897679241,-1,31.384462544801092,Multiple Causes
3716,801675,VTHLX,2025-12-29 16:31:45,68.27648293003635,-1,21.819434408804618,Multiple Causes
3717,801675,VTHLX,2025-12-30 09:08:33,84.01231837797076,-1,38.9015372190475,Holding Pattern
3718,801678,IGO86U,2025-12-29 05:14:08,99.96512527475562,1,97.22490537928373,Normal Operation
3719,801678,IGO86U,2025-12-30 05:08:39,99.996604980983,1,98.38219475232071,Normal Operation
3720,80167a,VTVSG,2025-12-30 06:48:37,70.66232822471746,-1,47.41367720694841,Unknown Inefficiency
3721,80167b,AIC2918,2025-12-29 06:34:06,70.07547071002793,-1,41.639539983892156,Poor Routing
3722,80167b,AIC417,2025-12-29 09:44:08,93.12458630414793,1,84.70034365212041,Normal Operation
3723,80167b,AIC2773,2025-12-29 16:21:38,38.74286076708247,1,56.39853143481725,Normal Operation
3724,80167b,AIC2774,2025-12-29 17:33:04,53.8031982891528,1,62.95661214607093,Normal Operation
3725,80167b,AIC2643,2025-12-29 23:38:34,38.753097299159165,-1,40.64247759687619,Multiple Causes
3726,80167b,AIC2644,2025-12-30 06:58:37,73.60793299280502,1,80.2208374631457,Normal Operation
3727,80167b,AIC2644,2025-12-30 09:08:33,59.445485441813375,1,79.31151637499083,Normal Operation
3728,80167c,AXB1583,2025-12-28 23:58:46,60.68577205781391,1,79.00313855806615,Normal Operation
3729,80167c,AXB2013,2025-12-29 10:24:06,99.5712329948357,1,86.66896961504263,Normal Operation
3730,80167c,AXB1583,2025-12-30 00:48:35,99.29189417677604,1,89.83975390578634,Normal Operation
3731,80167c,AXB1583,2025-12-30 01:48:39,74.05665069010958,1,74.26474133039986,Normal Operation
3732,80167c,AXB2013,2025-12-30 09:08:33,99.8055446855977,1,93.37329068119104,Normal Operation
3733,80167d,AXB1063,2025-12-28 23:48:41,70.36142549676954,1,84.6028606837076,Normal Operation
3734,80167d,AXB1252,2025-12-29 15:51:45,88.34017907711396,1,54.92635825145138,Normal Operation
3735,80167d,AXB1059,2025-12-29 17:53:07,65.80086176979256,1,82.6917531153732,Normal Operation
3736,80167e,AIC2535,2025-12-29 07:24:06,41.98619877155125,-1,38.62598686985366,Multiple Causes
3737,80167e,AIC1777,2025-12-29 16:01:36,63.6743536174166,1,60.81403128004096,Normal Operation
3738,80167e,AIC1777,2025-12-29 17:33:04,80.6228210329867,1,64.10098983752651,Normal Operation
3739,80167e,AIC1882,2025-12-30 00:58:38,51.306025306563086,1,61.69160137290814,Normal Operation
3740,80167e,AIC1882,2025-12-30 02:08:35,49.27909237581439,1,71.00902969464951,Normal Operation
3741,80167f,AIC1701,2025-12-29 05:24:05,51.99651863276907,1,66.56230287774204,Normal Operation
3742,80167f,AIC1808,2025-12-29 08:44:04,51.79806938829964,1,58.47507207817653,Normal Operation
3743,80167f,AIC1837,2025-12-29 17:23:08,54.02319285397548,1,68.27376794865494,Normal Operation
3744,80167f,AIC1701,2025-12-30 04:38:37,45.6715682654274,-1,45.50539071200293,Altitude Instability
3745,80167f,AIC1808,2025-12-30 08:48:37,59.569812102554735,1,70.68778106386077,Normal Operation
3746,801680,AXB2837,2025-12-29 07:54:02,56.002107682427614,1,73.22278248952989,Normal Operation
3747,801680,AXB2835,2025-12-29 09:34:05,73.77546134463904,1,86.64195797698936,Normal Operation
3748,801680,AXB2834,2025-12-29 18:23:08,55.97185838703408,1,76.79711193204726,Normal Operation
3749,801680,AXB2837,2025-12-30 07:58:34,59.52059052461991,1,79.03170660550758,Normal Operation
3750,801680,AXB2835,2025-12-30 09:38:37,90.37892432403966,1,88.2871429207984,Normal Operation
3751,801681,AXB2893,2025-12-29 15:51:45,99.83705919016847,1,95.05378998416651,Normal Operation
3752,801685,AXB1226,2025-12-29 06:04:04,74.35033845350856,1,85.24019736360049,Normal Operation
3753,801685,AXB264,2025-12-29 09:44:08,95.416449632977,1,84.0917579239986,Normal Operation
3754,801685,AXB263,2025-12-29 17:01:38,99.98704886607102,1,97.88482990701198,Normal Operation
3755,801686,AXB1462,2025-12-29 15:51:45,80.59263264551771,1,65.07976939461963,Normal Operation
3756,801686,AXB102,2025-12-30 07:08:35,69.81204945215094,-1,49.627054878115096,Speed Instability
3757,801686,AXB102,2025-12-30 08:08:33,88.93357308958184,1,67.92576200202268,Normal Operation
3758,801689,AXB252,2025-12-29 05:14:08,37.3936241381151,-1,49.74047321643808,Multiple Causes
3759,801689,AXB1237,2025-12-29 08:44:04,77.39113809040253,1,83.09256473424088,Normal Operation
3760,801689,AXB2841,2025-12-30 08:38:36,56.11557519417295,1,78.20751028540148,Normal Operation
3761,80168a,AXB236,2025-12-29 05:04:06,44.8330257732953,1,61.55829841724403,Normal Operation
3762,80168a,AXB1176,2025-12-29 07:34:07,81.48978870611937,1,83.28819117934565,Normal Operation
3763,80168a,AXB1176,2025-12-29 08:54:06,74.08038259284265,1,80.33475134235518,Normal Operation
3764,80168a,AXB2546,2025-12-29 16:21:38,75.27059777881747,1,83.71517425352056,Normal Operation
3765,80168a,AXB1025,2025-12-30 01:48:39,56.84722587888909,1,72.19677320111633,Normal Operation
3766,80168a,AXB1026,2025-12-30 08:08:33,78.61511648928071,1,82.30215277838104,Normal Operation
3767,801697,AXB2883,2025-12-29 17:23:08,70.69186503525515,1,77.73306855495385,Normal Operation
3768,801698,AXB2975,2025-12-29 08:04:08,87.18175496077397,1,77.68188835178599,Normal Operation
3769,801698,AXB1089,2025-12-29 18:45:15,99.9336155365879,1,96.09614711424312,Normal Operation
3770,801698,AXB2920,2025-12-30 05:48:34,95.33110116207666,1,84.15488798922388,Normal Operation
3771,801698,AXB2947,2025-12-30 07:58:34,72.80904630175218,1,72.86021021711457,Normal Operation
3772,801699,AXB1221,2025-12-29 00:28:46,98.3264690474726,1,90.59007977856854,Normal Operation
3773,801699,AXB1221,2025-12-29 01:44:09,60.0191959150551,-1,34.2786447769356,Poor Routing
3774,801699,AXB1179,2025-12-29 17:23:08,62.22001819613959,1,55.75939842962533,Normal Operation
3775,80169c,IGO078,2025-12-29 09:24:04,63.09088062752171,1,77.65321858671362,Normal Operation
3776,80169c,IGO533C,2025-12-30 07:28:36,92.27183547746708,1,88.65406257431441,Normal Operation
3777,80169c,IGO6216,2025-12-30 09:28:35,54.42801409988779,1,68.78814701487732,Normal Operation
3778,80169e,AKJ1561,2025-12-29 07:44:01,70.232158201902,1,71.69620582924223,Normal Operation
3779,80169e,AKJ1562,2025-12-29 09:34:05,51.78615174463634,1,61.30326188132275,Normal Operation
3780,80169e,AKJ1563,2025-12-29 17:43:10,79.03679855021115,1,85.0161195575502,Normal Operation
3781,80169e,AKJ1811,2025-12-30 06:18:36,57.15830749543743,1,76.97674029029098,Normal Operation
3782,80169e,AKJ471G,2025-12-30 08:18:37,89.65617433495224,1,87.87592538669915,Normal Operation
3783,80169e,AKJ471G,2025-12-30 09:28:35,95.86032100646892,1,84.16948668352653,Normal Operation
3784,8016a1,AKJ781Z,2025-12-29 06:34:06,66.57047643184329,1,71.48662395577983,Normal Operation
3785,8016a1,AKJ1373,2025-12-29 15:51:45,99.7655206392181,1,92.32501704498773,Normal Operation
3786,8016a1,AKJ1373,2025-12-29 17:43:10,48.535870467755245,1,56.013786097659406,Normal Operation
3787,8016a1,AKJ1172,2025-12-30 00:28:37,44.39804151325818,1,59.34038143763193,Normal Operation
3788,8016a1,AKJ1172,2025-12-30 02:18:37,43.40252116561821,1,56.25826528034382,Normal Operation
3789,8016a1,AKJ366Z,2025-12-30 04:48:37,57.1877064792148,1,70.21226175646694,Normal Operation
3790,8016a1,AKJ366Z,2025-12-30 06:58:37,56.786502766962826,1,73.7175911548883,Normal Operation
3791,8016a2,AKJ570,2025-12-29 05:14:08,36.36183287545997,-1,50.33569671261154,Multiple Causes
3792,8016a2,AKJ359M,2025-12-29 15:51:45,99.99399291654152,1,94.72833292907967,Normal Operation
3793,8016a2,AKJ359M,2025-12-29 17:23:08,68.78991117855789,1,75.07725604294913,Normal Operation
3794,8016a2,AKJ562,2025-12-30 06:28:37,51.72487698760355,1,63.48322692480274,Normal Operation
3795,8016a2,AKJ1446,2025-12-30 09:28:35,75.04655973566764,1,85.39325723237472,Normal Operation
3796,8016a3,IGO893,2025-12-29 09:34:05,41.85964987236762,1,56.2402815741105,Normal Operation
3797,8016a3,IGO6749,2025-12-29 15:51:45,46.25288800333298,1,59.96748863756479,Normal Operation
3798,8016a3,IGO5312,2025-12-29 18:03:07,54.25932571594716,1,60.51510905193379,Normal Operation
3799,8016a4,IGO452H,2025-12-29 05:34:08,85.70504921679711,1,87.60509503354885,Normal Operation
3800,8016a4,IGO157,2025-12-29 08:24:06,64.33639935653042,1,78.95983232267942,Normal Operation
3801,8016a4,IGO6757,2025-12-29 17:13:08,41.74132011751807,1,63.7949666245103,Normal Operation
3802,8016a4,IGO705Y,2025-12-30 00:28:37,62.626416269126594,1,63.27776984964249,Normal Operation
3803,8016a4,IGO6004,2025-12-30 05:38:33,86.08720328656374,1,89.97171711793581,Normal Operation
3804,8016a4,IGO6004,2025-12-30 07:28:36,97.00411477336031,1,87.13986855900616,Normal Operation
3805,8016a4,IGO236E,2025-12-30 09:38:37,98.08090133732286,1,87.76768772404078,Normal Operation
3806,8016a5,IGO072,2025-12-29 06:14:08,46.46904438700077,1,72.61337845874996,Normal Operation
3807,8016a5,IGO1611,2025-12-29 08:44:04,76.0750755363938,1,79.7333933033779,Normal Operation
3808,8016a5,IGO1608,2025-12-30 01:48:39,60.27738490578629,1,75.82441300353166,Normal Operation
3809,8016a5,IGO66P,2025-12-30 09:08:33,64.13442057930101,1,61.08403674928983,Normal Operation
3810,8016a6,AIC1705,2025-12-29 06:24:05,74.03472041185209,1,68.34315771129863,Normal Operation
3811,8016a6,AIC1886,2025-12-29 09:04:08,62.34248292511754,1,78.39550286430386,Normal Operation
3812,8016a6,AIC1753,2025-12-29 17:13:08,81.23324316160873,1,79.2524892485391,Normal Operation
3813,8016a6,AIC1705,2025-12-30 06:18:36,58.71090413076466,1,67.19108340090594,Normal Operation
3814,8016a6,AIC1886,2025-12-30 08:48:37,75.33130515716124,1,84.68055970363612,Normal Operation
3815,8016a7,AIC1828,2025-12-28 23:48:41,83.21268956918573,-1,51.005234829132355,Unknown Inefficiency
3816,8016a7,AIC1738,2025-12-29 16:51:45,46.75653166805982,1,67.63504355773587,Normal Operation
3817,8016a7,AIC1828,2025-12-29 23:28:38,55.64811176543903,1,63.22987596097672,Normal Operation
3818,8016a9,IGO6346,2025-12-29 06:54:07,69.69286461625613,1,82.30053408665032,Normal Operation
3819,8016a9,IGO6346,2025-12-29 08:14:07,76.7596129457456,1,55.28962800535086,Normal Operation
3820,8016a9,IGO5263,2025-12-29 09:44:08,62.38239092710788,-1,54.15269761341732,Speed Instability
3821,8016a9,IGO27Y,2025-12-29 16:31:45,76.30699298941283,1,60.872794769188246,Normal Operation
3822,8016a9,IGO084,2025-12-30 05:48:34,54.89840589956235,1,62.4163260993405,Normal Operation
3823,8016ad,AXB2967,2025-12-29 00:48:39,76.9363819729963,1,76.02856541783183,Normal Operation
3824,8016ad,AXB2718,2025-12-29 16:01:36,65.26419084486966,1,84.97577229684875,Normal Operation
3825,8016ad,AXB2967,2025-12-30 00:38:34,60.9818151302547,1,77.24672200638342,Normal Operation
3826,8016ad,AXB2876,2025-12-30 10:08:34,79.37047826497617,1,78.40754031062876,Normal Operation
3827,8016ae,AXB1081,2025-12-29 15:51:45,72.8245129512021,-1,28.64931690455296,Poor Routing
3828,8016ae,AXB1081,2025-12-29 17:23:08,61.094042067718505,1,59.91918675425903,Normal Operation
3829,8016ae,AXB6002,2025-12-30 10:08:34,58.73975052376893,1,64.78236119276427,Normal Operation
3830,8016af,AXB549,2025-12-29 18:13:07,91.70592304189591,1,89.02698117123751,Normal Operation
3831,8016af,AXB550,2025-12-30 01:18:37,99.94717341911694,1,98.05508776926693,Normal Operation
3832,8016af,AXB550,2025-12-30 02:28:35,65.26022347427255,1,81.96983864925889,Normal Operation
3833,8016af,AXB557,2025-12-30 09:38:37,92.49479755314228,1,84.78655105348003,Normal Operation
3834,8016b1,IGO107V,2025-12-29 00:08:45,42.48694612223914,-1,52.669004694699986,Multiple Causes
3835,8016b1,IGO6249,2025-12-29 06:04:04,85.79530706877246,1,74.60862062732251,Normal Operation
3836,8016b1,IGO6247,2025-12-29 09:14:08,50.89399786849384,-1,52.16531238679555,Altitude Instability
3837,8016b1,IGO637H,2025-12-29 16:31:45,96.41508248196112,1,85.55625087063717,Normal Operation
3838,8016b1,IGO731Y,2025-12-29 18:23:08,98.90230779332614,1,92.72533910679198,Normal Operation
3839,8016b1,IGO110W,2025-12-30 07:58:34,76.97181854763436,1,71.14105122977364,Normal Operation
3840,8016b1,IGO110W,2025-12-30 09:58:35,80.24784954287404,1,74.04295707231189,Normal Operation
3841,8016b4,VTFLX,2025-12-29 07:34:07,37.12545982004215,-1,44.05014519927164,Multiple Causes
3842,8016b5,IGO5264,2025-12-28 23:48:41,87.50427550020301,1,86.8058238657154,Normal Operation
3843,8016b5,IGO6026,2025-12-29 06:34:06,68.84550646160409,1,78.07013122240896,Normal Operation
3844,8016b5,IGO6624,2025-12-29 16:41:44,81.20988146930243,1,86.53564652486592,Normal Operation
3845,8016b5,IGO6530,2025-12-30 01:18:37,60.08442046531929,1,67.91972683349094,Normal Operation
3846,8016b5,IGO603Y,2025-12-30 06:38:36,73.63270940934297,1,74.80187615426429,Normal Operation
3847,8016b7,IGO2471,2025-12-29 05:44:09,89.72357638828167,1,89.59055611063711,Normal Operation
3848,8016b7,IGO63DM,2025-12-29 09:34:05,58.24716733635001,1,68.72232789069204,Normal Operation
3849,8016b7,IGO6762,2025-12-29 17:23:08,44.31762923768848,1,70.8388694140949,Normal Operation
3850,8016b7,IGO636C,2025-12-30 00:18:35,61.154636650480704,1,64.65047508206439,Normal Operation
3851,8016b7,IGO704P,2025-12-30 05:48:34,67.27690884816734,1,80.51116814360854,Normal Operation
3852,8016b8,IGO35U,2025-12-29 00:54:10,95.0411898222276,1,90.85147735582694,Normal Operation
3853,8016b8,IGO35U,2025-12-29 01:54:09,99.87537459546496,1,95.70659342498327,Normal Operation
3854,8016b8,IGO1412,2025-12-29 08:14:07,99.45817950046032,1,91.68147460863395,Normal Operation
3855,8016b8,IGO143,2025-12-29 18:45:15,99.313649107386,1,92.74457186042342,Normal Operation
3856,8016b8,IGO6745,2025-12-30 01:28:36,90.43460549215362,1,85.02170400413469,Normal Operation
3857,8016b8,IGO6585,2025-12-30 09:28:35,53.59971777178391,1,72.37322153511401,Normal Operation
3858,8016b9,IGO2046,2025-12-29 07:04:08,78.53828251631155,-1,50.600195979370625,Holding Pattern
3859,8016b9,IGO2347,2025-12-29 08:54:06,66.88481934434378,1,83.27363472025668,Normal Operation
3860,8016b9,IGO6077,2025-12-29 16:41:44,75.83826376364124,1,73.5336842470173,Normal Operation
3861,8016b9,IGO6570,2025-12-29 23:28:38,84.95626174046447,1,71.1491534961152,Normal Operation
3862,8016b9,IGO1607,2025-12-30 01:58:37,76.7439863196202,1,81.34424855574916,Normal Operation
3863,8016ba,IGO505L,2025-12-29 10:04:07,51.54327900567908,1,72.7723720826346,Normal Operation
3864,8016bc,IGO6196,2025-12-29 08:44:04,99.51944339108805,1,89.29235436830723,Normal Operation
3865,8016bc,IGO145Y,2025-12-29 17:01:38,54.96628040591524,-1,53.227969871126604,Altitude Instability
3866,8016bc,IGO495,2025-12-30 08:28:35,89.48219901460811,1,81.51801491058627,Normal Operation
3867,8016be,IGO058,2025-12-29 08:44:04,99.98021642958454,1,97.56374058300072,Normal Operation
3868,8016be,IGO1068,2025-12-29 18:03:07,99.86353616715932,1,97.08664595726708,Normal Operation
3869,8016be,IGO094,2025-12-30 06:48:37,99.95985316772322,1,96.42833567049819,Normal Operation
3870,8016bf,IGO533C,2025-12-29 08:04:08,93.53550154383714,1,85.95419993208617,Normal Operation
3871,8016bf,IGO6216,2025-12-29 09:54:04,68.14579243208327,1,85.57415651091078,Normal Operation
3872,8016bf,IGO515,2025-12-29 17:33:04,50.56365003507007,-1,36.289735428446185,Multiple Causes
3873,8016bf,IGO193J,2025-12-30 06:58:37,86.00761604934118,1,82.28053607545468,Normal Operation
3874,8016c5,IGO1861,2025-12-29 03:44:06,84.41208750906497,1,82.52763814642954,Normal Operation
3875,8016c5,IGO1862,2025-12-29 15:51:45,68.44743066120958,1,85.91274126598523,Normal Operation
3876,8016c5,IGO694E,2025-12-29 18:35:17,84.73685024890186,1,88.11058364878471,Normal Operation
3877,8016c5,IGO077,2025-12-30 00:58:38,75.52457271758027,1,84.42085958370514,Normal Operation
3878,8016c6,AXB1254,2025-12-29 07:14:05,72.65550905194502,1,73.3815299468172,Normal Operation
3879,8016c6,AXB1259,2025-12-29 15:51:45,60.04317452060711,1,73.87159472108894,Normal Operation
3880,8016c6,AXB1531,2025-12-29 17:23:08,62.91320094391448,1,75.72947634852433,Normal Operation
3881,8016c6,AXB1254,2025-12-30 06:38:36,73.07437263871785,1,76.85172019526928,Normal Operation
3882,8016c7,AXB1348,2025-12-29 01:24:06,97.08883526365058,1,90.07787931604177,Normal Operation
3883,8016c7,AXB1348,2025-12-29 02:44:02,69.68156481058901,-1,36.28871030562375,Poor Routing
3884,8016c7,AXB559,2025-12-29 15:51:45,72.5842168994266,-1,54.164068613836186,Poor Routing
3885,8016c7,AXB1195,2025-12-29 18:45:15,72.34600639817052,1,83.08832483618532,Normal Operation
3886,8016c8,AXB2932,2025-12-29 23:28:38,99.88732592751852,1,97.85438378064019,Normal Operation
3887,8016c8,AXB1891,2025-12-30 07:58:34,75.57447925000739,1,79.70635429611274,Normal Operation
3888,8016c9,AXB1581,2025-12-29 10:14:09,85.71783681252182,1,71.72003972000792,Normal Operation
3889,8016c9,AXB2959,2025-12-29 16:11:36,98.13517706507662,1,82.68419083568621,Normal Operation
3890,8016c9,AXB2959,2025-12-29 18:23:08,54.68730909831258,1,68.09830979448175,Normal Operation
3891,8016c9,AXB1580,2025-12-30 08:18:37,93.6733888304182,1,75.51785172066423,Normal Operation
3892,8016ca,AXB1032,2025-12-29 09:34:05,67.04718467527141,1,67.39435558445088,Normal Operation
3893,8016ca,AXB1034,2025-12-29 17:01:38,85.38515590969307,1,70.5839301744719,Normal Operation
3894,8016cb,AXB2171,2025-12-29 06:34:06,81.91786135395046,1,84.19768363323782,Normal Operation
3895,8016cc,AXB2807,2025-12-30 08:28:35,71.12566924907793,1,73.92433426659575,Normal Operation
3896,8016ce,IGO952K,2025-12-28 23:58:46,68.15566100410373,1,80.29499431123509,Normal Operation
3897,8016ce,IGO6465,2025-12-29 18:23:08,77.2208953084258,1,86.74142092058042,Normal Operation
3898,8016ce,IGO625L,2025-12-30 07:38:20,98.98294161323768,1,87.3128642998083,Normal Operation
3899,8016d2,IGO5166,2025-12-29 01:24:06,60.1440586753634,1,70.24398653552848,Normal Operation
3900,8016d2,IGO440Y,2025-12-29 06:24:05,68.81506180857538,1,68.92344892375736,Normal Operation
3901,8016d2,IGO5223,2025-12-29 08:14:07,74.81610781381183,1,70.0710253322776,Normal Operation
3902,8016d2,IGO5172,2025-12-29 09:54:04,85.42037881375879,1,86.09923186676582,Normal Operation
3903,8016d2,IGO365V,2025-12-29 15:51:45,58.97047856833082,1,70.60709348357702,Normal Operation
3904,8016d2,IGO316J,2025-12-29 18:13:07,69.63202765117359,1,63.51267332847525,Normal Operation
3905,8016d2,IGO5201,2025-12-30 00:08:41,70.9072993000616,1,78.58553973861501,Normal Operation
3906,8016d2,IGO5126,2025-12-30 06:28:37,67.0404091614282,-1,52.61628834884138,Speed Instability
3907,8016d2,IGO863Y,2025-12-30 10:18:36,88.93440029353113,1,84.13861545787285,Normal Operation
3908,8016d3,IGO6093,2025-12-29 16:41:44,80.33638553189876,1,85.88525894181275,Normal Operation
3909,8016d3,IGO293P,2025-12-30 08:08:33,83.91831816904347,1,77.27554247245936,Normal Operation
3910,8016d3,IGO795C,2025-12-30 09:48:34,68.2012479067797,1,67.55212036170883,Normal Operation
3911,8016d4,IGO624K,2025-12-29 07:54:02,57.7973768207505,1,60.21506402241383,Normal Operation
3912,8016d4,IGO35U,2025-12-30 00:58:38,99.73428430056558,1,88.45831181574415,Normal Operation
3913,8016d4,IGO1412,2025-12-30 08:18:37,99.71326771023207,1,90.44703566469538,Normal Operation
3914,8016d6,IGO625L,2025-12-29 07:44:01,99.65316250050896,1,94.13672541327274,Normal Operation
3915,8016d6,IGO970H,2025-12-29 10:24:06,99.46909298438273,1,89.43873484516959,Normal Operation
3916,8016d6,IGO419,2025-12-29 15:51:45,96.6403252485473,1,86.86648490980599,Normal Operation
3917,8016d6,IGO569H,2025-12-29 18:03:07,94.35007167531091,1,89.33427177063923,Normal Operation
3918,8016d7,IGO086,2025-12-29 07:24:06,99.54890400090692,1,91.0319415611791,Normal Operation
3919,8016d7,IGO6445,2025-12-30 05:38:33,76.41205577696351,1,80.76720209854949,Normal Operation
3920,8016d7,IGO553,2025-12-30 07:28:36,88.39349845911015,1,87.6174180637475,Normal Operation
3921,8016da,IGO37N,2025-12-29 07:14:05,57.27134541625525,1,62.945875693669095,Normal Operation
3922,8016da,IGO1916,2025-12-29 16:41:44,75.57502078500877,1,74.21284592021213,Normal Operation
3923,8016da,IGO092,2025-12-30 05:28:36,36.76717173723948,-1,51.81377246460411,Multiple Causes
3924,8016db,IGO6815,2025-12-29 08:44:04,83.55574206999756,1,80.73725812822,Normal Operation
3925,8016db,IGO72JC,2025-12-29 17:53:07,79.85246926474073,1,83.98766105620376,Normal Operation
3926,8016db,IGO265P,2025-12-30 06:58:37,88.78229421564566,1,84.55579909730486,Normal Operation
3927,8016dd,IGO5197,2025-12-28 23:48:41,67.84236175309147,-1,51.07613850661339,Speed Instability
3928,8016dd,IGO596,2025-12-29 01:54:09,54.36068314388186,1,72.43082320160966,Normal Operation
3929,8016dd,IGO313V,2025-12-29 06:54:07,55.57885779182459,1,70.47728750993923,Normal Operation
3930,8016dd,IGO238C,2025-12-29 17:01:38,87.85613938291203,1,80.90140401195019,Normal Operation
3931,8016dd,IGO238C,2025-12-29 18:03:07,62.75301909219363,1,78.3675336719473,Normal Operation
3932,8016dd,IGO5153,2025-12-29 23:28:38,99.8311622963832,1,93.12140697964507,Normal Operation
3933,8016dd,IGO5153,2025-12-30 00:28:37,70.9982349009359,1,67.00785703576602,Normal Operation
3934,8016de,IGO911E,2025-12-29 08:14:07,88.25132234371199,1,85.12115686624377,Normal Operation
3935,8016de,IGO275E,2025-12-29 16:51:45,89.17995833343835,1,86.68233915964298,Normal Operation
3936,8016de,IGO275E,2025-12-29 18:23:08,75.36792195956554,1,57.28018337271443,Normal Operation
3937,8016de,IGO313V,2025-12-30 07:08:35,91.03672646569404,1,84.72646174312642,Normal Operation
3938,8016df,IGO681,2025-12-29 02:04:07,57.435407866173534,1,75.04737713280672,Normal Operation
3939,8016df,IGO263V,2025-12-29 05:34:08,75.83184801002152,1,81.80598099266727,Normal Operation
3940,8016df,IGO390F,2025-12-29 15:51:45,89.68872792111122,1,89.70504748679684,Normal Operation
3941,8016df,IGO279H,2025-12-30 06:08:34,88.4707695691177,1,78.34643892054264,Normal Operation
3942,8016e0,IGO773V,2025-12-29 18:13:07,76.72773539390208,1,83.97241461993902,Normal Operation
3943,8016e0,IGO6794,2025-12-29 23:58:37,72.05401352118339,1,66.86843447825926,Normal Operation
3944,8016e1,IGO1058,2025-12-29 05:04:06,50.29398353099712,-1,52.97595481727172,Altitude Instability
3945,8016e1,IGO336M,2025-12-29 07:44:01,60.461239186552525,1,80.63633300383131,Normal Operation
3946,8016e1,IGO305F,2025-12-29 09:44:08,49.03957143137174,1,69.42575990623918,Normal Operation
3947,8016e1,IGO2414,2025-12-29 16:41:44,53.81433515356246,1,57.75311048525189,Normal Operation
3948,8016e1,IGO893,2025-12-30 09:48:34,68.77964640457452,1,60.08459627379292,Normal Operation
3949,8016fa,VUBCD,2025-12-29 10:14:09,94.32300615842016,1,62.853482855211354,Normal Operation
3950,80171a,IGO314,2025-12-29 09:44:08,70.32256354415404,1,85.20691815062442,Normal Operation
3951,80171a,IGO242,2025-12-30 01:18:37,85.25614976064672,1,82.85922030016178,Normal Operation
3952,80171a,IGO681,2025-12-30 04:18:35,65.16096275734813,1,78.34901287713721,Normal Operation
3953,80171a,IGO263V,2025-12-30 06:28:37,82.95102401725123,1,84.98642619261263,Normal Operation
3954,80171b,IGO6212,2025-12-29 05:44:09,59.49720225180529,-1,51.87759110955943,Speed Instability
3955,80171b,IGO345P,2025-12-29 09:14:08,68.18578562450128,1,76.21238636219114,Normal Operation
3956,80171b,IGO593M,2025-12-29 17:01:38,68.52667051059241,1,78.73616807867785,Normal Operation
3957,801723,IGO1151,2025-12-29 08:14:07,51.86533285390814,1,57.116662080783136,Normal Operation
3958,801723,IGO5025,2025-12-29 15:51:45,64.65660630066944,1,79.40459530374746,Normal Operation
3959,801723,IGO1232,2025-12-30 06:58:37,72.11047516221196,1,83.15006453366261,Normal Operation
3960,801725,IGO5103,2025-12-29 05:34:08,94.28534359025336,1,76.52488469103281,Normal Operation
3961,801725,IGO584M,2025-12-29 17:13:08,52.95686777842511,1,77.69719209255679,Normal Operation
3962,801725,IGO774P,2025-12-29 23:28:38,,-1,10.273586765973633,Holding Pattern
3963,801725,IGO84PE,2025-12-30 09:18:35,62.50983443369232,1,77.25093664563892,Normal Operation
3964,801726,IGO913H,2025-12-29 03:14:06,85.77867336294347,1,86.24081621518808,Normal Operation
3965,801726,IGO637C,2025-12-29 05:44:09,92.20731688889572,1,81.64214093345976,Normal Operation
3966,801726,IGO2073,2025-12-29 16:51:45,76.0856368865175,1,84.83292376390536,Normal Operation
3967,801726,IGO770,2025-12-30 05:48:34,92.62396635405348,1,87.20462598274011,Normal Operation
3968,801726,IGO770,2025-12-30 07:48:33,55.52633984705869,1,60.63167866357015,Normal Operation
3969,801726,IGO697H,2025-12-30 10:08:34,83.9035349514064,1,79.9172962478172,Normal Operation
3970,80172c,IGO56Y,2025-12-29 01:24:06,54.6906481705293,-1,37.4438073807563,Poor Routing
3971,80172c,IGO276Y,2025-12-29 06:04:04,58.99093780653962,1,64.48274686505938,Normal Operation
3972,80172c,IGO276Y,2025-12-29 07:34:07,53.43181244835355,1,69.88515459347688,Normal Operation
3973,80172c,IGO214P,2025-12-29 09:34:05,56.02734001724178,1,72.67154825296457,Normal Operation
3974,80172c,IGO36NE,2025-12-29 16:31:45,59.13012930301044,1,80.28334931617655,Normal Operation
3975,80172c,IGO36NE,2025-12-29 18:03:07,83.73715323383234,1,57.753556168786396,Normal Operation
3976,80172c,IGO6114,2025-12-30 00:18:35,59.59246113202987,1,70.03361355686546,Normal Operation
3977,80172c,IGO6114,2025-12-30 01:48:39,70.9658714960789,-1,47.13082834936936,Unknown Inefficiency
3978,80172c,IGO5107,2025-12-30 06:18:36,66.30392210071633,1,79.89979084258219,Normal Operation
3979,80172c,IGO566W,2025-12-30 09:28:35,62.20254796238254,1,76.82650698175722,Normal Operation
3980,80172d,IGO1853,2025-12-29 02:14:08,70.66461368039262,1,78.0411618262754,Normal Operation
3981,80172e,IGO1704,2025-12-29 06:54:07,63.50144876737531,1,82.09580682048501,Normal Operation
3982,80172e,IGO345,2025-12-29 09:04:08,55.31649001661303,1,78.95842539736624,Normal Operation
3983,80172e,IGO212V,2025-12-29 17:23:08,39.9143894299463,1,60.61030416307501,Normal Operation
3984,80172e,IGO6494,2025-12-30 06:48:37,41.83131893248342,1,59.51579326007128,Normal Operation
3985,80172e,IGO6513,2025-12-30 08:18:37,53.42873668679667,1,70.9491348529462,Normal Operation
3986,801731,VTDBI,2025-12-30 09:38:37,99.97448666628912,1,94.03009505069265,Normal Operation
3987,801733,IGO770,2025-12-29 05:44:09,97.87466338526292,1,88.9866846630839,Normal Operation
3988,801733,IGO770,2025-12-29 07:44:01,57.335394361415,1,75.55475026899815,Normal Operation
3989,801733,IGO697H,2025-12-29 10:14:09,85.10211516708061,1,87.07964934828254,Normal Operation
3990,801733,IGO802U,2025-12-29 16:51:45,83.87224622201069,1,85.14934570376148,Normal Operation
3991,801733,IGO5002,2025-12-30 06:08:34,60.12507292784289,1,79.66797798733604,Normal Operation
3992,801735,VTKJR,2025-12-29 09:44:08,92.22235778366156,1,86.13741340794638,Normal Operation
3993,801735,VTKJR,2025-12-29 15:51:45,95.10850441991332,1,82.98255068602899,Normal Operation
3994,801736,IGO5215,2025-12-29 01:34:05,62.84849181246153,1,64.25945783911403,Normal Operation
3995,801736,IGO5040,2025-12-29 16:21:38,72.5533017182996,1,74.29314610782113,Normal Operation
3996,801736,IGO516E,2025-12-29 18:35:17,81.64611135267361,1,86.32670558376395,Normal Operation
3997,801736,IGO591F,2025-12-30 09:38:37,89.9352933383185,1,78.35713684778277,Normal Operation
3998,801738,IGO848,2025-12-29 16:21:38,98.31525778852908,1,81.57445147046381,Normal Operation
3999,801739,VTJMR,2025-12-30 09:58:35,68.79207102179012,-1,53.71302493634325,Unknown Inefficiency
4000,80173c,IGO476,2025-12-28 23:48:41,85.519857413005,1,85.26359971210923,Normal Operation
4001,80173c,IGO6541,2025-12-29 16:01:36,74.64238022107446,1,71.50562551535003,Normal Operation
4002,80173c,IGO6633,2025-12-30 06:58:37,69.76370645929205,1,82.00264074340258,Normal Operation
4003,80173c,IGO244F,2025-12-30 09:08:33,92.20103584461152,1,85.48332078061176,Normal Operation
4004,801741,IGO2106,2025-12-29 05:54:05,58.273831503272,1,78.17478795986857,Normal Operation
4005,801741,IGO5165,2025-12-29 10:04:07,75.10809136195306,1,81.24057177844261,Normal Operation
4006,801741,IGO515J,2025-12-29 16:21:38,64.34484094310399,1,74.9757635680543,Normal Operation
4007,801741,IGO2106,2025-12-30 05:58:33,54.22200061847238,1,78.47696335213942,Normal Operation
4008,801741,IGO5165,2025-12-30 10:08:34,77.7410244488379,1,85.0544164955978,Normal Operation
4009,801742,IGO239U,2025-12-28 23:58:46,84.52130205418158,1,87.0941399966993,Normal Operation
4010,801742,IGO234V,2025-12-29 07:54:02,52.31355827791607,1,66.28513119177005,Normal Operation
4011,801742,IGO248K,2025-12-29 10:04:07,85.17892378886465,1,86.58984175806756,Normal Operation
4012,801742,IGO439H,2025-12-29 17:33:04,75.45366374922737,1,69.63156182282523,Normal Operation
4013,801742,IGO239U,2025-12-30 01:18:37,61.93192874870489,-1,50.15878864597941,Speed Instability
4014,801742,IGO234V,2025-12-30 07:48:33,64.15434010452174,1,63.333284801118445,Normal Operation
4015,801742,IGO248K,2025-12-30 09:48:34,50.592280727064,1,73.35019795178032,Normal Operation
4016,801743,VTPVV,2025-12-29 15:51:45,83.77352440582105,1,72.59302234344808,Normal Operation
4017,801743,VTPVV,2025-12-30 09:38:37,84.09970498120384,1,79.1648124907846,Normal Operation
4018,801744,IGO1090,2025-12-29 02:04:07,60.94580572671831,1,79.20514450887657,Normal Operation
4019,801744,IGO1011,2025-12-29 09:24:04,84.53882585805003,1,83.40816407204083,Normal Operation
4020,801744,IGO1051,2025-12-30 05:08:39,83.3236742847905,1,81.55686934974712,Normal Operation
4021,801745,IGO278P,2025-12-29 05:14:08,65.08365827865242,-1,50.679568381008,Speed Instability
4022,801745,IGO2051,2025-12-29 10:24:06,97.01872100599113,1,89.68596364778749,Normal Operation
4023,801745,IGO605C,2025-12-29 16:51:45,62.79883007375974,1,79.40657627763002,Normal Operation
4024,801745,IGO227H,2025-12-29 23:28:38,64.87574326535864,1,62.16323821328745,Normal Operation
4025,801746,IGO6117,2025-12-29 00:28:46,78.57464922355975,1,76.01702087607818,Normal Operation
4026,801746,IGO478,2025-12-29 16:51:45,75.60114343723703,1,63.63287504568169,Normal Operation
4027,801746,IGO6139,2025-12-30 05:08:39,70.5175661174564,1,73.8927469213345,Normal Operation
4028,801746,IGO505,2025-12-30 07:48:33,50.71699809072428,1,61.24080075756337,Normal Operation
4029,801748,IGO5136,2025-12-29 00:08:45,83.08249281960192,1,54.93813852193862,Normal Operation
4030,801748,IGO5066,2025-12-29 06:34:06,77.11000115993173,1,86.74962191398545,Normal Operation
4031,801748,IGO846K,2025-12-29 09:14:08,69.81213319935304,1,67.6272407081637,Normal Operation
4032,801748,IGO2417,2025-12-29 15:51:45,81.95392612404054,1,68.70967634500425,Normal Operation
4033,801748,IGO254V,2025-12-29 18:03:07,50.21956335128692,1,58.55954652789597,Normal Operation
4034,801748,IGO6367,2025-12-29 23:28:38,81.7312649712896,-1,44.59206149030133,Holding Pattern
4035,801748,IGO421P,2025-12-30 02:08:35,67.75544134408517,1,74.14014805314093,Normal Operation
4036,801748,IGO6409,2025-12-30 06:18:36,54.17135379536003,1,68.94795168561666,Normal Operation
4037,801748,IGO6748,2025-12-30 10:08:34,85.99419912924064,1,80.1003630298142,Normal Operation
4038,801749,IGO412W,2025-12-29 18:23:08,82.03458253660844,1,82.7735920560108,Normal Operation
4039,801749,IGO6708,2025-12-29 23:58:37,50.05283807471591,1,75.61067551136689,Normal Operation
4040,80174a,IGO6746,2025-12-29 08:34:04,66.86630006915294,1,76.40373055338439,Normal Operation
4041,80174a,IGO6096,2025-12-29 18:03:07,90.34701189937346,1,86.65261332540229,Normal Operation
4042,80174a,IGO5291,2025-12-29 23:28:38,97.4345995805985,1,86.68727666189994,Normal Operation
4043,80174a,IGO456,2025-12-30 04:38:37,55.51114135462855,1,76.18062575318503,Normal Operation
4044,80174a,IGO492H,2025-12-30 07:08:35,57.57422732649149,1,79.96180385997427,Normal Operation
4045,80174a,IGO492H,2025-12-30 08:38:36,78.5387333944174,-1,50.779000163005044,Unknown Inefficiency
4046,80174b,IGO439J,2025-12-28 23:48:41,76.62316594097992,1,87.18927615781122,Normal Operation
4047,80174b,IGO439J,2025-12-29 01:34:05,52.996378156762106,1,69.01440055626384,Normal Operation
4048,80174b,IGO736E,2025-12-29 18:13:07,61.68997286777568,1,79.36931787191831,Normal Operation
4049,80174b,IGO424,2025-12-30 07:38:20,67.29444149619529,1,81.19311146835196,Normal Operation
4050,80174c,IGO5WA,2025-12-29 10:24:06,96.75910951709568,1,71.58334700037634,Normal Operation
4051,80174c,IGO3CA,2025-12-29 17:53:07,89.38758523519516,1,73.4052414727071,Normal Operation
4052,80174d,IGO262J,2025-12-28 23:48:41,99.98140434456243,1,96.80479449198724,Normal Operation
4053,80174d,IGO749C,2025-12-29 09:14:08,61.33242116425408,1,72.90092580015494,Normal Operation
4054,80174d,IGO302F,2025-12-29 17:01:38,57.74395858912922,1,77.00112533962026,Normal Operation
4055,80174d,IGO439J,2025-12-30 03:08:38,64.46483546640619,1,82.02242263340585,Normal Operation
4056,80174d,IGO6796,2025-12-30 06:38:36,77.07610012847454,1,85.34282502221967,Normal Operation
4057,801750,SDG186,2025-12-29 16:41:44,80.88414830259568,1,85.59151846445265,Normal Operation
4058,801751,IGO2TH,2025-12-29 10:14:09,89.68916820170601,1,65.18366017220337,Normal Operation
4059,801751,IGO6HV,2025-12-29 16:31:45,90.6289488446738,1,60.000475226619656,Normal Operation
4060,801751,IGO1YE,2025-12-30 07:38:20,87.82336356338025,1,60.87355600368518,Normal Operation
4061,801751,IGO7419,2025-12-30 09:18:35,89.62843479513477,1,58.45420442456126,Normal Operation
4062,801752,IGO7561,2025-12-29 07:44:01,91.2576502063965,1,76.91884878650703,Normal Operation
4063,801752,IGO7562,2025-12-29 10:04:07,66.11842680790387,1,61.69818014611085,Normal Operation
4064,801752,IGO456V,2025-12-29 16:51:45,65.5082761280814,1,85.42793790700992,Normal Operation
4065,801752,IGO960C,2025-12-29 18:45:15,85.61007928806536,1,87.53526077014364,Normal Operation
4066,801752,IGO6592,2025-12-30 08:28:35,72.26123285403543,-1,41.936879373862794,Unknown Inefficiency
4067,801753,IGO7091,2025-12-30 06:28:37,97.57983384821938,1,71.47524846352127,Normal Operation
4068,801753,IGO4HC,2025-12-30 08:18:37,99.94341260631826,1,80.47098590910468,Normal Operation
4069,801755,IGO7236,2025-12-30 06:18:36,98.08465512231328,1,68.95943218155888,Normal Operation
4070,801755,IGO7245,2025-12-30 07:58:34,92.8999468530338,1,63.30270091971426,Normal Operation
4071,801755,IGO7715,2025-12-30 10:08:34,97.59700567429948,1,71.12201107081111,Normal Operation
4072,801759,IGO651,2025-12-29 00:08:45,46.44127752571103,1,65.54643048020824,Normal Operation
4073,801759,IGO430L,2025-12-29 06:14:08,55.98936441629588,1,79.80302704160597,Normal Operation
4074,801759,IGO849K,2025-12-29 17:13:08,80.33209562045887,1,83.32601103818548,Normal Operation
4075,801759,IGO459,2025-12-30 01:08:40,65.96410147708079,1,76.23009694208065,Normal Operation
4076,80175a,IGO1051,2025-12-29 04:14:05,43.83984270865979,1,67.206119542052,Normal Operation
4077,80175a,IGO1064,2025-12-29 10:24:06,99.585754320809,1,92.4926018969988,Normal Operation
4078,80175a,IGO1081,2025-12-29 15:51:45,99.88787630538091,1,93.17408380042986,Normal Operation
4079,80175a,IGO1082,2025-12-29 23:28:38,72.67371389303001,1,57.776016905282546,Normal Operation
4080,80175a,IGO1073,2025-12-30 05:48:34,59.47055734453103,1,60.761703486723405,Normal Operation
4081,80175a,IGO1073,2025-12-30 06:48:37,99.77689294036291,1,94.38575989231006,Normal Operation
4082,80175f,IGO456,2025-12-29 04:14:05,60.4646096121783,1,78.96100672337523,Normal Operation
4083,80175f,IGO492H,2025-12-29 07:24:06,87.96522017650982,1,89.1626386995966,Normal Operation
4084,80175f,IGO457C,2025-12-29 18:45:15,80.34628553027906,1,85.15358343773356,Normal Operation
4085,80175f,IGO651,2025-12-30 00:28:37,66.62011280960984,1,66.75621527006427,Normal Operation
4086,80175f,IGO651,2025-12-30 01:28:36,55.142134159901445,1,69.6789294341698,Normal Operation
4087,801767,IGO424F,2025-12-29 00:38:36,66.03011180857635,1,81.6463740957726,Normal Operation
4088,801767,IGO6740,2025-12-29 10:14:09,,-1,17.173053204815,Holding Pattern
4089,801767,IGO170,2025-12-29 17:43:10,89.32122655972958,1,73.4809969066363,Normal Operation
4090,801767,IGO5136,2025-12-30 01:18:37,74.91656520800836,-1,48.55274696008787,Poor Routing
4091,801767,IGO5136,2025-12-30 03:58:40,,-1,17.949576815030742,Holding Pattern
4092,801767,IGO753J,2025-12-30 07:28:36,47.65127562028275,-1,48.81736092771053,Multiple Causes
4093,801767,IGO5077,2025-12-30 09:58:35,56.32083208515874,1,75.71652812567164,Normal Operation
4094,801768,IGO1053,2025-12-29 09:54:04,86.78952323088305,1,79.85971664035647,Normal Operation
4095,801768,IGO1054,2025-12-29 15:51:45,84.34703642594454,1,56.255920183641614,Normal Operation
4096,801768,IGO1053,2025-12-30 09:28:35,81.2530532656701,1,71.13522995556669,Normal Operation
4097,801772,IGO2137,2025-12-29 01:54:09,74.88082511865903,1,64.39725628157665,Normal Operation
4098,801772,IGO264C,2025-12-29 08:34:04,89.86119462683229,1,87.05069079752525,Normal Operation
4099,801772,IGO372L,2025-12-29 16:01:36,93.18536693904952,1,89.45130002078842,Normal Operation
4100,801772,IGO6131,2025-12-30 00:28:37,47.83953767988492,1,76.37459252521806,Normal Operation
4101,801772,IGO36AT,2025-12-30 08:38:36,63.294054562404725,1,76.50186221429703,Normal Operation
4102,801775,IGO6818,2025-12-29 01:04:06,53.05845496195828,1,72.04784947895907,Normal Operation
4103,801775,IGO6065,2025-12-29 05:04:06,73.67160427080731,1,81.43184303496645,Normal Operation
4104,801775,IGO6065,2025-12-29 06:24:05,48.14061845045792,1,56.56021962219605,Normal Operation
4105,801775,IGO315L,2025-12-29 08:14:07,81.90055174460605,1,72.84293389390947,Normal Operation
4106,801775,IGO315L,2025-12-29 09:14:08,56.27322758106487,1,62.442415319199064,Normal Operation
4107,801775,IGO6295,2025-12-29 16:51:45,41.43325254793761,1,58.68737725580505,Normal Operation
4108,801775,IGO695,2025-12-29 18:35:17,75.32078988062611,1,80.18826860967415,Normal Operation
4109,801775,IGO696,2025-12-30 00:18:35,43.56584381863162,1,61.673011504740906,Normal Operation
4110,801775,IGO5065,2025-12-30 03:18:38,96.72086855230184,1,88.50344851689245,Normal Operation
4111,801775,IGO5065,2025-12-30 05:08:39,60.659180753185794,1,80.88073463202102,Normal Operation
4112,801775,IGO5329,2025-12-30 08:08:33,67.66368375740775,1,82.58281212216255,Normal Operation
4113,801775,IGO5329,2025-12-30 09:28:35,39.630719240737385,1,57.1147085727702,Normal Operation
4114,801776,GOA5206,2025-12-29 16:51:45,98.73344364603108,1,73.04456223795077,Normal Operation
4115,801778,IGO6021,2025-12-29 07:44:01,56.359654228148656,1,78.44374180736762,Normal Operation
4116,801778,IGO363E,2025-12-29 09:34:05,57.30882162445627,1,79.32032101473591,Normal Operation
4117,801778,IGO723U,2025-12-29 17:01:38,82.7745914343876,1,88.69777568760716,Normal Operation
4118,801778,IGO2062,2025-12-29 23:28:38,,-1,11.721245673069081,Holding Pattern
4119,801778,IGO2062,2025-12-30 05:18:34,,-1,16.328490121537147,Holding Pattern
4120,801778,IGO521,2025-12-30 08:28:35,,-1,11.843040641886269,Multiple Causes
4121,801778,IGO521,2025-12-30 09:38:37,77.36426540113857,1,75.73511327997012,Normal Operation
4122,80177b,AXB816,2025-12-30 07:08:35,99.92631632905406,1,98.47429805986575,Normal Operation
4123,80177c,AXB1230,2025-12-29 04:34:06,58.88507924976747,1,76.70638561985692,Normal Operation
4124,80177c,AXB1230,2025-12-29 06:14:08,73.74603148607338,1,84.09610965447118,Normal Operation
4125,80177c,AXB1236,2025-12-29 08:34:04,76.81358601851397,1,87.31295873703566,Normal Operation
4126,80177c,AXB1245,2025-12-29 16:41:44,81.93124657608908,1,75.11455716908733,Normal Operation
4127,80177d,IGO2062,2025-12-28 23:48:41,79.0611269413228,1,57.87673692716517,Normal Operation
4128,80177d,IGO563V,2025-12-29 05:54:05,64.13210453761283,1,63.228806628569714,Normal Operation
4129,80177d,IGO754F,2025-12-29 08:24:06,72.87378059661788,1,64.00576880672928,Normal Operation
4130,80177d,IGO6021,2025-12-30 07:38:20,60.989761166515926,1,79.036547540781,Normal Operation
4131,80177d,IGO363E,2025-12-30 09:58:35,84.19155673456186,1,86.73730477092285,Normal Operation
4132,80177e,IGO5322,2025-12-28 23:58:46,56.22526245571231,1,69.65748598595324,Normal Operation
4133,80177e,IGO5114,2025-12-29 06:24:05,53.525284005320415,1,68.74120189179867,Normal Operation
4134,80177e,IGO692E,2025-12-29 08:54:06,55.76144725339161,1,68.09203031496952,Normal Operation
4135,80177e,IGO304F,2025-12-29 17:43:10,67.70128153469707,1,76.641200061797,Normal Operation
4136,80177e,IGO275K,2025-12-29 23:48:40,58.91100649408552,1,75.80045011720003,Normal Operation
4137,80177e,IGO612M,2025-12-30 07:38:20,62.06459214785488,1,71.07591209685992,Normal Operation
4138,801783,AXB1228,2025-12-29 07:24:06,81.97273009827919,1,86.44047976170863,Normal Operation
4139,801783,AXB1032,2025-12-30 09:18:35,70.11599060870006,1,66.5712970623939,Normal Operation
4140,801784,AXB2780,2025-12-29 07:14:05,79.05274032088097,1,71.65363112096871,Normal Operation
4141,801784,AXB2887,2025-12-29 09:24:04,91.44508598682918,1,80.32570164534928,Normal Operation
4142,801784,AXB1217,2025-12-29 16:21:38,80.459492753087,1,82.53907499052863,Normal Operation
4143,801784,AXB1217,2025-12-29 18:03:07,82.95303873015301,1,66.4816995534552,Normal Operation
4144,801784,AXB2681,2025-12-30 00:38:34,76.96299911865336,1,84.59436567800984,Normal Operation
4145,801784,AXB2019,2025-12-30 09:58:35,77.15979746601015,-1,48.61611508146351,Multiple Causes
4146,801786,AKJ575,2025-12-29 10:14:09,99.99911713045653,1,97.39337003648538,Normal Operation
4147,801786,AKJ884M,2025-12-29 15:51:45,80.8694516791903,1,67.41167173075479,Normal Operation
4148,801786,AKJ550,2025-12-29 18:03:07,70.67864548635768,1,83.90077831386894,Normal Operation
4149,801786,AKJ551,2025-12-30 06:38:36,74.79586244798854,1,71.87322630254052,Normal Operation
4150,801786,AKJ1914,2025-12-30 08:58:35,64.86105806977514,1,67.26270567996463,Normal Operation
4151,801788,IGO696,2025-12-28 23:48:41,69.68175859644805,-1,15.611020223569453,Multiple Causes
4152,801788,IGO2119,2025-12-29 07:04:08,71.3156495250842,1,64.49467072476732,Normal Operation
4153,801788,IGO383M,2025-12-29 15:51:45,63.76504110605725,1,72.1387975031738,Normal Operation
4154,801788,IGO190,2025-12-29 18:03:07,60.42511844222673,1,79.4170639128405,Normal Operation
4155,801788,IGO729M,2025-12-29 23:28:38,65.37525195512278,1,70.29557014072122,Normal Operation
4156,801788,IGO638M,2025-12-30 05:58:33,66.02438269521156,1,76.99749948035023,Normal Operation
4157,801788,IGO638M,2025-12-30 07:28:36,81.2736417749887,-1,42.211571490955016,Poor Routing
4158,801792,IGO36AT,2025-12-29 10:04:07,57.01196011073017,1,81.06883617684079,Normal Operation
4159,801792,IGO573P,2025-12-29 15:51:45,80.89296955153698,1,86.66624867654839,Normal Operation
4160,801792,IGO573P,2025-12-29 17:43:10,64.5918142716924,1,81.10738792719388,Normal Operation
4161,801792,IGO29DY,2025-12-30 07:08:35,72.34705048735154,1,74.37149519366736,Normal Operation
4162,801792,IGO29DY,2025-12-30 08:48:37,61.30499982235701,1,64.80869937094336,Normal Operation
4163,801793,IGO115,2025-12-28 23:48:41,76.26614717499555,1,67.61452411387586,Normal Operation
4164,801793,IGO52M,2025-12-29 16:01:36,68.99765115272356,-1,51.16768239248437,Poor Routing
4165,801793,IGO56Y,2025-12-30 01:28:36,61.84956997167926,-1,49.66377982812615,Unknown Inefficiency
4166,801793,IGO523W,2025-12-30 04:48:37,52.91800455565567,1,69.28529741552518,Normal Operation
4167,801793,IGO141J,2025-12-30 08:08:33,61.65286675280318,1,69.9303257219012,Normal Operation
4168,801793,IGO5076,2025-12-30 09:58:35,51.480799897257015,1,69.66766749835814,Normal Operation
4169,801798,IGO29DY,2025-12-29 07:14:05,78.49346992251101,1,87.46633977256641,Normal Operation
4170,801798,IGO29DY,2025-12-29 09:04:08,63.66083197228182,1,80.50612979583623,Normal Operation
4171,801798,IGO6043,2025-12-29 15:51:45,80.01678749300282,-1,43.08463777396874,Holding Pattern
4172,801798,IGO656J,2025-12-29 17:23:08,81.41581054668302,1,83.56252902359722,Normal Operation
4173,801798,IGO656J,2025-12-29 18:45:15,94.09089886438318,1,68.24001997166145,Normal Operation
4174,801798,IGO721K,2025-12-30 01:58:37,85.41591744881427,1,86.54441199200375,Normal Operation
4175,801798,IGO721K,2025-12-30 03:08:38,70.89459196619022,-1,54.380635132490134,Unknown Inefficiency
4176,801798,IGO276Y,2025-12-30 05:58:33,59.43072145500187,1,67.71511324503113,Normal Operation
4177,801798,IGO276Y,2025-12-30 07:28:36,45.87158747957608,1,61.39428720848152,Normal Operation
4178,801798,IGO214P,2025-12-30 09:28:35,52.444728767992736,1,71.19843974742325,Normal Operation
4179,80179a,AXB2176,2025-12-29 17:33:04,96.62262877473768,1,89.62084222584609,Normal Operation
4180,80179b,AKJ1560,2025-12-28 23:48:41,82.59390628728502,1,63.9449917014693,Normal Operation
4181,80179b,AKJ1304,2025-12-29 07:14:05,61.723343446689256,-1,49.48895669640541,Speed Instability
4182,80179b,AKJ1304,2025-12-29 08:24:06,93.89827385446354,1,78.93696478153271,Normal Operation
4183,80179b,AKJ1305,2025-12-29 16:51:45,79.91075149898798,-1,54.683777950674134,Poor Routing
4184,80179b,AKJ1141,2025-12-29 23:28:38,94.35462325021226,1,82.99889606536928,Normal Operation
4185,80179b,AKJ1141,2025-12-30 00:58:38,51.61170465740563,1,73.03681433575295,Normal Operation
4186,80179b,AKJ1304,2025-12-30 05:48:34,62.54644752953146,1,72.16374670467887,Normal Operation
4187,8017a0,IGO5065,2025-12-29 03:04:06,55.70012353255791,1,65.82373431042781,Normal Operation
4188,8017a0,IGO5065,2025-12-29 05:14:08,61.21892528709064,1,77.38333561186373,Normal Operation
4189,8017a0,IGO5329,2025-12-29 08:24:06,39.1657200073829,1,57.81468388909288,Normal Operation
4190,8017a0,IGO5329,2025-12-29 09:54:04,39.147970295257366,-1,53.58366973354007,Multiple Causes
4191,8017a0,IGO6554,2025-12-29 17:43:10,79.46452200464178,1,84.03843586258108,Normal Operation
4192,8017a0,IGO795F,2025-12-30 01:08:40,46.77774327502324,1,71.74588147187536,Normal Operation
4193,8017a0,IGO795F,2025-12-30 02:18:37,50.625544009216256,1,67.57219684130273,Normal Operation
4194,8017a1,AXB1056,2025-12-29 00:48:39,75.49130128308134,1,73.39954014213887,Normal Operation
4195,8017a1,AXB2678,2025-12-29 09:44:08,52.24207013060045,1,63.23538618787594,Normal Operation
4196,8017a1,AXB1036,2025-12-29 15:51:45,77.5036510602371,1,66.17508919022802,Normal Operation
4197,8017a2,AXB2681,2025-12-29 00:28:46,69.44023798886646,1,81.02909048800062,Normal Operation
4198,8017a2,AXB242,2025-12-29 07:24:06,75.51156455497855,1,84.11689307045795,Normal Operation
4199,8017a2,AXB241,2025-12-29 16:21:38,61.93087691169822,1,68.38935040573598,Normal Operation
4200,8017e4,IGO64J,2025-12-29 00:18:37,63.37684032741136,1,69.4494563297708,Normal Operation
4201,8017e4,IGO41E,2025-12-29 08:04:08,55.68907204889326,1,77.70597334639767,Normal Operation
4202,8017e4,IGO70H,2025-12-29 16:01:36,55.06545511956106,1,74.940736058419,Normal Operation
4203,8017e4,IGO503L,2025-12-29 18:03:07,68.42346466472729,1,66.67537717270986,Normal Operation
4204,8017e4,IGO2296,2025-12-30 02:48:39,65.66607677393787,1,58.933626110041345,Normal Operation
4205,8017e4,IGO2119,2025-12-30 06:58:37,75.83553225460676,1,61.38793662283597,Normal Operation
4206,8017e5,IGO604M,2025-12-28 23:58:46,53.59455730434445,1,73.54985757555669,Normal Operation
4207,8017e5,IGO357F,2025-12-29 03:34:08,63.24834642200289,1,73.63146816758601,Normal Operation
4208,8017e5,IGO357F,2025-12-29 04:54:04,60.55834133035785,-1,48.92695220689831,Unknown Inefficiency
4209,8017e5,IGO656,2025-12-29 07:24:06,58.352815008760096,1,79.11562162992774,Normal Operation
4210,8017e5,IGO675,2025-12-29 09:24:04,91.15985619088906,1,88.56364067154128,Normal Operation
4211,8017e5,IGO362V,2025-12-29 15:51:45,97.82534213216957,1,85.82410647695703,Normal Operation
4212,8017e5,IGO6341,2025-12-30 00:48:35,78.48255235920202,1,81.18304128436618,Normal Operation
4213,8017e5,IGO6746,2025-12-30 08:28:35,51.75133047334752,1,72.01978773937032,Normal Operation
4214,8017e5,IGO6747,2025-12-30 10:18:36,90.92965442363028,1,87.24423795113304,Normal Operation
4215,8017ee,IGO424,2025-12-29 07:34:07,59.38167380785284,1,82.42225557833954,Normal Operation
4216,8017ee,IGO807W,2025-12-29 09:24:04,57.921612222388376,1,80.31449414416639,Normal Operation
4217,8017ee,IGO12W,2025-12-29 16:11:36,73.39187805137303,1,73.54627782353184,Normal Operation
4218,8017ee,IGO64J,2025-12-30 00:08:41,64.17953840701571,1,66.76772122738036,Normal Operation
4219,8017ee,IGO41E,2025-12-30 07:58:34,60.33193428611536,1,80.93009282887853,Normal Operation
4220,8017ef,VTRRR,2025-12-29 16:51:45,84.34083787926038,1,70.40741480792549,Normal Operation
4221,8017f2,IGO237P,2025-12-29 03:54:07,51.0398746331792,-1,54.73297089621874,Altitude Instability
4222,8017f2,IGO513,2025-12-29 06:34:06,68.39107428602442,1,57.890305934304315,Normal Operation
4223,8017f2,IGO521,2025-12-29 10:24:06,83.90585200092661,1,81.825790703162,Normal Operation
4224,8017f2,IGO6776,2025-12-29 16:11:36,60.89497407736131,1,79.41427551734675,Normal Operation
4225,8017f2,IGO6010,2025-12-30 05:58:33,54.39869869841832,1,72.58932160832032,Normal Operation
4226,8017f2,IGO807W,2025-12-30 09:38:37,78.49549835474309,1,83.72787414191167,Normal Operation
4227,8017f3,IGO792Y,2025-12-29 00:48:39,83.93994869983509,1,77.37691522919592,Normal Operation
4228,8017f3,IGO523W,2025-12-29 04:54:04,74.40304831703799,1,84.93470644481116,Normal Operation
4229,8017f3,IGO141J,2025-12-29 08:14:07,62.446674112104645,1,70.38829084589263,Normal Operation
4230,8017f3,IGO5076,2025-12-29 10:14:09,92.50367575198509,1,85.94618045250219,Normal Operation
4231,8017f3,IGO5294,2025-12-29 16:41:44,66.54564897211023,1,81.75051978712118,Normal Operation
4232,8017f3,IGO792Y,2025-12-30 00:58:38,63.89856944808273,1,73.43646932719096,Normal Operation
4233,8017f3,IGO656,2025-12-30 06:38:36,67.88936394972414,1,64.94156797836754,Normal Operation
4234,8017f3,IGO675,2025-12-30 08:28:35,85.53622418132872,1,88.6591309926036,Normal Operation
4235,8017ff,IGO1060,2025-12-29 00:08:45,63.46178827823317,1,81.99943459042109,Normal Operation
4236,8017ff,IGO6045,2025-12-29 03:54:07,46.70835429337052,1,56.8513789599652,Normal Operation
4237,8017ff,IGO275V,2025-12-29 18:13:07,69.81471827553193,1,84.27448279630538,Normal Operation
4238,8017ff,IGO6818,2025-12-30 02:38:38,61.38588389094116,1,80.04438104396354,Normal Operation
4239,8017ff,IGO6718,2025-12-30 07:38:20,86.33889344364063,1,87.39883326084492,Normal Operation
4240,801800,IGO6114,2025-12-28 23:58:46,80.63877622380994,1,63.70435078747627,Normal Operation
4241,801800,IGO271U,2025-12-29 07:34:07,46.11928968705884,1,64.78864749181452,Normal Operation
4242,801800,IGO262V,2025-12-29 09:14:08,58.85589679897663,1,68.92527164679109,Normal Operation
4243,801800,IGO863M,2025-12-29 15:51:45,43.6099106137272,-1,47.384148507063585,Multiple Causes
4244,801800,IGO402C,2025-12-29 18:23:08,94.15759561506567,1,87.084878417383,Normal Operation
4245,801800,IGO2137,2025-12-30 01:38:40,68.5046918843664,1,62.10392316310468,Normal Operation
4246,801800,IGO264C,2025-12-30 08:18:37,78.93489902718851,1,86.07026251262414,Normal Operation
4247,801800,IGO264C,2025-12-30 10:18:36,83.03941652070006,1,56.24838027191809,Normal Operation
4248,801804,IGO1059,2025-12-29 16:51:45,81.31957408462723,1,82.44764571979682,Normal Operation
4249,801804,IGO1059,2025-12-29 18:03:07,99.99614236243448,1,96.58319279339487,Normal Operation
4250,801804,IGO1060,2025-12-30 01:18:37,56.18723017325969,1,78.61105213654042,Normal Operation
4251,801804,IGO1011,2025-12-30 09:08:33,76.85011351707949,1,78.2863326416812,Normal Operation
4252,801805,IGO1021,2025-12-29 02:24:07,66.19291318396742,1,80.65562009586095,Normal Operation
4253,801805,IGO94V,2025-12-29 16:51:45,55.816603925307646,1,71.289782784215,Normal Operation
4254,801805,IGO32E,2025-12-29 23:28:38,49.98993761274743,1,56.63291122837705,Normal Operation
4255,801806,IGO721K,2025-12-29 00:48:39,73.00046900395884,1,82.92052764530284,Normal Operation
4256,801806,IGO721K,2025-12-29 02:04:07,46.420035683698224,1,61.105292575738126,Normal Operation
4257,801806,IGO1071,2025-12-29 04:34:06,86.18547386172352,1,83.1579616385995,Normal Operation
4258,801806,IGO1089,2025-12-29 17:43:10,66.28291517893928,1,81.18346946236473,Normal Operation
4259,801806,IGO1090,2025-12-30 02:08:35,53.43155262758092,1,75.88717399399965,Normal Operation
4260,801806,IGO1071,2025-12-30 05:08:39,91.87027583414556,1,88.66369724659205,Normal Operation
4261,80180b,IGO753J,2025-12-29 07:14:05,50.91039236969189,-1,54.43360932433328,Altitude Instability
4262,80180b,IGO5077,2025-12-29 10:14:09,53.43002609410684,1,76.43237005775693,Normal Operation
4263,80180b,IGO1063,2025-12-29 15:51:45,99.76329248377674,1,92.09383370783895,Normal Operation
4264,80180c,IGO795F,2025-12-29 01:54:09,47.21766160927598,1,69.64848087288864,Normal Operation
4265,80180c,IGO449,2025-12-29 05:34:08,83.30033334316686,1,86.29051539718336,Normal Operation
4266,80180c,IGO449,2025-12-29 06:44:08,58.35192611321168,1,65.71048928744044,Normal Operation
4267,80180c,IGO463P,2025-12-29 09:34:05,64.89466134247284,1,67.93878461181119,Normal Operation
4268,80180c,IGO41MK,2025-12-29 17:13:08,52.40960659568817,1,70.95279948605295,Normal Operation
4269,80180c,IGO604M,2025-12-29 23:38:34,70.18663164459399,1,60.94430068177728,Normal Operation
4270,80180c,IGO357F,2025-12-30 02:48:39,83.66340199328252,1,87.27804160164955,Normal Operation
4271,80180c,IGO357F,2025-12-30 03:58:40,78.34129361461947,1,64.36408528406628,Normal Operation
4272,80180c,IGO271U,2025-12-30 06:18:36,64.06611800334429,1,66.1821263168991,Normal Operation
4273,80180c,IGO271U,2025-12-30 07:18:12,47.70120669066287,1,65.9293532746584,Normal Operation
4274,80180c,IGO262V,2025-12-30 09:08:33,64.00188850665705,1,76.2979569560459,Normal Operation
4275,80180e,IGO275K,2025-12-28 23:48:41,80.18421542745281,-1,48.25303699540211,Poor Routing
4276,80180e,IGO612M,2025-12-29 07:34:07,53.14060335040149,1,69.14725769778471,Normal Operation
4277,80180e,IGO793Y,2025-12-29 17:01:38,78.48215964751438,1,62.35568116875515,Normal Operation
4278,80180e,IGO5322,2025-12-30 00:28:37,58.03065211905631,1,71.30332103889086,Normal Operation
4279,80180e,IGO5114,2025-12-30 06:38:36,68.67289807583302,1,67.08537569097915,Normal Operation
4280,80180e,IGO692E,2025-12-30 08:48:37,55.42949168662898,1,69.22863974805321,Normal Operation
4281,801816,IGO2247,2025-12-29 02:14:08,81.79809095717638,1,81.54875921615566,Normal Operation
4282,801816,IGO2247,2025-12-29 03:34:08,39.117460058316674,-1,52.23994110061005,Multiple Causes
4283,801816,IGO334E,2025-12-29 05:54:05,50.97465962323611,1,67.40252148324673,Normal Operation
4284,801816,IGO334E,2025-12-29 08:04:08,54.85871377473845,1,75.5969138345414,Normal Operation
4285,801816,IGO127P,2025-12-29 09:54:04,58.82770402695929,1,72.81462079553503,Normal Operation
4286,801816,IGO789,2025-12-29 16:01:36,78.01772598112002,1,69.87583525977266,Normal Operation
4287,801816,IGO115,2025-12-30 00:28:37,59.13735024796886,1,78.43153368563131,Normal Operation
4288,801816,IGO2247,2025-12-30 02:28:35,40.373916360426,1,60.9089956521917,Normal Operation
4289,801816,IGO2247,2025-12-30 03:58:40,39.41505007433783,-1,53.91664808018847,Multiple Causes
4290,801816,IGO334E,2025-12-30 05:58:33,55.98405575166313,1,73.3738642978347,Normal Operation
4291,801816,IGO334E,2025-12-30 07:58:34,51.32776243643606,1,70.49364082434849,Normal Operation
4292,801816,IGO127P,2025-12-30 09:48:34,63.37744919633656,1,55.187985505917176,Normal Operation
4293,801819,IGO1082,2025-12-29 00:18:37,57.67585600569443,1,67.4867781258651,Normal Operation
4294,801819,IGO1073,2025-12-29 06:24:05,95.4269678616976,1,58.33361239716631,Normal Operation
4295,801819,IGO1074,2025-12-29 15:51:45,85.93974334655768,1,60.70782773393824,Normal Operation
4296,801819,IGO567P,2025-12-29 17:43:10,84.14792364753035,1,84.86263400331829,Normal Operation
4297,801819,IGO262J,2025-12-30 01:38:40,61.93098051118716,1,56.11816635273323,Normal Operation
4298,801819,IGO749C,2025-12-30 08:58:35,59.53722424826032,1,70.3155019245718,Normal Operation
4299,80181c,VTSRE,2025-12-29 09:54:04,77.08297349487404,1,73.98963592577773,Normal Operation
4300,801822,IGO1014,2025-12-29 08:24:06,,-1,4.943522341975927,Multiple Causes
4301,801822,IGO1013,2025-12-29 10:04:07,51.29364132405027,1,68.58339829547295,Normal Operation
4302,801822,IGO1013,2025-12-30 10:18:36,89.48909529448727,1,80.49889672949067,Normal Operation
4303,801823,IGO5107,2025-12-29 06:44:08,65.44184330292337,1,67.24877132668668,Normal Operation
4304,801823,IGO566W,2025-12-29 10:24:06,84.91712073709971,1,72.6457678175376,Normal Operation
4305,801823,IGO5371,2025-12-29 16:11:36,79.86978893924663,1,59.3651248323892,Normal Operation
4306,801823,IGO762M,2025-12-29 18:13:07,46.12204481679999,1,70.92419515080921,Normal Operation
4307,801823,IGO6045,2025-12-30 04:08:35,47.46617625336935,1,70.52690171061853,Normal Operation
4308,801823,IGO6403,2025-12-30 07:28:36,83.71441056188894,1,83.52703980457972,Normal Operation
4309,801824,IGO526M,2025-12-29 05:14:08,74.37230080598849,1,80.85714870688103,Normal Operation
4310,801824,IGO391,2025-12-29 08:14:07,58.455401399272425,1,66.53852666328403,Normal Operation
4311,801824,IGO125C,2025-12-29 10:04:07,91.10879257603524,1,85.3764497063023,Normal Operation
4312,801824,IGO312J,2025-12-29 17:01:38,64.12394443819764,1,78.09673254901197,Normal Operation
4313,801824,IGO93F,2025-12-30 04:38:37,56.8511909752975,1,72.80193254365086,Normal Operation
4314,801828,IGO245J,2025-12-29 17:53:07,79.45691568281644,1,80.6649575790754,Normal Operation
4315,801828,IGO28Q,2025-12-30 01:08:40,59.94265375873444,1,62.237394414824706,Normal Operation
4316,801828,IGO37N,2025-12-30 07:28:36,55.27200565730181,1,67.9599352189601,Normal Operation
4317,80182a,IGO242,2025-12-29 01:14:06,79.36707502569087,1,80.8171069817922,Normal Operation
4318,80182a,IGO242,2025-12-29 08:24:06,87.95300177746947,1,77.4140437849938,Normal Operation
4319,80182a,IGO242,2025-12-29 09:24:04,61.90709361738778,1,81.87577432049679,Normal Operation
4320,80182a,IGO614,2025-12-29 16:11:36,99.958334205375,1,98.10253943469787,Normal Operation
4321,80182a,IGO724,2025-12-29 18:25:18,99.35296078079212,1,95.51048755501508,Normal Operation
4322,80182a,IGO911E,2025-12-30 07:38:20,95.51638334939948,1,86.53654231894336,Normal Operation
4323,80182d,IGO561H,2025-12-29 17:43:10,73.30189914920176,1,64.94152413547629,Normal Operation
4324,80182d,IGO5264,2025-12-30 00:18:35,88.55737732359303,1,83.81229662639223,Normal Operation
4325,80182d,IGO6026,2025-12-30 06:38:36,64.96163176413646,1,59.0722630861824,Normal Operation
4326,80182f,IGO6064,2025-12-29 00:48:39,50.92099631870272,1,74.19887177592794,Normal Operation
4327,80182f,IGO6403,2025-12-29 07:04:08,64.2139647415541,1,61.716039123786246,Normal Operation
4328,80182f,IGO6022,2025-12-29 16:31:45,79.18277140527641,1,55.519385482093405,Normal Operation
4329,80182f,IGO395,2025-12-29 23:28:38,82.82281235816676,-1,44.05422440577695,Unknown Inefficiency
4330,80182f,IGO1021,2025-12-30 02:18:37,52.52518023916653,1,72.9450528185438,Normal Operation
4331,801839,IGO6176,2025-12-29 07:24:06,77.54666529863238,1,82.06141440892846,Normal Operation
4332,801839,IGO6075,2025-12-29 09:34:05,64.7275999806798,1,80.2623672710284,Normal Operation
4333,80183a,IGO6405,2025-12-29 08:14:07,46.23226495104888,1,63.66396159617505,Normal Operation
4334,80183a,IGO6501,2025-12-29 15:51:45,94.96232333997298,1,78.24937925588817,Normal Operation
4335,80183a,IGO324P,2025-12-29 18:03:07,63.93217118228044,1,80.93016866840829,Normal Operation
4336,80183a,IGO7561,2025-12-30 07:38:20,70.95518085604846,1,77.79270218274763,Normal Operation
4337,80183a,IGO7562,2025-12-30 09:18:35,66.2447052096316,1,64.13467843635877,Normal Operation
4338,80183b,IGO5323,2025-12-29 04:14:05,60.03249779539145,1,71.30403835575892,Normal Operation
4339,80183b,IGO799P,2025-12-29 06:04:04,61.278724689393854,1,57.734039204496426,Normal Operation
4340,80183b,IGO799P,2025-12-29 07:04:08,83.47784677432544,1,79.66880645124381,Normal Operation
4341,80183b,IGO117W,2025-12-29 09:34:05,79.12119484680261,1,72.14714421260518,Normal Operation
4342,80183b,IGO486P,2025-12-29 15:51:45,80.07199114435619,-1,39.90852411797476,Poor Routing
4343,80183b,IGO920K,2025-12-29 17:53:07,63.97899066400046,1,79.75767444663171,Normal Operation
4344,80183b,IGO146H,2025-12-29 23:28:38,67.140404739844,1,72.57773559435527,Normal Operation
4345,80183b,IGO5323,2025-12-30 03:58:40,61.727528675989234,1,65.70215207918831,Normal Operation
4346,80183b,IGO799P,2025-12-30 05:58:33,54.189520656806536,1,70.19506881782952,Normal Operation
4347,80183b,IGO117W,2025-12-30 08:28:35,67.94046955208188,1,76.31221630626493,Normal Operation
4348,801848,AXB001,2025-12-29 18:13:07,57.59214881098276,1,62.820879905182096,Normal Operation
4349,801849,SDG619,2025-12-29 16:41:44,96.84846572718352,1,86.87897454544692,Normal Operation
4350,80184b,IGO492E,2025-12-29 09:54:04,91.63636012898344,1,82.51757210128247,Normal Operation
4351,80184b,IGO6226,2025-12-29 16:51:45,80.30807943648912,1,81.73494499729983,Normal Operation
4352,80184b,IGO6227,2025-12-29 18:23:08,89.1785350155967,1,82.6676121768493,Normal Operation
4353,80184b,IGO492E,2025-12-30 07:48:33,85.04261471258236,1,82.83065798873888,Normal Operation
4354,80184b,IGO270F,2025-12-30 09:48:34,91.22667874572768,1,83.35313706434532,Normal Operation
4355,80184e,IGO6010,2025-12-29 06:04:04,57.52337875822043,1,81.17971570405393,Normal Operation
4356,80184e,IGO435H,2025-12-29 16:31:45,54.6498667548299,1,72.93982781372094,Normal Operation
4357,80184e,IGO637K,2025-12-29 18:45:15,86.86393612721055,1,85.19274950650058,Normal Operation
4358,80184e,IGO424F,2025-12-30 00:08:41,56.866804470975865,1,68.80388959083861,Normal Operation
4359,80184e,IGO461H,2025-12-30 10:18:36,70.98089978305788,1,82.4427946672577,Normal Operation
4360,801850,IGO6452,2025-12-29 00:08:45,96.08095838677858,1,86.72565563258058,Normal Operation
4361,801850,IGO109,2025-12-29 16:31:45,79.77495340970202,1,78.79729940701117,Normal Operation
4362,801850,IGO25RA,2025-12-29 18:13:07,90.87338567653244,1,71.4947818065994,Normal Operation
4363,801850,IGO711Y,2025-12-30 00:18:35,71.171030951607,1,78.86035250164471,Normal Operation
4364,801850,IGO692P,2025-12-30 08:58:35,94.22287667196063,1,85.12303521095204,Normal Operation
4365,801851,IGO2602,2025-12-29 16:11:36,65.13727304037059,1,58.35845014422137,Normal Operation
4366,801851,IGO5010,2025-12-30 01:28:36,82.74635397763572,1,70.33315630188471,Normal Operation
4367,80185f,IGO205L,2025-12-29 17:43:10,99.94773974156504,1,97.90746494012693,Normal Operation
4368,80185f,IGO5003,2025-12-29 23:38:34,75.93523773583726,1,78.60976784307964,Normal Operation
4369,80185f,IGO624K,2025-12-30 05:28:36,50.650951853742505,1,69.96345144647262,Normal Operation
4370,801862,IGO5029,2025-12-28 23:48:41,63.20756187732195,1,80.90457515237986,Normal Operation
4371,801862,IGO601W,2025-12-29 08:44:04,73.43791544687662,-1,51.66626069973769,Unknown Inefficiency
4372,801862,IGO674,2025-12-29 17:23:08,79.65277932599818,1,59.261799280213054,Normal Operation
4373,801862,IGO123F,2025-12-30 00:08:41,71.9360243559344,1,76.84556794912464,Normal Operation
4374,801862,IGO207,2025-12-30 07:48:33,46.73494993848574,-1,49.53406723132534,Multiple Causes
4375,801864,IGO705Y,2025-12-28 23:48:41,60.85845589217158,1,72.53455851719278,Normal Operation
4376,801864,IGO602E,2025-12-29 06:24:05,74.44992866180318,1,70.50113114033459,Normal Operation
4377,801864,IGO2646,2025-12-29 09:44:08,57.83418077473598,1,67.01283935541535,Normal Operation
4378,801864,IGO2207,2025-12-29 15:51:45,65.8960703290073,1,71.79823329796392,Normal Operation
4379,86d9da,JAL753,2025-12-30 00:28:37,62.60996079874224,1,78.61943488718944,Normal Operation
4380,86d9da,JAL754,2025-12-30 04:18:35,97.37618593154228,1,66.01790482188434,Normal Operation
4381,86da40,JAL753,2025-12-29 00:08:45,53.66938071812027,1,72.95406120575434,Normal Operation
4382,86da40,JAL754,2025-12-29 04:34:06,97.6029070035698,1,69.05802460767136,Normal Operation
4383,86e75e,JAL59,2025-12-29 03:04:06,99.90989027241888,1,92.43403431480671,Normal Operation
4384,86e75e,JAL50,2025-12-29 15:51:45,99.78422725398003,1,94.1345139929789,Normal Operation
4385,86e780,JAL59,2025-12-30 03:18:38,99.41060544580402,1,87.11620215419939,Normal Operation
4386,86e808,JAL39,2025-12-29 15:51:45,74.3136088442275,1,65.10636902262944,Normal Operation
4387,86ebb6,ANA837,2025-12-29 15:51:45,63.87334355999568,1,59.165661635569045,Normal Operation
4388,880441,AIQ252,2025-12-30 08:28:35,44.46245867612848,-1,43.03424036196259,Multiple Causes
4389,88044a,AIQ120,2025-12-29 23:28:38,70.90682671180396,-1,49.186809470131266,Unknown Inefficiency
4390,88044a,AIQ121,2025-12-30 00:48:35,61.4390112215205,1,66.15836986952186,Normal Operation
4391,88045a,AIQ120,2025-12-28 23:48:41,83.19137579471752,-1,36.69526600388689,Holding Pattern
4392,88045a,AIQ121,2025-12-29 01:04:06,70.17956981233868,1,59.03530086580882,Normal Operation
4393,880847,AIQ144,2025-12-29 18:13:07,99.99323229891498,1,94.44490294766439,Normal Operation
4394,880847,AIQ145,2025-12-30 00:28:37,99.99173339406484,1,96.63646223070461,Normal Operation
4395,880851,AIQ138,2025-12-29 00:48:39,89.40796419222309,1,74.06606399520695,Normal Operation
4396,880855,AIQ147,2025-12-28 23:58:46,94.6844282169528,1,77.76776881151397,Normal Operation
4397,88085a,AIQ131,2025-12-29 01:14:06,99.8692950652893,1,89.70174172759403,Normal Operation
4398,88085a,AIQ123,2025-12-29 15:51:45,99.51155125670748,1,86.58404441981071,Normal Operation
4399,880c43,AIQ183,2025-12-29 15:51:45,97.74189018050336,1,82.41542728758253,Normal Operation
4400,880c44,AIQ147,2025-12-30 00:18:35,91.71033437389268,1,67.10090816949621,Normal Operation
4401,880c45,AIQ171,2025-12-28 23:48:41,90.26411968015503,1,88.55459602196302,Normal Operation
4402,880c45,AIQ125,2025-12-29 23:58:37,84.67505701304448,1,78.67560289988666,Normal Operation
4403,880c48,AIQ171,2025-12-30 00:08:41,86.88750109020077,1,88.77921476988071,Normal Operation
4404,8830e9,TLM217,2025-12-30 03:18:38,99.36607153021409,1,87.34977871456059,Normal Operation
4405,8830f1,TLM213,2025-12-29 03:44:06,99.85960161156964,1,89.73252195634205,Normal Operation
4406,8830f1,TLM218,2025-12-29 23:28:38,71.51326130854598,1,81.56437706846648,Normal Operation
4407,8830f1,TLM219,2025-12-30 02:58:37,99.98427904281218,1,96.12766151294046,Normal Operation
4408,8830f1,TLM219,2025-12-30 03:58:40,99.96213119052229,1,97.59171972352244,Normal Operation
4409,8830f2,TLM240,2025-12-28 23:48:41,99.14521423117758,1,89.46248816936354,Normal Operation
4410,8830f2,TLM241,2025-12-29 03:34:08,96.39190865684115,1,73.21728096313115,Normal Operation
4411,8830f2,TLM241,2025-12-29 04:44:07,99.89744863741916,1,97.0058860718432,Normal Operation
4412,8830f4,TLM242,2025-12-29 00:48:39,67.97455861000869,1,80.09190971023642,Normal Operation
4413,8830f4,TLM243,2025-12-29 03:04:06,76.37482633669379,1,75.64659270421114,Normal Operation
4414,8830f7,TLM221,2025-12-29 15:51:45,99.98642332236106,1,98.92072423180457,Normal Operation
4415,8832a8,TLM215,2025-12-29 16:11:36,98.48607416050106,1,61.573179648024876,Normal Operation
4416,8832aa,TLM211,2025-12-29 02:54:07,79.54602434414909,1,86.70001132295873,Normal Operation
4417,8832aa,TLM211,2025-12-29 04:34:06,99.96179187774108,1,98.16783167175825,Normal Operation
4418,8832aa,TLM211,2025-12-29 05:34:08,99.91153724140428,1,96.66907013966485,Normal Operation
4419,8832b9,TLM218,2025-12-28 23:48:41,81.94431992159423,1,68.24129023045188,Normal Operation
4420,8832b9,TLM219,2025-12-29 01:34:05,57.57584010764177,1,74.99413018996795,Normal Operation
4421,8832b9,TLM219,2025-12-29 02:54:07,99.73077532314532,1,91.00608276152697,Normal Operation
4422,8832cb,TLM216,2025-12-28 23:48:41,71.76117999445587,1,70.28370094756391,Normal Operation
4423,8832cb,TLM217,2025-12-29 02:54:07,79.92516384676333,1,69.63674797454071,Normal Operation
4424,8832d1,TLM244,2025-12-29 15:51:45,74.09601115769942,1,73.97501006888201,Normal Operation
4425,8832d1,TLM245,2025-12-29 18:03:07,88.44772800575721,1,76.023154220933,Normal Operation
4426,8832d4,TLM242,2025-12-30 00:08:41,99.91287561976532,1,97.96104698513855,Normal Operation
4427,8832d4,TLM242,2025-12-30 01:08:40,79.41324947280796,1,87.79299604056975,Normal Operation
4428,8832d4,TLM243,2025-12-30 03:58:40,99.98658207957828,1,95.62478832354557,Normal Operation
4429,8850ae,THA318,2025-12-28 23:48:41,61.46713948587177,1,76.27923162633027,Normal Operation
4430,8850ae,THA318,2025-12-29 01:14:06,99.8803044421718,1,93.62192279030748,Normal Operation
4431,8850b0,THA318,2025-12-29 23:48:40,53.09770118075462,1,72.05405944978085,Normal Operation
4432,8850b0,THA318,2025-12-30 01:28:36,99.8403580018383,1,93.84382348747532,Normal Operation
4433,8850b7,THA319,2025-12-30 09:48:34,99.85205996451748,1,96.08213667623137,Normal Operation
4434,8850b8,THA310,2025-12-29 00:28:46,80.09298946465036,1,70.37535951015072,Normal Operation
4435,8850b8,THA310,2025-12-30 00:28:37,88.20177100176369,1,74.69980321839026,Normal Operation
4436,885102,THA955,2025-12-30 00:18:35,99.04775343277372,1,61.62381234659266,Normal Operation
4437,885107,THA961,2025-12-29 00:18:37,99.51266011460174,1,66.73443328031904,Normal Operation
4438,885107,THA960,2025-12-29 23:38:34,99.55733873380352,1,63.66489076746571,Normal Operation
4439,885108,THA954,2025-12-29 23:38:34,99.28106338909366,1,59.683430875562784,Normal Operation
4440,88510a,THA955,2025-12-29 00:54:10,99.52623387222,1,63.97326080023666,Normal Operation
4441,88510d,THA960,2025-12-29 00:18:37,99.6314053854894,1,76.93746932847993,Normal Operation
4442,88510d,THA961,2025-12-29 23:58:37,99.14496149870696,1,63.770472552113354,Normal Operation
4443,88510f,THA325,2025-12-29 23:28:38,61.68406801008737,1,76.66759066064577,Normal Operation
4444,885112,THA342,2025-12-29 02:14:08,99.78317264030028,1,83.67310644860424,Normal Operation
4445,885112,THA349,2025-12-29 18:23:08,99.91814469316314,1,99.04176163751117,Normal Operation
4446,885112,THA350,2025-12-30 01:08:40,99.17818168078904,1,62.29494237961738,Normal Operation
4447,885114,THA900,2025-12-29 00:38:36,99.8531928177744,1,74.18381520395882,Normal Operation
4448,885114,THA901,2025-12-30 00:58:38,98.8732789496734,1,60.49378171599871,Normal Operation
4449,885116,THA901,2025-12-29 00:18:37,99.32120126655118,1,62.80781478866778,Normal Operation
4450,885116,THA900,2025-12-30 00:18:35,99.5526417675322,1,75.79110179637635,Normal Operation
4451,885118,THA925,2025-12-30 00:08:41,98.95055241836126,1,55.71053447018771,Normal Operation
4452,885119,THA925,2025-12-29 00:08:45,99.44977350981952,1,65.95060287340735,Normal Operation
4453,88511a,THA924,2025-12-30 00:18:35,89.32392258120575,-1,34.671036462890044,Unknown Inefficiency
4454,885152,THA346D,2025-12-29 16:01:36,62.76389050943199,-1,28.515638640204784,Speed Instability
4455,885157,THA345,2025-12-29 18:13:07,99.9028727621091,1,96.5726132138902,Normal Operation
4456,88516b,THA921,2025-12-30 00:58:38,99.19680767801736,1,62.360248451422486,Normal Operation
4457,88516c,THA950,2025-12-29 23:28:38,99.30182621174346,1,61.56459947261402,Normal Operation
4458,88516e,THA316,2025-12-30 02:38:38,97.86621842215284,1,64.58401537501298,Normal Operation
4459,88516f,THA971,2025-12-29 00:08:45,88.8101126812965,-1,30.48922390465934,Unknown Inefficiency
4460,88516f,THA970,2025-12-30 00:08:41,99.91081293994368,1,95.41115373069519,Normal Operation
4461,88516f,THA970,2025-12-30 00:58:38,99.30911631124638,1,67.20218640581663,Normal Operation
4462,885170,THA970,2025-12-29 00:48:39,99.54280468592164,1,71.48918297356924,Normal Operation
4463,885170,THA971,2025-12-29 23:58:37,99.84559367691136,1,74.59647048859019,Normal Operation
4464,885170,THA971,2025-12-30 02:38:38,60.0,-1,34.62106534774407,Multiple Causes
4465,885175,THA930,2025-12-29 00:28:46,99.65907607758488,1,74.0651227630403,Normal Operation
4466,885175,THA931,2025-12-30 00:38:34,99.12318351611094,1,60.19025366625473,Normal Operation
4467,885176,THA921,2025-12-29 00:38:36,99.19239113328112,1,62.961681768767065,Normal Operation
4468,885176,THA922,2025-12-29 16:01:36,64.68541307622726,-1,32.6534206797806,Multiple Causes
4469,885177,THA931,2025-12-29 00:08:45,99.62375971646324,1,72.72903225012493,Normal Operation
4470,885177,THA916,2025-12-29 15:51:45,98.37906832193204,1,79.57808489348817,Normal Operation
4471,885177,THA917,2025-12-30 10:08:34,98.585483628519,1,74.36769634187361,Normal Operation
4472,885178,THA923,2025-12-29 08:04:08,99.57638858007869,1,74.45538260158551,Normal Operation
4473,885178,THA930,2025-12-29 23:48:40,99.27611746589204,1,60.83178420213334,Normal Operation
4474,885179,THA951,2025-12-29 00:48:39,99.54908636334063,1,67.17211074891986,Normal Operation
4475,885179,THA920,2025-12-29 23:28:38,99.53444737477582,1,65.37334192774351,Normal Operation
4476,88517a,THA951,2025-12-30 00:48:35,99.56036500574211,1,66.15053002023053,Normal Operation
4477,885221,THA934,2025-12-29 00:48:39,98.53904250276064,1,63.150052302949966,Normal Operation
4478,885223,THA934,2025-12-29 23:58:37,99.35986056743678,1,59.487970378062776,Normal Operation
4479,885226,THA935,2025-12-29 00:18:37,99.40986319299208,1,61.899171304453226,Normal Operation
4480,885281,THA910,2025-12-29 23:38:34,99.55597298678713,1,62.510751936060515,Normal Operation
4481,885282,THA910,2025-12-29 00:28:46,99.72473031978886,1,78.92696059114768,Normal Operation
4482,885282,THA911,2025-12-30 00:28:37,99.39619837256224,1,63.54894125192943,Normal Operation
4483,885283,THA911,2025-12-29 00:28:46,99.77676817706497,1,69.12415483686748,Normal Operation
4484,8852e1,THA331,2025-12-28 23:48:41,66.96766583482227,-1,47.73437550840493,Unknown Inefficiency
4485,8852e1,THA332,2025-12-29 06:54:07,65.9061815847301,-1,35.10968528089961,Unknown Inefficiency
4486,8852e2,THA331,2025-12-29 23:28:38,75.02668057522607,-1,51.68548259655586,Unknown Inefficiency
4487,8852e2,THA332,2025-12-30 04:38:37,73.17524339472166,-1,40.14935285538911,Unknown Inefficiency
4488,8852e3,THA940,2025-12-29 00:48:39,99.6567388069504,1,74.89386554575825,Normal Operation
4489,8852e3,THA941,2025-12-30 00:08:41,99.18784040245032,1,60.81777812155033,Normal Operation
4490,8852e4,THA941,2025-12-29 00:08:45,99.50822076011777,1,65.46635669707146,Normal Operation
4491,8852e4,THA940,2025-12-29 23:58:37,99.40240673847448,1,78.8078368557792,Normal Operation
4492,8852e4,THA940,2025-12-30 02:48:39,99.80859207717285,1,92.24147129338978,Normal Operation
4493,885301,THA344,2025-12-29 02:54:07,99.84874397415248,1,91.5782581982245,Normal Operation
4494,885306,THA327,2025-12-29 10:24:06,99.32296543942422,1,91.96541066514168,Normal Operation
4495,88530a,THA344,2025-12-30 02:58:37,99.9842814507609,1,95.24667653051279,Normal Operation
4496,88530a,THA344,2025-12-30 03:58:40,99.9536149557087,1,97.29139121602697,Normal Operation
4497,88530b,THA351,2025-12-29 23:28:38,99.99856038868803,1,92.98802044796659,Normal Operation
4498,88530b,THA351,2025-12-30 01:08:40,65.92989826237702,1,70.48372811089058,Normal Operation
4499,88530b,THA352,2025-12-30 03:28:39,83.29715059804052,1,82.61053463804049,Normal Operation
4500,88530b,THA352,2025-12-30 04:48:37,99.74357247370602,1,91.31653242017366,Normal Operation
4501,88530f,THA303,2025-12-29 16:41:44,57.056119789631936,1,65.0858386148503,Normal Operation
4502,88530f,THA304,2025-12-29 18:03:07,57.84431273166869,1,57.68758449103502,Normal Operation
4503,88530f,THA301,2025-12-30 09:28:35,64.95934830052326,-1,51.34382277494407,Unknown Inefficiency
4504,885311,THA339,2025-12-28 23:48:41,42.90877603544807,-1,52.57213382936106,Altitude Instability
4505,885311,THA340,2025-12-29 01:24:06,81.75618294420792,1,83.83169617960822,Normal Operation
4506,885312,THA313,2025-12-29 23:28:38,60.43226341550438,1,65.7410433597892,Normal Operation
4507,885312,THA314,2025-12-30 01:58:37,51.36744614866332,-1,50.448259091054865,Speed Instability
4508,885313,THA323,2025-12-29 06:24:05,71.89653936483086,-1,37.11618363949986,Unknown Inefficiency
4509,885313,THA339,2025-12-29 23:48:40,65.93512181296336,1,79.25043941055432,Normal Operation
4510,885313,THA340,2025-12-30 01:48:39,92.746921106409,1,85.48425144762807,Normal Operation
4511,885313,THA323,2025-12-30 06:48:37,99.8563699571364,1,97.16089472236017,Normal Operation
4512,885313,THA323,2025-12-30 07:48:33,87.60411599624356,1,62.75270134051219,Normal Operation
4513,885314,THA351,2025-12-29 00:38:36,79.52141127942545,1,79.19650178200403,Normal Operation
4514,885314,THA352,2025-12-29 02:54:07,87.17150959608048,1,83.34539994357819,Normal Operation
4515,885315,THA313,2025-12-28 23:58:46,47.07602144333144,1,67.91430123852132,Normal Operation
4516,885315,THA314,2025-12-29 02:04:07,61.267151252679454,1,71.48650610148195,Normal Operation
4517,885961,TVJ760,2025-12-29 00:28:46,63.39952151378965,1,71.58600814167819,Normal Operation
4518,885961,TVJ761,2025-12-29 02:54:07,61.97472002058971,1,83.53259222923505,Normal Operation
4519,885961,TVJ761,2025-12-29 04:24:05,99.95850536797136,1,96.823499026649,Normal Operation
4520,885961,TVJ761,2025-12-29 05:24:05,99.99049545943863,1,97.17839176944268,Normal Operation
4521,88596e,TVJ762,2025-12-29 01:24:06,59.93628201112091,1,64.20542291582981,Normal Operation
4522,88596e,TVJ763,2025-12-29 03:14:06,61.30963778640291,1,63.76177201997377,Normal Operation
4523,885973,TVJ760,2025-12-30 00:28:37,66.94399805301991,1,76.22866638506382,Normal Operation
4524,885973,TVJ761,2025-12-30 03:08:38,86.00581595028288,1,85.20337995093091,Normal Operation
4525,885974,TVJ751,2025-12-30 04:08:35,99.98901138230994,1,97.74806107916424,Normal Operation
4526,886288,TAX230,2025-12-29 16:11:36,99.6092310775064,1,74.65804875274183,Normal Operation
4527,886288,TAX231,2025-12-29 23:28:38,99.97307276302575,1,96.13386190577623,Normal Operation
4528,886289,TAX865,2025-12-29 03:24:06,96.03258056117602,-1,49.31722019873456,Unknown Inefficiency
4529,886289,TAX864,2025-12-29 17:13:08,99.60311274366404,1,85.6137763858751,Normal Operation
4530,886289,TAX865,2025-12-30 03:58:40,99.16836186461715,1,63.25576045992386,Normal Operation
4531,8880df,HVN36,2025-12-29 00:54:10,99.3786779355308,1,72.01277575266651,Normal Operation
4532,8880df,HVN37,2025-12-30 00:48:35,99.48917614041106,1,68.36971730640316,Normal Operation
4533,8880e0,HVN35,2025-12-29 01:04:06,99.23435947529384,1,70.23335301637755,Normal Operation
4534,8880e0,HVN34,2025-12-29 23:38:34,99.23054592169731,1,66.19846515874244,Normal Operation
4535,8880e1,HVN31,2025-12-29 01:14:06,99.59496058434785,1,70.01939799768189,Normal Operation
4536,8880e1,HVN30,2025-12-30 00:08:41,99.4966514571674,1,76.8647819257803,Normal Operation
4537,8880e2,HVN30,2025-12-29 00:08:45,81.45307142777591,-1,42.48046516706575,Unknown Inefficiency
4538,8880e4,HVN972,2025-12-29 00:48:39,99.7812884920878,1,91.04273805783039,Normal Operation
4539,8880e4,HVN980,2025-12-30 02:08:35,61.789605516074985,-1,40.790329579872214,Speed Instability
4540,8880e8,VJC1926,2025-12-29 01:54:09,99.9805606890852,1,94.79396188203482,Normal Operation
4541,8880e9,VJC1806,2025-12-29 02:24:07,99.94205082982718,1,93.27008922928155,Normal Operation
4542,8880ee,VJC1811,2025-12-29 23:28:38,54.51041449896927,1,70.86798823466044,Normal Operation
4543,8880ee,VJC1812,2025-12-30 01:38:40,79.90984381337779,1,87.7700796454533,Normal Operation
4544,8880ee,VJC1812,2025-12-30 04:18:35,99.97810764169355,1,97.62700020492177,Normal Operation
4545,8880f6,HVN32,2025-12-28 23:48:41,80.66044899792561,-1,31.02757988569585,Unknown Inefficiency
4546,8880f6,HVN39,2025-12-29 23:28:38,99.23981215484852,1,61.422733179682886,Normal Operation
4547,8880f7,HVN56,2025-12-28 23:48:41,99.30383930256735,1,74.4705241587931,Normal Operation
4548,8880f7,HVN62,2025-12-30 01:18:37,99.1791830448862,1,67.57224114604327,Normal Operation
4549,8880f8,HVN55,2025-12-29 01:24:06,99.11779013407386,1,65.33620242530961,Normal Operation
4550,8880f8,HVN56,2025-12-29 23:38:34,99.33740537407664,1,72.49881972794604,Normal Operation
4551,888123,HVN19,2025-12-29 00:18:37,99.56711593744748,1,72.64805585615149,Normal Operation
4552,888123,HVN18,2025-12-30 00:18:35,99.2090215995886,1,62.18417572370245,Normal Operation
4553,888128,VJC1802,2025-12-30 02:48:39,99.96686091692538,1,95.27963556289977,Normal Operation
4554,888129,HVN980,2025-12-28 23:48:41,90.81009771087666,1,65.90848642457111,Normal Operation
4555,888129,HVN33,2025-12-29 23:58:37,98.9294693498064,1,59.014417698464804,Normal Operation
4556,88812a,HVN37,2025-12-29 00:54:10,99.21764379325884,1,67.03949537007182,Normal Operation
4557,88812a,HVN36,2025-12-30 00:38:34,98.77834662189068,1,65.2485920022633,Normal Operation
4558,88812b,HVN51,2025-12-30 00:58:38,89.62637616037223,1,78.92763020441282,Normal Operation
4559,88812b,HVN51,2025-12-30 01:48:39,99.223744822888,1,64.21870551901361,Normal Operation
4560,88812d,HVN18,2025-12-29 00:38:36,99.32981867287997,1,65.78336737119301,Normal Operation
4561,88812d,HVN73,2025-12-30 01:38:40,97.54303852899004,1,55.4985135713362,Normal Operation
4562,888152,HVN978,2025-12-29 23:28:38,74.13785467861055,1,80.20673659496074,Normal Operation
4563,888153,HVN11,2025-12-29 23:38:34,99.18811010433474,1,76.51088918721386,Normal Operation
4564,888153,HVN11,2025-12-30 02:38:38,99.79563289693598,1,94.52782448390175,Normal Operation
4565,888164,HVN982,2025-12-29 01:54:09,97.09531768271192,1,74.59076770845881,Normal Operation
4566,888167,HVN19,2025-12-30 00:38:34,99.21871666355406,1,62.04304486542176,Normal Operation
4567,888168,HVN10,2025-12-28 23:48:41,99.6508888770481,1,80.15208801544033,Normal Operation
4568,888198,HVN984,2025-12-29 01:34:05,98.62503831579944,1,78.96364158823414,Normal Operation
4569,8881ab,VJC910,2025-12-30 00:58:38,63.5775939526885,1,59.03546783831638,Normal Operation
4570,8881ab,VJC910,2025-12-30 02:28:35,99.76136669240655,1,89.4710288070527,Normal Operation
4571,8881c6,VJC896,2025-12-29 00:28:46,78.04543609083143,-1,44.85277771874895,Unknown Inefficiency
4572,888218,VJC884,2025-12-29 01:04:06,63.12547450814989,1,59.7826039978611,Normal Operation
4573,888218,VJC884,2025-12-29 02:54:07,99.92160890639602,1,91.82624873075237,Normal Operation
4574,888218,VJC1806,2025-12-30 02:58:37,99.99732945403277,1,94.28615824915383,Normal Operation
4575,894059,GFA270,2025-12-29 01:54:09,67.79560806543861,1,66.53410622053417,Normal Operation
4576,89405b,GFA060,2025-12-29 04:04:06,99.89985652279584,1,98.59487408739628,Normal Operation
4577,89405b,GFA060,2025-12-29 05:14:08,54.03821755125669,1,70.36541946882711,Normal Operation
4578,89405d,GFA060,2025-12-30 03:58:40,56.70885787227749,1,70.16032247133822,Normal Operation
4579,89405d,GFA061,2025-12-30 05:58:33,73.6072153794612,1,81.59994145308116,Normal Operation
4580,89408d,GFA124,2025-12-29 04:24:05,99.90488757254346,1,93.40998890489018,Normal Operation
4581,89408d,GFA125,2025-12-29 18:45:15,99.86929992490454,1,93.90135790260689,Normal Operation
4582,89408d,GFA165,2025-12-30 04:58:38,99.892359400699,1,94.27385868315228,Normal Operation
4583,89408f,GFA152,2025-12-29 05:14:08,99.80668647449336,1,88.38824693758181,Normal Operation
4584,89408f,GFA153,2025-12-30 00:28:37,99.99757880578794,1,98.30182651912635,Normal Operation
4585,894094,GFA056,2025-12-30 04:18:35,47.55898787966916,1,61.67267931547674,Normal Operation
4586,894097,GFA165,2025-12-29 05:14:08,99.80957274289804,1,91.9059718767444,Normal Operation
4587,89409c,GFA284,2025-12-29 02:24:07,92.72744277987172,1,86.86132934446579,Normal Operation
4588,89409f,GFA152,2025-12-30 05:08:39,99.78450142826762,1,87.96076017880844,Normal Operation
4589,8940a0,GFA122,2025-12-30 04:58:38,99.92622727085474,1,89.18146772779039,Normal Operation
4590,8940a1,GFA250,2025-12-29 10:24:06,97.5462286271126,1,82.07960960835186,Normal Operation
4591,8940c3,GFA130,2025-12-29 03:44:06,53.70651062913439,1,64.20451017150653,Normal Operation
4592,8940c3,GFA131,2025-12-29 06:14:08,76.5853697356837,1,73.7182010123928,Normal Operation
4593,8940c3,GFA248,2025-12-29 18:13:07,77.63003654367623,1,82.75697594085017,Normal Operation
4594,8940c4,DHX723,2025-12-29 16:21:38,99.72308606389888,1,86.75388356192114,Normal Operation
4595,8940c4,DHX726,2025-12-30 07:18:12,99.98286425990396,1,95.28397221419999,Normal Operation
4596,8940c5,GFA765,2025-12-29 16:41:44,65.18509029693575,1,78.94120695263112,Normal Operation
4597,8940c5,GFA284,2025-12-30 02:18:37,99.8031463968568,1,93.46409331286094,Normal Operation
4598,8940ca,GFA130,2025-12-30 04:18:35,53.38752458645717,1,74.23951973961849,Normal Operation
4599,8940ca,GFA131,2025-12-30 06:08:34,71.01693067893757,1,74.07196763034244,Normal Operation
4600,8940cd,GFA274,2025-12-29 03:34:08,99.9995197952021,1,94.52175762203801,Normal Operation
4601,8940cd,GFA275,2025-12-29 06:34:06,99.98693637641666,1,97.39742983864461,Normal Operation
4602,8940cd,GFA274,2025-12-30 03:28:39,99.9411063347356,1,98.68515975276839,Normal Operation
4603,8940cd,GFA275,2025-12-30 06:38:36,99.97998139495374,1,98.29954394374636,Normal Operation
4604,8940d2,GFA282,2025-12-29 02:24:07,64.40800093195959,1,78.88073395289891,Normal Operation
4605,8940d2,GFA283,2025-12-29 05:14:08,95.29684769647344,1,88.5751097025543,Normal Operation
4606,8940d2,GFA068,2025-12-30 02:48:39,99.93191331134278,1,96.3832720796219,Normal Operation
4607,8940d2,GFA069,2025-12-30 06:08:34,99.44642402260271,1,92.54852335833844,Normal Operation
4608,8940d3,GFA068,2025-12-29 02:44:02,99.15584180122988,1,85.50907866535424,Normal Operation
4609,8940d3,GFA069,2025-12-29 06:04:04,94.86450291837193,1,90.38139856983963,Normal Operation
4610,8940d3,GFA069,2025-12-29 07:04:08,99.95524983405818,1,96.86473259216456,Normal Operation
4611,8940d3,GFA282,2025-12-30 02:18:37,64.83167399970007,1,77.5091562923764,Normal Operation
4612,8940d3,GFA283,2025-12-30 05:28:36,89.86865170409283,1,87.35603910786412,Normal Operation
4613,8940d3,GFA283,2025-12-30 06:18:36,99.90392735862729,1,97.6068561951762,Normal Operation
4614,8940d7,GFA056,2025-12-29 04:14:05,47.68260288106529,1,65.94231129872772,Normal Operation
4615,8940d7,GFA057,2025-12-29 06:24:05,72.1578931230105,1,78.23619151286438,Normal Operation
4616,895053,RBA2,2025-12-30 01:48:39,99.20667254020807,1,80.78971414148734,Normal Operation
4617,89505d,RBA98,2025-12-29 09:34:05,99.83804715396316,1,93.80994644853254,Normal Operation
4618,8953e3,V8OAS,2025-12-30 08:38:36,99.1116221819225,1,75.41926909315721,Normal Operation
4619,8960d4,UAE362,2025-12-29 15:51:45,99.82635818882623,1,94.80953184578556,Normal Operation
4620,8960d4,UAE363,2025-12-30 00:58:38,99.91702892176848,1,92.3786319552284,Normal Operation
4621,8960dc,UAE1N,2025-12-30 07:48:33,60.57335773199142,1,74.43200970613215,Normal Operation
4622,8960e0,UAE348,2025-12-29 06:24:05,99.89005194775773,1,92.92307178603728,Normal Operation
4623,8960e0,UAE349,2025-12-30 04:18:35,99.96673789613992,1,99.17479193091089,Normal Operation
4624,8960f4,UAE367,2025-12-29 03:04:06,99.87988046265616,1,95.36512926814568,Normal Operation
4625,896108,UAE332,2025-12-29 08:44:04,99.87475318848531,1,95.41316029754283,Normal Operation
4626,89610e,UAE4E,2025-12-29 07:44:01,99.98291522708294,1,97.10600076110333,Normal Operation
4627,89610e,UAE3M,2025-12-30 07:48:33,99.969969638541,1,98.35295260031798,Normal Operation
4628,896110,UAE1N,2025-12-29 07:04:08,68.24152817513821,1,72.13057869631224,Normal Operation
4629,896110,UAE546,2025-12-29 18:45:15,99.9428822821848,1,95.95780477607548,Normal Operation
4630,896110,UAE4E,2025-12-30 07:48:33,99.98477435756726,1,95.7765604960093,Normal Operation
4631,896112,UAE356,2025-12-30 08:18:37,99.91860001530031,1,96.3360333012003,Normal Operation
4632,896114,UAE75V,2025-12-29 18:35:17,87.16776179817383,1,82.34040935394607,Normal Operation
4633,896114,UAE526,2025-12-30 07:18:12,99.97114646017448,1,97.58844545946116,Normal Operation
4634,896116,UAE566,2025-12-29 17:23:08,69.63863511775111,1,75.59716553802221,Normal Operation
4635,89611d,UAE349,2025-12-29 03:34:08,99.9565183099773,1,97.1559780846311,Normal Operation
4636,89611e,UAE363,2025-12-29 00:54:10,99.71923961958164,1,92.71668138001876,Normal Operation
4637,89611f,UAE332,2025-12-30 08:28:35,99.3128024762575,1,85.17664002166012,Normal Operation
4638,896121,UAE395,2025-12-29 01:14:06,97.96130919731304,1,89.28736085750688,Normal Operation
4639,896173,UAE3PX,2025-12-29 01:04:06,80.49731015810177,1,84.14915570530266,Normal Operation
4640,896177,UAE387,2025-12-29 04:34:06,99.8845604784536,1,95.28327219262435,Normal Operation
4641,89617a,UAE8M,2025-12-30 02:48:39,59.01819816115789,1,73.06215745593437,Normal Operation
4642,89617d,UAE378,2025-12-30 07:58:34,99.98268521977944,1,95.7159909637492,Normal Operation
4643,89617f,UAE378,2025-12-29 08:04:08,99.90466223177371,1,95.20905901760067,Normal Operation
4644,89617f,UAE394,2025-12-30 08:48:37,99.9702702197448,1,92.94572192853671,Normal Operation
4645,896186,UAE302,2025-12-30 06:58:37,99.5768870834058,1,77.56817756416042,Normal Operation
4646,896191,UAE314,2025-12-29 01:34:05,99.96377888739084,1,95.40363937166643,Normal Operation
4647,896197,UAE316,2025-12-30 07:58:34,99.86259238883204,1,92.41859004085119,Normal Operation
4648,896198,UAE385,2025-12-29 03:04:06,99.98794660266276,1,94.12564200019145,Normal Operation
4649,896209,UAE3M,2025-12-29 07:34:07,99.99733384708271,1,97.20342703658247,Normal Operation
4650,89620a,UAE359,2025-12-29 02:54:07,99.99882253313872,1,96.85701276667103,Normal Operation
4651,89620d,UAE544,2025-12-29 06:44:08,98.71560712577514,1,87.00717401208813,Normal Operation
4652,89620d,UAE545,2025-12-29 10:24:06,98.99156596002815,1,90.75363873817794,Normal Operation
4653,89620d,UAE528,2025-12-29 18:23:08,99.98279680703186,1,96.71459350250177,Normal Operation
4654,89620e,UAE3PX,2025-12-30 01:08:40,80.62688721425484,1,83.06979408811117,Normal Operation
4655,896212,UAE526,2025-12-29 07:14:05,99.56012439129596,1,93.668361985412,Normal Operation
4656,896213,UAE56F,2025-12-29 03:14:06,99.9805990411281,1,93.22507957802193,Normal Operation
4657,896213,UAE544,2025-12-30 06:38:36,99.47553454311507,1,91.7769074683495,Normal Operation
4658,896214,UAE512,2025-12-29 01:14:06,39.64805887283434,1,56.69643784371144,Normal Operation
4659,896214,UAE21W,2025-12-29 04:34:06,64.11032850886545,-1,50.19866523521055,Speed Instability
4660,896214,UAE517,2025-12-29 16:31:45,86.63123488457435,1,81.14438565915125,Normal Operation
4661,896214,UAE510,2025-12-30 08:18:37,44.03390580272358,1,59.20450757825151,Normal Operation
4662,896215,UAE65T,2025-12-29 01:34:05,99.86225740369508,1,92.22772835486376,Normal Operation
4663,896218,UAE2V,2025-12-30 06:58:37,41.62182858959811,1,55.5223952006913,Normal Operation
4664,896218,UAE89V,2025-12-30 09:18:35,46.47162949127199,1,60.85133426857898,Normal Operation
4665,896219,UAE6Q,2025-12-30 02:18:37,64.27043762375834,1,82.04758947592313,Normal Operation
4666,896219,UAE1P,2025-12-30 04:58:38,59.3074964315913,1,70.98714212770892,Normal Operation
4667,89621a,UAE530,2025-12-29 07:24:06,47.18870417561424,-1,50.10325301392033,Altitude Instability
4668,89621a,UAE531,2025-12-29 10:04:07,70.71486256629522,1,86.2782923094619,Normal Operation
4669,89621b,UAE2V,2025-12-29 06:24:05,39.40981525452111,-1,46.176643500698205,Multiple Causes
4670,89621b,UAE89V,2025-12-29 09:24:04,81.16800786300283,1,82.34756792785733,Normal Operation
4671,89621b,UAE56F,2025-12-30 02:58:37,99.03359139422608,1,93.39065703301416,Normal Operation
4672,89625c,ETD341,2025-12-29 04:14:05,98.2999039679898,1,91.5120040276748,Normal Operation
4673,89625c,ETD2LP,2025-12-30 02:18:37,73.9898917725179,1,63.19873021188876,Normal Operation
4674,89625c,ETD265,2025-12-30 04:08:35,79.75724091249675,1,82.675970161973,Normal Operation
4675,89627b,ETD394,2025-12-29 01:44:09,94.40844655424196,1,82.10519539091183,Normal Operation
4676,89627b,ETD395,2025-12-29 04:44:07,99.86057582667294,1,98.07286177166554,Normal Operation
4677,8962d0,ABY448,2025-12-30 02:48:39,99.5835710098018,1,92.39552427702925,Normal Operation
4678,8962d0,ABY448,2025-12-30 03:58:40,61.35867465136941,1,79.13663744405268,Normal Operation
4679,8962e6,ETD402,2025-12-30 04:18:35,99.98501424376646,1,97.28599968137222,Normal Operation
4680,896305,UAE42N,2025-12-29 01:24:06,99.77003793942178,1,95.11248710836875,Normal Operation
4681,896305,UAE525,2025-12-29 05:14:08,99.99942829970036,1,97.87690646858167,Normal Operation
4682,896305,UAE46F,2025-12-29 15:51:45,50.37151721670024,-1,53.46775178138758,Speed Instability
4683,896306,UAE3KV,2025-12-28 23:48:41,99.92464321467868,1,96.24751730439355,Normal Operation
4684,896306,UAE9U,2025-12-29 09:14:08,44.44316192401045,1,58.23186422853561,Normal Operation
4685,896308,UAE542,2025-12-29 00:38:36,98.1058193790952,1,80.81256974056366,Normal Operation
4686,896308,UAE543,2025-12-29 05:14:08,99.9782539216983,1,97.1630441645377,Normal Operation
4687,896308,UAE399,2025-12-30 03:18:38,99.9889408607056,1,97.29589414860484,Normal Operation
4688,896309,UAE510,2025-12-29 08:04:08,48.00697834891871,-1,54.764551421157385,Unknown Inefficiency
4689,89630b,UAE338,2025-12-29 07:44:01,99.87169453268189,1,93.08557730108085,Normal Operation
4690,89630b,UAE3KV,2025-12-29 23:48:40,99.99840240002416,1,96.7302646863677,Normal Operation
4691,89630b,UAE9U,2025-12-30 08:28:35,59.58066495825744,-1,42.085394621894054,Speed Instability
4692,89630f,UAE65T,2025-12-30 01:38:40,99.97495825803097,1,95.35483791335623,Normal Operation
4693,896311,UAE371,2025-12-29 05:04:06,99.9227727186282,1,97.12757715915006,Normal Operation
4694,896311,UAE335,2025-12-30 03:08:38,99.999917685548,1,97.0412593172219,Normal Operation
4695,896313,UAE359,2025-12-30 02:38:38,99.9973972287032,1,97.99952381296488,Normal Operation
4696,896314,UAE396,2025-12-29 15:51:45,99.95087605400876,1,96.31717251099089,Normal Operation
4697,896315,UAE504,2025-12-29 07:44:01,46.22607939210032,1,57.66124836716828,Normal Operation
4698,896318,UAE305,2025-12-30 09:48:34,99.8746047219422,1,95.97992583035047,Normal Operation
4699,896319,UAE393,2025-12-29 02:34:07,99.99455837513467,1,97.43713336964022,Normal Operation
4700,896319,UAE42N,2025-12-30 01:48:39,99.92964559465408,1,95.18406299217664,Normal Operation
4701,896319,UAE525,2025-12-30 05:08:39,99.85720630315804,1,97.49149612634677,Normal Operation
4702,89631b,UAE356,2025-12-29 08:14:07,99.65879728973178,1,92.05075209387142,Normal Operation
4703,89631b,UAE338,2025-12-30 07:58:34,99.97665691267532,1,91.59956018416159,Normal Operation
4704,89631c,UAE6Q,2025-12-29 02:14:08,55.26187714819696,1,73.13783082694272,Normal Operation
4705,896326,ETD440,2025-12-30 02:28:35,99.36955226289558,1,86.31425220336203,Normal Operation
4706,896327,ETD476,2025-12-29 01:34:05,99.78615841858829,1,92.29312204119593,Normal Operation
4707,89633a,ETD392,2025-12-30 07:18:12,95.34956617294672,1,91.37845850007244,Normal Operation
4708,89633a,ETD393,2025-12-30 09:58:35,97.57970750482902,1,90.55500576416219,Normal Operation
4709,896353,ETD401,2025-12-29 05:04:06,99.99906966516946,1,91.77784597537848,Normal Operation
4710,896354,ETD402,2025-12-29 03:04:06,99.97552917445869,1,97.1505235741969,Normal Operation
4711,896354,ETD402,2025-12-29 03:54:07,99.98504951612408,1,99.13334157134976,Normal Operation
4712,896354,ETD476,2025-12-30 01:48:39,99.99640817937384,1,97.33285597387963,Normal Operation
4713,896357,ETD936,2025-12-29 06:04:04,99.30922337575906,1,91.10350822805435,Normal Operation
4714,896366,ABY526,2025-12-30 07:48:33,92.15086520188105,1,74.02953979919097,Normal Operation
4715,896388,ETD6CK,2025-12-29 06:44:08,97.36519171245055,1,81.78879895523102,Normal Operation
4716,896388,ETD8KP,2025-12-29 10:24:06,99.05739896279974,1,92.32297903829033,Normal Operation
4717,89638d,ABY465,2025-12-29 16:41:44,39.871078844792784,1,62.71685858872654,Normal Operation
4718,89638d,ABY466,2025-12-29 18:45:15,87.11004167744156,1,86.35518230124788,Normal Operation
4719,89638d,ABY471,2025-12-30 01:18:37,96.28485114766008,1,83.80118228260964,Normal Operation
4720,89638d,ABY472,2025-12-30 04:18:35,98.56213967645164,1,90.85991609093307,Normal Operation
4721,896397,ETD6SN,2025-12-30 01:08:40,99.30854573733316,1,92.33340340671822,Normal Operation
4722,896397,ETD341,2025-12-30 04:38:37,99.51433432529288,1,93.19132549733752,Normal Operation
4723,89639a,UAE353,2025-12-30 01:58:37,99.89036074562208,1,96.18715499814012,Normal Operation
4724,89639c,UAE7MY,2025-12-29 06:34:06,99.39509069783448,1,87.29849538555091,Normal Operation
4725,89639d,UAE75T,2025-12-29 02:54:07,99.9722758099192,1,98.02198809354536,Normal Operation
4726,89639d,UAE7MY,2025-12-30 06:48:37,99.34989701757942,1,82.13107123155689,Normal Operation
4727,89639e,UAE75T,2025-12-30 02:48:39,99.90654632986792,1,98.34340308240641,Normal Operation
4728,89639f,UAE381,2025-12-29 01:24:06,99.9752660701137,1,92.19902523997997,Normal Operation
4729,8963a3,UAE9446,2025-12-29 00:48:39,99.7598120503263,1,90.61161983299776,Normal Operation
4730,8963ab,ETD391,2025-12-29 17:01:38,99.71560869559032,1,93.83736651932468,Normal Operation
4731,8963ab,ETD331,2025-12-30 10:08:34,71.11464517931002,1,81.86746339841338,Normal Operation
4732,8963af,FDB565,2025-12-29 02:14:08,97.12213626915862,1,77.94276108689473,Normal Operation
4733,8963af,FDB566,2025-12-29 06:24:05,99.89843380537232,1,96.6257801710409,Normal Operation
4734,8963c9,ABY448,2025-12-29 03:34:08,68.47873584156743,1,56.0301398960868,Normal Operation
4735,8963c9,ABY587,2025-12-29 23:48:40,99.39977894256523,1,85.73109897996746,Normal Operation
4736,8963c9,ABY588,2025-12-30 03:08:38,99.87599276694912,1,92.79001813200003,Normal Operation
4737,8963cf,ETD218,2025-12-29 01:44:09,38.87144583990306,-1,45.99269131299152,Multiple Causes
4738,8963cf,ETD89J,2025-12-29 05:34:08,67.0351165997971,1,74.13892225553742,Normal Operation
4739,8963d2,UAE5K,2025-12-29 07:24:06,95.24022169385997,1,85.32857659737822,Normal Operation
4740,8963d2,UAE7P,2025-12-29 10:24:06,99.99702662770451,1,97.02901356797722,Normal Operation
4741,8963d6,UAE394,2025-12-29 08:44:04,99.94346543724524,1,94.10663134230299,Normal Operation
4742,8963d6,UAE395,2025-12-30 01:08:40,99.97716684258276,1,94.15974447136452,Normal Operation
4743,8963d7,UAE397,2025-12-29 01:14:06,99.78678630493688,1,93.63509214926391,Normal Operation
4744,8963d7,UAE5K,2025-12-30 07:28:36,96.97563914971892,1,88.17606705141262,Normal Operation
4745,8963d7,UAE7P,2025-12-30 10:18:36,93.17365638728936,1,84.6857106186851,Normal Operation
4746,8963db,UAE382,2025-12-29 07:14:05,99.63985207761915,1,77.99368565281743,Normal Operation
4747,8963dc,UAE329,2025-12-29 01:24:06,99.47211572479848,1,93.49826434872348,Normal Operation
4748,8963dd,UAE504,2025-12-30 07:48:33,51.19198446980823,1,57.39860247025192,Normal Operation
4749,8963de,UAE512,2025-12-30 01:48:39,69.42533140236007,1,79.68609749959371,Normal Operation
4750,8963de,UAE21W,2025-12-30 04:38:37,68.2217934085845,1,68.96604124339532,Normal Operation
4751,8963e0,UAE335,2025-12-29 02:44:02,99.93484243515805,1,95.95153649685788,Normal Operation
4752,8963e0,UAE542,2025-12-30 00:48:35,98.98090235269296,1,88.30066056561105,Normal Operation
4753,8963e0,UAE543,2025-12-30 04:38:37,98.87957185052204,1,91.38065966031859,Normal Operation
4754,8963e1,UAE393,2025-12-30 02:28:35,99.99949253154271,1,98.98172564204502,Normal Operation
4755,8963e3,UAE371,2025-12-30 04:58:38,99.9093797719976,1,97.95367934472166,Normal Operation
4756,8963e5,UAE416,2025-12-29 02:34:07,99.9737052797118,1,97.90843866248225,Normal Operation
4757,8963e5,UAE417,2025-12-30 01:58:37,99.99491558816572,1,97.94960966113835,Normal Operation
4758,8963e8,UAE353,2025-12-29 02:24:07,99.9981707961584,1,95.91498208878272,Normal Operation
4759,8963e9,UAE417,2025-12-29 01:44:09,99.99415116672172,1,97.00432883841926,Normal Operation
4760,8963e9,UAE416,2025-12-30 02:38:38,99.76591736768346,1,97.07348200927946,Normal Operation
4761,8963ec,UAE303,2025-12-29 01:34:05,99.78241996559964,1,90.06195561972879,Normal Operation
4762,8963f4,UAE384,2025-12-29 08:04:08,99.90656239878206,1,97.02622071662519,Normal Operation
4763,8963f4,UAE385,2025-12-30 03:18:38,99.90784769525806,1,98.41139240064174,Normal Operation
4764,8963f6,UAE376,2025-12-29 08:54:06,99.87459771247048,1,96.02588554908094,Normal Operation
4765,8963f6,UAE377,2025-12-30 03:58:40,99.92023851050205,1,97.96417826024499,Normal Operation
4766,8963f9,ETD1CB,2025-12-29 06:24:05,53.44907056764676,1,63.031150598241254,Normal Operation
4767,896411,ABY512,2025-12-29 07:44:01,57.930151507630974,1,66.81355755480791,Normal Operation
4768,896411,ABY513,2025-12-29 10:14:09,80.60547989875968,1,81.80053183270954,Normal Operation
4769,89642a,ETD8KU,2025-12-29 18:23:08,99.99240458094864,1,98.36737514934322,Normal Operation
4770,89642d,ABY410,2025-12-29 02:54:07,85.87475075528418,1,75.93293576882218,Normal Operation
4771,89642d,ABY442,2025-12-29 16:31:45,99.48068756221107,1,93.52239275861356,Normal Operation
4772,89642d,ABY442,2025-12-29 17:43:10,58.86024688691576,1,80.0696538943232,Normal Operation
4773,89642e,ABY405,2025-12-30 03:38:37,60.29217375427389,-1,54.34459437175269,Poor Routing
4774,89642e,ABY406,2025-12-30 05:28:36,61.58078999989639,1,67.57657513016824,Normal Operation
4775,89643d,ETD3QD,2025-12-29 06:24:05,73.30987206197065,1,71.20324473885366,Normal Operation
4776,89643f,ETD6CK,2025-12-30 06:38:36,99.57516832813712,1,87.27034971749231,Normal Operation
4777,89643f,ETD8KP,2025-12-30 10:18:36,98.63500763801686,1,85.94733124260247,Normal Operation
4778,896440,ETD392,2025-12-29 07:04:08,97.44824691419018,1,90.01449373001019,Normal Operation
4779,896440,ETD393,2025-12-29 10:14:09,98.69228450117164,1,93.45391619592303,Normal Operation
4780,896442,ETD9681,2025-12-29 01:34:05,98.92873181942343,1,88.36761734144436,Normal Operation
4781,896442,ETD9681,2025-12-29 04:04:06,99.98122145465028,1,93.51598840465549,Normal Operation
4782,896442,ETD937,2025-12-29 17:33:04,99.8183339142238,1,91.95360961460379,Normal Operation
4783,896442,ETD938,2025-12-30 02:38:38,99.98137496720273,1,93.5919749017813,Normal Operation
4784,896458,UAE5JM,2025-12-29 15:51:45,99.8742412151374,1,96.17779806562135,Normal Operation
4785,896459,UAE384,2025-12-30 08:08:33,99.98457580461849,1,95.0787105962647,Normal Operation
4786,89645a,UAE500,2025-12-29 01:24:06,50.23621998014339,-1,48.53265310246644,Poor Routing
4787,89645b,UAE568,2025-12-29 01:44:09,53.28388713515349,1,62.691912278621544,Normal Operation
4788,896461,ETD498,2025-12-29 01:44:09,99.94123239298362,1,95.26261007622088,Normal Operation
4789,896462,ETD498,2025-12-30 02:08:35,99.86811369778104,1,96.73505485312002,Normal Operation
4790,89646a,FDB579,2025-12-30 06:08:34,96.25213733932358,1,75.89089483821228,Normal Operation
4791,89646a,FDB580,2025-12-30 09:48:34,99.86445337936917,1,96.46626129501236,Normal Operation
4792,896471,UAE568,2025-12-30 01:58:37,51.96502119169314,1,67.44920368612854,Normal Operation
4793,896471,UAE569,2025-12-30 05:18:34,82.52192032764438,1,84.23775878078055,Normal Operation
4794,896472,UAE380,2025-12-29 15:51:45,99.77733672808412,1,93.73154233731248,Normal Operation
4795,896472,UAE381,2025-12-30 01:48:39,99.84633382256492,1,93.8511733916391,Normal Operation
4796,896472,UAE381,2025-12-30 04:18:35,99.99867463830326,1,96.84238583756698,Normal Operation
4797,896473,UAE80T,2025-12-29 15:51:45,99.51487474511816,1,91.91214439298325,Normal Operation
4798,896474,UAE372,2025-12-29 15:51:45,99.82062564058997,1,93.47509658341309,Normal Operation
4799,896474,UAE373,2025-12-29 23:28:38,99.99860075605172,1,95.97621599164069,Normal Operation
4800,896475,UAE316,2025-12-29 07:44:01,99.72600147054652,1,83.9590808209841,Normal Operation
4801,896478,UAE374,2025-12-29 03:34:08,99.7537596995826,1,84.80498005861794,Normal Operation
4802,896478,UAE374,2025-12-30 03:48:37,99.79647934563296,1,90.22361776394045,Normal Operation
4803,896478,UAE374,2025-12-30 04:48:37,99.98233969952769,1,95.37738952731628,Normal Operation
4804,89647b,UAE7Q,2025-12-29 02:44:02,99.95748343393036,1,98.27308012104342,Normal Operation
4805,89647b,UAE366,2025-12-30 07:48:33,99.81298333382315,1,80.65505295215091,Normal Operation
4806,89647d,UAE318,2025-12-29 07:34:07,99.8788207906361,1,93.3702108330948,Normal Operation
4807,896481,UAE5AM,2025-12-30 02:58:37,99.82968078039367,1,95.60884618970194,Normal Operation
4808,896482,UAE377,2025-12-29 04:04:06,99.99467837665844,1,91.88879714774141,Normal Operation
4809,896482,UAE376,2025-12-30 09:28:35,99.9981993336278,1,96.5127309729376,Normal Operation
4810,896484,UAE368,2025-12-30 07:18:12,99.9181509303867,1,97.4222388177011,Normal Operation
4811,896485,ABY422,2025-12-30 02:58:37,57.32216526069343,1,65.43741097877694,Normal Operation
4812,896486,ABY518,2025-12-29 07:34:07,41.46828213625463,-1,46.24984753529513,Multiple Causes
4813,896486,ABY519,2025-12-29 10:14:09,95.13428541761648,1,88.5497453571512,Normal Operation
4814,896488,ETD6RM,2025-12-29 01:04:06,63.7476870153659,1,69.41959348494743,Normal Operation
4815,896488,ETD233,2025-12-29 04:34:06,80.2482050290071,1,82.33555585412508,Normal Operation
4816,896488,ETD401,2025-12-30 05:18:34,99.9973118172674,1,98.53802878453276,Normal Operation
4817,896489,ETD474,2025-12-30 00:58:38,99.86969268774617,1,95.55514579788202,Normal Operation
4818,89648a,ETD50E,2025-12-30 01:28:36,99.98648329473885,1,95.48320657924009,Normal Operation
4819,89648a,ETD5ZK,2025-12-30 04:58:38,99.99679849106288,1,97.55423007555852,Normal Operation
4820,89648e,FDB579,2025-12-29 06:14:08,99.04111649699657,1,83.45197218577769,Normal Operation
4821,89648e,FDB580,2025-12-29 09:54:04,99.80955145983762,1,95.61919990506482,Normal Operation
4822,896496,ABY463,2025-12-29 01:44:09,57.90218313219543,1,75.54419509014227,Normal Operation
4823,896496,ABY464,2025-12-29 05:04:06,88.18663129804001,1,89.58993166285613,Normal Operation
4824,89649f,UAE382,2025-12-30 08:38:36,99.40982086145218,1,89.35465862296766,Normal Operation
4825,8964a0,UAE404,2025-12-30 02:28:35,99.71895019267149,1,89.08965505488622,Normal Operation
4826,8964a2,UAE15K,2025-12-30 07:28:36,99.93203007112294,1,96.0439630093189,Normal Operation
4827,8964a4,UAE404,2025-12-29 01:44:09,99.4210152395153,1,81.44584412973974,Normal Operation
4828,8964af,UAE366,2025-12-29 08:24:06,99.85857118244392,1,91.63199618230404,Normal Operation
4829,8964af,UAE367,2025-12-30 03:18:38,99.91534031324404,1,97.77482460687467,Normal Operation
4830,8964b1,UAE5CL,2025-12-29 02:34:07,99.99424575254096,1,96.04200665736349,Normal Operation
4831,8964b2,UAE500,2025-12-30 01:38:40,41.70135522831757,1,59.629242056389394,Normal Operation
4832,8964b6,UAE414,2025-12-29 06:04:04,99.54243270090036,1,88.30630111042561,Normal Operation
4833,8964b7,UAE62P,2025-12-30 07:58:34,99.68763725621676,1,94.42655317706961,Normal Operation
4834,8964bb,ETD3JC,2025-12-28 23:48:41,99.9895400896207,1,94.31724136855952,Normal Operation
4835,8964bb,ETD870,2025-12-30 01:58:37,99.91449412672388,1,92.58395276471667,Normal Operation
4836,8964bc,ETD415,2025-12-30 05:08:39,99.99828773575064,1,98.34185041255184,Normal Operation
4837,8964bd,ETD91N,2025-12-29 01:24:06,99.9787240659624,1,97.20840921310881,Normal Operation
4838,8964be,ETD800,2025-12-30 01:58:37,99.9282034631412,1,89.67541242878235,Normal Operation
4839,8964c1,ETD408,2025-12-29 01:54:09,99.86330139411996,1,92.3868485174346,Normal Operation
4840,8964c1,ETD91N,2025-12-30 00:18:35,99.59476742825532,1,83.6726725768618,Normal Operation
4841,8964c2,ETD432,2025-12-29 02:14:08,99.97819296874924,1,92.66058644039768,Normal Operation
4842,8964c2,ETD433,2025-12-29 08:24:06,99.8199578306064,1,92.0249612175809,Normal Operation
4843,8964c2,ETD206,2025-12-30 00:58:38,55.4731244891772,1,61.18887235300163,Normal Operation
4844,8964cf,FDB1133,2025-12-30 06:38:36,77.18105445248435,1,69.34914733458616,Normal Operation
4845,8964cf,FDB1134,2025-12-30 09:28:35,88.5911985056994,1,85.80108161938021,Normal Operation
4846,8964d1,FDB443,2025-12-30 09:58:35,97.19867469390245,1,79.27102215439388,Normal Operation
4847,8964d2,FDB1463,2025-12-29 05:44:09,99.99854664092638,1,95.9887963687244,Normal Operation
4848,8964d2,FDB1464,2025-12-29 15:51:45,99.8514115847525,1,95.77363106300768,Normal Operation
4849,8964d9,ABY467,2025-12-30 02:18:37,99.99523703798674,1,98.3844393998738,Normal Operation
4850,8964d9,ABY468,2025-12-30 05:08:39,99.99444768016578,1,97.91883052454679,Normal Operation
4851,8964da,ABY405,2025-12-29 03:34:08,48.20363120455576,1,66.11037210475075,Normal Operation
4852,8964da,ABY406,2025-12-29 05:24:05,75.84276499278464,1,78.10346876571847,Normal Operation
4853,8964e3,UAE302,2025-12-29 07:54:02,99.8268950943201,1,91.76778305146317,Normal Operation
4854,8964e3,UAE303,2025-12-30 01:28:36,99.98709639528398,1,91.30870640941687,Normal Operation
4855,8964f9,ETD870,2025-12-29 01:54:09,99.89313618711743,1,90.97466630414702,Normal Operation
4856,896503,ABY422,2025-12-29 02:24:07,53.18340248210894,1,65.49804218088306,Normal Operation
4857,896503,ABY536,2025-12-30 04:48:37,79.50015010509684,1,75.0542681438112,Normal Operation
4858,896503,ABY537,2025-12-30 07:38:20,96.46258481909578,1,81.9929115556696,Normal Operation
4859,896504,ABY467,2025-12-29 02:44:02,99.72845782313011,1,92.29659383289315,Normal Operation
4860,896504,ABY468,2025-12-29 05:24:05,99.97871761825212,1,97.46943306603563,Normal Operation
4861,896504,ABY533,2025-12-29 16:01:36,95.07480212863912,1,82.88692594627969,Normal Operation
4862,89650a,ETD948,2025-12-29 01:34:05,99.95137660014724,1,95.92295686574816,Normal Operation
4863,89652d,ABY800,2025-12-30 01:28:36,99.99746383474825,1,96.55489205235396,Normal Operation
4864,896531,FDB1133,2025-12-29 07:14:05,64.73717614478338,1,69.94583496928831,Normal Operation
4865,896531,FDB1134,2025-12-29 10:24:06,95.00862604603766,1,83.34429356763764,Normal Operation
4866,896534,ETD898,2025-12-30 02:08:35,99.75111869634338,1,86.81706561595732,Normal Operation
4867,896535,ETD898,2025-12-29 02:44:02,99.8988153333742,1,90.77280934245404,Normal Operation
4868,896536,ETD73G,2025-12-29 00:38:36,99.97399843605092,1,98.14885681128551,Normal Operation
4869,896537,ETD473,2025-12-29 01:44:09,99.891960671292,1,98.7618147451863,Normal Operation
4870,896538,ETD415,2025-12-29 04:34:06,99.99911969222252,1,97.40138418719515,Normal Operation
4871,896538,ETD3JC,2025-12-29 23:38:34,99.94500602771951,1,99.20716156272432,Normal Operation
4872,89653a,ETD218,2025-12-30 01:48:39,46.09395094209344,1,55.71737093414222,Normal Operation
4873,89653a,ETD89J,2025-12-30 04:18:35,48.24804896605681,1,63.6069604726003,Normal Operation
4874,89653b,ETD473,2025-12-30 01:48:39,99.96480670649646,1,98.86698197849768,Normal Operation
4875,89653d,ETD474,2025-12-29 01:34:05,99.7806378855795,1,92.60194039940411,Normal Operation
4876,896556,FDB9JS,2025-12-30 08:18:37,99.81295550438222,1,94.92381491747648,Normal Operation
4877,896557,FDB441,2025-12-29 10:24:06,71.92486589201499,1,83.03032976308101,Normal Operation
4878,896558,ABY699,2025-12-29 06:04:04,99.51101182790369,1,91.68825999595771,Normal Operation
4879,896559,ABY687,2025-12-30 04:18:35,99.9760222295807,1,96.615979069747,Normal Operation
4880,89655a,UAE318,2025-12-30 07:48:33,99.86023726470292,1,92.71288870526465,Normal Operation
4881,89655c,UAE62P,2025-12-29 06:54:07,99.22877122365784,1,80.32303671374711,Normal Operation
4882,89655d,UAE414,2025-12-30 06:48:37,99.66683174431984,1,92.15559462477106,Normal Operation
4883,89655e,UAE5AM,2025-12-29 02:44:02,99.97449492936062,1,97.82626876456371,Normal Operation
4884,89656a,FDB435,2025-12-29 00:38:36,99.31718455780933,1,87.3147499302506,Normal Operation
4885,89656a,FDB436,2025-12-29 03:34:08,99.96940090317568,1,97.77733255426702,Normal Operation
4886,89656a,FDB561,2025-12-30 03:28:39,96.9108778625096,1,75.08249129488632,Normal Operation
4887,89656a,FDB562,2025-12-30 07:28:36,99.2910181683145,1,84.59255837891052,Normal Operation
4888,89656e,ETD73G,2025-12-30 00:38:34,99.85481653127954,1,94.11270127002344,Normal Operation
4889,896582,ABY821,2025-12-29 03:34:08,99.98116380014888,1,97.03143350383237,Normal Operation
4890,896582,ABY821,2025-12-29 04:34:06,99.98659255141348,1,96.48230655570154,Normal Operation
4891,896582,ABY822,2025-12-29 10:24:06,99.99062322922912,1,96.48499881757405,Normal Operation
4892,896582,ABY821,2025-12-30 03:38:37,99.99165242109474,1,94.07786594867248,Normal Operation
4893,896582,ABY821,2025-12-30 04:28:41,99.9886889439025,1,95.97281557173906,Normal Operation
4894,896585,ADY144,2025-12-29 00:18:37,94.25863209228996,1,88.3095365622713,Normal Operation
4895,896587,ABY511,2025-12-29 23:28:38,99.919578857752,1,93.97913022664991,Normal Operation
4896,896587,ABY512,2025-12-30 07:28:36,57.277393536241405,-1,45.375711229445095,Unknown Inefficiency
4897,89659c,ETD206,2025-12-29 00:48:39,74.70659808232926,1,79.52590477593053,Normal Operation
4898,89659c,ETD4XQ,2025-12-29 05:04:06,85.71069509488814,1,83.04209923900251,Normal Operation
4899,89659c,ETD216,2025-12-29 18:45:15,63.329604769716525,1,81.28627844231227,Normal Operation
4900,89659d,ABY587,2025-12-28 23:48:41,97.6583642509649,1,79.41671837868132,Normal Operation
4901,89659d,ABY588,2025-12-29 03:14:06,97.3729465613903,1,86.77123355809717,Normal Operation
4902,8965ac,ADY133,2025-12-29 03:24:06,55.0484444974105,1,69.82746794676314,Normal Operation
4903,8965ac,ADY134,2025-12-29 05:04:06,71.7318027392962,1,77.9384309872014,Normal Operation
4904,8965ac,ADY133,2025-12-30 02:18:37,99.8992921148127,1,98.664501587028,Normal Operation
4905,8965ac,ADY133,2025-12-30 03:28:39,56.45814422442127,1,71.3843879590636,Normal Operation
4906,8965ac,ADY134,2025-12-30 05:08:39,87.36457104034584,1,89.05886007106902,Normal Operation
4907,8965b2,FDB1482,2025-12-28 23:58:46,99.74914428956396,1,92.71464068413582,Normal Operation
4908,8965b3,FDB1481,2025-12-29 15:51:45,99.99917191462488,1,95.63626699816662,Normal Operation
4909,8965b3,FDB1482,2025-12-30 00:48:35,99.97810618684647,1,98.42091262676617,Normal Operation
4910,8965b9,UAE9875,2025-12-29 09:54:04,99.867436334297,1,92.14179639678706,Normal Operation
4911,8965c2,FDB1463,2025-12-30 05:48:34,99.99919929540496,1,96.65479770863057,Normal Operation
4912,8965c3,FDB9JS,2025-12-29 08:14:07,99.97116458553208,1,96.4887828761278,Normal Operation
4913,8965c3,FDB1604,2025-12-29 23:38:34,99.97475128674289,1,99.84902759264008,Normal Operation
4914,8965d0,FDB461,2025-12-28 23:48:41,55.78062271241751,1,58.100037118502314,Normal Operation
4915,8965d0,FDB9UR,2025-12-29 01:44:09,63.54933968784708,1,81.77123132995642,Normal Operation
4916,8965d6,FDB435,2025-12-30 00:38:34,99.97263530147092,1,96.38113175246168,Normal Operation
4917,8965d6,FDB436,2025-12-30 03:38:37,99.99966617535593,1,97.20031771905315,Normal Operation
4918,8965e1,ADY200,2025-12-29 03:04:06,92.19830628212456,1,75.18047818404641,Normal Operation
4919,8965ee,ADY061,2025-12-29 18:23:08,99.8961718588026,1,94.58576335800345,Normal Operation
4920,8965f6,ABY511,2025-12-28 23:48:41,99.75990615524556,1,95.97537908053934,Normal Operation
4921,8965f6,ABY502,2025-12-30 01:58:37,98.4428482098538,1,79.4103781015589,Normal Operation
4922,8965f6,ABY503,2025-12-30 05:48:34,99.92010680361378,1,95.94019121302445,Normal Operation
4923,8965f7,ABY509,2025-12-29 15:51:45,99.99967696155724,1,94.70082139156827,Normal Operation
4924,8965f7,ABY518,2025-12-30 05:28:36,65.1632134007089,-1,47.67884162276876,Unknown Inefficiency
4925,8965f7,ABY519,2025-12-30 08:58:35,93.99167373123592,1,83.90918955908629,Normal Operation
4926,8965f9,ADY043,2025-12-29 08:04:08,72.10461425652639,1,78.35166342547268,Normal Operation
4927,8965f9,ADY044,2025-12-29 10:24:06,85.7316396052565,1,87.52528377198624,Normal Operation
4928,8965f9,ADY043,2025-12-30 07:48:33,67.38692257073998,1,67.31330793106126,Normal Operation
4929,8965fa,ADY248,2025-12-29 18:23:08,66.19252367166494,1,76.61021948738461,Normal Operation
4930,8965fb,ADY141,2025-12-29 02:14:08,99.76750870513736,1,93.61958369266921,Normal Operation
4931,8965fb,ADY142,2025-12-29 05:14:08,98.7189039479282,1,84.3620150943542,Normal Operation
4932,8965fb,ADY127,2025-12-30 02:38:38,67.58472735336578,1,61.19328341874853,Normal Operation
4933,8965fb,ADY128,2025-12-30 05:18:34,86.94725960215007,1,84.7776294483174,Normal Operation
4934,896603,FDB445,2025-12-29 04:14:05,71.96077842385525,-1,43.33864912224226,Poor Routing
4935,896603,FDB446,2025-12-29 05:54:05,61.3629033901324,1,81.14921190693371,Normal Operation
4936,896603,FDB550,2025-12-29 18:03:07,99.94806103713032,1,96.85529295760345,Normal Operation
4937,896606,FDB9RF,2025-12-28 23:48:41,57.34020350053975,1,68.54744744422202,Normal Operation
4938,89660c,FDB523,2025-12-29 17:43:10,99.89483234525215,1,91.02267409298402,Normal Operation
4939,896615,UAE9878,2025-12-29 18:23:08,99.9248160317176,1,91.31159442384416,Normal Operation
4940,896615,UAE9879,2025-12-30 06:28:37,99.8725023293983,1,92.43719218647428,Normal Operation
4941,896616,UAE9870,2025-12-29 08:44:04,99.58690219637892,1,87.97383462986843,Normal Operation
4942,896616,UAE9871,2025-12-29 18:13:07,99.67873855901964,1,91.94496090163561,Normal Operation
4943,896616,UAE9782,2025-12-30 05:18:34,99.8939486025993,1,87.53471564381736,Normal Operation
4944,896617,UAE9855,2025-12-29 03:24:06,99.98766567916316,1,92.85178861594211,Normal Operation
4945,896622,UAE364,2025-12-30 10:18:36,99.96392978970523,1,92.1644178894372,Normal Operation
4946,896625,UAE310,2025-12-30 09:18:35,99.68931012249796,1,84.76878111342072,Normal Operation
4947,896627,UAE364,2025-12-29 09:04:08,99.62368710605786,1,84.14653724389507,Normal Operation
4948,89662e,ADY141,2025-12-30 02:38:38,97.5297606433928,1,85.19263905396444,Normal Operation
4949,89662e,ADY142,2025-12-30 05:18:34,93.50908498805838,1,89.85438415075075,Normal Operation
4950,896633,ADY063,2025-12-29 17:53:07,99.91941445008462,1,93.23163132880323,Normal Operation
4951,896644,FDB569,2025-12-29 23:28:38,93.07790431419456,1,87.41181920139992,Normal Operation
4952,896644,FDB570,2025-12-30 02:38:38,99.21987554993508,1,83.59867190216177,Normal Operation
4953,89664b,ABY515,2025-12-28 23:58:46,99.99007893711811,1,96.69811279359034,Normal Operation
4954,89664b,ABY454,2025-12-30 02:08:35,99.42333411688936,1,91.03104665419477,Normal Operation
4955,89664c,ETD440,2025-12-29 02:24:07,99.79420183069496,1,94.43584382768233,Normal Operation
4956,89665d,ABY536,2025-12-29 05:14:08,77.40782228781718,1,76.13026131582558,Normal Operation
4957,89665d,ABY537,2025-12-29 07:44:01,96.03234183685424,1,84.73761399398961,Normal Operation
4958,896660,FDB574,2025-12-30 00:38:34,96.36721140613297,1,80.82132057593097,Normal Operation
4959,896663,FDB574,2025-12-29 00:18:37,95.76102555697577,1,80.15724488491134,Normal Operation
4960,896664,FDB569,2025-12-28 23:48:41,96.2960708755619,1,85.60924681142717,Normal Operation
4961,896664,FDB570,2025-12-29 02:54:07,99.59364981195492,1,85.57808010334166,Normal Operation
4962,896665,FDB2UB,2025-12-29 18:13:07,99.99987130879292,1,86.083829903029,Normal Operation
4963,896668,ABY571,2025-12-29 18:45:15,99.98775713828108,1,95.43092626416978,Normal Operation
4964,89666a,ABY526,2025-12-29 08:04:08,72.98589176214745,1,81.58309671639618,Normal Operation
4965,89666a,ABY527,2025-12-29 10:24:06,96.36773125807602,1,86.56778957741338,Normal Operation
4966,896678,ETD238,2025-12-29 18:13:07,96.44498872026466,1,85.50212234066788,Normal Operation
4967,89667a,UAE502,2025-12-29 16:51:45,47.53542718271909,-1,50.01175851211302,Multiple Causes
4968,89667b,UAE440,2025-12-29 05:44:09,99.4826588242334,1,85.13300173433676,Normal Operation
4969,89667b,UAE441,2025-12-30 02:58:37,99.8039577341499,1,93.77147282412757,Normal Operation
4970,89667c,UAE311,2025-12-29 02:14:08,99.30787208452452,1,85.73107948252691,Normal Operation
4971,89667c,UAE311,2025-12-29 04:34:06,99.52415101311075,1,90.67829266411168,Normal Operation
4972,89667d,UAE441,2025-12-29 02:54:07,99.98754707945844,1,98.17676976152748,Normal Operation
4973,89667d,UAE440,2025-12-30 05:38:33,99.46566973195505,1,86.52759782442767,Normal Operation
4974,89668b,ABY463,2025-12-30 01:58:37,47.0425113691856,-1,54.157552570703686,Unknown Inefficiency
4975,89668b,ABY464,2025-12-30 03:38:37,65.58282908680876,1,55.33104273168743,Normal Operation
4976,896690,ABY471,2025-12-29 01:24:06,96.36448945104613,1,78.87013651673051,Normal Operation
4977,896690,ABY472,2025-12-29 04:04:06,99.45743917310648,1,93.1440800879887,Normal Operation
4978,896697,ETD50E,2025-12-29 01:04:06,99.86733638869411,1,97.06903978489231,Normal Operation
4979,896697,ETD5ZK,2025-12-29 04:34:06,99.98276820743084,1,95.17985321764047,Normal Operation
4980,896697,ETD6RM,2025-12-30 01:48:39,60.15437346149108,1,80.51488753135318,Normal Operation
4981,896697,ETD233,2025-12-30 04:38:37,87.13063405277168,1,86.81204798479932,Normal Operation
4982,896698,ETD215,2025-12-29 16:21:38,71.017913210883,1,70.13057829170813,Normal Operation
4983,896698,ETD394,2025-12-30 01:28:36,97.12596952838486,1,86.94687384019146,Normal Operation
4984,896698,ETD395,2025-12-30 04:28:41,99.65897578201373,1,95.85475788005618,Normal Operation
4985,896699,ETD212,2025-12-30 07:18:12,44.97493974371133,1,62.83087501479726,Normal Operation
4986,896699,ETD213,2025-12-30 09:38:37,70.44691251670346,1,83.5188913264648,Normal Operation
4987,89669a,ETD358,2025-12-29 18:23:08,99.72883369550864,1,90.70549588837116,Normal Operation
4988,89669a,ETD1CB,2025-12-30 06:18:36,51.37626709031401,1,73.19661810359385,Normal Operation
4989,8966a3,ABY496,2025-12-29 02:04:07,67.90838920700119,1,82.5013703533335,Normal Operation
4990,8966a3,ABY497,2025-12-29 04:04:06,71.78630902022206,1,84.17147461809095,Normal Operation
4991,8966a3,ABY520,2025-12-29 18:23:08,97.6755369873941,1,82.37362499399877,Normal Operation
4992,8966a7,ETD405,2025-12-29 15:51:45,99.98523946750872,1,97.32650952717506,Normal Operation
4993,8966a7,ETD405,2025-12-29 17:13:08,99.90031761479324,1,97.57795884894878,Normal Operation
4994,8966a7,ETD434,2025-12-30 02:08:35,99.98333867532978,1,96.02123020708858,Normal Operation
4995,8966a8,ETD422,2025-12-29 00:48:39,99.9762777725804,1,93.70027426105132,Normal Operation
4996,8966a8,ETD423,2025-12-29 09:54:04,99.84483636198208,1,97.35788591255272,Normal Operation
4997,8966aa,ETD434,2025-12-29 01:54:09,99.93607161621968,1,98.07115930563647,Normal Operation
4998,8966ab,ETD404,2025-12-30 07:48:33,99.86486545198646,1,93.77592318865207,Normal Operation
4999,8966ac,ETD426,2025-12-30 02:18:37,99.96348396441878,1,90.55389377128893,Normal Operation
5000,8966ac,ETD427,2025-12-30 08:48:37,99.84546505308424,1,91.59137396284429,Normal Operation
5001,8966af,ABY502,2025-12-29 02:04:07,95.12823831022013,1,71.88749769529483,Normal Operation
5002,8966af,ABY503,2025-12-29 05:24:05,97.85638163516886,1,90.75781750143987,Normal Operation
5003,8966b0,ABY496,2025-12-30 01:08:40,61.42622313126013,1,74.55144132130756,Normal Operation
5004,8966b0,ABY497,2025-12-30 03:58:40,91.1258615998772,1,86.24179638973773,Normal Operation
5005,8966bc,ETD416,2025-12-29 05:54:05,99.74563712596188,1,90.73070918047159,Normal Operation
5006,8966bc,ETD417,2025-12-29 16:31:45,99.9912691892124,1,97.2177025369109,Normal Operation
5007,8966be,ETD212,2025-12-29 06:34:06,60.03448816268753,1,80.70632119899504,Normal Operation
5008,8966be,ETD213,2025-12-29 09:14:08,85.47941725339703,1,87.68326196824648,Normal Operation
5009,8966be,ETD416,2025-12-30 06:28:37,99.83724991284546,1,92.34133608012935,Normal Operation
5010,8966c7,ETD800,2025-12-29 00:48:39,99.77366817707852,1,78.32016847604329,Normal Operation
5011,8966cf,ETD204,2025-12-29 18:03:07,50.03253904739047,1,57.72736490755789,Normal Operation
5012,8966d3,ETD7KP,2025-12-29 02:14:08,99.75188745253024,1,93.74805551519447,Normal Operation
5013,8966d4,ETD7KP,2025-12-30 01:38:40,98.88412778173245,1,83.98240246004337,Normal Operation
5014,8966e0,CGS506,2025-12-29 01:24:06,96.3881089336449,1,88.93302590093519,Normal Operation
5015,8966e0,CGS506,2025-12-29 03:34:08,99.99780989228762,1,93.16521617041047,Normal Operation
5016,89670a,ADY127,2025-12-29 02:24:07,67.84680166553646,1,70.85917042557399,Normal Operation
5017,896717,ABY756,2025-12-30 03:48:37,99.94616802150476,1,92.31527171557244,Normal Operation
5018,896718,ABY823,2025-12-29 05:54:05,99.48019263334513,1,84.50802751724065,Normal Operation
5019,896719,ABY699,2025-12-30 06:18:36,99.93564711816288,1,97.8250890958254,Normal Operation
5020,89671c,ABY823,2025-12-30 06:18:36,99.8249599732822,1,92.97936700431431,Normal Operation
5021,89671d,ABY756,2025-12-29 02:34:07,99.98055556945862,1,95.728952162815,Normal Operation
5022,89900e,EVA088,2025-12-28 23:48:41,99.8500393427818,1,89.39081728743983,Normal Operation
5023,899014,CAL5522,2025-12-29 04:54:04,99.31661598685376,1,70.69389596925429,Normal Operation
5024,899022,CAL061,2025-12-30 01:18:37,93.82078210904064,-1,51.91869985305513,Unknown Inefficiency
5025,899036,EVA068,2025-12-29 10:14:09,99.01389032123156,1,86.29198685354741,Normal Operation
5026,899038,EVA087,2025-12-29 01:24:06,99.35323487503936,1,71.59984602551708,Normal Operation
5027,899038,EVA088,2025-12-29 23:28:38,99.56979421986745,1,77.97456468142845,Normal Operation
5028,89907b,EVA071,2025-12-29 01:24:06,99.27974100780835,1,70.0887085940604,Normal Operation
5029,89907b,EVA072,2025-12-29 23:28:38,99.86963116688642,1,92.35787254439103,Normal Operation
5030,89907c,EVA095,2025-12-30 01:18:37,99.14959301010008,1,64.82374205418085,Normal Operation
5031,89907e,EVA065,2025-12-29 01:34:05,99.21725751417856,1,67.42423652213573,Normal Operation
5032,89907e,EVA066,2025-12-29 23:28:38,99.79255697962172,1,90.59466389388868,Normal Operation
5033,899080,EVA068,2025-12-30 10:08:34,99.87222292479493,1,85.89177256182954,Normal Operation
5034,899081,EVA087,2025-12-30 01:38:40,99.2336275307718,1,66.32898137112453,Normal Operation
5035,899094,EVA062,2025-12-29 04:04:06,99.2217103538826,1,59.25301840730576,Normal Operation
5036,899094,EVA061,2025-12-30 02:38:38,99.12932926493772,1,57.81797580532619,Normal Operation
5037,8990ec,CAL063,2025-12-30 01:28:36,96.34848141321616,-1,54.036728753436314,Unknown Inefficiency
5038,8990f4,CAL082,2025-12-30 09:38:37,99.5904556766386,1,79.86110733070296,Normal Operation
5039,899125,CAL063,2025-12-29 03:14:06,91.10426274081397,1,72.51713589762187,Normal Operation
5040,899139,EVA096,2025-12-28 23:48:41,99.97825380920142,1,96.27185882788622,Normal Operation
5041,899139,EVA071,2025-12-30 01:18:37,99.13552965027448,1,67.1685641502645,Normal Operation
5042,899160,CAL061,2025-12-29 01:24:06,93.24304285028964,-1,51.68737000579824,Unknown Inefficiency
5043,89916c,CAL073,2025-12-29 00:54:10,99.30946528072911,1,66.8427379660672,Normal Operation
5044,89916c,CAL074,2025-12-29 23:28:38,99.95218050224138,1,95.38804184602891,Normal Operation
5045,8991a4,CAL5637,2025-12-29 07:44:01,71.29761241468609,-1,53.94239504158809,Unknown Inefficiency
5046,8991a4,CAL5640,2025-12-30 06:28:37,34.60413569366287,-1,28.46013112126299,Multiple Causes
5047,8991a4,CAL5640,2025-12-30 09:18:35,83.42193448360027,1,64.50605586019961,Normal Operation
5048,8a03a6,GIA901,2025-12-29 07:24:06,99.95996882787298,1,94.23625410848538,Normal Operation
5049,8a03a6,GIA901,2025-12-30 07:18:12,99.81074997289616,1,92.55687591276117,Normal Operation
5050,8a0452,GIA991,2025-12-28 23:58:46,99.98978798507456,1,96.92781660002288,Normal Operation
5051,8a0452,GIA991,2025-12-29 23:28:38,99.95867371732469,1,98.25151876273758,Normal Operation
5052,8a04f7,GIA983,2025-12-29 06:14:08,99.75405464994152,1,91.8098988822973,Normal Operation
5053,8a04f7,GIA982,2025-12-29 18:13:07,99.99384184101098,1,97.22616158632675,Normal Operation
5054,8a04f7,GIA983,2025-12-30 06:08:34,99.8390420301182,1,94.62884186248723,Normal Operation
5055,8a0536,GIA981,2025-12-29 04:14:05,99.98488290994705,1,97.54435970902736,Normal Operation
5056,8a0536,GIA969,2025-12-30 02:08:35,99.81172596005185,1,90.77386623739334,Normal Operation
5057,8a0537,GIA088,2025-12-29 04:44:07,99.9880751906208,1,95.92239626053562,Normal Operation
5058,8a0537,GIA089,2025-12-30 04:28:41,99.98590892394914,1,97.45224279970202,Normal Operation
5059,8a0576,LNI113,2025-12-30 07:48:33,99.96130481614912,1,98.11280675997362,Normal Operation
5060,8a0577,LNI081,2025-12-29 03:44:06,99.69950100398336,1,94.66147152959944,Normal Operation
5061,8a0577,LNI085,2025-12-30 04:28:41,99.84570910403735,1,97.92333364805197,Normal Operation
5062,8a0578,LNI111,2025-12-29 04:44:07,99.85911870617436,1,98.59326019778577,Normal Operation
5063,8a0579,GIA969,2025-12-29 00:28:46,99.9430297415633,1,97.60744393374355,Normal Operation
5064,8a0579,GIA981,2025-12-30 01:48:39,99.89028006635782,1,91.6148053965421,Normal Operation
5065,8a0816,LNI093,2025-12-30 01:48:39,99.93340584548724,1,98.95790058710043,Normal Operation
5066,8a083c,LNI107,2025-12-29 07:04:08,99.91682613522453,1,98.71282512427005,Normal Operation
5067,8a08b2,LNI105,2025-12-29 04:34:06,99.8708638233553,1,98.54996916978453,Normal Operation
5068,8a0a13,UBG338,2025-12-29 00:18:37,60.7706826301543,1,69.46439914520646,Normal Operation
5069,8a0a13,UBG217,2025-12-29 09:14:08,89.06319973558575,1,86.68537033200008,Normal Operation
5070,8a0a13,UBG349,2025-12-29 17:01:38,92.84556423004707,1,65.3915506598599,Normal Operation
5071,8a0a13,UBG349,2025-12-29 18:35:17,72.33561478329024,1,79.07197303893878,Normal Operation
5072,8a0a13,UBG350,2025-12-30 05:18:34,83.54048388680084,1,79.90798185782376,Normal Operation
5073,8a0a13,UBG350,2025-12-30 07:28:36,78.42549228895047,1,61.39584416146742,Normal Operation
5074,8a0a13,UBG315,2025-12-30 09:28:35,75.04630807127045,1,75.19625566282474,Normal Operation
5075,a1efdd,N224A,2025-12-30 03:18:38,,-1,12.51797479250158,Holding Pattern
5076,a22d9f,UAL83,2025-12-29 01:24:06,58.97398736510969,1,58.86997827031339,Normal Operation
5077,a31a50,UAL83,2025-12-30 02:58:37,89.11441178502375,1,84.38813224304351,Normal Operation
5078,a548ec,N44GT,2025-12-29 00:54:10,,-1,13.296581859841007,Holding Pattern
5079,a6aec0,N53GX,2025-12-28 23:48:41,98.61220780501525,1,76.8788342712317,Normal Operation
5080,a7dba2,UPS24,2025-12-29 18:45:15,99.92756207392162,1,88.63762801215056,Normal Operation
5081,a7dba2,UPS15,2025-12-30 06:28:37,82.35859787430257,1,62.106778352462065,Normal Operation
5082,a81f7b,UPS9,2025-12-30 07:48:33,67.15208692776886,1,81.12800188129667,Normal Operation
5083,a82cbb,N626CB,2025-12-30 04:08:35,,-1,14.670364884177877,Holding Pattern
5084,a96f37,GTI308,2025-12-30 02:58:37,99.9888978394052,1,89.59348414726064,Normal Operation
5085,a97677,ARHD28,2025-12-29 15:51:45,76.50021307315693,-1,36.622440795314546,Multiple Causes
5086,a97677,ARHD21,2025-12-30 09:38:37,81.10233195263018,-1,36.205153795299026,Multiple Causes
5087,aa3086,NCR561,2025-12-29 15:51:45,99.9737420502354,1,95.91947902235373,Normal Operation
5088,aa5f0e,N7678W,2025-12-30 01:58:37,,-1,7.840177265128737,Multiple Causes
5089,ab7268,AAL293,2025-12-30 00:58:38,65.36659179191842,1,72.16139238841097,Normal Operation
5090,ab8b7f,FDX5030,2025-12-30 06:58:37,99.85531554304868,1,93.1392627802202,Normal Operation
5091,ab8f36,FDX6092,2025-12-30 07:18:12,67.26031933079932,1,82.86847169378922,Normal Operation
5092,ab8f36,FDX6092,2025-12-30 10:08:34,78.91742675017449,1,85.61995126687059,Normal Operation
5093,abda7d,FDX8,2025-12-30 08:18:37,39.67453259422992,-1,49.77018070699043,Multiple Causes
5094,ac45d5,FDX5124,2025-12-29 16:11:36,99.85878247630936,1,94.37910752726755,Normal Operation
5095,ac498c,FDX5279,2025-12-30 05:58:33,78.91574167874687,1,58.905391033811696,Normal Operation
5096,ac498c,FDX5279,2025-12-30 10:18:36,77.03241462508733,1,85.03954715053341,Normal Operation
5097,ac5c1f,FDX5272,2025-12-29 10:24:06,76.26529551851318,1,86.38809944079668,Normal Operation
5098,c01040,ACA51,2025-12-30 01:58:37,58.5736706383192,1,81.90580063964782,Normal Operation
5099,c01729,ACA43,2025-12-28 23:58:46,62.19612820914759,1,65.85537539690867,Normal Operation
5100,c02ee7,ACA51,2025-12-29 01:04:06,55.52160468094879,1,64.77398683979892,Normal Operation
5101,c058be,ACA856,2025-12-30 01:58:37,51.79933920038167,-1,54.81651614206876,Poor Routing
