icao24_x,total_flights,total_hours,total_distance,avg_altitude,avg_speed,primary_callsign,high_risk_flights,avg_risk_score,inefficient_flights,avg_efficiency,altitude_variance,speed_variance,days_in_operation,last_flight,aircraft_id,hours_factor,distance_factor,risk_factor,efficiency_factor,risk_ratio,risk_ratio_factor,variance_factor,maintenance_score,maintenance_priority,maintenance_window,primary_causes,recommendations,estimated_cost_usd,priority_rank
801816,12,8.168333333333331,4210.489141835638,10912.475,163.73989484126983,IGO2247,2,32.47508489346837,2,56.100828207392944,19259653.427620713,9098.218311170634,1,2025-12-30 09:48:34,801816,0.8105426794799322,0.5899748613881579,0.6287625711856764,0.6669073148532819,0.16666666666666666,0.16666666666666666,0.5683345341444898,62.0,HIGH,Urgent (1-2 weeks),"Frequent altitude changes, Speed instability, Declining fuel efficiency, High flight hours, Extensive mileage",⚠️ Schedule comprehensive maintenance within 2 weeks | 🔍 Inspect high-stress components | 📊 Monitor performance closely | 🔧 Check pressurization system | 🔧 Inspect throttle control system | ⛽ Engine performance check needed | 🕐 Review airframe hours for scheduled maintenance,176042.1,1
80164f,6,9.020000000000001,5830.666597105798,11484.61,176.17054773929772,AIC1706,0,35.42492482301432,3,56.44273966503439,16243074.354902191,11200.984106262995,1,2025-12-30 09:18:35,80164f,0.8972018089316001,0.8169945584821884,0.6860535016864528,0.6617130538849154,0.0,0.0,0.4794221323934072,67.2,HIGH,Urgent (1-2 weeks),"Frequent altitude changes, Speed instability, Declining fuel efficiency, High flight hours, Extensive mileage",⚠️ Schedule comprehensive maintenance within 2 weeks | 🔍 Inspect high-stress components | 📊 Monitor performance closely | 🔧 Check pressurization system | 🔧 Inspect throttle control system | ⛽ Engine performance check needed | 🕐 Review airframe hours for scheduled maintenance,173058.31,1
800d13,5,7.059166666666667,3564.1375786933722,10611.612,153.43860935143292,SEJ9911,2,35.09641477134419,2,55.77910906522135,21706996.4153812,9064.21255197285,1,2025-12-30 10:18:36,800d13,0.6976823063877899,0.49940790799456014,0.6796732753051736,0.6717948175842103,0.4,0.4,0.6405182560456946,61.5,HIGH,Urgent (1-2 weeks),"Frequent altitude changes, Speed instability, Repeated high-risk operations, Declining fuel efficiency, High flight hours, Extensive mileage",⚠️ Schedule comprehensive maintenance within 2 weeks | 🔍 Inspect high-stress components | 📊 Monitor performance closely | 🔧 Check pressurization system | 🔧 Inspect throttle control system | ⛽ Engine performance check needed | 🕐 Review airframe hours for scheduled maintenance,172535.64,1
800d41,8,10.030277777777776,6422.778738853923,9764.0775,165.54392909663866,AIC215,0,23.379713097410445,3,71.82324641719752,12471754.711157415,4408.774622523635,1,2025-12-30 10:08:34,800d41,1.0,0.8999614696857161,0.45211491372214596,0.42805499969874283,0.0,0.0,0.3679861930286618,62.1,HIGH,Urgent (1-2 weeks),"Frequent altitude changes, High flight hours, Extensive mileage",⚠️ Schedule comprehensive maintenance within 2 weeks | 🔍 Inspect high-stress components | 📊 Monitor performance closely | 🔧 Check pressurization system | 🕐 Review airframe hours for scheduled maintenance,109064.23,1
886289,3,7.701666666666666,7136.726354625916,11988.799999999997,249.5642131062951,TAX865,0,16.989734353265852,1,98.26801838981908,59456.00085933003,663.9981709124269,1,2025-12-30 03:58:40,886289,0.7630582249858678,1.0,0.3280106108189791,0.026310501803655018,0.0,0.0,0.0017732478091715817,46.0,MEDIUM,Soon (1 month),"High flight hours, Extensive mileage",📅 Plan maintenance within next month | 🔧 Routine inspections recommended | 📈 Track efficiency trends | 🕐 Review airframe hours for scheduled maintenance,53571.37,2
8880f6,2,6.5905555555555555,5614.867623636672,12035.79,230.66701704545451,HVN32,0,24.858271801469275,1,89.95013057638707,110569.91920324662,3862.0623500730526,0,2025-12-29 23:28:38,8880f6,0.6500000000000001,0.7867567487714029,0.480831049505348,0.15267444499116145,0.0,0.0,0.0033751873563157083,43.9,MEDIUM,Soon (1 month),"High flight hours, Extensive mileage",📅 Plan maintenance within next month | 🔧 Routine inspections recommended | 📈 Track efficiency trends | 🕐 Review airframe hours for scheduled maintenance,53056.15,2
8963cf,2,1.4969444444444444,784.5560843606947,12035.79,168.06196428571428,ETD218,1,42.19849544306268,1,52.95328121985008,22957445.85921,8052.140186309523,0,2025-12-29 05:34:08,8963cf,0.1317128321085359,0.10993220776247888,0.8176078140911346,0.714724315711552,0.5,0.5,0.6773705866741365,44.3,MEDIUM,Soon (1 month),"Frequent altitude changes, Speed instability, Repeated high-risk operations, Declining fuel efficiency",📅 Plan maintenance within next month | 🔧 Routine inspections recommended | 📈 Track efficiency trends | 🔧 Check pressurization system | 🔧 Inspect throttle control system | ⛽ Engine performance check needed,99007.85,2
8991a4,3,5.499722222222222,4217.380985856671,11379.199999999999,204.0722222222222,CAL5640,1,30.0801976385825,2,63.107894197316405,15024538.000019046,8864.984645315904,1,2025-12-30 09:18:35,8991a4,0.5390050876201246,0.5909405484102707,0.5822497696256334,0.5604571548460795,0.3333333333333333,0.3333333333333333,0.4434123309539596,53.1,MEDIUM,Soon (1 month),"Frequent altitude changes, Speed instability, Repeated high-risk operations, Declining fuel efficiency, High flight hours, Extensive mileage",📅 Plan maintenance within next month | 🔧 Routine inspections recommended | 📈 Track efficiency trends | 🔧 Check pressurization system | 🔧 Inspect throttle control system | ⛽ Engine performance check needed | 🕐 Review airframe hours for scheduled maintenance,89542.17,2
8852e1,2,6.089166666666667,4344.54734116445,12039.6,202.86002923976605,THA331,0,27.06922532136389,2,66.43692370977618,9611905.447809644,9072.977749415204,0,2025-12-29 06:54:07,8852e1,0.5989824759751274,0.6087591320281436,0.5237715437267503,0.509883102199843,0.0,0.0,0.28377210895541916,48.1,MEDIUM,Soon (1 month),"Speed instability, Declining fuel efficiency, High flight hours, Extensive mileage",📅 Plan maintenance within next month | 🔧 Routine inspections recommended | 📈 Track efficiency trends | 🔧 Inspect throttle control system | ⛽ Engine performance check needed | 🕐 Review airframe hours for scheduled maintenance,68043.45,2
8852e2,2,5.666111111111111,4536.393440341841,11734.8,223.57766666666663,THA331,0,24.166794669129807,2,74.10096198497386,10438424.208290305,5264.11920936508,0,2025-12-30 04:38:37,8852e2,0.5559355568117582,0.6356406586055272,0.4674013823783475,0.3934523304803621,0.0,0.0,0.3080380529795715,44.9,MEDIUM,Soon (1 month),"Speed instability, High flight hours, Extensive mileage",📅 Plan maintenance within next month | 🔧 Routine inspections recommended | 📈 Track efficiency trends | 🔧 Inspect throttle control system | 🕐 Review airframe hours for scheduled maintenance,58045.36,2
80183b,10,6.700833333333333,3921.7334891330866,9127.997999999998,147.9874357142857,IGO799P,0,18.0205465571998,1,67.89591695389916,13039104.271969713,6283.789475976189,1,2025-12-30 08:28:35,80183b,0.6612210288298475,0.5495143423274285,0.34803074470604806,0.4877183238875419,0.0,0.0,0.38477555177795525,45.6,MEDIUM,Soon (1 month),"Frequent altitude changes, Speed instability, Declining fuel efficiency, High flight hours, Extensive mileage",📅 Plan maintenance within next month | 🔧 Routine inspections recommended | 📈 Track efficiency trends | 🔧 Check pressurization system | 🔧 Inspect throttle control system | ⛽ Engine performance check needed | 🕐 Review airframe hours for scheduled maintenance,72039.22,2
885152,1,2.7275,2953.127826824958,11887.2,227.43529411764703,THA346D,0,46.10371481877513,1,62.76389050943199,5164323.732052943,13916.793413970589,0,2025-12-29 16:01:36,885152,0.25692481628038444,0.41379305862144844,0.8934538454650016,0.5656832006220183,0.0,0.0,0.15273293105890912,42.6,MEDIUM,Soon (1 month),"Speed instability, Declining fuel efficiency, Extensive mileage",📅 Plan maintenance within next month | 🔧 Routine inspections recommended | 📈 Track efficiency trends | 🔧 Inspect throttle control system | ⛽ Engine performance check needed,88529.53,2
801800,8,7.557777777777777,4417.515082505856,9159.24,160.90689583333332,IGO264C,0,22.797930673022744,1,69.23255954636166,11446499.775576364,6361.705958125,1,2025-12-30 10:18:36,801800,0.7484171848501979,0.6189833914036077,0.4408157052097372,0.46741227595753954,0.0,0.0,0.3378037567941512,50.3,MEDIUM,Soon (1 month),"Speed instability, Declining fuel efficiency, High flight hours, Extensive mileage",📅 Plan maintenance within next month | 🔧 Routine inspections recommended | 📈 Track efficiency trends | 🔧 Inspect throttle control system | ⛽ Engine performance check needed | 🕐 Review airframe hours for scheduled maintenance,71044.18,2
80180c,11,8.169722222222221,3799.859322343308,10453.947272727273,153.29386688311686,IGO271U,0,18.99997948375441,0,64.92133904154325,15788338.511236368,5607.415985010823,1,2025-12-30 09:08:33,80180c,0.8106840022611645,0.5324373015759947,0.36705300525767376,0.5329076078445545,0.0,0.0,0.46584465178602963,50.9,MEDIUM,Soon (1 month),"Frequent altitude changes, Speed instability, Declining fuel efficiency, High flight hours, Extensive mileage",📅 Plan maintenance within next month | 🔧 Routine inspections recommended | 📈 Track efficiency trends | 🔧 Check pressurization system | 🔧 Inspect throttle control system | ⛽ Engine performance check needed | 🕐 Review airframe hours for scheduled maintenance,72538.0,2
885313,5,7.9911111111111115,5625.778306651448,10215.372,187.49565686274508,THA323,0,12.301540434167848,1,83.60781364751662,6904072.146586902,2926.09681805934,1,2025-12-30 07:48:33,885313,0.7925098925946865,0.7882855565850447,0.23695787629499107,0.2490258498253013,0.0,0.0,0.20372288257870283,46.1,MEDIUM,Soon (1 month),"High flight hours, Extensive mileage",📅 Plan maintenance within next month | 🔧 Routine inspections recommended | 📈 Track efficiency trends | 🕐 Review airframe hours for scheduled maintenance,54556.26,2
899094,2,6.9994444444444435,6186.077745121159,11426.19,248.80926767676766,EVA061,0,19.05479591275676,0,99.17551980941016,20738.66573567608,205.8848204121042,0,2025-12-30 02:38:38,899094,0.6916054267947994,0.8667948633215338,0.3681176339491559,0.012523893905120098,0.0,0.0,0.0006177624581960515,42.2,MEDIUM,Soon (1 month),"High flight hours, Extensive mileage",📅 Plan maintenance within next month | 🔧 Routine inspections recommended | 📈 Track efficiency trends | 🕐 Review airframe hours for scheduled maintenance,53061.86,2
801788,7,6.535833333333333,2926.6562880018064,7936.774285714287,116.92045578231294,IGO638M,0,16.97484898305024,2,68.2658348707342,9427727.089208571,5930.588571360545,1,2025-12-30 07:28:36,801788,0.6444318824194462,0.4100838595422385,0.3277215115014333,0.48209859353346096,0.0,0.0,0.27824705720941645,40.9,MEDIUM,Soon (1 month),"Speed instability, Declining fuel efficiency, High flight hours, Extensive mileage",📅 Plan maintenance within next month | 🔧 Routine inspections recommended | 📈 Track efficiency trends | 🔧 Inspect throttle control system | ⛽ Engine performance check needed | 🕐 Review airframe hours for scheduled maintenance,70529.27,2
8017a0,7,4.498888888888888,2443.8526854184934,10772.502857142856,163.74659863945575,IGO5065,1,32.418292518929384,1,53.157221201595725,21198923.981264085,8945.628404829931,0,2025-12-30 02:18:37,8017a0,0.437167891464104,0.34243328999638967,0.6276595662564604,0.7116260940421817,0.14285714285714285,0.14285714285714285,0.6255290906379495,48.7,MEDIUM,Soon (1 month),"Frequent altitude changes, Speed instability, Declining fuel efficiency, High flight hours, Extensive mileage",📅 Plan maintenance within next month | 🔧 Routine inspections recommended | 📈 Track efficiency trends | 🔧 Check pressurization system | 🔧 Inspect throttle control system | ⛽ Engine performance check needed | 🕐 Review airframe hours for scheduled maintenance,101524.44,2
8017e4,6,7.629999999999999,4639.957204200303,10161.270000000002,175.40614069264066,IGO2119,0,21.375288027633303,0,64.00940686485626,11693980.869078485,8510.568150760908,1,2025-12-30 06:58:37,8017e4,0.7557659694742793,0.6501520408152898,0.4131855548045954,0.546761527054627,0.0,0.0,0.34516662737265297,51.8,MEDIUM,Soon (1 month),"Speed instability, Declining fuel efficiency, High flight hours, Extensive mileage",📅 Plan maintenance within next month | 🔧 Routine inspections recommended | 📈 Track efficiency trends | 🔧 Inspect throttle control system | ⛽ Engine performance check needed | 🕐 Review airframe hours for scheduled maintenance,70046.4,2
8017f2,6,6.671111111111111,4333.178927431234,10975.340000000002,196.23766666666668,IGO237P,0,22.283344998941473,1,66.18766200844216,16596417.632724337,5189.134159419192,1,2025-12-30 09:38:37,8017f2,0.6581967213114756,0.6071661868641683,0.43082157237724034,0.5136698437588395,0.0,0.0,0.4896667216061664,49.8,MEDIUM,Soon (1 month),"Frequent altitude changes, Speed instability, Declining fuel efficiency, High flight hours, Extensive mileage",📅 Plan maintenance within next month | 🔧 Routine inspections recommended | 📈 Track efficiency trends | 🔧 Check pressurization system | 🔧 Inspect throttle control system | ⛽ Engine performance check needed | 🕐 Review airframe hours for scheduled maintenance,70043.33,2
80175a,6,6.4975,4220.518289334055,10104.119999999999,211.45983333333334,IGO1073,0,17.730575150116916,0,79.20577291879562,6230970.689398461,6450.213212142858,1,2025-12-30 06:48:37,80175a,0.6405313736574337,0.5913801482101636,0.34239900463635725,0.31590090717518815,0.0,0.0,0.1839736049375428,41.3,MEDIUM,Soon (1 month),"Speed instability, High flight hours, Extensive mileage",📅 Plan maintenance within next month | 🔧 Routine inspections recommended | 📈 Track efficiency trends | 🔧 Inspect throttle control system | 🕐 Review airframe hours for scheduled maintenance,60042.21,2
801767,7,5.254722222222223,2526.913856982851,7118.350000000001,116.7985974025974,IGO5136,0,25.089603357392527,4,66.84800225635115,11173778.168528,6606.216397575759,1,2025-12-30 09:58:35,801767,0.5140757490107407,0.354071843506364,0.4853239034938949,0.5036380665285132,0.0,0.0,0.3297670065878157,40.5,MEDIUM,Soon (1 month),"Speed instability, Declining fuel efficiency, High flight hours, Extensive mileage",📅 Plan maintenance within next month | 🔧 Routine inspections recommended | 📈 Track efficiency trends | 🔧 Inspect throttle control system | ⛽ Engine performance check needed | 🕐 Review airframe hours for scheduled maintenance,70525.27,2
801775,12,7.523888888888888,4110.427486037643,10685.78,163.52971626984126,IGO315L,0,23.15801210042075,0,61.503232963310204,18035087.96201,6371.558812718254,1,2025-12-30 09:28:35,801775,0.744968908988129,0.5759541954937542,0.4478091016395071,0.5848348965946171,0.0,0.0,0.5321353806653187,53.2,MEDIUM,Soon (1 month),"Frequent altitude changes, Speed instability, Declining fuel efficiency, High flight hours, Extensive mileage",📅 Plan maintenance within next month | 🔧 Routine inspections recommended | 📈 Track efficiency trends | 🔧 Check pressurization system | 🔧 Inspect throttle control system | ⛽ Engine performance check needed | 🕐 Review airframe hours for scheduled maintenance,73041.1,2
801778,7,5.6916666666666655,2246.0358209101305,8522.208,113.92713038548753,IGO2062,0,22.581664119041697,3,68.45183317203276,13608136.95417857,3429.629536417234,1,2025-12-30 09:38:37,801778,0.558535895986433,0.3147151381885736,0.4366154392937226,0.47927293883536437,0.0,0.0,0.40147506675481015,40.2,MEDIUM,Soon (1 month),"Frequent altitude changes, Declining fuel efficiency, High flight hours, Extensive mileage",📅 Plan maintenance within next month | 🔧 Routine inspections recommended | 📈 Track efficiency trends | 🔧 Check pressurization system | ⛽ Engine performance check needed | 🕐 Review airframe hours for scheduled maintenance,70522.46,2
80177e,6,6.461666666666667,3578.6482109502854,11024.87,151.6694880952381,IGO275K,0,21.21356578666148,0,59.031478981843634,17099521.538215715,7951.108089761906,1,2025-12-30 07:38:20,80177e,0.6368852459016395,0.5014411416560284,0.4100446326226339,0.6223853645371105,0.0,0.0,0.5045873067174201,48.5,MEDIUM,Soon (1 month),"Frequent altitude changes, Speed instability, Declining fuel efficiency, High flight hours, Extensive mileage",📅 Plan maintenance within next month | 🔧 Routine inspections recommended | 📈 Track efficiency trends | 🔧 Check pressurization system | 🔧 Inspect throttle control system | ⛽ Engine performance check needed | 🕐 Review airframe hours for scheduled maintenance,80035.79,2
801742,7,6.371666666666666,3559.4052572402993,10758.35142857143,171.75570500927643,IGO234V,0,21.35801559659422,1,67.73514249292576,12840537.325636808,6905.330236017317,1,2025-12-30 09:48:34,801742,0.6277275296777842,0.4987448138505615,0.4128500946881572,0.49016078227459026,0.0,0.0,0.3789371242591675,45.1,MEDIUM,Soon (1 month),"Frequent altitude changes, Speed instability, Declining fuel efficiency, High flight hours, Extensive mileage",📅 Plan maintenance within next month | 🔧 Routine inspections recommended | 📈 Track efficiency trends | 🔧 Check pressurization system | 🔧 Inspect throttle control system | ⛽ Engine performance check needed | 🕐 Review airframe hours for scheduled maintenance,70535.59,2
801748,9,7.057222222222221,4022.7240538488795,8847.666666666666,162.62966666666665,IGO2417,0,16.77568925970041,1,72.42559732157662,9157847.239824444,5736.425315308641,1,2025-12-30 10:08:34,801748,0.6974844544940645,0.5636651671871111,0.32385348945904907,0.418904186755944,0.0,0.0,0.270281186302009,44.2,MEDIUM,Soon (1 month),"Speed instability, High flight hours, Extensive mileage",📅 Plan maintenance within next month | 🔧 Routine inspections recommended | 📈 Track efficiency trends | 🔧 Inspect throttle control system | 🕐 Review airframe hours for scheduled maintenance,61540.23,2
8016e1,5,5.5233333333333325,3524.8613964228534,10669.524000000001,169.98025,IGO1058,0,31.00949307709336,1,56.47775514141167,15853115.906608004,10093.648687928571,1,2025-12-30 09:48:34,8016e1,0.5414075749010742,0.4939045188608209,0.6002982745120017,0.6611811046969885,0.0,0.0,0.4678875922171613,50.0,MEDIUM,Soon (1 month),"Frequent altitude changes, Speed instability, Declining fuel efficiency, High flight hours, Extensive mileage",📅 Plan maintenance within next month | 🔧 Routine inspections recommended | 📈 Track efficiency trends | 🔧 Check pressurization system | 🔧 Inspect throttle control system | ⛽ Engine performance check needed | 🕐 Review airframe hours for scheduled maintenance,100535.25,2
80172c,10,6.226944444444444,3303.042105359563,8913.114,150.4837,IGO276Y,0,27.684839120509945,2,62.507282367071454,11957661.762048,8886.505584333334,1,2025-12-30 09:28:35,80172c,0.6130016958733749,0.46282314064327007,0.5357278153294689,0.5695815480691112,0.0,0.0,0.35295502064547263,47.4,MEDIUM,Soon (1 month),"Speed instability, Declining fuel efficiency, High flight hours, Extensive mileage",📅 Plan maintenance within next month | 🔧 Routine inspections recommended | 📈 Track efficiency trends | 🔧 Inspect throttle control system | ⛽ Engine performance check needed | 🕐 Review airframe hours for scheduled maintenance,72033.03,2
80172e,5,3.9958333333333327,2287.99299917692,10544.556,164.45613333333333,IGO1704,0,30.136562452814722,0,50.79847676664294,20520226.636884,10013.923092,1,2025-12-30 08:18:37,80172e,0.3859807801017524,0.32059418919626614,0.5833444706033113,0.7474597400900284,0.0,0.0,0.6055423267127783,45.0,MEDIUM,Soon (1 month),"Frequent altitude changes, Speed instability, Declining fuel efficiency, High flight hours, Extensive mileage",📅 Plan maintenance within next month | 🔧 Routine inspections recommended | 📈 Track efficiency trends | 🔧 Check pressurization system | 🔧 Inspect throttle control system | ⛽ Engine performance check needed | 🕐 Review airframe hours for scheduled maintenance,100522.88,2
80180e,6,5.851944444444444,3135.838957160203,9512.300000000001,138.3715753968254,IGO275K,0,16.411685646191746,1,65.65667005114783,12965139.968285715,6204.099882103174,1,2025-12-30 08:48:37,80180e,0.5748445449406446,0.43939459092859856,0.3167839174749291,0.5217365836607906,0.0,0.0,0.3825916138042329,41.1,MEDIUM,Soon (1 month),"Frequent altitude changes, Speed instability, Declining fuel efficiency, High flight hours, Extensive mileage",📅 Plan maintenance within next month | 🔧 Routine inspections recommended | 📈 Track efficiency trends | 🔧 Check pressurization system | 🔧 Inspect throttle control system | ⛽ Engine performance check needed | 🕐 Review airframe hours for scheduled maintenance,70031.36,2
896218,2,1.4949999999999999,814.9460636591741,10515.6,150.406,UAE2V,0,43.23938446860578,0,44.04672904043505,23781284.37282,12490.94064,0,2025-12-30 09:18:35,896218,0.13151498021481065,0.11419045976604365,0.8378236570676006,0.850031148268096,0.0,0.0,0.701800742300239,42.1,MEDIUM,Soon (1 month),"Frequent altitude changes, Speed instability, Declining fuel efficiency",📅 Plan maintenance within next month | 🔧 Routine inspections recommended | 📈 Track efficiency trends | 🔧 Check pressurization system | 🔧 Inspect throttle control system | ⛽ Engine performance check needed,99008.15,2
8016a1,7,5.0183333333333335,2704.0384678445794,10310.948571428571,152.98506235827668,AKJ1172,0,26.40584145162176,0,59.52094849483866,17976021.55282245,8175.118000668935,1,2025-12-30 06:58:37,8016a1,0.49002261164499733,0.37889059121509727,0.5108874957497529,0.614949426577928,0.0,0.0,0.5304464048678035,44.6,MEDIUM,Soon (1 month),"Frequent altitude changes, Speed instability, Declining fuel efficiency, High flight hours, Extensive mileage",📅 Plan maintenance within next month | 🔧 Routine inspections recommended | 📈 Track efficiency trends | 🔧 Check pressurization system | 🔧 Inspect throttle control system | ⛽ Engine performance check needed | 🕐 Review airframe hours for scheduled maintenance,80527.04,2
8016a3,3,2.7030555555555558,1905.883715730343,11584.94,191.0786111111111,IGO5312,0,41.28678967748303,0,47.457287863882584,23635096.232017145,9100.900437936509,0,2025-12-29 18:03:07,8016a3,0.25443753533069535,0.2670529345005611,0.7999009307006786,0.7982185161347526,0.0,0.0,0.6973889128583687,46.6,MEDIUM,Soon (1 month),"Frequent altitude changes, Speed instability, Declining fuel efficiency",📅 Plan maintenance within next month | 🔧 Routine inspections recommended | 📈 Track efficiency trends | 🔧 Check pressurization system | 🔧 Inspect throttle control system | ⛽ Engine performance check needed,99519.06,2
80167b,7,4.8711111111111105,2435.5169523025393,9619.705714285714,151.53509523809524,AIC2644,1,28.22959212303156,2,61.07894740059838,15333198.727879593,8536.165218095239,1,2025-12-30 09:08:33,80167b,0.4750423968343698,0.3412652848492467,0.5463078492136665,0.5912805710187441,0.14285714285714285,0.14285714285714285,0.45250662386723883,44.5,MEDIUM,Soon (1 month),"Frequent altitude changes, Speed instability, Declining fuel efficiency, High flight hours, Extensive mileage",📅 Plan maintenance within next month | 🔧 Routine inspections recommended | 📈 Track efficiency trends | 🔧 Check pressurization system | 🔧 Inspect throttle control system | ⛽ Engine performance check needed | 🕐 Review airframe hours for scheduled maintenance,70524.36,2
06a0ac,2,1.999722222222222,1314.2951863589515,12039.6,171.65714285714284,QTR540,1,46.94619578512556,1,51.33738110195293,26373476.193034284,10096.32984047619,0,2025-12-30 03:38:37,06a0ac,0.18287167891464107,0.18415939200289577,0.9098162650010471,0.7392727966810724,0.5,0.5,0.7781871744670674,50.3,MEDIUM,Soon (1 month),"Frequent altitude changes, Speed instability, Repeated high-risk operations, Declining fuel efficiency",📅 Plan maintenance within next month | 🔧 Routine inspections recommended | 📈 Track efficiency trends | 🔧 Check pressurization system | 🔧 Inspect throttle control system | ⛽ Engine performance check needed,99013.14,2
80167f,5,5.332222222222223,1952.7077142197215,10838.688,118.75850793650793,AIC1701,1,31.69153443139798,1,52.61183224860527,19720439.26872,8824.717325698413,1,2025-12-30 08:48:37,80167f,0.521961560203505,0.27361392565570436,0.6135446827108818,0.7199115506648941,0.2,0.2,0.5819174102485383,49.4,MEDIUM,Soon (1 month),"Frequent altitude changes, Speed instability, Declining fuel efficiency, High flight hours",📅 Plan maintenance within next month | 🔧 Routine inspections recommended | 📈 Track efficiency trends | 🔧 Check pressurization system | 🔧 Inspect throttle control system | ⛽ Engine performance check needed | 🕐 Review airframe hours for scheduled maintenance,100519.53,2
801665,3,2.925,1318.2787435437494,11988.799999999997,149.27518518518517,AIC111,1,39.647822682460436,1,44.33543133006334,22653242.757939998,11702.847400925928,1,2025-12-30 06:18:36,801665,0.2770209157716224,0.18471756909794662,0.768069391889229,0.8456452319702373,0.3333333333333333,0.3333333333333333,0.6685057516292807,48.7,MEDIUM,Soon (1 month),"Frequent altitude changes, Speed instability, Repeated high-risk operations, Declining fuel efficiency",📅 Plan maintenance within next month | 🔧 Routine inspections recommended | 📈 Track efficiency trends | 🔧 Check pressurization system | 🔧 Inspect throttle control system | ⛽ Engine performance check needed,99513.18,2
80163f,11,7.28861111111111,4087.713840725799,9350.432727272728,165.8963658008658,AIC2183,0,20.56941642692518,1,68.65824417761667,13605537.539603638,5260.840746457433,1,2025-12-30 09:48:34,80163f,0.7210288298473715,0.5727715534554867,0.3975341516873337,0.4761371777902633,0.0,0.0,0.40145240848874614,48.6,MEDIUM,Soon (1 month),"Frequent altitude changes, Speed instability, Declining fuel efficiency, High flight hours, Extensive mileage",📅 Plan maintenance within next month | 🔧 Routine inspections recommended | 📈 Track efficiency trends | 🔧 Check pressurization system | 🔧 Inspect throttle control system | ⛽ Engine performance check needed | 🕐 Review airframe hours for scheduled maintenance,72540.88,2
80167e,5,4.837222222222222,2414.443293625182,10213.848000000002,138.24599999999998,AIC1777,1,34.5832898948584,1,57.373698220866416,13492068.370648002,11087.942053904762,0,2025-12-30 02:08:35,80167e,0.4715941209723008,0.3383124381755476,0.669707513657391,0.6475700891446226,0.2,0.2,0.39827749059601913,47.6,MEDIUM,Soon (1 month),"Frequent altitude changes, Speed instability, Declining fuel efficiency, High flight hours, Extensive mileage",📅 Plan maintenance within next month | 🔧 Routine inspections recommended | 📈 Track efficiency trends | 🔧 Check pressurization system | 🔧 Inspect throttle control system | ⛽ Engine performance check needed | 🕐 Review airframe hours for scheduled maintenance,100524.14,2
801640,6,6.0663888888888895,4100.95638261494,11250.93,187.77605555555556,AIC2414,0,27.66533302219571,0,67.430422024777,19166849.301085126,3832.5147997619047,1,2025-12-30 09:48:34,801640,0.5966647823629171,0.5746271019564542,0.5353489735788813,0.49479004402816185,0.0,0.0,0.5654419507432628,50.2,MEDIUM,Soon (1 month),"Frequent altitude changes, Declining fuel efficiency, High flight hours, Extensive mileage",📅 Plan maintenance within next month | 🔧 Routine inspections recommended | 📈 Track efficiency trends | 🔧 Check pressurization system | ⛽ Engine performance check needed | 🕐 Review airframe hours for scheduled maintenance,70041.01,2
801622,9,5.114999999999999,2200.8108022269007,8515.773333333333,130.6902222222222,IGO5032,0,25.366131585515156,3,63.45397344635218,11221440.460300002,9298.577328888889,1,2025-12-30 10:08:34,801622,0.49985867721876776,0.3083781965102766,0.49069455406384466,0.5551995774965857,0.0,0.0,0.33125222413651917,40.1,MEDIUM,Soon (1 month),"Speed instability, Declining fuel efficiency, High flight hours, Extensive mileage",📅 Plan maintenance within next month | 🔧 Routine inspections recommended | 📈 Track efficiency trends | 🔧 Inspect throttle control system | ⛽ Engine performance check needed | 🕐 Review airframe hours for scheduled maintenance,71522.01,2
801632,7,5.185833333333333,3000.66179254924,10169.434285714286,160.11602721088437,AKJ1819,0,24.787048672448346,0,60.359500472918135,18389240.772465307,6642.511097687076,1,2025-12-30 09:08:33,801632,0.5070661390616168,0.4204535305748773,0.47944777467273225,0.602210286919577,0.0,0.0,0.5425891592903216,45.1,MEDIUM,Soon (1 month),"Frequent altitude changes, Speed instability, Declining fuel efficiency, High flight hours, Extensive mileage",📅 Plan maintenance within next month | 🔧 Routine inspections recommended | 📈 Track efficiency trends | 🔧 Check pressurization system | 🔧 Inspect throttle control system | ⛽ Engine performance check needed | 🕐 Review airframe hours for scheduled maintenance,70530.01,2
80163c,8,5.201666666666666,2634.635125862519,8998.2675,143.725625,IGO1106,1,27.82974214085879,3,67.64911334737138,11751453.593820002,7733.607257916667,1,2025-12-30 10:08:34,80163c,0.5086772187676655,0.3691657764284025,0.5385420795154704,0.49146772248647286,0.125,0.125,0.3468388768845566,43.0,MEDIUM,Soon (1 month),"Speed instability, Declining fuel efficiency, High flight hours, Extensive mileage",📅 Plan maintenance within next month | 🔧 Routine inspections recommended | 📈 Track efficiency trends | 🔧 Inspect throttle control system | ⛽ Engine performance check needed | 🕐 Review airframe hours for scheduled maintenance,71026.35,2
801611,4,3.2619444444444445,2069.375342571286,11045.19,179.1914642857143,IGO8551,2,39.98410002141083,2,47.00850401348604,22097558.823227145,11778.190965119047,1,2025-12-30 07:18:12,801611,0.31130582249858685,0.2899614248527196,0.7746004722579724,0.8050363643970726,0.5,0.5,0.652117998254307,52.7,MEDIUM,Soon (1 month),"Frequent altitude changes, Speed instability, Repeated high-risk operations, Declining fuel efficiency, High flight hours",📅 Plan maintenance within next month | 🔧 Routine inspections recommended | 📈 Track efficiency trends | 🔧 Check pressurization system | 🔧 Inspect throttle control system | ⛽ Engine performance check needed | 🕐 Review airframe hours for scheduled maintenance,100020.69,2
80161d,6,4.333055555555555,2730.1215951812824,10767.06,172.16347222222223,AKJ1311,1,20.657787641984275,0,64.74572026347413,17780840.728569996,5473.838798055555,1,2025-12-30 09:38:37,80161d,0.42029395138496334,0.3825453659732462,0.39925047164405725,0.5355755785833218,0.16666666666666666,0.16666666666666666,0.5246098444538647,41.1,MEDIUM,Soon (1 month),"Frequent altitude changes, Speed instability, Declining fuel efficiency, High flight hours, Extensive mileage",📅 Plan maintenance within next month | 🔧 Routine inspections recommended | 📈 Track efficiency trends | 🔧 Check pressurization system | 🔧 Inspect throttle control system | ⛽ Engine performance check needed | 🕐 Review airframe hours for scheduled maintenance,70027.3,2
801602,7,5.5905555555555555,3192.935238390118,10285.91142857143,167.8905782312925,AIC2654,0,26.68552952526181,1,60.371962933562216,16925381.119545307,7183.479927891158,1,2025-12-30 09:28:35,801602,0.5482475975127192,0.44739493708071154,0.5163195159174624,0.6020209593277499,0.0,0.0,0.49942836932795337,47.0,MEDIUM,Soon (1 month),"Frequent altitude changes, Speed instability, Declining fuel efficiency, High flight hours, Extensive mileage",📅 Plan maintenance within next month | 🔧 Routine inspections recommended | 📈 Track efficiency trends | 🔧 Check pressurization system | 🔧 Inspect throttle control system | ⛽ Engine performance check needed | 🕐 Review airframe hours for scheduled maintenance,70531.93,2
8015d3,7,5.663055555555555,3341.6747944686995,10364.288571428571,163.89009523809526,IGO233P,1,23.616016792765404,1,69.1909721682773,13992188.052434282,5238.964723412698,1,2025-12-30 08:28:35,8015d3,0.555624646693047,0.46823636334363267,0.45670433515212217,0.4680440643633754,0.14285714285714285,0.14285714285714285,0.4128560743942828,45.0,MEDIUM,Soon (1 month),"Frequent altitude changes, Speed instability, Declining fuel efficiency, High flight hours, Extensive mileage",📅 Plan maintenance within next month | 🔧 Routine inspections recommended | 📈 Track efficiency trends | 🔧 Check pressurization system | 🔧 Inspect throttle control system | ⛽ Engine performance check needed | 🕐 Review airframe hours for scheduled maintenance,70533.42,2
06a0c0,2,2.588611111111111,1831.6464385114837,11730.990000000002,180.3030357142857,QTR540,1,50.72493200251713,2,43.78473150469125,27755603.878082145,11295.133551190476,0,2025-12-29 03:14:06,06a0c0,0.242792538157151,0.2566507874193941,0.9832057773752557,0.8540113704668776,0.5,0.5,0.8189885834013262,56.9,MEDIUM,Soon (1 month),"Frequent altitude changes, Speed instability, Repeated high-risk operations, Declining fuel efficiency",📅 Plan maintenance within next month | 🔧 Routine inspections recommended | 📈 Track efficiency trends | 🔧 Check pressurization system | 🔧 Inspect throttle control system | ⛽ Engine performance check needed,120018.32,2
80159e,1,0.5005555555555555,288.2967807492881,11049.0,147.44,AIC130,1,50.02357824046352,1,34.175051624004695,22771541.5536,13800.272999999996,0,2025-12-30 09:48:34,80159e,0.030327868852459017,0.0403962218002682,0.9695842892274374,1.0,1.0,1.0,0.672056855072792,52.7,MEDIUM,Soon (1 month),"Frequent altitude changes, Speed instability, Repeated high-risk operations, Declining fuel efficiency",📅 Plan maintenance within next month | 🔧 Routine inspections recommended | 📈 Track efficiency trends | 🔧 Check pressurization system | 🔧 Inspect throttle control system | ⛽ Engine performance check needed,119502.88,2
8015ad,4,3.0258333333333334,1653.1541809976827,9043.035,141.94972222222222,IGO442,1,31.857499270665716,1,55.58128596376762,17584147.0897,8450.393726944445,1,2025-12-30 10:08:34,8015ad,0.28728094968908996,0.23164040469705463,0.6167680033991755,0.6748001126439619,0.25,0.25,0.5188961318750457,42.0,MEDIUM,Soon (1 month),"Frequent altitude changes, Speed instability, Repeated high-risk operations, Declining fuel efficiency, High flight hours",📅 Plan maintenance within next month | 🔧 Routine inspections recommended | 📈 Track efficiency trends | 🔧 Check pressurization system | 🔧 Inspect throttle control system | ⛽ Engine performance check needed | 🕐 Review airframe hours for scheduled maintenance,100016.53,2
8015c6,10,7.204722222222222,3627.70063865446,10744.2,176.55741666666665,IGO2471,0,13.462262558270657,0,68.5974633720906,12873143.995596,5854.365888833334,1,2025-12-30 08:58:35,8015c6,0.7124929338609386,0.5083143809070163,0.2595010827505778,0.47706054949575616,0.0,0.0,0.3798678642250017,44.1,MEDIUM,Soon (1 month),"Frequent altitude changes, Speed instability, Declining fuel efficiency, High flight hours, Extensive mileage",📅 Plan maintenance within next month | 🔧 Routine inspections recommended | 📈 Track efficiency trends | 🔧 Check pressurization system | 🔧 Inspect throttle control system | ⛽ Engine performance check needed | 🕐 Review airframe hours for scheduled maintenance,72036.28,2
801597,4,7.665277777777777,5237.632911509299,10523.220000000001,213.2799705882353,AIC2361,0,14.113416091549183,1,87.2589714479937,6115096.2831530925,2043.4290678028715,0,2025-12-30 00:48:35,801597,0.7593555681175806,0.7338985203088733,0.2721475967009592,0.19355807877372933,0.0,0.0,0.18042589434566791,43.8,MEDIUM,Soon (1 month),"High flight hours, Extensive mileage",📅 Plan maintenance within next month | 🔧 Routine inspections recommended | 📈 Track efficiency trends | 🕐 Review airframe hours for scheduled maintenance,54052.38,2
801570,6,4.328611111111112,2726.4097680825307,9775.19,170.3735,BDA308,0,23.35790335901066,0,62.24583932574679,15961267.846985713,7099.856178611112,0,2025-12-30 09:48:34,801570,0.41984171848502,0.38202526377031587,0.4516913313459,0.5735533464825702,0.0,0.0,0.47098924654736785,40.5,MEDIUM,Soon (1 month),"Frequent altitude changes, Speed instability, Declining fuel efficiency, High flight hours, Extensive mileage",📅 Plan maintenance within next month | 🔧 Routine inspections recommended | 📈 Track efficiency trends | 🔧 Check pressurization system | 🔧 Inspect throttle control system | ⛽ Engine performance check needed | 🕐 Review airframe hours for scheduled maintenance,70027.26,2
801581,6,6.871944444444446,4678.331254625056,10829.29,180.54403318903317,IGO1058,0,25.995891580775748,0,59.92106117628458,17280947.223750714,7344.396957846319,0,2025-12-30 08:18:37,801581,0.6786319954776713,0.6555290229942239,0.5029255689603708,0.6088709824727805,0.0,0.0,0.5099205877451797,54.4,MEDIUM,Soon (1 month),"Frequent altitude changes, Speed instability, Declining fuel efficiency, High flight hours, Extensive mileage",📅 Plan maintenance within next month | 🔧 Routine inspections recommended | 📈 Track efficiency trends | 🔧 Check pressurization system | 🔧 Inspect throttle control system | ⛽ Engine performance check needed | 🕐 Review airframe hours for scheduled maintenance,80046.78,2
801547,6,7.371666666666667,5184.121960755491,10871.199999999999,184.28837373737375,AKJ1802,0,26.109565363043785,1,60.59956016225882,16372334.989519527,7763.994362929293,1,2025-12-30 08:48:37,801547,0.7294799321650652,0.726400551619192,0.5051333079954448,0.5985633407685997,0.0,0.0,0.48313331845817364,56.7,MEDIUM,Soon (1 month),"Frequent altitude changes, Speed instability, Declining fuel efficiency, High flight hours, Extensive mileage",📅 Plan maintenance within next month | 🔧 Routine inspections recommended | 📈 Track efficiency trends | 🔧 Check pressurization system | 🔧 Inspect throttle control system | ⛽ Engine performance check needed | 🕐 Review airframe hours for scheduled maintenance,70051.84,2
801549,6,4.199722222222222,1949.8518771532492,10976.61,161.6518015873016,AKJ1497,0,27.969521460873505,0,57.69814562833372,17259593.960005715,8183.96603468254,1,2025-12-30 09:38:37,801549,0.40672696438665923,0.2732137650043686,0.5412568326884134,0.642641139069301,0.0,0.0,0.5093155334418682,41.2,MEDIUM,Soon (1 month),"Frequent altitude changes, Speed instability, Declining fuel efficiency, High flight hours",📅 Plan maintenance within next month | 🔧 Routine inspections recommended | 📈 Track efficiency trends | 🔧 Check pressurization system | 🔧 Inspect throttle control system | ⛽ Engine performance check needed | 🕐 Review airframe hours for scheduled maintenance,80019.5,2
80154b,6,6.289444444444444,3986.945855149321,10623.550000000001,184.78504166666667,IGO432M,0,12.204478440593464,0,75.4675790510141,12765608.781918189,2995.9176539484124,1,2025-12-30 07:08:35,80154b,0.61936122102883,0.5586519164441612,0.23507276657346365,0.37269091542336674,0.0,0.0,0.37661178767325976,40.7,MEDIUM,Soon (1 month),"Frequent altitude changes, High flight hours, Extensive mileage",📅 Plan maintenance within next month | 🔧 Routine inspections recommended | 📈 Track efficiency trends | 🔧 Check pressurization system | 🕐 Review airframe hours for scheduled maintenance,60039.87,2
80154d,9,6.648055555555556,4368.108258563381,10738.273333333334,193.6143888888889,IGO5273,0,19.604908139846273,0,71.72243222688961,13345221.504588095,5055.641765238095,1,2025-12-30 09:08:33,80154d,0.6558507631430188,0.6120604940572004,0.3788017531293665,0.4295865518069586,0.0,0.0,0.3937682981281481,46.6,MEDIUM,Soon (1 month),"Frequent altitude changes, High flight hours, Extensive mileage",📅 Plan maintenance within next month | 🔧 Routine inspections recommended | 📈 Track efficiency trends | 🔧 Check pressurization system | 🕐 Review airframe hours for scheduled maintenance,61543.68,2
801530,8,5.173055555555555,2256.34303951143,8866.822499999998,133.73751785714285,FQA321,0,25.579525599737764,3,58.996266685597,13184910.968835,9798.682945892859,1,2025-12-30 07:18:12,801530,0.5057659694742793,0.31615938840767005,0.49483903035072946,0.6229203037791649,0.0,0.0,0.38917981304201016,42.1,MEDIUM,Soon (1 month),"Frequent altitude changes, Speed instability, Declining fuel efficiency, High flight hours, Extensive mileage",📅 Plan maintenance within next month | 🔧 Routine inspections recommended | 📈 Track efficiency trends | 🔧 Check pressurization system | 🔧 Inspect throttle control system | ⛽ Engine performance check needed | 🕐 Review airframe hours for scheduled maintenance,81022.56,2
801534,7,4.663888888888889,2753.218023602548,10288.088571428572,156.18386734693877,AIC2838,0,26.03811438551449,0,63.46710687686662,19285355.945340004,5029.557526564626,1,2025-12-30 09:58:35,801534,0.4539570378745055,0.3857816436828847,0.5037456079555739,0.5550000566441038,0.0,0.0,0.5689726277910659,43.2,MEDIUM,Soon (1 month),"Frequent altitude changes, Declining fuel efficiency, High flight hours, Extensive mileage",📅 Plan maintenance within next month | 🔧 Routine inspections recommended | 📈 Track efficiency trends | 🔧 Check pressurization system | ⛽ Engine performance check needed | 🕐 Review airframe hours for scheduled maintenance,70527.53,2
801495,6,7.872222222222223,4582.67475067599,10662.92,163.8747175324675,AIC2636,0,20.160261281010197,1,62.86221169487647,16115419.417448355,6462.351729674491,1,2025-12-30 07:08:35,801495,0.7804126625211987,0.6421256081516381,0.38958765981370225,0.5641895218215454,0.0,0.0,0.4755171654699694,53.4,MEDIUM,Soon (1 month),"Frequent altitude changes, Speed instability, Declining fuel efficiency, High flight hours, Extensive mileage",📅 Plan maintenance within next month | 🔧 Routine inspections recommended | 📈 Track efficiency trends | 🔧 Check pressurization system | 🔧 Inspect throttle control system | ⛽ Engine performance check needed | 🕐 Review airframe hours for scheduled maintenance,70045.83,2
8016b1,7,6.292222222222223,4269.419155783514,10180.319999999998,187.4067693259122,IGO110W,1,18.55407867850738,2,75.95904420361444,9714886.996663898,4813.183260414347,1,2025-12-30 09:58:35,8016b1,0.6196438665912947,0.5982321506577231,0.35839284990898,0.3652246600452236,0.14285714285714285,0.14285714285714285,0.28668392095591005,44.4,MEDIUM,Soon (1 month),"High flight hours, Extensive mileage",📅 Plan maintenance within next month | 🔧 Routine inspections recommended | 📈 Track efficiency trends | 🕐 Review airframe hours for scheduled maintenance,60542.69,2
801819,6,6.088055555555555,4211.514190918173,9892.029999999999,170.50680555555556,IGO1073,0,24.602887662573654,0,74.10978260348791,11089841.71428143,5171.3725945634915,1,2025-12-30 08:58:35,801819,0.5988694177501415,0.5901184915389581,0.47587105326761253,0.39331832913749853,0.0,0.0,0.32724896817007715,45.5,MEDIUM,Soon (1 month),"Speed instability, High flight hours, Extensive mileage",📅 Plan maintenance within next month | 🔧 Routine inspections recommended | 📈 Track efficiency trends | 🔧 Inspect throttle control system | 🕐 Review airframe hours for scheduled maintenance,60042.12,2
801428,9,7.190555555555554,5167.428476043338,10212.493333333334,191.9146111111111,IGO110J,0,14.084968263549907,0,73.22635860277107,11682491.821861587,4736.05272845679,1,2025-12-30 08:28:35,801428,0.7110514414923687,0.7240614560895824,0.27159509128516357,0.4067391569655433,0.0,0.0,0.3447164264503858,47.2,MEDIUM,Soon (1 month),"High flight hours, Extensive mileage",📅 Plan maintenance within next month | 🔧 Routine inspections recommended | 📈 Track efficiency trends | 🕐 Review airframe hours for scheduled maintenance,61551.67,2
8014ae,7,5.165555555555556,3367.1887460394046,9972.402857142855,171.61119047619044,AIC2744,0,17.043732060406047,0,67.00776187724246,14563208.43112857,5486.804353741498,1,2025-12-30 09:18:35,8014ae,0.5050028264556248,0.47181138504166475,0.3290593385333152,0.5012110254201483,0.0,0.0,0.4297057106706225,40.5,MEDIUM,Soon (1 month),"Frequent altitude changes, Speed instability, Declining fuel efficiency, High flight hours, Extensive mileage",📅 Plan maintenance within next month | 🔧 Routine inspections recommended | 📈 Track efficiency trends | 🔧 Check pressurization system | 🔧 Inspect throttle control system | ⛽ Engine performance check needed | 🕐 Review airframe hours for scheduled maintenance,70533.67,2
80142b,5,5.526944444444444,3287.9631213833995,12449.556,172.74825238095235,IGO236W,0,17.353348919227653,1,67.72567456586576,13457880.374507999,5778.859685998557,1,2025-12-30 08:08:33,80142b,0.5417750141322782,0.46071026938733506,0.3350726268351478,0.49030461741927467,0.0,0.0,0.3971125187220576,40.8,MEDIUM,Soon (1 month),"Frequent altitude changes, Speed instability, Declining fuel efficiency, High flight hours, Extensive mileage",📅 Plan maintenance within next month | 🔧 Routine inspections recommended | 📈 Track efficiency trends | 🔧 Check pressurization system | 🔧 Inspect throttle control system | ⛽ Engine performance check needed | 🕐 Review airframe hours for scheduled maintenance,69532.88,2
801439,4,4.836388888888888,3199.032371865931,10593.705,180.51380952380953,AIC2971,0,20.46721571942028,1,64.69019528006683,16882856.014440216,5614.829411688312,0,2025-12-30 08:28:35,801439,0.4715093273035614,0.4482492690492984,0.39554923936305897,0.5364191047291585,0.0,0.0,0.4981278178173941,41.7,MEDIUM,Soon (1 month),"Frequent altitude changes, Speed instability, Declining fuel efficiency, High flight hours, Extensive mileage",📅 Plan maintenance within next month | 🔧 Routine inspections recommended | 📈 Track efficiency trends | 🔧 Check pressurization system | 🔧 Inspect throttle control system | ⛽ Engine performance check needed | 🕐 Review airframe hours for scheduled maintenance,69031.99,2
80140a,3,2.8355555555555556,1621.946078478066,11381.74,157.80877777777775,IGO5002,0,34.176301519054235,0,54.25958528605302,18237315.1382,10525.810491111111,1,2025-12-30 06:08:34,80140a,0.2679197286602601,0.2272675170495707,0.6618031041607003,0.6948791655352398,0.0,0.0,0.5382226298456994,40.3,MEDIUM,Soon (1 month),"Frequent altitude changes, Speed instability, Declining fuel efficiency",📅 Plan maintenance within next month | 🔧 Routine inspections recommended | 📈 Track efficiency trends | 🔧 Check pressurization system | 🔧 Inspect throttle control system | ⛽ Engine performance check needed,99516.22,2
801405,10,6.537222222222223,3744.6960214828327,10483.596,180.87383809523809,IGO264N,0,16.85447358410099,0,66.79693917728267,14864469.658098001,5461.163334857143,1,2025-12-30 07:48:33,801405,0.6445732052006785,0.524707805148726,0.3253836156223623,0.5044138081791723,0.0,0.0,0.4385906965563112,45.1,MEDIUM,Soon (1 month),"Frequent altitude changes, Speed instability, Declining fuel efficiency, High flight hours, Extensive mileage",📅 Plan maintenance within next month | 🔧 Routine inspections recommended | 📈 Track efficiency trends | 🔧 Check pressurization system | 🔧 Inspect throttle control system | ⛽ Engine performance check needed | 🕐 Review airframe hours for scheduled maintenance,72037.45,2
801442,12,7.601111111111111,4736.764913157715,10466.705,188.01218749999998,IGO421P,0,14.478919494858088,0,72.87561696257248,11698237.398409287,4795.3425572123015,1,2025-12-30 10:18:36,801442,0.7528264556246469,0.6637167628106431,0.2792462971650183,0.4120675645720966,0.0,0.0,0.3451825932023546,47.3,MEDIUM,Soon (1 month),"High flight hours, Extensive mileage",📅 Plan maintenance within next month | 🔧 Routine inspections recommended | 📈 Track efficiency trends | 🕐 Review airframe hours for scheduled maintenance,63047.37,2
801445,6,6.831666666666666,4123.197981591703,10412.730000000001,162.4634487734488,IGO1642,0,31.057303437477383,1,57.56880091314758,16800238.81881,9142.55353100048,1,2025-12-30 09:38:37,801445,0.6745336348219334,0.577743600736367,0.6012268333827875,0.6446061220803716,0.0,0.0,0.49579506275506124,55.1,MEDIUM,Soon (1 month),"Frequent altitude changes, Speed instability, Declining fuel efficiency, High flight hours, Extensive mileage",📅 Plan maintenance within next month | 🔧 Routine inspections recommended | 📈 Track efficiency trends | 🔧 Check pressurization system | 🔧 Inspect throttle control system | ⛽ Engine performance check needed | 🕐 Review airframe hours for scheduled maintenance,101041.23,2
8013dc,6,6.692222222222223,3429.636603709021,10010.140000000001,165.71090873015874,IGO259U,0,23.68836732117552,1,65.17159483258187,11057795.703104759,8192.599514801588,1,2025-12-30 07:28:36,8013dc,0.6603448275862072,0.48056159551164285,0.45810950600675776,0.5291057642430956,0.0,0.0,0.3263928780848377,46.5,MEDIUM,Soon (1 month),"Speed instability, Declining fuel efficiency, High flight hours, Extensive mileage",📅 Plan maintenance within next month | 🔧 Routine inspections recommended | 📈 Track efficiency trends | 🔧 Inspect throttle control system | ⛽ Engine performance check needed | 🕐 Review airframe hours for scheduled maintenance,70034.3,2
8013d5,7,4.661666666666666,2698.0998086256545,10544.991428571428,174.2980986394558,IGO699J,0,27.82563900620357,0,57.94447122832532,18004738.82916,8299.425299829933,1,2025-12-30 06:48:37,8013d5,0.4537309214245337,0.37805846470164683,0.5384623896312793,0.6388990022647263,0.0,0.0,0.5312970914250524,44.6,MEDIUM,Soon (1 month),"Frequent altitude changes, Speed instability, Declining fuel efficiency, High flight hours, Extensive mileage",📅 Plan maintenance within next month | 🔧 Routine inspections recommended | 📈 Track efficiency trends | 🔧 Check pressurization system | 🔧 Inspect throttle control system | ⛽ Engine performance check needed | 🕐 Review airframe hours for scheduled maintenance,80526.98,2
800d34,6,6.199444444444444,4256.390079136917,10803.89,183.03320634920632,IGO6472,0,20.38834788354874,1,67.51768601814506,14162394.826518463,6144.231564206349,1,2025-12-30 06:48:37,800d34,0.6102035048049747,0.5964065129634668,0.39401749126432106,0.4934643442173915,0.0,0.0,0.4179030480567484,46.6,MEDIUM,Soon (1 month),"Frequent altitude changes, Speed instability, Declining fuel efficiency, High flight hours, Extensive mileage",📅 Plan maintenance within next month | 🔧 Routine inspections recommended | 📈 Track efficiency trends | 🔧 Check pressurization system | 🔧 Inspect throttle control system | ⛽ Engine performance check needed | 🕐 Review airframe hours for scheduled maintenance,70042.56,2
8013e2,7,5.42388888888889,3623.75228687682,11007.634285714286,173.9210476190476,IGO201,1,27.31516928936179,1,61.052743973203576,15618177.302095102,8597.418355068028,1,2025-12-30 09:58:35,8013e2,0.5312888637648392,0.5077611368030048,0.5285481957194643,0.59167864905068,0.14285714285714285,0.14285714285714285,0.46091391358002104,48.9,MEDIUM,Soon (1 month),"Frequent altitude changes, Speed instability, Declining fuel efficiency, High flight hours, Extensive mileage",📅 Plan maintenance within next month | 🔧 Routine inspections recommended | 📈 Track efficiency trends | 🔧 Check pressurization system | 🔧 Inspect throttle control system | ⛽ Engine performance check needed | 🕐 Review airframe hours for scheduled maintenance,70536.24,2
800d36,7,4.684444444444444,2426.9953515693087,9974.58,161.8455,IGO248Y,1,26.349422567064398,0,64.65230777252717,15775842.96438,6797.411847380952,1,2025-12-30 08:48:37,800d36,0.456048615036744,0.3400712358820046,0.509791744633995,0.5369946853281812,0.14285714285714285,0.14285714285714285,0.46551119297274024,42.5,MEDIUM,Soon (1 month),"Frequent altitude changes, Speed instability, Declining fuel efficiency, High flight hours, Extensive mileage",📅 Plan maintenance within next month | 🔧 Routine inspections recommended | 📈 Track efficiency trends | 🔧 Check pressurization system | 🔧 Inspect throttle control system | ⛽ Engine performance check needed | 🕐 Review airframe hours for scheduled maintenance,70524.27,2
800cff,5,4.499722222222222,2850.3487393526093,11155.680000000002,168.71826666666666,AIC2239,0,29.756594548918827,1,57.12166927410326,20829138.01906,7004.227657515153,1,2025-12-30 09:48:34,800cff,0.43725268513284354,0.399391625476162,0.5759648448288456,0.6513988702275987,0.0,0.0,0.6145649398961787,46.4,MEDIUM,Soon (1 month),"Frequent altitude changes, Speed instability, Declining fuel efficiency, High flight hours, Extensive mileage",📅 Plan maintenance within next month | 🔧 Routine inspections recommended | 📈 Track efficiency trends | 🔧 Check pressurization system | 🔧 Inspect throttle control system | ⛽ Engine performance check needed | 🕐 Review airframe hours for scheduled maintenance,79528.5,2
800c83,3,2.521666666666667,1213.3011779121427,10452.1,144.01541666666665,AXB1516,1,35.07065642197238,1,48.83560053627059,21499531.931725714,10110.91129797619,0,2025-12-30 10:18:36,800c83,0.23598078010175247,0.1700080846067048,0.6791730041586297,0.7772794234065478,0.3333333333333333,0.3333333333333333,0.6344299345092842,44.2,MEDIUM,Soon (1 month),"Frequent altitude changes, Speed instability, Repeated high-risk operations, Declining fuel efficiency",📅 Plan maintenance within next month | 🔧 Routine inspections recommended | 📈 Track efficiency trends | 🔧 Check pressurization system | 🔧 Inspect throttle control system | ⛽ Engine performance check needed,99512.13,2
800c86,4,8.521388888888888,6247.290071348407,11207.115000000002,218.7989962121212,AIC2303,0,20.876519321929074,1,80.1865055623561,4865393.479531629,5701.628085454546,1,2025-12-30 08:48:37,800c86,0.8464669304691916,0.8753719507963212,0.4034986145173434,0.30100178292240787,0.0,0.0,0.14367363385191276,52.7,MEDIUM,Soon (1 month),"Speed instability, High flight hours, Extensive mileage",📅 Plan maintenance within next month | 🔧 Routine inspections recommended | 📈 Track efficiency trends | 🔧 Inspect throttle control system | 🕐 Review airframe hours for scheduled maintenance,54062.47,2
800c8f,6,4.854722222222222,2408.898593885537,12824.460000000001,178.7032828282828,AIC2771,2,31.245487098575534,2,62.3515783491574,28344761.950915713,7013.89863090909,1,2025-12-30 08:48:37,800c8f,0.4733747880158282,0.33753551336939325,0.6048816815463675,0.571946977143784,0.3333333333333333,0.3333333333333333,0.8362396078223882,51.0,MEDIUM,Soon (1 month),"Frequent altitude changes, Speed instability, Repeated high-risk operations, Declining fuel efficiency, High flight hours, Extensive mileage",📅 Plan maintenance within next month | 🔧 Routine inspections recommended | 📈 Track efficiency trends | 🔧 Check pressurization system | 🔧 Inspect throttle control system | ⛽ Engine performance check needed | 🕐 Review airframe hours for scheduled maintenance,91024.09,2
800cc7,5,4.856944444444443,3255.561992995871,10741.152,169.4301641025641,AIC2930,0,24.566295475326946,1,58.98332068555417,14030846.149395272,9205.832077128205,1,2025-12-30 08:28:35,800cc7,0.4736009044657999,0.4561702146370886,0.47516037048261645,0.6231169772196596,0.0,0.0,0.4141133036991111,44.0,MEDIUM,Soon (1 month),"Frequent altitude changes, Speed instability, Declining fuel efficiency, High flight hours, Extensive mileage",📅 Plan maintenance within next month | 🔧 Routine inspections recommended | 📈 Track efficiency trends | 🔧 Check pressurization system | 🔧 Inspect throttle control system | ⛽ Engine performance check needed | 🕐 Review airframe hours for scheduled maintenance,79532.56,2
800cc8,6,4.96138888888889,2586.81923636842,10819.13,164.66572222222223,AIC2389,0,19.2745376689958,0,61.05430787029874,19256324.981896665,5724.325598293651,1,2025-12-30 08:28:35,800cc8,0.4842283776144717,0.36246580124116484,0.3723853942295408,0.5916548905908261,0.0,0.0,0.5681368477316269,41.4,MEDIUM,Soon (1 month),"Frequent altitude changes, Speed instability, Declining fuel efficiency, High flight hours, Extensive mileage",📅 Plan maintenance within next month | 🔧 Routine inspections recommended | 📈 Track efficiency trends | 🔧 Check pressurization system | 🔧 Inspect throttle control system | ⛽ Engine performance check needed | 🕐 Review airframe hours for scheduled maintenance,70025.87,2
800c64,7,4.831111111111111,2230.652136209546,10265.22857142857,142.68567857142858,AIC2644,0,33.66187679457802,1,59.83488121648367,18819440.978554286,6968.418333996598,1,2025-12-30 09:38:37,800c64,0.4709723007348786,0.31255957218587643,0.6518120972444761,0.610180213829159,0.0,0.0,0.5552875874267091,45.8,MEDIUM,Soon (1 month),"Frequent altitude changes, Speed instability, Declining fuel efficiency, High flight hours, Extensive mileage",📅 Plan maintenance within next month | 🔧 Routine inspections recommended | 📈 Track efficiency trends | 🔧 Check pressurization system | 🔧 Inspect throttle control system | ⛽ Engine performance check needed | 🕐 Review airframe hours for scheduled maintenance,101522.31,2
800c07,4,5.686666666666666,3679.8954839522085,9753.6,166.6734044117647,AIC2336,0,22.553640284801194,1,68.61650360973012,9362809.869699065,7547.163884350491,0,2025-12-30 02:38:38,800c07,0.5580271339739966,0.5156279365492215,0.4360711685610103,0.4767712934296343,0.0,0.0,0.27637999582466566,42.9,MEDIUM,Soon (1 month),"Speed instability, Declining fuel efficiency, High flight hours, Extensive mileage",📅 Plan maintenance within next month | 🔧 Routine inspections recommended | 📈 Track efficiency trends | 🔧 Inspect throttle control system | ⛽ Engine performance check needed | 🕐 Review airframe hours for scheduled maintenance,69036.8,2
800b82,6,9.258888888888889,5764.9005478322515,10360.659999999998,176.54027597402595,SEJ130,0,18.42228097870156,0,67.8023866879584,17195125.025587842,3971.8232736519035,1,2025-12-30 10:08:34,800b82,0.9215093273035614,0.8077794021197873,0.3558331134351098,0.48913921985016406,0.0,0.0,0.507289775431164,58.7,MEDIUM,Soon (1 month),"Frequent altitude changes, Declining fuel efficiency, High flight hours, Extensive mileage",📅 Plan maintenance within next month | 🔧 Routine inspections recommended | 📈 Track efficiency trends | 🔧 Check pressurization system | ⛽ Engine performance check needed | 🕐 Review airframe hours for scheduled maintenance,70057.65,2
800b44,2,1.833611111111111,858.2176280639542,10976.61,146.228,AXB136,0,39.19101446283203,0,44.25949192547864,20027100.10701,12060.761998333332,1,2025-12-30 03:48:37,800b44,0.16596947427925385,0.12025368290990598,0.75919739592064,0.8467988905458119,0.0,0.0,0.5910578623052019,40.4,MEDIUM,Soon (1 month),"Frequent altitude changes, Speed instability, Declining fuel efficiency",📅 Plan maintenance within next month | 🔧 Routine inspections recommended | 📈 Track efficiency trends | 🔧 Check pressurization system | 🔧 Inspect throttle control system | ⛽ Engine performance check needed,99008.58,2
800741,2,5.499166666666667,4355.415214350426,11734.8,230.41062499999998,AIC301,0,24.00988572424338,2,73.95964816807147,10215499.661125714,5333.456979166667,1,2025-12-30 01:58:37,800741,0.5389485585076317,0.6102819413171576,0.4643539426286855,0.3955991460579692,0.0,0.0,0.3014649073009929,43.9,MEDIUM,Soon (1 month),"Speed instability, High flight hours, Extensive mileage",📅 Plan maintenance within next month | 🔧 Routine inspections recommended | 📈 Track efficiency trends | 🔧 Inspect throttle control system | 🕐 Review airframe hours for scheduled maintenance,58043.55,2
800742,4,4.498333333333333,3233.2554213585304,11963.4,192.0909107142857,AIC301,0,23.064589433729125,1,69.71300303374944,16643511.666827142,4703.490493869049,1,2025-12-30 06:28:37,800742,0.4371113623516112,0.45304461187064904,0.4459946738629291,0.4601134598509987,0.0,0.0,0.4910414426235487,40.7,MEDIUM,Soon (1 month),"Frequent altitude changes, Declining fuel efficiency, High flight hours, Extensive mileage",📅 Plan maintenance within next month | 🔧 Routine inspections recommended | 📈 Track efficiency trends | 🔧 Check pressurization system | ⛽ Engine performance check needed | 🕐 Review airframe hours for scheduled maintenance,69032.33,2
800732,4,3.4238888888888885,1638.4123881432724,11430.0,157.60211309523808,AIC147,0,34.200669094166884,0,56.163310131654114,17971228.654245,8345.034627916666,1,2025-12-30 04:38:37,800732,0.327784058790277,0.2295747807510202,0.6622763640953389,0.6659581000400171,0.0,0.0,0.5303100493663521,41.3,MEDIUM,Soon (1 month),"Frequent altitude changes, Speed instability, Declining fuel efficiency, High flight hours",📅 Plan maintenance within next month | 🔧 Routine inspections recommended | 📈 Track efficiency trends | 🔧 Check pressurization system | 🔧 Inspect throttle control system | ⛽ Engine performance check needed | 🕐 Review airframe hours for scheduled maintenance,100016.38,2
800734,2,1.9994444444444441,1084.173346363034,12192.0,148.47642857142858,AIC154,0,41.58646238846961,0,44.418159542700586,21743761.996260002,10041.35400952381,0,2025-12-30 04:18:35,800734,0.1828434143583946,0.15191465841481921,0.8057210866644479,0.8443884389722822,0.0,0.0,0.6416314829381541,42.8,MEDIUM,Soon (1 month),"Frequent altitude changes, Speed instability, Declining fuel efficiency",📅 Plan maintenance within next month | 🔧 Routine inspections recommended | 📈 Track efficiency trends | 🔧 Check pressurization system | 🔧 Inspect throttle control system | ⛽ Engine performance check needed,99010.84,2
8004af,1,0.8358333333333333,492.7063783494172,13723.62,161.27499999999998,VTTDT,0,40.96903087621087,0,48.42454854214069,32782103.46792,8056.618429999999,0,2025-12-29 16:01:36,8004af,0.06444318824194462,0.06903814912702272,0.7937295119679695,0.7835240556976282,0.0,0.0,0.9671503738091642,40.3,MEDIUM,Soon (1 month),"Frequent altitude changes, Speed instability, Declining fuel efficiency",📅 Plan maintenance within next month | 🔧 Routine inspections recommended | 📈 Track efficiency trends | 🔧 Check pressurization system | 🔧 Inspect throttle control system | ⛽ Engine performance check needed,98504.93,2
800446,4,3.502222222222222,2143.492670823433,10144.125,155.8305606060606,BDA102,1,31.28218757225851,1,53.156606897396465,17809867.708639093,9729.582561439394,0,2025-12-30 07:18:12,800446,0.3357546636517807,0.30034676465268334,0.6055944674389364,0.7116354264475562,0.25,0.25,0.5255915230644967,44.9,MEDIUM,Soon (1 month),"Frequent altitude changes, Speed instability, Repeated high-risk operations, Declining fuel efficiency, High flight hours, Extensive mileage",📅 Plan maintenance within next month | 🔧 Routine inspections recommended | 📈 Track efficiency trends | 🔧 Check pressurization system | 🔧 Inspect throttle control system | ⛽ Engine performance check needed | 🕐 Review airframe hours for scheduled maintenance,100021.43,2
773645,4,7.093333333333333,5255.456997401802,10521.315,206.12150000000003,ALK141,0,16.708632399896935,0,76.4031052905081,9624119.62269,4445.86718540404,1,2025-12-30 03:08:38,773645,0.7011588468061053,0.7363960359773771,0.3225511306916726,0.35847855920633054,0.0,0.0,0.2839958904822657,46.9,MEDIUM,Soon (1 month),"High flight hours, Extensive mileage",📅 Plan maintenance within next month | 🔧 Routine inspections recommended | 📈 Track efficiency trends | 🕐 Review airframe hours for scheduled maintenance,59052.55,2
76cd17,2,1.835,1391.782830173496,10222.23,187.23722222222216,SIA508,1,33.64419246187303,1,61.01363375224286,17487395.6703,7261.028863888889,0,2025-12-30 10:08:34,76cd17,0.16611079706048618,0.19501698131824316,0.6514686372940542,0.5922728049049523,0.5,0.5,0.5160073546973274,40.1,MEDIUM,Soon (1 month),"Frequent altitude changes, Speed instability, Repeated high-risk operations, Declining fuel efficiency",📅 Plan maintenance within next month | 🔧 Routine inspections recommended | 📈 Track efficiency trends | 🔧 Check pressurization system | 🔧 Inspect throttle control system | ⛽ Engine performance check needed,89013.92,2
706212,4,5.002222222222222,3884.4884100505606,10466.07,208.05404166666668,JZR1539,0,19.381406796796057,0,72.86532114156064,14038643.636104412,3602.1705801587304,0,2025-12-30 02:58:37,706212,0.48838326738270216,0.5442955519140361,0.37446097525078814,0.41222397694150936,0.0,0.0,0.41417801088164496,40.9,MEDIUM,Soon (1 month),"Frequent altitude changes, High flight hours, Extensive mileage",📅 Plan maintenance within next month | 🔧 Routine inspections recommended | 📈 Track efficiency trends | 🔧 Check pressurization system | 🕐 Review airframe hours for scheduled maintenance,59038.84,2
706213,4,6.005833333333333,4201.313306667333,10220.325,186.66747596153846,JZR409,0,24.048843216473422,0,71.13236624720284,8901061.778119432,7721.2368114102555,1,2025-12-30 07:38:20,706213,0.5905031091011873,0.5886891409174048,0.4651105636769942,0.4385507342540472,0.0,0.0,0.26276580536311106,45.0,MEDIUM,Soon (1 month),"Speed instability, High flight hours, Extensive mileage",📅 Plan maintenance within next month | 🔧 Routine inspections recommended | 📈 Track efficiency trends | 🔧 Inspect throttle control system | 🕐 Review airframe hours for scheduled maintenance,59042.01,2
683274,3,4.826666666666667,4744.082917999658,10769.6,210.32309956709958,VSV5243,0,29.238317963824965,2,81.22558152274985,1.2131982317444407e-24,8175.105282693973,1,2025-12-30 05:08:39,683274,0.47052006783493516,0.6647421636006285,0.5658990281994793,0.28521631687961413,0.0,0.0,0.00024112587767993596,40.7,MEDIUM,Soon (1 month),"Speed instability, High flight hours, Extensive mileage",📅 Plan maintenance within next month | 🔧 Routine inspections recommended | 📈 Track efficiency trends | 🔧 Inspect throttle control system | 🕐 Review airframe hours for scheduled maintenance,53547.44,2
702034,5,6.6899999999999995,5105.999370859172,10658.856,216.38438383838388,BBC386,0,12.80595608296954,0,77.19243071981798,9226731.942812571,4535.593265424242,1,2025-12-30 06:58:37,702034,0.6601187111362353,0.7154539934895419,0.2467544898635958,0.3464872609413189,0.0,0.0,0.272277531574688,43.7,MEDIUM,Soon (1 month),"High flight hours, Extensive mileage",📅 Plan maintenance within next month | 🔧 Routine inspections recommended | 📈 Track efficiency trends | 🕐 Review airframe hours for scheduled maintenance,59551.06,2
507c50,1,2.0008333333333335,2522.0695281448343,12496.8,272.25454545454545,UZB553,1,51.58964598169544,1,67.36556370561375,15.835745454541222,12261.039067272726,0,2025-12-29 01:34:05,507c50,0.18298473713962696,0.35339305485771744,1.0,0.4957753606303823,1.0,1.0,0.00036210814564703104,49.1,MEDIUM,Soon (1 month),"Speed instability, Repeated high-risk operations, Declining fuel efficiency, Extensive mileage",📅 Plan maintenance within next month | 🔧 Routine inspections recommended | 📈 Track efficiency trends | 🔧 Inspect throttle control system | ⛽ Engine performance check needed,109525.22,2
4d22a3,6,4.168888888888889,2634.8841192448645,10266.679999999998,172.93851587301586,SEJ640,0,31.140483139562974,0,61.32426601168146,16943383.855100002,6979.473318492063,1,2025-12-30 02:18:37,4d22a3,0.40358959864330135,0.36920066544753716,0.6028423252891549,0.5875537322191535,0.0,0.0,0.4999533453362266,43.3,MEDIUM,Soon (1 month),"Frequent altitude changes, Speed instability, Declining fuel efficiency, High flight hours, Extensive mileage",📅 Plan maintenance within next month | 🔧 Routine inspections recommended | 📈 Track efficiency trends | 🔧 Check pressurization system | 🔧 Inspect throttle control system | ⛽ Engine performance check needed | 🕐 Review airframe hours for scheduled maintenance,91026.35,2
4cad30,4,5.999444444444444,5823.917527748266,10292.715,225.92171052631582,KZR163,0,22.329834815140337,2,84.00470424353294,45853.678164354074,6409.291281080543,1,2025-12-30 03:58:40,4cad30,0.5898530243075185,0.8160488770839998,0.43172448402412855,0.24299635509640227,0.0,0.0,0.0015415036188423654,43.4,MEDIUM,Soon (1 month),"Speed instability, High flight hours, Extensive mileage",📅 Plan maintenance within next month | 🔧 Routine inspections recommended | 📈 Track efficiency trends | 🔧 Inspect throttle control system | 🕐 Review airframe hours for scheduled maintenance,54058.24,2
4cae7d,3,8.999722222222221,6795.549189360361,10871.199999999999,209.7573657796452,SEJ088,0,19.595654603416197,2,87.77367643660115,4240212.695885564,2812.5090058193277,1,2025-12-30 07:48:33,4cae7d,0.8951384963256077,0.9521941646194113,0.3786220336445253,0.185738767742185,0.0,0.0,0.12514862392211026,53.0,MEDIUM,Soon (1 month),"High flight hours, Extensive mileage",📅 Plan maintenance within next month | 🔧 Routine inspections recommended | 📈 Track efficiency trends | 🕐 Review airframe hours for scheduled maintenance,53567.96,2
4cae80,2,2.665833333333333,1214.23213493744,11734.8,102.78062499999999,ITY769,1,41.247084345365145,2,43.740091420968376,19578415.6818,12324.95212767857,0,2025-12-29 04:34:06,4cae80,0.25065008479366874,0.17013853055335285,0.7991297853242493,0.8546895350598568,0.5,0.5,0.5778316445362199,49.3,MEDIUM,Soon (1 month),"Frequent altitude changes, Speed instability, Repeated high-risk operations, Declining fuel efficiency",📅 Plan maintenance within next month | 🔧 Routine inspections recommended | 📈 Track efficiency trends | 🔧 Check pressurization system | 🔧 Inspect throttle control system | ⛽ Engine performance check needed,99012.14,2
4ca7c6,4,6.500277777777779,6327.405620762078,9685.02,233.7267261904762,KZR931,0,15.0222176698621,2,89.95769768557302,23169.90799418234,4065.906494416613,1,2025-12-30 06:08:34,4ca7c6,0.6408140192198986,0.8865977629450162,0.2897980758136125,0.15255948674975273,0.0,0.0,0.0008033241708573086,41.8,MEDIUM,Soon (1 month),"High flight hours, Extensive mileage",📅 Plan maintenance within next month | 🔧 Routine inspections recommended | 📈 Track efficiency trends | 🕐 Review airframe hours for scheduled maintenance,54063.27,2
4bb165,4,3.6652777777777783,1504.5697409983604,10363.2,136.29641666666666,IGO011,0,31.50622424824368,1,51.61355242830379,15582774.47955,11723.812747222222,1,2025-12-30 09:08:33,4bb165,0.3523459581684569,0.21082071334052502,0.6099456423975949,0.735077248655447,0.0,0.0,0.45996191580168927,40.8,MEDIUM,Soon (1 month),"Frequent altitude changes, Speed instability, Declining fuel efficiency, High flight hours",📅 Plan maintenance within next month | 🔧 Routine inspections recommended | 📈 Track efficiency trends | 🔧 Check pressurization system | 🔧 Inspect throttle control system | ⛽ Engine performance check needed | 🕐 Review airframe hours for scheduled maintenance,100015.05,2
4b1919,1,3.4991666666666665,2835.394383271469,11277.6,213.58900000000003,SWR180,0,49.56115583669479,1,67.44699531939565,3.4828657370653795e-24,18315.857967368425,0,2025-12-30 05:08:39,4b1919,0.3354437535330696,0.39729621711411284,0.9606032562124038,0.49453826534268364,0.0,0.0,0.0005402288013576992,43.0,MEDIUM,Soon (1 month),"Speed instability, Declining fuel efficiency, High flight hours, Extensive mileage",📅 Plan maintenance within next month | 🔧 Routine inspections recommended | 📈 Track efficiency trends | 🔧 Inspect throttle control system | ⛽ Engine performance check needed | 🕐 Review airframe hours for scheduled maintenance,88528.35,2
49d1cd,7,4.785277777777778,2317.90613150828,9076.508571428572,137.63657142857144,SEJ879,0,26.993153691022307,2,55.50119155077847,15965669.07583959,9186.657968333333,0,2025-12-29 18:45:15,49d1cd,0.4663086489542116,0.32478562527563476,0.5222941027160269,0.6760168934036463,0.0,0.0,0.4711806119217887,43.5,MEDIUM,Soon (1 month),"Frequent altitude changes, Speed instability, Declining fuel efficiency, High flight hours, Extensive mileage",📅 Plan maintenance within next month | 🔧 Routine inspections recommended | 📈 Track efficiency trends | 🔧 Check pressurization system | 🔧 Inspect throttle control system | ⛽ Engine performance check needed | 🕐 Review airframe hours for scheduled maintenance,80523.18,2
47b12e,4,3.4999999999999996,1625.0555258877396,10664.19,155.36891666666668,IGO0033,0,28.553001048752257,0,49.86492716065761,18892465.360154998,10602.360644166667,1,2025-12-30 06:18:36,47b12e,0.33552854720180897,0.22770321364982749,0.5525890030150008,0.7616420676255059,0.0,0.0,0.5575486354493705,41.0,MEDIUM,Soon (1 month),"Frequent altitude changes, Speed instability, Declining fuel efficiency, High flight hours",📅 Plan maintenance within next month | 🔧 Routine inspections recommended | 📈 Track efficiency trends | 🔧 Check pressurization system | 🔧 Inspect throttle control system | ⛽ Engine performance check needed | 🕐 Review airframe hours for scheduled maintenance,79016.25,2
47c98d,3,1.5019444444444445,763.3127033448784,10017.76,141.68944444444443,IGO0031,1,45.09516417787008,2,47.0311535436767,16955033.831800003,13947.667105555556,1,2025-12-30 02:08:35,47c98d,0.13222159412097234,0.10695557954945419,0.8738660691603061,0.8046922765696779,0.3333333333333333,0.3333333333333333,0.500502490887782,43.3,MEDIUM,Soon (1 month),"Frequent altitude changes, Speed instability, Repeated high-risk operations, Declining fuel efficiency",📅 Plan maintenance within next month | 🔧 Routine inspections recommended | 📈 Track efficiency trends | 🔧 Check pressurization system | 🔧 Inspect throttle control system | ⛽ Engine performance check needed,99507.63,2
406ecd,1,0.4997222222222222,255.22518664851563,10363.2,155.25500000000002,VIR358,0,49.95552823670938,1,36.709504319764825,20655268.366800006,15545.6625,0,2025-12-29 01:44:09,406ecd,0.030243075183719617,0.035762221215485245,0.9682626419079992,0.961497023806779,0.0,0.0,0.6096885609198189,41.4,MEDIUM,Soon (1 month),"Frequent altitude changes, Speed instability, Declining fuel efficiency",📅 Plan maintenance within next month | 🔧 Routine inspections recommended | 📈 Track efficiency trends | 🔧 Check pressurization system | 🔧 Inspect throttle control system | ⛽ Engine performance check needed,98502.55,2
406f7c,2,1.1677777777777778,372.92692991709845,8656.32,139.99366666666666,BAW134,1,50.31728079933181,2,48.88622038328876,15508132.693349998,13569.352081666666,0,2025-12-29 08:34:04,406f7c,0.0982193329564726,0.05225462087044615,0.9752884946385472,0.7765104152621443,0.5,0.5,0.45781478028351785,44.2,MEDIUM,Soon (1 month),"Frequent altitude changes, Speed instability, Repeated high-risk operations, Declining fuel efficiency",📅 Plan maintenance within next month | 🔧 Routine inspections recommended | 📈 Track efficiency trends | 🔧 Check pressurization system | 🔧 Inspect throttle control system | ⛽ Engine performance check needed,120003.73,2
4075b3,2,2.501388888888889,1382.6968267201987,11125.2,169.46016666666662,VIR302,1,31.762549160627888,1,57.92983090904398,20413056.869657144,7993.390578333334,0,2025-12-29 06:04:04,4075b3,0.23391746749576037,0.19374384809135295,0.6149239100635566,0.6391214155161922,0.5,0.5,0.6023217434971951,42.6,MEDIUM,Soon (1 month),"Frequent altitude changes, Speed instability, Repeated high-risk operations, Declining fuel efficiency",📅 Plan maintenance within next month | 🔧 Routine inspections recommended | 📈 Track efficiency trends | 🔧 Check pressurization system | 🔧 Inspect throttle control system | ⛽ Engine performance check needed,99013.83,2
407943,2,2.421388888888889,956.4206728487759,11129.009999999998,157.07563636363636,BAW142,1,44.07744095649816,1,51.07500733526516,15368221.68285,14159.822830909094,0,2025-12-29 04:04:06,407943,0.22577727529677788,0.1340139197334978,0.854100145673868,0.7432587345166473,0.5,0.5,0.45370550141008753,46.1,MEDIUM,Soon (1 month),"Frequent altitude changes, Speed instability, Repeated high-risk operations, Declining fuel efficiency",📅 Plan maintenance within next month | 🔧 Routine inspections recommended | 📈 Track efficiency trends | 🔧 Check pressurization system | 🔧 Inspect throttle control system | ⛽ Engine performance check needed,99009.56,2
3c7a51,2,6.833333333333333,5988.502770062537,11430.0,242.28512626262625,CFG2362,0,20.099959093445655,1,96.6736468094679,33782.92363636357,1114.4938822659367,0,2025-12-29 23:28:38,3c7a51,0.6747032221594123,0.8391106051279213,0.38841648831988607,0.05053192487622027,0.0,0.0,0.0010293042275254707,42.2,MEDIUM,Soon (1 month),"High flight hours, Extensive mileage",📅 Plan maintenance within next month | 🔧 Routine inspections recommended | 📈 Track efficiency trends | 🕐 Review airframe hours for scheduled maintenance,53059.89,2
3c4a8c,2,2.3333333333333335,1389.9360265646055,11125.2,163.70861111111108,DLH760,1,31.528264816980887,1,51.49990190988069,16108130.041740002,12740.053999722224,0,2025-12-30 03:58:40,3c4a8c,0.21681741096664786,0.1947582067040682,0.6103737078933099,0.7368038080868036,0.5,0.5,0.4754873260199194,42.3,MEDIUM,Soon (1 month),"Frequent altitude changes, Speed instability, Repeated high-risk operations, Declining fuel efficiency",📅 Plan maintenance within next month | 🔧 Routine inspections recommended | 📈 Track efficiency trends | 🔧 Check pressurization system | 🔧 Inspect throttle control system | ⛽ Engine performance check needed,99013.9,2
151dba,2,4.167222222222223,4294.023302013786,10972.8,317.00171428571423,AFL270,1,28.289340276640065,1,84.63846202163404,47475.38892000004,8690.305406190473,0,2025-12-30 04:48:37,151dba,0.4034200113058226,0.6016796901888308,0.547468260421627,0.23336841424616794,0.5,0.5,0.0016566150369433299,41.6,MEDIUM,Soon (1 month),"Speed instability, Repeated high-risk operations, High flight hours, Extensive mileage",📅 Plan maintenance within next month | 🔧 Routine inspections recommended | 📈 Track efficiency trends | 🔧 Inspect throttle control system | 🕐 Review airframe hours for scheduled maintenance,53042.94,2
151dae,1,2.000555555555555,2081.931283090314,11277.6,344.7127272727273,AFL278,1,50.27697632471424,1,69.50586033946537,79748.81410909102,88387.9983618182,0,2025-12-29 03:14:06,151dae,0.18295647258338044,0.29172076658660706,0.9745057128912877,0.4632603365869352,1.0,1.0,0.004959218881642927,46.9,MEDIUM,Soon (1 month),"Speed instability, Repeated high-risk operations, Declining fuel efficiency",📅 Plan maintenance within next month | 🔧 Routine inspections recommended | 📈 Track efficiency trends | 🔧 Inspect throttle control system | ⛽ Engine performance check needed,109520.82,2
040049,2,1.6686111111111113,695.6956323333043,11327.13,140.65416666666667,ETH686,1,46.535263682412335,1,43.008150377184734,20000109.354539998,13658.115848333333,0,2025-12-29 09:54:04,040049,0.1491803278688525,0.0974810575274986,0.9018352615909043,0.8658090594568946,0.5,0.5,0.5903088804489698,47.6,MEDIUM,Soon (1 month),"Frequent altitude changes, Speed instability, Repeated high-risk operations, Declining fuel efficiency",📅 Plan maintenance within next month | 🔧 Routine inspections recommended | 📈 Track efficiency trends | 🔧 Check pressurization system | 🔧 Inspect throttle control system | ⛽ Engine performance check needed,99006.96,2
ab8b7f,1,1.1655555555555557,881.7922747827878,9144.0,210.44,FDX5030,0,3.991180460428109,0,99.85531554304868,0.0,16.019171428571454,0,2025-12-30 06:58:37,ab8b7f,0.09799321650650088,0.12355696869492881,0.07555648941863856,0.002196552230002813,0.0,0.0,4.724877095584971e-07,6.5,LOW,Routine (3+ months),Normal wear and tear,✅ Continue routine maintenance schedule | 📊 Monitor for changes,18508.82,3
ab7268,1,0.4994444444444444,381.1761568051803,10363.2,177.945,AAL293,0,33.097374184323066,0,65.36659179191842,6704541.4296,10950.999766666668,0,2025-12-30 00:58:38,ab7268,0.03021481062747315,0.05341050474187059,0.6408484922407965,0.5261434034558354,0.0,0.0,0.19807439171601665,24.5,LOW,Routine (3+ months),"Speed instability, Declining fuel efficiency",✅ Continue routine maintenance schedule | 📊 Monitor for changes | 🔧 Inspect throttle control system | ⛽ Engine performance check needed,52503.81,3
aa5f0e,1,0.4994444444444444,0.9348330789517382,,5.746666666666667,N7678W,0,30.6514965274566,1,,,2.7945333333333333,0,2025-12-30 01:58:37,aa5f0e,0.03021481062747315,0.00013098906031976324,0.593345369969851,,0.0,0.0,,,LOW,Routine (3+ months),Normal wear and tear,✅ Continue routine maintenance schedule | 📊 Monitor for changes,27500.01,3
aa3086,1,0.49805555555555553,316.69310315464134,9753.6,204.5275,NCR561,0,1.844303057891699,0,99.9737420502354,0.0,10.638491666666662,0,2025-12-29 15:51:45,aa3086,0.030073487846240816,0.04437512206830877,0.033860462854467276,0.00039743678607095934,0.0,0.0,3.1378380480873253e-07,2.3,LOW,Routine (3+ months),Normal wear and tear,✅ Continue routine maintenance schedule | 📊 Monitor for changes,18503.17,3
a97677,2,0.9994444444444445,92.33791311726509,1497.33,73.90666666666667,ARHD21,0,24.89975487831515,2,78.80127251289355,447337.815,528.2953833333333,0,2025-12-30 09:38:37,a97677,0.08109101187111364,0.012938413010247068,0.4816367217212303,0.3220460088472966,0.0,0.0,0.013209873783263779,16.9,LOW,Routine (3+ months),Normal wear and tear,✅ Continue routine maintenance schedule | 📊 Monitor for changes,34000.92,3
a96f37,1,1.0008333333333332,1086.6895017759318,11887.2,302.8328571428571,GTI308,0,4.971821727803832,0,99.9888978394052,3.8601761919141294e-24,3.26135714285714,0,2025-12-30 02:58:37,a96f37,0.08123233465234596,0.15226722278227137,0.09460221801316052,0.00016719260334452368,0.0,0.0,9.61941866563964e-08,7.0,LOW,Routine (3+ months),Normal wear and tear,✅ Continue routine maintenance schedule | 📊 Monitor for changes,18510.87,3
a82cbb,1,0.335,0.9577031322482782,,0.77,N626CB,0,32.4984506772856,1,,,1.1858,0,2025-12-30 04:08:35,a82cbb,0.01348219332956473,0.0001341936182865565,0.6292163746220462,,0.0,0.0,,,LOW,Routine (3+ months),Normal wear and tear,✅ Continue routine maintenance schedule | 📊 Monitor for changes,27500.01,3
a81f7b,1,0.3333333333333333,185.69768695697337,9090.66,167.21666666666667,UPS9,0,8.343137632520273,0,67.15208692776886,13986030.0924,6221.545633333334,0,2025-12-30 07:48:33,a81f7b,0.013312605992085924,0.02602000941742806,0.1600789319387876,0.4990184636912197,0.0,0.0,0.41270342586065106,15.7,LOW,Routine (3+ months),"Frequent altitude changes, Speed instability, Declining fuel efficiency",✅ Continue routine maintenance schedule | 📊 Monitor for changes | 🔧 Check pressurization system | 🔧 Inspect throttle control system | ⛽ Engine performance check needed,43501.86,3
a7dba2,2,2.8336111111111113,2072.1095908221196,11125.2,244.39572916666668,UPS15,0,11.3570770208612,0,91.1430799741121,3523127.423777144,1801.9814981250004,0,2025-12-30 06:28:37,a7dba2,0.2677218767665348,0.2903445484467833,0.21861478342737029,0.13455135974393484,0.0,0.0,0.10396828752849116,19.9,LOW,Routine (3+ months),Normal wear and tear,✅ Continue routine maintenance schedule | 📊 Monitor for changes,29020.72,3
a6aec0,1,1.091388888888889,1061.652551923548,12496.8,285.59375,N53GX,0,4.590269858838542,0,98.61220780501525,0.0,15.844226785714383,0,2025-12-28 23:48:41,a6aec0,0.09044657998869421,0.1487590386922151,0.08719182893123616,0.021081634489845458,0.0,0.0,4.67327692764143e-07,7.3,LOW,Routine (3+ months),Normal wear and tear,✅ Continue routine maintenance schedule | 📊 Monitor for changes,18510.62,3
a548ec,1,0.33222222222222225,1.2606184896941235,,0.77,N44GT,0,33.257918776119475,1,,,1.7787,0,2025-12-29 00:54:10,a548ec,0.013199547767100061,0.00017663819895196204,0.6439665424640504,,0.0,0.0,,,LOW,Routine (3+ months),Normal wear and tear,✅ Continue routine maintenance schedule | 📊 Monitor for changes,27500.01,3
a31a50,1,0.5005555555555555,389.6551904422621,9745.98,215.8075,UAL83,0,7.111860579663091,0,89.11441178502375,5851768.941600001,976.9930249999998,0,2025-12-30 02:58:37,a31a50,0.030327868852459017,0.05459858919624872,0.13616542824121589,0.16537054335666623,0.0,0.0,0.17262756276810623,8.8,LOW,Routine (3+ months),Normal wear and tear,✅ Continue routine maintenance schedule | 📊 Monitor for changes,28503.9,3
a22d9f,1,0.6669444444444445,507.402300635801,9753.6,97.932,UAL83,0,39.653484407406985,0,58.97398736510969,8643176.262,11788.741319999996,0,2025-12-29 01:24:06,a22d9f,0.04725833804409272,0.07109734567683272,0.768179352259342,0.623258767443434,0.0,0.0,0.2552794074875754,29.9,LOW,Routine (3+ months),"Speed instability, Declining fuel efficiency",✅ Continue routine maintenance schedule | 📊 Monitor for changes | 🔧 Inspect throttle control system | ⛽ Engine performance check needed,62505.07,3
a1efdd,1,0.3330555555555555,1.339995733487194,,1.9733333333333327,N224A,0,35.47638749415411,1,,,11.682133333333333,0,2025-12-30 03:18:38,a1efdd,0.013284341435839453,0.00018776055952021044,0.6870529946711816,,0.0,0.0,,,LOW,Routine (3+ months),Normal wear and tear,✅ Continue routine maintenance schedule | 📊 Monitor for changes,27500.01,3
8a0a13,7,4.448055555555555,3363.415061092447,8382.0,190.86060884353742,UBG349,0,13.820874621074598,0,78.86104937515701,9394800.841697142,3595.7551784693883,1,2025-12-30 09:28:35,8a0a13,0.43199547767100066,0.4712826153005479,0.2664659416098865,0.3211378888778509,0.0,0.0,0.2772070266792903,33.1,LOW,Routine (3+ months),"High flight hours, Extensive mileage",✅ Continue routine maintenance schedule | 📊 Monitor for changes | 🕐 Review airframe hours for scheduled maintenance,36533.63,3
8a08b2,1,0.5,417.48100415886086,11277.6,256.81,LNI105,0,0.3018439004221193,0,99.8708638233553,0.0,26.58286666666677,0,2025-12-29 04:34:06,8a08b2,0.030271339739966086,0.058497549634680346,0.003903271107972051,0.0019603453883866306,0.0,0.0,7.840653832089228e-07,2.0,LOW,Routine (3+ months),Normal wear and tear,✅ Continue routine maintenance schedule | 📊 Monitor for changes,18504.17,3
040103,3,1.8266666666666667,1745.8588193432317,11785.6,268.618,ETH644,0,2.580226928539001,0,99.9059698937541,9.032240000000357,11.204410000000005,1,2025-12-30 08:18:37,040103,0.16526286037309215,0.24463020334408547,0.04815336156562097,0.0014270199114250204,0.0,0.0,5.968828319411902e-07,10.0,LOW,Routine (3+ months),Normal wear and tear,✅ Continue routine maintenance schedule | 📊 Monitor for changes,19517.46,3
040101,2,0.9994444444444445,891.2963037826323,11879.58,263.3,ETH608,0,4.2043869336199045,0,99.95866118922535,14360.293860000074,6.711849999999968,0,2025-12-30 03:28:39,040101,0.08109101187111364,0.12488867577287838,0.0796973233383377,0.0006265426728822021,0.0,0.0,0.0004237568498096247,6.1,LOW,Routine (3+ months),Normal wear and tear,✅ Continue routine maintenance schedule | 📊 Monitor for changes,19008.91,3
040087,3,2.6655555555555557,2028.848604375849,12087.86,211.56075,ETH678,0,28.998118201834078,1,67.17485494207105,9382881.87936,10186.659784007936,0,2025-12-30 09:08:33,040087,0.2506218202374223,0.2842828074892882,0.561233938499971,0.49867257587326574,0.0,0.0,0.2770498748687097,33.4,LOW,Routine (3+ months),"Speed instability, Declining fuel efficiency",✅ Continue routine maintenance schedule | 📊 Monitor for changes | 🔧 Inspect throttle control system | ⛽ Engine performance check needed,44520.29,3
040075,3,1.998611111111111,1077.2527110730432,10416.54,195.78091269841266,ETH687,0,9.615016135193777,0,78.46950808834133,9243747.964079998,3135.4149464285715,0,2025-12-30 04:28:41,040075,0.18275862068965518,0.15094493715242208,0.18478098514928684,0.32708611780717634,0.0,0.0,0.27273812305411804,18.9,LOW,Routine (3+ months),Normal wear and tear,✅ Continue routine maintenance schedule | 📊 Monitor for changes,34510.77,3
040066,4,2.4947222222222223,2204.8459795242243,10363.2,252.69783333333334,ETH606,0,2.544397784800184,0,99.90760567912926,5879.020499999988,16.143666666666665,1,2025-12-30 08:38:36,040066,0.23323911814584516,0.30894360662926035,0.04745749838901842,0.00140216933699433,0.0,0.0,0.0001738786944755262,13.0,LOW,Routine (3+ months),Extensive mileage,✅ Continue routine maintenance schedule | 📊 Monitor for changes,20022.05,3
040062,2,1.5002777777777778,1087.6537162397076,9448.8,222.8845,ETH3857,0,2.012229768043608,0,99.88727380712102,0.0,1.1163000000000054,0,2025-12-29 06:54:07,040062,0.13205200678349352,0.15240232877006796,0.03712188642670087,0.001711047693732537,0.0,0.0,3.292542517145585e-08,7.1,LOW,Routine (3+ months),Normal wear and tear,✅ Continue routine maintenance schedule | 📊 Monitor for changes,19010.88,3
04004b,4,3.6669444444444443,3079.5072513626465,11887.199999999999,250.60766071428574,ETH636,0,2.731112102988229,0,99.89694897903073,18827.577552142844,10.78187803571429,0,2025-12-30 04:18:35,04004b,0.3525155455059356,0.43150137728996113,0.051083809403276635,0.0015640641203843453,0.0,0.0,0.0005556400553357796,18.5,LOW,Routine (3+ months),"High flight hours, Extensive mileage",✅ Continue routine maintenance schedule | 📊 Monitor for changes | 🕐 Review airframe hours for scheduled maintenance,20030.8,3
040033,2,1.3344444444444443,632.0777794311664,10820.400000000001,158.83075000000002,ETH611,0,39.75797089930019,0,48.888258707236986,17190601.909050003,11798.436885833333,0,2025-12-30 04:18:35,040033,0.11517806670435274,0.08856690701353055,0.7702086584211326,0.7764794493898737,0.0,0.0,0.5073872125410139,36.8,LOW,Routine (3+ months),"Frequent altitude changes, Speed instability, Declining fuel efficiency",✅ Continue routine maintenance schedule | 📊 Monitor for changes | 🔧 Check pressurization system | 🔧 Inspect throttle control system | ⛽ Engine performance check needed,63006.32,3
040031,2,1.8327777777777778,1420.7393477052747,10363.2,220.902,ETH637,0,5.39840080123565,0,99.6274641482436,212544.2177678574,5.049957857142836,0,2025-12-29 04:24:05,040031,0.16588468061051445,0.19907437627678876,0.1028871123236222,0.005658032037634708,0.0,0.0,0.006269170482621801,10.3,LOW,Routine (3+ months),Normal wear and tear,✅ Continue routine maintenance schedule | 📊 Monitor for changes,19014.21,3
01025d,1,0.5,278.3938638932282,11582.4,210.115,MSR971,0,1.612450028405624,0,99.98707170888912,14.51609999999612,2.7513666666666468,0,2025-12-28 23:58:46,01025d,0.030271339739966086,0.039008622449532133,0.029357480958522232,0.00019493486892474543,0.0,0.0,5.093063528028401e-07,2.1,LOW,Routine (3+ months),Normal wear and tear,✅ Continue routine maintenance schedule | 📊 Monitor for changes,18502.78,3
0101dd,1,1.0002777777777778,1043.5591499999662,11887.2,300.9742857142857,MSR951,0,4.180306937371711,0,99.8722153184966,8.294914285716029,23.779895238095264,0,2025-12-30 09:08:33,0101dd,0.08117580553985304,0.14622378638961647,0.07922964867650391,0.00193981370304952,0.0,0.0,9.460510085684343e-07,6.6,LOW,Routine (3+ months),Normal wear and tear,✅ Continue routine maintenance schedule | 📊 Monitor for changes,18510.44,3
010143,1,0.5005555555555555,199.0535142162222,7993.38,134.72,MSR968,0,43.60712605577615,1,48.78778107768036,12159982.1316,12951.869599999998,0,2025-12-30 00:48:35,010143,0.030327868852459017,0.027891431494665445,0.8449658268856307,0.778005888524146,0.0,0.0,0.3590423968230577,33.5,LOW,Routine (3+ months),"Speed instability, Declining fuel efficiency",✅ Continue routine maintenance schedule | 📊 Monitor for changes | 🔧 Inspect throttle control system | ⛽ Engine performance check needed,62501.99,3
01013c,1,1.2558333333333331,972.0761355566128,9144.0,221.0655555555556,MSR959,0,3.915201932890472,0,99.8882544313644,0.0,3.129327777777777,0,2025-12-29 00:08:45,01013c,0.1071791972866026,0.1362075673430477,0.07408085662341088,0.0016961502162768927,0.0,0.0,9.229996200320694e-08,6.9,LOW,Routine (3+ months),Normal wear and tear,✅ Continue routine maintenance schedule | 📊 Monitor for changes,18509.72,3
01012b,1,1.0002777777777778,1106.8448091035382,11277.6,306.11857142857144,MSR958,0,4.269163983856084,0,99.88197551443348,3.8601761919141294e-24,27.012980952380914,0,2025-12-30 09:08:33,01012b,0.08117580553985304,0.15509138981994153,0.08095540430942876,0.0017915384590777572,0.0,0.0,7.967516644321201e-07,6.8,LOW,Routine (3+ months),Normal wear and tear,✅ Continue routine maintenance schedule | 📊 Monitor for changes,18511.07,3
ab8f36,2,0.8355555555555555,515.7590877915634,9380.220000000001,193.26208333333335,FDX6092,0,8.317752695948823,0,73.0888730404869,13137322.112400005,4186.455595833333,0,2025-12-30 10:08:34,ab8f36,0.06441492368569814,0.07226830092164824,0.15958591310670966,0.4088278143472315,0.0,0.0,0.38761063960905745,16.3,LOW,Routine (3+ months),Frequent altitude changes,✅ Continue routine maintenance schedule | 📊 Monitor for changes | 🔧 Check pressurization system,34005.16,3
06a390,1,0.9997222222222221,722.4479801868918,10363.2,202.08857142857144,QTR8431,0,1.6549306008298743,0,99.98773532417192,3.8601761919141294e-24,4.305280952380952,0,2025-12-29 23:28:38,06a390,0.0811192764273601,0.10122960364293807,0.03018252624251008,0.0001848533379188444,0.0,0.0,1.2698486593183956e-07,4.7,LOW,Routine (3+ months),Normal wear and tear,✅ Continue routine maintenance schedule | 📊 Monitor for changes,18507.22,3
06a38d,2,1.8333333333333333,1282.8202392373298,10972.8,220.79999999999995,QTR815,0,2.3965587355577185,0,99.9588434498839,20645.1199999999,2.1549916666666724,0,2025-12-30 01:28:36,06a38d,0.16594120972300738,0.17974911401861798,0.04458621150642657,0.0006237737998198156,0.0,0.0,0.000608994273701143,8.7,LOW,Routine (3+ months),Normal wear and tear,✅ Continue routine maintenance schedule | 📊 Monitor for changes,19012.83,3
06a37c,2,1.8325,1704.890567600878,11125.2,263.265625,QTR841,0,4.061664802657629,0,99.74187748074792,83710.20124285718,45.513613392857195,1,2025-12-30 08:18:37,06a37c,0.16585641605426799,0.2388897209847193,0.07692541574973136,0.003919884063924184,0.0,0.0,0.0024703865647059393,10.5,LOW,Routine (3+ months),Normal wear and tear,✅ Continue routine maintenance schedule | 📊 Monitor for changes,19017.05,3
06a377,2,1.5005555555555554,1460.2091052075011,11125.2,258.81357142857144,QTR870,0,1.8394380016663008,0,99.89934383684029,1.9300880959570647e-24,26.967111904761932,0,2025-12-30 04:08:35,06a377,0.13208027133973999,0.20460488922361666,0.03376597515182961,0.0015276818460645547,0.0,0.0,7.953987504349287e-07,8.1,LOW,Routine (3+ months),Normal wear and tear,✅ Continue routine maintenance schedule | 📊 Monitor for changes,19014.6,3
06a376,3,1.9986111111111111,1633.4576582681023,10871.2,248.94194444444443,QTR842,0,1.3537968263822833,0,99.86576378439605,1.6543612251060553e-24,14.105924206349194,1,2025-12-30 09:38:37,06a376,0.18275862068965523,0.22888052267960646,0.024333993930463923,0.002037824316661996,0.0,0.0,4.1605621421694516e-07,9.7,LOW,Routine (3+ months),Normal wear and tear,✅ Continue routine maintenance schedule | 📊 Monitor for changes,19516.33,3
06a374,1,0.9994444444444445,1080.1331011508312,11277.6,305.2557142857143,QTR818,0,4.1593096298011805,0,99.87172771492756,3.8601761919141294e-24,16.02809523809529,0,2025-12-30 08:18:37,06a374,0.08109101187111364,0.15134853817825109,0.07882184509479843,0.0019472212939041222,0.0,0.0,4.727509185728494e-07,6.7,LOW,Routine (3+ months),Normal wear and tear,✅ Continue routine maintenance schedule | 📊 Monitor for changes,18510.8,3
06a373,3,3.3558333333333334,2822.416516503753,11074.4,240.63129629629626,QTR815,0,2.273696826257206,0,99.83304711698264,30967.67999999985,51.282315740740785,1,2025-12-30 05:28:36,06a373,0.3208592425098927,0.3954777549617418,0.042200023348748526,0.0025348503880688877,0.0,0.0,0.0009149086469794148,16.8,LOW,Routine (3+ months),"High flight hours, Extensive mileage",✅ Continue routine maintenance schedule | 📊 Monitor for changes | 🕐 Review airframe hours for scheduled maintenance,24528.22,3
06a372,1,1.1658333333333333,1146.4831778757284,11277.6,292.38625,QTR818,0,4.525487708663621,0,99.6587959209399,106174.90285714298,54.91694107142863,0,2025-12-29 08:14:07,06a372,0.09802148106274733,0.16064552862288123,0.0859336489106228,0.005182045052265161,0.0,0.0,0.003133263444184655,7.5,LOW,Routine (3+ months),Normal wear and tear,✅ Continue routine maintenance schedule | 📊 Monitor for changes,23511.46,3
06a30d,1,0.33472222222222214,255.3189388056214,10500.36,241.14666666666668,QTR8971,0,4.765046906900404,0,99.95629319375554,6270.955199999987,5.532033333333309,0,2025-12-29 07:54:02,06a30d,0.013453928773318252,0.035775357792740305,0.09058629776778224,0.0006625168590851382,0.0,0.0,0.0001851258718451251,2.9,LOW,Routine (3+ months),Normal wear and tear,✅ Continue routine maintenance schedule | 📊 Monitor for changes,18502.55,3
06a30c,1,1.166111111111111,905.1366139327156,9753.6,215.87875,QTR8435,0,1.584306856515491,0,99.96434927306886,0.0,12.62664107142859,0,2025-12-29 05:44:09,06a30c,0.0980497456189938,0.12682798372197918,0.02881089248479539,0.0005401302662990659,0.0,0.0,3.724245505367295e-07,5.6,LOW,Routine (3+ months),Normal wear and tear,✅ Continue routine maintenance schedule | 📊 Monitor for changes,18509.05,3
06a30b,1,1.1669444444444443,885.9525301920709,9753.6,221.4625,QTR8001,0,1.4224282955260097,0,99.95925457227676,0.0,16.1487071428571,0,2025-12-29 05:24:05,06a30b,0.09813453928773319,0.1241399047923156,0.02566693430105706,0.000617528098043163,0.0,0.0,4.7630838363154477e-07,5.5,LOW,Routine (3+ months),Normal wear and tear,✅ Continue routine maintenance schedule | 📊 Monitor for changes,18508.86,3
06a30a,1,0.6680555555555556,518.9842942717715,9753.6,216.106,QTR8477,0,0.7961181410302572,0,99.96213851211388,0.0,14.89967999999994,0,2025-12-28 23:48:41,06a30a,0.04737139626907859,0.07272021771373845,0.013502921205380436,0.0005737157723773034,0.0,0.0,4.394681527534112e-07,2.9,LOW,Routine (3+ months),Normal wear and tear,✅ Continue routine maintenance schedule | 📊 Monitor for changes,18505.19,3
06a2fa,2,2.667222222222222,2360.337437517884,11734.8,235.675,QTR982,0,13.408967298377934,1,88.88547489692893,11.92393928571283,4592.463698214286,0,2025-12-29 09:34:05,06a2fa,0.2507914075749011,0.33073111118908877,0.2584659977617443,0.16884851379454857,0.0,0.0,0.00013580705958871436,20.6,LOW,Routine (3+ months),Extensive mileage,✅ Continue routine maintenance schedule | 📊 Monitor for changes,29023.6,3
06a2f9,1,0.5,456.426636569912,11887.2,252.775,QTR42H,0,10.154564860007344,0,95.10855028258376,3638721.754800001,55.75149999999991,0,2025-12-29 08:24:06,06a2f9,0.030271339739966086,0.06395462203396145,0.19525994307017805,0.07430860629368086,0.0,0.0,0.1073262532466692,8.1,LOW,Routine (3+ months),Normal wear and tear,✅ Continue routine maintenance schedule | 📊 Monitor for changes,28504.56,3
06a2f8,2,1.0002777777777778,826.6711250230333,12039.6,244.428,QTR65Q,0,10.267101351726117,0,95.80340436567558,2315193.111540001,507.3905649999999,0,2025-12-30 03:48:37,06a2f8,0.08117580553985304,0.11583337849113379,0.19744559398000686,0.06375250072351057,0.0,0.0,0.06830191131556085,9.9,LOW,Routine (3+ months),Normal wear and tear,✅ Continue routine maintenance schedule | 📊 Monitor for changes,29008.27,3
06a2f6,2,1.498611111111111,1369.2724969210929,11430.0,252.30583333333334,QTR21W,0,6.743639235659282,0,98.25461148631851,1270652.2974,18.879499999999986,0,2025-12-30 04:28:41,06a2f6,0.1318824194460147,0.19186282741996286,0.12901394072593506,0.026514177211434675,0.0,0.0,0.037478624699943106,10.5,LOW,Routine (3+ months),Normal wear and tear,✅ Continue routine maintenance schedule | 📊 Monitor for changes,29013.69,3
151db5,3,4.490833333333333,4637.650455823719,10363.199999999999,250.42797222222225,AFL272,0,12.539983347318069,1,92.48803782241943,33179.657142857184,3203.431719087302,0,2025-12-30 05:48:34,151db5,0.43634821933295653,0.6498288186176097,0.24158884498887362,0.11411898785516639,0.0,0.0,0.0010731243123088562,30.5,LOW,Routine (3+ months),"High flight hours, Extensive mileage",✅ Continue routine maintenance schedule | 📊 Monitor for changes | 🕐 Review airframe hours for scheduled maintenance,29546.38,3
151db4,1,1.8333333333333333,1932.9563145451384,11277.6,294.273,AFL276,0,9.152503911471848,0,99.2685805731085,86709.5040000001,194.85720111111112,0,2025-12-30 07:08:35,151db4,0.16594120972300738,0.2708463542660881,0.17579820767732712,0.01111013054106369,0.0,0.0,0.0025632563305566106,13.3,LOW,Routine (3+ months),Normal wear and tear,✅ Continue routine maintenance schedule | 📊 Monitor for changes,28519.33,3
151db3,1,1.8322222222222222,2186.559772736871,10675.62,259.985,AFL270,0,26.86274775347628,1,77.69919785520275,4.838700000001015,9627.901645454547,0,2025-12-30 03:48:37,151db3,0.1658281514980215,0.3063813384577337,0.5197613966427221,0.3387885404318107,0.0,0.0,0.00028411902843350885,25.8,LOW,Routine (3+ months),"Speed instability, Extensive mileage",✅ Continue routine maintenance schedule | 📊 Monitor for changes | 🔧 Inspect throttle control system,33521.87,3
151daf,1,2.2572222222222225,1861.313191880664,10363.2,215.45416666666668,AFL277,0,18.97013014061565,0,93.18892906808696,66641.65557272742,2745.7182265151514,0,2025-12-28 23:48:41,151daf,0.20907292255511595,0.2608077008128789,0.36647328002372875,0.10347116673342305,0.0,0.0,0.0020465903286489176,19.3,LOW,Routine (3+ months),Normal wear and tear,✅ Continue routine maintenance schedule | 📊 Monitor for changes,28518.61,3
151daa,3,1.5005555555555554,1425.0430082001121,10769.6,265.6958333333334,AFL626,0,1.2193289377511765,0,99.84605174940712,0.0,16.595897222222256,0,2025-12-30 09:48:34,151daa,0.13208027133973999,0.19967740633300604,0.021722397828252134,0.0023372862143602458,0.0,0.0,4.894983177850473e-07,7.8,LOW,Routine (3+ months),Normal wear and tear,✅ Continue routine maintenance schedule | 📊 Monitor for changes,19514.25,3
151d87,1,0.49916666666666665,345.91958238073124,10972.8,218.165,AFL623,0,6.101773710668119,0,98.8553936922788,823895.1264,27.13536666666669,0,2025-12-29 08:14:07,151d87,0.030186546071226686,0.048470344131453416,0.11654781576274989,0.017387195669385402,0.0,0.0,0.024301702747375177,4.6,LOW,Routine (3+ months),Normal wear and tear,✅ Continue routine maintenance schedule | 📊 Monitor for changes,23503.46,3
151d77,4,4.885277777777778,4182.313648777397,10677.525000000001,216.69957386363637,AZV2619,0,15.281928856694796,1,90.13042994113505,35304.21562938316,4809.092523157467,0,2025-12-30 07:58:34,151d77,0.4764838892029396,0.5860269037871244,0.2948421107139728,0.1499353675721362,0.0,0.0,0.001183147653817092,31.8,LOW,Routine (3+ months),"High flight hours, Extensive mileage",✅ Continue routine maintenance schedule | 📊 Monitor for changes | 🕐 Review airframe hours for scheduled maintenance,30041.82,3
151d4a,1,1.0227777777777778,815.3955285549616,9761.22,213.47,AZV2924,0,2.1106607593253446,0,99.35126199119549,8.29491428571207,137.0355333333332,0,2025-12-29 16:51:45,151d4a,0.08346523459581687,0.11425343890710266,0.039033584422297714,0.009854048437992313,0.0,0.0,4.286541949489417e-06,5.3,LOW,Routine (3+ months),Normal wear and tear,✅ Continue routine maintenance schedule | 📊 Monitor for changes,28508.15,3
151d48,2,1.6669444444444443,1199.2527363571799,10363.2,144.49899999999997,AZV2902,0,28.56989746212983,1,72.84164845056347,30967.68000000003,9881.082945,0,2025-12-29 23:28:38,151d48,0.14901074053137367,0.16803961322964872,0.5529171602261197,0.41258360845462394,0.0,0.0,0.0012048399961409394,24.3,LOW,Routine (3+ months),Speed instability,✅ Continue routine maintenance schedule | 📊 Monitor for changes | 🔧 Inspect throttle control system,34011.99,3
0a00c2,1,0.9997222222222221,1032.358446674779,12496.8,288.50999999999993,DAH3180,0,5.3908460461976295,0,99.71748353933424,88479.08571428528,41.00243333333336,0,2025-12-29 23:28:38,0a00c2,0.0811192764273601,0.14465434085273848,0.10274038607536091,0.004290472691236502,0.0,0.0,0.0026109124236093147,7.1,LOW,Routine (3+ months),Normal wear and tear,✅ Continue routine maintenance schedule | 📊 Monitor for changes,18510.32,3
080092,1,0.3319444444444445,32.84757403983792,3413.76,78.90666666666667,ATC400,0,24.258453096532,1,64.66803416592553,4738519.555200001,5738.346133333333,0,2025-12-29 05:44:09,080092,0.013171283210853596,0.004602610834104159,0.46918154561416003,0.5367557726226351,0.0,0.0,0.13993255265111362,19.3,LOW,Routine (3+ months),"Speed instability, Declining fuel efficiency",✅ Continue routine maintenance schedule | 📊 Monitor for changes | 🔧 Inspect throttle control system | ⛽ Engine performance check needed,43500.33,3
080065,1,0.3336111111111111,80.67054785171177,4953.0,99.48666666666666,ATC400,0,24.20306976850708,1,61.19022454845014,8528615.2008,8929.667733333332,0,2025-12-30 04:38:37,080065,0.01334087054833239,0.011303578677837685,0.4681059067752534,0.5895900674312227,0.0,0.0,0.25181608413225814,21.3,LOW,Routine (3+ months),"Speed instability, Declining fuel efficiency",✅ Continue routine maintenance schedule | 📊 Monitor for changes | 🔧 Inspect throttle control system | ⛽ Engine performance check needed,43500.81,3
06a3b6,1,1.1619444444444444,820.8783350113406,10363.2,199.80375,QTR8341,0,2.856557734894835,0,99.88280812782168,79631.17714285724,4.068569642857153,0,2025-12-30 06:28:37,06a3b6,0.0976257772752968,0.11502169120990044,0.05352017786761348,0.0017788895374712954,0.0,0.0,0.002348852749007802,5.9,LOW,Routine (3+ months),Normal wear and tear,✅ Continue routine maintenance schedule | 📊 Monitor for changes,18508.21,3
06a3b4,1,0.3330555555555555,296.1131939442736,13106.4,249.72,QTR655,0,10.972340831136831,0,91.31358126643153,6432625.844400001,115.11990000000009,0,2025-12-29 03:34:08,06a3b4,0.013284341435839453,0.04149145970159519,0.21114254939668337,0.1319611329821292,0.0,0.0,0.18973459757002364,9.3,LOW,Routine (3+ months),Normal wear and tear,✅ Continue routine maintenance schedule | 📊 Monitor for changes,28502.96,3
06a391,1,0.5011111111111111,268.0114878393785,8450.58,157.48500000000004,QTR98K,0,10.244803586175346,0,60.35360861703758,12522555.6,6694.232966666667,0,2025-12-29 08:34:04,06a391,0.03038439796495195,0.03755384114814176,0.19701253328281557,0.602299794996442,0.0,0.0,0.3695519822895438,18.2,LOW,Routine (3+ months),"Frequent altitude changes, Speed instability, Declining fuel efficiency",✅ Continue routine maintenance schedule | 📊 Monitor for changes | 🔧 Check pressurization system | 🔧 Inspect throttle control system | ⛽ Engine performance check needed,43502.68,3
3949e4,2,1.8322222222222222,1584.7259817691283,11125.2,228.943,AFR191,0,12.172710824517395,0,72.59240852238096,15229267.283340003,3171.322365,0,2025-12-30 03:18:38,3949e4,0.1658281514980215,0.22205222717302778,0.2344557852021831,0.4163700192395895,0.0,0.0,0.44928291453098,24.0,LOW,Routine (3+ months),Frequent altitude changes,✅ Continue routine maintenance schedule | 📊 Monitor for changes | 🔧 Check pressurization system,34015.85,3
348342,1,3.166944444444445,3147.549557011588,11887.2,270.9717647058823,WFL8623,0,15.122466610012909,0,99.26298189484362,89633.07500294123,213.89619044117663,0,2025-12-29 02:04:07,348342,0.30163934426229516,0.4410354833027043,0.2917450814817609,0.011195184713235218,0.0,0.0,0.0026500490252706686,22.4,LOW,Routine (3+ months),"High flight hours, Extensive mileage",✅ Continue routine maintenance schedule | 📊 Monitor for changes | 🕐 Review airframe hours for scheduled maintenance,28531.48,3
346195,1,0.5005555555555555,307.78421087241554,11582.4,203.0175,ETD447,0,1.194199488525817,0,99.97968005323132,0.0,5.848291666666699,0,2025-12-29 09:54:04,346195,0.030327868852459017,0.04312680570594031,0.021234340996871975,0.000307227650043429,0.0,0.0,1.7249618350952458e-07,2.1,LOW,Routine (3+ months),Normal wear and tear,✅ Continue routine maintenance schedule | 📊 Monitor for changes,18503.08,3
3444ce,2,0.8327777777777778,595.7767818450021,11887.2,225.00791666666666,ETD447,0,1.6288744580283407,0,99.92981185724692,0.0,5.8985625000000015,0,2025-12-30 09:38:37,3444ce,0.06413227812323348,0.08348040155117181,0.02967647143885477,0.0010648168392196622,0.0,0.0,1.7397892879414554e-07,3.9,LOW,Routine (3+ months),Normal wear and tear,✅ Continue routine maintenance schedule | 📊 Monitor for changes,19005.96,3
152adf,1,0.33388888888888885,245.9410586733737,10355.58,204.17,VDA7704,0,4.092147889334365,0,99.95184588206362,4354.829999999944,1.1428000000000065,0,2025-12-29 10:24:06,152adf,0.013369135104578855,0.034461326727759214,0.07751744936577738,0.0007300796652421893,0.0,0.0,0.00012848002909190582,2.6,LOW,Routine (3+ months),Normal wear and tear,✅ Continue routine maintenance schedule | 📊 Monitor for changes,18502.46,3
15207a,2,4.666388888888889,4888.224206228076,11887.2,271.07447115384616,NWS3487,0,21.340897009797448,1,92.96535100173801,41540.19297403851,2963.3116621153845,0,2025-12-30 03:08:38,15207a,0.45421141888072375,0.6849392793461394,0.41251762248970936,0.10686772685875534,0.0,0.0,0.0013126371152604286,34.9,LOW,Routine (3+ months),"High flight hours, Extensive mileage",✅ Continue routine maintenance schedule | 📊 Monitor for changes | 🕐 Review airframe hours for scheduled maintenance,29048.88,3
152079,2,0.6655555555555556,523.3367083070451,11277.6,243.25833333333333,NWS3809,0,7.457738970904138,0,93.13798615667474,4474026.535800001,437.4602666666669,0,2025-12-30 07:48:33,152079,0.047117015262860384,0.073330079129043,0.14288297744645745,0.1042450828173962,0.0,0.0,0.13197494355000058,8.4,LOW,Routine (3+ months),Normal wear and tear,✅ Continue routine maintenance schedule | 📊 Monitor for changes,29005.23,3
152038,1,0.5002777777777777,364.2932422297116,11582.4,198.93250000000003,AFL233,0,8.960130507523088,0,78.16840632880877,15161287.419299996,758.1602249999996,0,2025-12-29 07:34:07,152038,0.03029960429621255,0.05104486624929683,0.1720619875504531,0.33166040475220915,0.0,0.0,0.4472066623442182,14.7,LOW,Routine (3+ months),Frequent altitude changes,✅ Continue routine maintenance schedule | 📊 Monitor for changes | 🔧 Check pressurization system,33503.64,3
151f5d,1,0.9225,637.9051412797628,13106.4,209.4028571428572,NWC9072,0,2.917505452559908,0,99.97320322024244,16.589828571424132,11.657957142857128,0,2025-12-29 00:08:45,151f5d,0.07326172979084229,0.0893834385097703,0.05470388665870985,0.0004056226000835883,0.0,0.0,8.331724041878372e-07,4.7,LOW,Routine (3+ months),Normal wear and tear,✅ Continue routine maintenance schedule | 📊 Monitor for changes,18506.38,3
151e73,1,0.9997222222222221,918.6991377617476,11277.6,258.9485714285714,RWZ3091,0,2.556396307614449,0,98.98216755190153,13.824857142860044,162.43978095238094,0,2025-12-29 05:44:09,151e73,0.0811192764273601,0.12872836817769548,0.047690530198568115,0.015461268660709182,0.0,0.0,5.198950239163823e-06,5.8,LOW,Routine (3+ months),Normal wear and tear,✅ Continue routine maintenance schedule | 📊 Monitor for changes,28509.19,3
151e38,1,1.333611111111111,1368.3054065293993,11277.6,282.1328571428572,KAR3433,0,3.8376298810801694,0,99.64007304213769,88479.0857142858,69.84115714285724,0,2025-12-29 03:54:07,151e38,0.11509327303561337,0.19172731845637947,0.07257427486466754,0.00546647985666926,0.0,0.0,0.002611763025815575,8.3,LOW,Routine (3+ months),Normal wear and tear,✅ Continue routine maintenance schedule | 📊 Monitor for changes,23513.68,3
151dc3,2,1.4994444444444446,888.6002250126633,11734.8,181.74433333333332,AFL232,0,23.467723235436253,0,62.67925937124743,19908006.635520004,4477.495733333334,0,2025-12-30 07:58:34,151dc3,0.13196721311475415,0.12451090049665225,0.45382422094607267,0.5669689025426643,0.0,0.0,0.5873215141461798,29.2,LOW,Routine (3+ months),"Frequent altitude changes, Declining fuel efficiency",✅ Continue routine maintenance schedule | 📊 Monitor for changes | 🔧 Check pressurization system | ⛽ Engine performance check needed,44008.89,3
151dc1,1,0.8330555555555554,573.5926416982237,11582.4,206.3333333333333,AFL295,0,1.2664244518564147,0,99.4167262573158,0.0,35.742706666666706,0,2025-12-29 15:51:45,151dc1,0.06416054267947993,0.08037195391783934,0.022637073163166613,0.008859526392205552,0.0,0.0,1.0542361495822136e-06,3.8,LOW,Routine (3+ months),Normal wear and tear,✅ Continue routine maintenance schedule | 📊 Monitor for changes,18505.74,3
151dc0,1,1.1658333333333333,1274.7662944028818,11887.2,304.5325,AFL294,0,4.699449683602478,0,99.74959744641356,0.0,85.5748500000001,0,2025-12-30 05:08:39,151dc0,0.09802148106274733,0.17862059312062567,0.08931228763477009,0.0038026036527593066,0.0,0.0,2.524042211084429e-06,7.9,LOW,Routine (3+ months),Normal wear and tear,✅ Continue routine maintenance schedule | 📊 Monitor for changes,23512.75,3
151db6,2,4.667222222222222,5231.272761373428,10972.8,280.00644886363636,AFL272,0,20.831051873238295,1,91.33589127136796,47296.09309090915,3164.6040973674244,1,2025-12-30 06:08:34,151db6,0.45429621254946306,0.733007334375739,0.4026155589939232,0.1316222031649048,0.0,0.0,0.0014883453456705947,36.1,LOW,Routine (3+ months),"High flight hours, Extensive mileage",✅ Continue routine maintenance schedule | 📊 Monitor for changes | 🕐 Review airframe hours for scheduled maintenance,29052.31,3
3c4584,1,1.5,1073.8279580984283,9753.6,206.6477777777777,BOX513,0,2.993653460482113,0,99.9901310943474,0.0,3.4457444444444434,0,2025-12-30 06:48:37,3c4584,0.13202374222724705,0.15046505985232145,0.05618281105252099,0.00014845720309053512,0.0,0.0,1.0163271599526532e-07,7.4,LOW,Routine (3+ months),Normal wear and tear,✅ Continue routine maintenance schedule | 📊 Monitor for changes,18510.74,3
3a3493,2,2.8336111111111113,2686.663422717574,11125.2,270.1180357142857,ACI500,0,6.663542932212011,0,99.7070514844699,35564.44500000019,53.89929088827844,0,2025-12-30 08:08:33,3a3493,0.2677218767665348,0.37645599525840306,0.12745833368834472,0.0044489547022679155,0.0,0.0,0.0010505680638545143,16.8,LOW,Routine (3+ months),Extensive mileage,✅ Continue routine maintenance schedule | 📊 Monitor for changes,24026.87,3
39d2ab,1,2.3325,2471.9246881056124,12496.8,294.0653846153846,AFR198,0,13.890612168154718,0,99.27940526833126,40.19843076922643,77.65462692307678,0,2025-12-29 03:34:08,39d2ab,0.21673261729790846,0.34636674649902316,0.26782036390346387,0.010945683604193124,0.0,0.0,3.4760924771792345e-06,17.9,LOW,Routine (3+ months),Extensive mileage,✅ Continue routine maintenance schedule | 📊 Monitor for changes,23524.72,3
39d2a0,1,2.165833333333333,2396.090829345036,12496.8,308.85714285714295,AFR198,0,11.69998185299209,0,98.95314240206972,3.563239561766888e-24,108.51474505494512,0,2025-12-30 03:38:37,39d2a0,0.19977388355002826,0.3357408859864617,0.22527458103510528,0.015902213822103772,0.0,0.0,3.2006576353186304e-06,16.5,LOW,Routine (3+ months),Extensive mileage,✅ Continue routine maintenance schedule | 📊 Monitor for changes,28523.96,3
39cf0f,1,3.2575,2452.9537874385296,12192.0,212.2931578947368,AFR209,0,13.437986196983992,0,99.08393107205254,106485.35578947382,76.20555614035078,0,2025-12-29 00:48:39,39cf0f,0.31085358959864334,0.34370853883847774,0.259029594344256,0.013915294494267871,0.0,0.0,0.0031430482076847664,20.1,LOW,Routine (3+ months),"High flight hours, Extensive mileage",✅ Continue routine maintenance schedule | 📊 Monitor for changes | 🕐 Review airframe hours for scheduled maintenance,23524.53,3
39c428,3,2.8327777777777774,2089.025529986764,10126.98,202.6688333333333,AFR182,0,28.990408943317373,2,66.56080485890341,7245989.655457142,10524.971883809523,0,2025-12-30 01:28:36,39c428,0.2676370830977954,0.2927148143535992,0.5610842115302229,0.5080011207591896,0.0,0.0,0.21403191737712815,33.5,LOW,Routine (3+ months),"Speed instability, Declining fuel efficiency",✅ Continue routine maintenance schedule | 📊 Monitor for changes | 🔧 Inspect throttle control system | ⛽ Engine performance check needed,44520.89,3
39c427,2,1.165,406.9880172163131,8321.04,132.733,AFR217,0,26.78517932660997,0,59.91903370752625,9294716.894399999,11508.181915,0,2025-12-30 02:38:38,39c427,0.09793668739400793,0.05702726950606838,0.5182548852865835,0.6089017834348442,0.0,0.0,0.2744884147441853,25.8,LOW,Routine (3+ months),"Speed instability, Declining fuel efficiency",✅ Continue routine maintenance schedule | 📊 Monitor for changes | 🔧 Inspect throttle control system | ⛽ Engine performance check needed,54004.07,3
39c426,2,0.7572222222222221,282.49612044414584,7399.02,120.93875,AFR217,0,30.47092342919264,0,59.662706487985076,11773587.743099999,10190.180295833334,0,2025-12-29 03:14:06,39c426,0.05644431882419446,0.039583431731417894,0.5898383319372678,0.6127958631500344,0.0,0.0,0.34756418369060377,26.7,LOW,Routine (3+ months),"Speed instability, Declining fuel efficiency",✅ Continue routine maintenance schedule | 📊 Monitor for changes | 🔧 Inspect throttle control system | ⛽ Engine performance check needed,63002.82,3
3965aa,1,2.165833333333333,2244.5539993854154,10058.4,301.83363636363634,AFR256,0,11.389632727400356,0,98.98095716116389,3.639594695233322e-24,219.4527054545452,0,2025-12-30 08:18:37,3965aa,0.19977388355002826,0.3145075049613651,0.21924707086170084,0.01547965671183904,0.0,0.0,6.47278834732342e-06,15.9,LOW,Routine (3+ months),Extensive mileage,✅ Continue routine maintenance schedule | 📊 Monitor for changes,28522.45,3
3965a3,2,1.6647222222222224,1227.886449205658,9448.8,217.27791666666667,AFR257,0,2.195892387046297,0,99.8756556591933,0.0,27.28367249999996,0,2025-12-30 01:18:37,3965a3,0.14878462408140197,0.17205177670988617,0.04068892822970924,0.0018875486297408317,0.0,0.0,8.047357496203996e-07,8.0,LOW,Routine (3+ months),Normal wear and tear,✅ Continue routine maintenance schedule | 📊 Monitor for changes,19012.28,3
394a13,2,1.164722222222222,1210.3377415482769,10668.0,299.4915,AFR156,0,3.2195983649194804,0,99.94568395634332,0.0,23.38366833333326,0,2025-12-30 04:58:38,394a13,0.09790842283776144,0.16959284711312414,0.06057104706745563,0.0008236905973815212,0.0,0.0,6.897045793633453e-07,7.1,LOW,Routine (3+ months),Normal wear and tear,✅ Continue routine maintenance schedule | 📊 Monitor for changes,19012.1,3
394a02,2,2.0900000000000003,1720.6739409309325,9753.6,230.585625,AFR257,0,2.767613296767723,0,99.8374497934104,45241.84500000004,21.031323511904706,0,2025-12-29 00:48:39,394a02,0.19205765969474284,0.24110129146476494,0.05179272493969975,0.002467965673286776,0.0,0.0,0.0013350348897560207,10.7,LOW,Routine (3+ months),Normal wear and tear,✅ Continue routine maintenance schedule | 📊 Monitor for changes,19017.21,3
3949f8,2,3.8341666666666665,3617.3970264434506,10515.6,249.72637254901957,AFR183,0,7.707487705800691,0,99.5978123171054,98732.25035294131,74.14517002450984,0,2025-12-29 09:54:04,3949f8,0.3695308083663087,0.5068706360162891,0.14773352451184268,0.006108497635319732,0.0,0.0,0.002914308503316909,22.5,LOW,Routine (3+ months),"High flight hours, Extensive mileage",✅ Continue routine maintenance schedule | 📊 Monitor for changes | 🕐 Review airframe hours for scheduled maintenance,24036.17,3
3949f7,2,3.334166666666667,3080.330299101062,10515.6,234.65800000000002,AFR183,0,17.59712907738505,1,87.92873866992446,99327.45111428568,5093.333934285713,0,2025-12-30 10:18:36,3949f7,0.31865460712266824,0.43161670295855453,0.3398072539444274,0.18338308855034102,0.0,0.0,0.003079905710347932,26.2,LOW,Routine (3+ months),"High flight hours, Extensive mileage",✅ Continue routine maintenance schedule | 📊 Monitor for changes | 🕐 Review airframe hours for scheduled maintenance,29030.8,3
3949ed,2,1.0008333333333332,704.9967135984379,8058.15,181.90208333333334,AFR191,0,10.202014323854877,0,84.41916212451807,6449810.487450001,2790.7959625000003,0,2025-12-29 02:24:07,3949ed,0.08123233465234596,0.09878432751473927,0.19618149271372315,0.23669998114893853,0.0,0.0,0.1903203804696204,13.4,LOW,Routine (3+ months),Normal wear and tear,✅ Continue routine maintenance schedule | 📊 Monitor for changes,29007.05,3
3949ec,3,2.501111111111111,1445.790513001716,9855.199999999999,167.17683333333332,AFR225,0,14.269718625717857,0,63.36116946738133,14384001.877100004,6807.601931666667,1,2025-12-30 04:18:35,3949ec,0.23388920293951385,0.20258455223865726,0.27518325891858036,0.5566094398305437,0.0,0.0,0.424458945318044,28.0,LOW,Routine (3+ months),"Frequent altitude changes, Speed instability, Declining fuel efficiency",✅ Continue routine maintenance schedule | 📊 Monitor for changes | 🔧 Check pressurization system | 🔧 Inspect throttle control system | ⛽ Engine performance check needed,44514.46,3
3c65ae,1,1.3330555555555557,1472.8315104063677,11887.2,308.75444444444446,DLH772,0,5.47446335684827,0,99.63684694701452,0.0,17.126377777777762,0,2025-12-30 09:18:35,3c65ae,0.11503674392312042,0.20637354400616761,0.10436437708760715,0.005515490147503299,0.0,0.0,5.051449162235092e-07,9.2,LOW,Routine (3+ months),Normal wear and tear,✅ Continue routine maintenance schedule | 📊 Monitor for changes,18514.73,3
3c65ad,2,1.3344444444444443,855.946404907716,11125.2,183.741,DLH762,0,24.54704190708107,0,59.328507909382296,18841797.155040003,8474.02191,0,2025-12-29 03:44:06,3c65ad,0.11517806670435274,0.1199354385155744,0.4747864332973413,0.617872951366073,0.0,0.0,0.5559913939786038,29.6,LOW,Routine (3+ months),"Frequent altitude changes, Speed instability, Declining fuel efficiency",✅ Continue routine maintenance schedule | 📊 Monitor for changes | 🔧 Check pressurization system | 🔧 Inspect throttle control system | ⛽ Engine performance check needed,54008.56,3
3c65ac,2,3.833055555555555,3514.421748735543,10820.4,267.0758333333333,DLH772,0,9.863412700139126,0,99.70883940603579,30967.679999999855,47.82738166666658,0,2025-12-29 23:28:38,3c65ac,0.36941775014132283,0.49244171264287706,0.1896052707643731,0.004421792900588972,0.0,0.0,0.000914806743214004,23.0,LOW,Routine (3+ months),"High flight hours, Extensive mileage",✅ Continue routine maintenance schedule | 📊 Monitor for changes | 🕐 Review airframe hours for scheduled maintenance,19035.14,3
3c65a8,1,2.7572222222222225,2215.9223980527827,11582.4,225.91,DLH773,0,9.429460139486384,0,99.61306904199336,68007.45411764714,103.21555294117648,0,2025-12-28 23:48:41,3c65a8,0.2599491237987564,0.310495637347291,0.1811771707363092,0.005876720054254436,0.0,0.0,0.0020089337611902645,16.4,LOW,Routine (3+ months),Extensive mileage,✅ Continue routine maintenance schedule | 📊 Monitor for changes,28522.16,3
3c64c6,1,1.166388888888889,847.2252651578342,10363.2,210.0128571428572,DLH759,0,4.782101478997589,0,99.12537854949638,309267.584228572,106.03429047619048,0,2025-12-29 03:54:07,3c64c6,0.09807801017524027,0.11871343008810696,0.09091752669141089,0.013285631435273393,0.0,0.0,0.00912501829846045,6.9,LOW,Routine (3+ months),Normal wear and tear,✅ Continue routine maintenance schedule | 📊 Monitor for changes,28508.47,3
3c5642,1,0.5,251.1683233311144,9669.78,162.4225,BOX533,0,8.435858299797685,0,62.915866261607306,14268242.431200003,5771.670158333332,0,2025-12-30 08:18:37,3c5642,0.030271339739966086,0.035193772445585074,0.16187972568754994,0.5633744107291384,0.0,0.0,0.4210140492614685,17.4,LOW,Routine (3+ months),"Frequent altitude changes, Speed instability, Declining fuel efficiency",✅ Continue routine maintenance schedule | 📊 Monitor for changes | 🔧 Check pressurization system | 🔧 Inspect throttle control system | ⛽ Engine performance check needed,43502.51,3
3c5641,1,0.4997222222222222,340.90482844067094,11871.96,201.5475,BOX500,0,36.51500881815842,0,51.45841489498128,21628001.9052,8718.874958333332,0,2025-12-29 10:14:09,3c5641,0.030243075183719617,0.04776767547206033,0.7072247950099595,0.7374340717921282,0.0,0.0,0.6381781161003167,33.3,LOW,Routine (3+ months),"Frequent altitude changes, Speed instability, Declining fuel efficiency",✅ Continue routine maintenance schedule | 📊 Monitor for changes | 🔧 Check pressurization system | 🔧 Inspect throttle control system | ⛽ Engine performance check needed,62503.41,3
3c4ad8,1,2.7580555555555555,2265.171847311958,10370.82,231.77411764705883,DLH781,0,9.746373422625313,0,99.77034125096225,3.415552941175557,97.88205073529406,0,2025-12-29 00:48:39,3c4ad8,0.26003391746749577,0.3173964833111064,0.18733216806251327,0.0034874672866195278,0.0,0.0,2.98778703744278e-06,16.6,LOW,Routine (3+ months),Extensive mileage,✅ Continue routine maintenance schedule | 📊 Monitor for changes,23522.65,3
3c4ad7,2,3.6686111111111113,2955.7239201052,10820.400000000001,267.6273026315789,DLH780,0,8.412859840049814,0,99.84230779332424,38030.48421052636,32.408232383040996,0,2025-12-30 00:38:34,3c4ad7,0.35268513284341446,0.41415682390419034,0.16143305631208893,0.002394163761204493,0.0,0.0,0.001122670354687969,20.4,LOW,Routine (3+ months),"High flight hours, Extensive mileage",✅ Continue routine maintenance schedule | 📊 Monitor for changes | 🕐 Review airframe hours for scheduled maintenance,19029.56,3
3c4ad5,4,3.0891666666666664,2556.118346565031,10426.065,226.07488095238094,DLH754,0,15.962485621781369,0,72.99165263895496,12511356.42885,4564.668697619048,1,2025-12-30 04:48:37,3c4ad5,0.29372526851328434,0.3581639843747399,0.30805968565418645,0.41030477022490164,0.0,0.0,0.3691588493676859,30.5,LOW,Routine (3+ months),"Frequent altitude changes, High flight hours, Extensive mileage",✅ Continue routine maintenance schedule | 📊 Monitor for changes | 🔧 Check pressurization system | 🕐 Review airframe hours for scheduled maintenance,35025.56,3
3c4a8b,4,3.256111111111111,1725.529254667679,11049.0,220.33416666666665,DLH780,0,18.181576974315718,1,78.85750538179303,6484364.611890001,5392.696528333335,1,2025-12-30 10:08:34,3c4a8b,0.31071226681741104,0.24178161932035092,0.3511582304869186,0.3211917286249294,0.0,0.0,0.19141630264197398,26.4,LOW,Routine (3+ months),"Speed instability, High flight hours",✅ Continue routine maintenance schedule | 📊 Monitor for changes | 🔧 Inspect throttle control system | 🕐 Review airframe hours for scheduled maintenance,35017.26,3
3c4a0d,3,0.9991666666666668,253.3951577904415,4241.8,103.13111111111112,DLH756,0,27.011790198064542,2,66.12948018719182,3972621.0870000008,8582.334422222222,1,2025-12-30 00:28:37,3c4a0d,0.08106274731486718,0.0355057970838681,0.5226560555186315,0.5145537321353035,0.0,0.0,0.1174261536722931,22.1,LOW,Routine (3+ months),"Speed instability, Declining fuel efficiency",✅ Continue routine maintenance schedule | 📊 Monitor for changes | 🔧 Inspect throttle control system | ⛽ Engine performance check needed,44502.53,3
3c4594,1,1.1730555555555557,892.8237568753573,9144.0,212.17875,BOX523,0,3.5481769867992856,0,99.97600939658788,0.0,8.80992678571427,0,2025-12-30 07:18:12,3c4594,0.09875635952515549,0.12510270290756526,0.06695260519934192,0.00036299164421549346,0.0,0.0,2.598500270080071e-07,6.3,LOW,Routine (3+ months),Normal wear and tear,✅ Continue routine maintenance schedule | 📊 Monitor for changes,18508.93,3
3c4593,1,1.0,777.2950597136139,9753.6,216.3400000000001,BOX629,0,1.5168392932439532,0,99.9450894153394,0.0,22.993999999999986,0,2025-12-29 07:04:08,3c4593,0.08114754098360658,0.10891479105259279,0.027500557154484306,0.0008327227636389933,0.0,0.0,6.782112571821658e-07,4.8,LOW,Routine (3+ months),Normal wear and tear,✅ Continue routine maintenance schedule | 📊 Monitor for changes,18507.77,3
3c458c,1,1.166111111111111,1129.3512742104613,12496.8,287.89375000000007,BOX514,0,4.350719590605883,0,99.89616095982252,0.0,5.988312500000013,0,2025-12-29 06:14:08,3c458c,0.0980497456189938,0.1582450017126456,0.0825393535100115,0.0015760355747594934,0.0,0.0,1.7662611764045793e-07,7.3,LOW,Routine (3+ months),Normal wear and tear,✅ Continue routine maintenance schedule | 📊 Monitor for changes,18511.29,3
4007ee,2,3.4988888888888883,3221.155716352992,10820.400000000001,258.70323529411763,BAW2230,0,14.856150428231276,1,95.20186165695395,10929.76941176472,1434.3317204656862,0,2025-12-29 23:28:38,4007ee,0.33541548897682305,0.45134919797857853,0.2865727662964986,0.07289103569473365,0.0,0.0,0.00036468089818289247,24.2,LOW,Routine (3+ months),"High flight hours, Extensive mileage",✅ Continue routine maintenance schedule | 📊 Monitor for changes | 🕐 Review airframe hours for scheduled maintenance,29032.21,3
4007ec,1,0.8333333333333334,921.9782675623978,11277.6,307.93833333333333,BAW2231,0,4.437140534273931,0,99.99024298344472,0.0,1.295976666666653,0,2025-12-30 09:48:34,4007ec,0.06418880723572641,0.12918784071982606,0.08421779586476658,0.00014675740287040107,0.0,0.0,3.8225013672207703e-08,5.9,LOW,Routine (3+ months),Normal wear and tear,✅ Continue routine maintenance schedule | 📊 Monitor for changes,18509.22,3
3ccd45,1,0.5002777777777777,388.6768634395136,12496.8,250.84,IFA2454,0,1.9248843647121816,0,99.96860675473803,0.0,13.668866666666672,0,2025-12-30 01:28:36,3ccd45,0.03029960429621255,0.0544615057557278,0.03542548948607322,0.00047545132570359083,0.0,0.0,4.031651407434726e-07,2.6,LOW,Routine (3+ months),Normal wear and tear,✅ Continue routine maintenance schedule | 📊 Monitor for changes,18503.89,3
3c7a54,1,2.756111111111111,2003.0004483553887,10972.8,218.7122222222222,CFG2363,0,18.12297928178232,0,89.33708382736765,7912034.460529413,95.22165359477128,0,2025-12-29 00:08:45,3c7a54,0.25983606557377054,0.2806609569746323,0.35002016319831375,0.16198774739460087,0.0,0.0,0.23336937543453384,23.9,LOW,Routine (3+ months),Normal wear and tear,✅ Continue routine maintenance schedule | 📊 Monitor for changes,28520.03,3
3c7a4d,2,4.998888888888888,5163.40995989278,11887.2,285.6006060606061,CFG2362,0,11.229283257973883,0,99.28087896449514,3.5923272316588635e-24,228.58682839826832,1,2025-12-30 06:58:37,3c7a4d,0.4880440927077445,0.7234983805349264,0.21613281024818937,0.010923295461613414,0.0,0.0,6.742200585512466e-06,31.2,LOW,Routine (3+ months),"High flight hours, Extensive mileage",✅ Continue routine maintenance schedule | 📊 Monitor for changes | 🕐 Review airframe hours for scheduled maintenance,29051.63,3
3c7a4a,2,0.9997222222222221,958.3205847061344,11887.2,293.05333333333334,CFG2368,0,3.179437592328938,0,99.9121745177496,2.481541837659083e-24,38.032449999999855,0,2025-12-30 03:08:38,3c7a4a,0.0811192764273601,0.13428013588961074,0.05979105625904033,0.0013327603143189481,0.0,0.0,1.1217724505617891e-06,5.9,LOW,Routine (3+ months),Normal wear and tear,✅ Continue routine maintenance schedule | 📊 Monitor for changes,19009.58,3
3c68cb,1,1.4994444444444446,1050.0359756318064,11582.4,195.41800000000003,BCS547,0,3.3720693820248133,0,99.83218039970112,99096.57600000012,15.74672888888886,0,2025-12-30 06:58:37,3c68cb,0.13196721311475415,0.1471313209243604,0.06353229467851122,0.0025480174102479047,0.0,0.0,0.0029233318691921544,7.6,LOW,Routine (3+ months),Normal wear and tear,✅ Continue routine maintenance schedule | 📊 Monitor for changes,18510.5,3
3c6711,1,2.591666666666667,2100.6798531897234,11582.4,226.2976470588235,DLH769,0,8.229196396522212,0,99.77129604819407,0.0,97.16278161764713,0,2025-12-29 00:18:37,3c6711,0.2431034482758621,0.29434782122871994,0.15786599849539826,0.003472962168750149,0.0,0.0,2.865829880500162e-06,15.2,LOW,Routine (3+ months),Extensive mileage,✅ Continue routine maintenance schedule | 📊 Monitor for changes,23521.01,3
3c670b,1,2.165833333333333,2316.1016026992497,12496.8,310.9428571428572,DLH796,0,14.351450694684235,0,99.13776739965438,90927.57425934022,126.51672967032935,0,2025-12-30 08:18:37,3c670b,0.19977388355002826,0.3245327742176899,0.276770635316851,0.013097422121486235,0.0,0.0,0.002685653193060633,17.2,LOW,Routine (3+ months),Extensive mileage,✅ Continue routine maintenance schedule | 📊 Monitor for changes,28523.16,3
3c6706,2,2.168055555555555,1754.171723841178,11734.8,214.377125,DLH764,0,24.374110786776388,0,61.82046592147782,18907486.10200286,5759.833801964285,0,2025-12-30 03:48:37,3c6706,0.19999999999999998,0.24579500973918536,0.4714278155311489,0.5800155472114283,0.0,0.0,0.5578488433294635,33.6,LOW,Routine (3+ months),"Frequent altitude changes, Speed instability, Declining fuel efficiency",✅ Continue routine maintenance schedule | 📊 Monitor for changes | 🔧 Check pressurization system | 🔧 Inspect throttle control system | ⛽ Engine performance check needed,44017.54,3
3c6704,1,0.49916666666666665,499.3244573116296,11940.54,302.5975,DLH768,0,6.272191526392271,0,99.9247976567846,711.2889000000038,10.451291666666572,0,2025-12-30 09:38:37,3c6704,0.030186546071226686,0.0699654761160872,0.11985762086063172,0.0011409917235848388,0.0,0.0,2.1287828248636604e-05,4.6,LOW,Routine (3+ months),Normal wear and tear,✅ Continue routine maintenance schedule | 📊 Monitor for changes,18504.99,3
3c6703,1,2.167777777777778,2306.2422020633494,12496.8,297.89076923076925,DLH796,0,11.095585739483637,0,99.56263475591206,28585.55076923064,103.08672435897422,0,2025-12-29 08:34:04,3c6703,0.19997173544375357,0.3231512723713273,0.21353617605009917,0.006642909188326218,0.0,0.0,0.0008461753892915909,15.8,LOW,Routine (3+ months),Extensive mileage,✅ Continue routine maintenance schedule | 📊 Monitor for changes,28523.06,3
3c66c5,2,1.4227777777777777,1236.9419216041779,11734.8,234.83916666666664,DLH764,0,10.07898855962751,0,83.32878231704782,8885031.07782857,2138.2727023809516,0,2025-12-29 04:14:05,3c66c5,0.12416619559072924,0.17332063191723907,0.19379212221346012,0.2532648465491998,0.0,0.0,0.26212830729818265,16.9,LOW,Routine (3+ months),Normal wear and tear,✅ Continue routine maintenance schedule | 📊 Monitor for changes,29012.37,3
3c66c3,2,1.6658333333333333,1225.308802354255,10824.21,219.236875,DLH762,1,31.396081706557954,1,67.82583832350684,15677307.470207142,5844.509833035714,0,2025-12-30 03:08:38,3c66c3,0.14889768230638784,0.1716905961456724,0.607806486086877,0.4887829465739951,0.5,0.5,0.46257676876411363,36.3,LOW,Routine (3+ months),"Frequent altitude changes, Speed instability, Repeated high-risk operations, Declining fuel efficiency",✅ Continue routine maintenance schedule | 📊 Monitor for changes | 🔧 Check pressurization system | 🔧 Inspect throttle control system | ⛽ Engine performance check needed,53012.25,3
3c66c1,1,0.5,85.7890059347124,3352.8,61.12500000000001,DLH766,0,22.88383981325802,1,69.73568216579277,1902654.2592000004,4433.0619000000015,0,2025-12-29 23:58:37,3c66c1,0.030271339739966086,0.01202077838939492,0.44248420746753875,0.45976892231727085,0.0,0.0,0.05624980819341571,17.3,LOW,Routine (3+ months),Declining fuel efficiency,✅ Continue routine maintenance schedule | 📊 Monitor for changes | ⛽ Engine performance check needed,43500.86,3
406c3b,1,0.4994444444444444,248.7687185652057,9281.16,136.93,VIR358,0,36.58748164317386,1,47.74775647330034,13514605.2288,11766.659866666669,0,2025-12-30 01:48:39,406c3b,0.03021481062747315,0.03485753918587023,0.7086323410735839,0.7938057662057445,0.0,0.0,0.39896223726737984,31.5,LOW,Routine (3+ months),"Frequent altitude changes, Speed instability, Declining fuel efficiency",✅ Continue routine maintenance schedule | 📊 Monitor for changes | 🔧 Check pressurization system | 🔧 Inspect throttle control system | ⛽ Engine performance check needed,62502.49,3
406b13,1,0.4997222222222222,378.2281845779487,9753.6,223.8733333333333,BLX376,0,1.456994571131986,0,99.85047628218786,19.354800000004065,50.876933333333525,0,2025-12-29 23:28:38,406b13,0.030243075183719617,0.05299743408723903,0.026338270421223248,0.0022700694615648276,0.0,0.0,2.0714948316119656e-06,2.4,LOW,Routine (3+ months),Normal wear and tear,✅ Continue routine maintenance schedule | 📊 Monitor for changes,23503.78,3
406b12,2,1.6663888888888887,1185.60537650291,12649.2,201.71214285714285,TOM977P,0,2.790518322078521,0,99.81268212350466,15.622088571427696,29.556339285714238,0,2025-12-30 02:38:38,406b12,0.1489542114188807,0.1661273415274524,0.05223757965878324,0.00284423192056682,0.0,0.0,1.3325440703881896e-06,8.1,LOW,Routine (3+ months),Normal wear and tear,✅ Continue routine maintenance schedule | 📊 Monitor for changes,19011.86,3
406b0a,1,2.4241666666666664,2122.1961247137297,9753.6,213.921875,BAW16,0,21.96859063627538,1,91.96142634722348,0.0,3176.3968295833333,0,2025-12-28 23:48:41,406b0a,0.2260599208592425,0.2973626869325254,0.4247085049745982,0.12211918021482904,0.0,0.0,9.368827029230057e-05,21.9,LOW,Routine (3+ months),Extensive mileage,✅ Continue routine maintenance schedule | 📊 Monitor for changes,28521.22,3
406a9f,2,1.1675,1167.3921864016781,12039.599999999999,266.11424999999997,BAW276,0,3.3083261289690826,0,99.8005510288507,5.80643999999845,66.7263774999999,0,2025-12-30 08:08:33,406a9f,0.09819106840022614,0.16357530447345686,0.062294291814650266,0.003028525456382325,0.0,0.0,2.139365632062212e-06,7.0,LOW,Routine (3+ months),Normal wear and tear,✅ Continue routine maintenance schedule | 📊 Monitor for changes,24011.67,3
406a35,1,2.3333333333333335,1814.8319418079925,9761.22,217.4213333333333,BAW16,0,6.164255263038098,0,99.8874997108828,3.870959999998967,48.82242666666663,0,2025-12-29 23:58:37,406a35,0.21681741096664786,0.2542947356572872,0.11776131424399124,0.0017076158020359333,0.0,0.0,1.5541988351911484e-06,12.9,LOW,Routine (3+ months),Normal wear and tear,✅ Continue routine maintenance schedule | 📊 Monitor for changes,18518.15,3
406a34,1,2.5891666666666664,2278.454064443977,10363.2,218.68,BAW12,0,20.14824855287232,1,94.5241804932545,162634.968847059,2011.8792375000005,0,2025-12-28 23:58:46,406a34,0.24284906726964386,0.31925759111768637,0.38935435211250174,0.08318625318139827,0.0,0.0,0.004856281892254931,21.5,LOW,Routine (3+ months),Extensive mileage,✅ Continue routine maintenance schedule | 📊 Monitor for changes,28522.78,3
406948,1,0.3333333333333333,365.1197036130623,11277.6,304.40333333333336,BAW11,0,3.862577964612422,0,99.95215598544306,0.0,6.850633333333256,0,2025-12-30 07:48:33,406948,0.013312605992085924,0.0511606702387289,0.07305880926446931,0.000725368627211842,0.0,0.0,2.0206039164538584e-07,2.8,LOW,Routine (3+ months),Normal wear and tear,✅ Continue routine maintenance schedule | 📊 Monitor for changes,18503.65,3
40688f,2,1.3333333333333333,1178.4523471694445,11426.189999999999,258.211,BAW35,0,4.3210319853389,0,99.0112073580307,702043.1120399997,12.262818333333353,0,2025-12-30 08:08:33,40688f,0.1150650084793669,0.1651250571497098,0.08196276950182532,0.015020100843326833,0.0,0.0,0.020707221814132686,8.3,LOW,Routine (3+ months),Normal wear and tear,✅ Continue routine maintenance schedule | 📊 Monitor for changes,24011.78,3
4067f6,1,2.0,2183.764533308623,12496.8,298.025,TOM104,0,10.723987767717132,0,99.31111557031022,15.483839999995862,267.7674499999998,0,2025-12-30 02:08:35,4067f6,0.18289994347088753,0.3059896687636258,0.20631910865553676,0.010463946066057828,0.0,0.0,8.354536552551423e-06,15.0,LOW,Routine (3+ months),Extensive mileage,✅ Continue routine maintenance schedule | 📊 Monitor for changes,28521.84,3
40621b,1,0.9991666666666668,1132.1655303011344,11277.6,314.9314285714286,BAW15,0,5.500964508679937,0,99.98065296641568,3.8601761919141294e-24,6.943847619047595,0,2025-12-30 09:38:37,40621b,0.08106274731486718,0.15863933602656377,0.10487907472681507,0.0002924473176908471,0.0,0.0,2.0480976008505094e-07,7.3,LOW,Routine (3+ months),Normal wear and tear,✅ Continue routine maintenance schedule | 📊 Monitor for changes,18511.32,3
405bfe,1,0.33388888888888885,152.62043605583176,7383.78,162.92333333333332,BAW199,0,14.47843754506652,0,76.83704838508626,8487389.4768,5116.153033333334,0,2025-12-29 10:24:06,405bfe,0.013369135104578855,0.021385216200268845,0.2792369368767745,0.3518861691934071,0.0,0.0,0.25048764546559493,14.1,LOW,Routine (3+ months),Normal wear and tear,✅ Continue routine maintenance schedule | 📊 Monitor for changes,33501.53,3
4007f7,2,1.1708333333333334,981.4279249700526,10820.400000000001,249.77375,BAW118,0,6.428371601870382,0,93.781523064773,4057218.4984500003,374.14772916666675,0,2025-12-30 07:38:20,4007f7,0.09853024307518375,0.13751794256955166,0.12289090472129183,0.0944685790801526,0.0,0.0,0.11967926457764136,10.3,LOW,Routine (3+ months),Normal wear and tear,✅ Continue routine maintenance schedule | 📊 Monitor for changes,29009.81,3
4007f4,2,2.0005555555555556,1631.9544760782198,10515.6,228.08666666666664,BAW118,0,10.356755986185174,0,78.04737571778475,11228799.961710002,3067.4015866666664,0,2025-12-29 07:44:01,4007f4,0.18295647258338046,0.22866989639029833,0.19918684013388102,0.3334990813006825,0.0,0.0,0.3312855042604495,21.4,LOW,Routine (3+ months),Normal wear and tear,✅ Continue routine maintenance schedule | 📊 Monitor for changes,34016.32,3
4007f2,1,0.5005555555555555,209.0724358631321,9197.34,136.20499999999998,BAW199,0,37.88737921187956,0,44.45823477330141,16048593.7092,12556.110966666669,0,2025-12-30 09:48:34,4007f2,0.030327868852459017,0.02929528546763105,0.7338785724100448,0.8437796228549632,0.0,0.0,0.4737258681102183,33.4,LOW,Routine (3+ months),"Frequent altitude changes, Speed instability, Declining fuel efficiency",✅ Continue routine maintenance schedule | 📊 Monitor for changes | 🔧 Check pressurization system | 🔧 Inspect throttle control system | ⛽ Engine performance check needed,62502.09,3
4007f0,1,2.9225,2288.84923136028,10363.2,219.764375,BAW2230,0,12.29901367001757,0,99.60405057251258,43795.07370000006,74.05599958333332,0,2025-12-28 23:48:41,4007f0,0.2767665347654042,0.3207141646781347,0.2369088022188436,0.006013727115502188,0.0,0.0,0.0012939261374724693,18.2,LOW,Routine (3+ months),Extensive mileage,✅ Continue routine maintenance schedule | 📊 Monitor for changes,23522.89,3
06a2f5,2,2.5013888888888887,2094.132914494501,11430.0,230.25368055555555,QTR648,0,13.70928197406468,0,77.29143833622226,10960121.685703572,3469.7609510912707,0,2025-12-29 09:24:04,06a2f5,0.23391746749576034,0.2934304624328375,0.264298621776628,0.34498315399793866,0.0,0.0,0.3233726684468689,25.4,LOW,Routine (3+ months),Normal wear and tear,✅ Continue routine maintenance schedule | 📊 Monitor for changes,34020.94,3
06a2f2,2,2.835,2055.378045084646,11666.22,203.22194444444443,QTR2L,0,24.121931781987147,1,71.03030147753856,9962804.947622143,8934.745037698412,0,2025-12-30 01:58:37,06a2f2,0.26786319954776716,0.2880001197961558,0.46653006847293504,0.44010128495208334,0.0,0.0,0.294117861757508,31.3,LOW,Routine (3+ months),Speed instability,✅ Continue routine maintenance schedule | 📊 Monitor for changes | 🔧 Inspect throttle control system,34020.55,3
06a2f1,2,1.833611111111111,1714.3976971793682,11430.0,256.8944047619048,QTR982,0,3.8062907823309082,0,99.90767413577225,55757.86083428578,5.967850238095241,0,2025-12-30 09:48:34,06a2f1,0.16596947427925385,0.24022186251657554,0.07196561603188903,0.0014011293552658177,0.0,0.0,0.0016447619534409792,10.4,LOW,Routine (3+ months),Normal wear and tear,✅ Continue routine maintenance schedule | 📊 Monitor for changes,19017.14,3
06a2ee,2,1.2577777777777779,1120.3074849330042,11883.39,247.26500000000001,QTR42H,0,10.219688028111584,0,95.27831545058845,3048961.6440000003,317.99587,1,2025-12-30 08:18:37,06a2ee,0.10737704918032791,0.15697778354733163,0.19652474624152325,0.07172956260781627,0.0,0.0,0.08993893094095051,11.7,LOW,Routine (3+ months),Normal wear and tear,✅ Continue routine maintenance schedule | 📊 Monitor for changes,29011.2,3
06a2e9,1,1.1683333333333332,1161.243544251787,11277.6,286.235,QTR976,0,3.0915245040519497,0,99.7788897664962,12.442371428574043,94.54940000000008,0,2025-12-29 07:54:02,06a2e9,0.09827586206896552,0.1627137550957221,0.058083633907021114,0.0033575996861541224,0.0,0.0,3.1557373144611736e-06,6.9,LOW,Routine (3+ months),Normal wear and tear,✅ Continue routine maintenance schedule | 📊 Monitor for changes,23511.61,3
06a2e6,1,1.6675,1878.30084773742,11887.2,266.7155555555556,QTR976,0,27.790518464707837,1,71.34856308212089,16.12900000000339,9103.17322777778,0,2025-12-30 07:58:34,06a2e6,0.1490672696438666,0.2631880156817186,0.5377802887207085,0.43526630854674353,0.0,0.0,0.00026897509909216743,26.3,LOW,Routine (3+ months),Speed instability,✅ Continue routine maintenance schedule | 📊 Monitor for changes | 🔧 Inspect throttle control system,33518.78,3
06a2e5,2,1.9227777777777777,1791.499139419985,11734.8,257.3206666666667,QTR21W,0,8.042947347789156,0,98.71381650725658,939022.3155,14.012613333333336,0,2025-12-29 04:24:05,06a2e5,0.17504239683436973,0.25102533716439374,0.15424872380875324,0.019538012290872486,0.0,0.0,0.027697008290400494,13.1,LOW,Routine (3+ months),Normal wear and tear,✅ Continue routine maintenance schedule | 📊 Monitor for changes,24017.91,3
06a2df,1,1.166111111111111,924.1918334754704,9144.0,220.1125,QTR8411,0,3.332498689371505,0,99.9790142071582,0.0,6.320221428571415,0,2025-12-29 03:44:06,06a2df,0.0980497456189938,0.1294980061658695,0.06276376423048205,0.0003173430708380831,0.0,0.0,1.864158180717181e-07,6.3,LOW,Routine (3+ months),Normal wear and tear,✅ Continue routine maintenance schedule | 📊 Monitor for changes,18509.24,3
06a2c7,1,0.2575,227.44352258104536,10668.0,289.7333333333333,QTR52U,0,6.187896164321422,0,99.83220145265744,123870.72000000016,2.456433333333346,0,2025-12-29 00:48:39,06a2c7,0.0055963821368004525,0.03186944703766314,0.11822046093152255,0.002547697577300223,0.0,0.0,0.0036536567243628513,3.2,LOW,Routine (3+ months),Normal wear and tear,✅ Continue routine maintenance schedule | 📊 Monitor for changes,18502.27,3
06a2b8,1,0.4997222222222222,403.822647049714,10972.8,249.05,QTR56U,0,0.4874581863160359,0,99.95051603894476,0.0,1.8948000000000087,0,2025-12-29 03:44:06,06a2b8,0.030243075183719617,0.05658373699419796,0.007508217615946287,0.0007502824167205935,0.0,0.0,5.588739193305969e-08,2.0,LOW,Routine (3+ months),Normal wear and tear,✅ Continue routine maintenance schedule | 📊 Monitor for changes,18504.04,3
06a2b6,1,0.5,447.4776408215316,10058.4,255.9125,QTR31J,0,1.791811578721189,0,99.8566061565685,92903.04000000012,9.481558333333352,0,2025-12-30 02:38:38,06a2b6,0.030271339739966086,0.06270068636322079,0.03284098866031887,0.002176945447950218,0.0,0.0,0.002740467863531463,2.7,LOW,Routine (3+ months),Normal wear and tear,✅ Continue routine maintenance schedule | 📊 Monitor for changes,18504.47,3
06a2b5,1,0.8333333333333334,798.3311432285475,10058.4,293.06666666666666,QTR806,0,3.0640660437948783,0,99.88549378150556,0.0,14.112866666666694,0,2025-12-29 08:34:04,06a2b5,0.06418880723572641,0.11186237268451263,0.057550343702868115,0.0017380895414694786,0.0,0.0,4.1626098305837636e-07,5.0,LOW,Routine (3+ months),Normal wear and tear,✅ Continue routine maintenance schedule | 📊 Monitor for changes,18507.98,3
06a2b2,1,0.9994444444444445,1091.2292677348644,9448.8,302.81666666666666,QTR806,0,7.744735657230598,0,99.77169577858248,96241.74299999962,36.99042666666655,0,2025-12-30 08:18:37,06a2b2,0.08109101187111364,0.15290333599908118,0.14845694335748683,0.0034668895323760607,0.0,0.0,0.002839754755032008,8.1,LOW,Routine (3+ months),Normal wear and tear,✅ Continue routine maintenance schedule | 📊 Monitor for changes,18510.91,3
06a2af,1,0.5011111111111111,479.5502838545282,9448.8,262.12249999999995,VOZ016,0,1.235295127886326,0,99.98233344454272,0.0,6.474291666666658,0,2025-12-29 07:54:02,06a2af,0.03038439796495195,0.06719471365799125,0.022032488514947747,0.0002669177785414867,0.0,0.0,1.9096014136792278e-07,2.5,LOW,Routine (3+ months),Normal wear and tear,✅ Continue routine maintenance schedule | 📊 Monitor for changes,18504.8,3
06a1eb,2,2.1686111111111113,1667.3667777477403,9448.8,213.90964285714287,QTR8001,0,2.5149362650173432,0,99.94858110337552,0.0,8.54172619047619,1,2025-12-30 05:58:33,06a1eb,0.20005652911249297,0.23363187754382356,0.046885305347145204,0.0007796776302444464,0.0,0.0,2.519394128098066e-07,10.6,LOW,Routine (3+ months),Normal wear and tear,✅ Continue routine maintenance schedule | 📊 Monitor for changes,19016.67,3
06a1e9,1,1.1658333333333333,1153.0327959062458,12496.8,281.50875,QTR8912,0,3.696287667170179,0,99.89323642255825,0.0,7.094555357142848,0,2025-12-29 01:34:05,06a1e9,0.09802148106274733,0.16156326284793976,0.06982916762246218,0.001620464649664255,0.0,0.0,2.092549059718328e-07,7.1,LOW,Routine (3+ months),Normal wear and tear,✅ Continue routine maintenance schedule | 📊 Monitor for changes,18511.53,3
4079cd,1,0.6658333333333334,328.7890843222462,10668.0,154.442,VIR300,0,34.19258406934639,0,43.97425514912862,18367898.748,12405.816270000005,0,2025-12-30 07:28:36,4079cd,0.04714527981910686,0.04607001417521497,0.6621193391020677,0.8511321593527652,0.0,0.0,0.5421296627783189,33.5,LOW,Routine (3+ months),"Frequent altitude changes, Speed instability, Declining fuel efficiency",✅ Continue routine maintenance schedule | 📊 Monitor for changes | 🔧 Check pressurization system | 🔧 Inspect throttle control system | ⛽ Engine performance check needed,62503.29,3
4079cc,1,0.6658333333333334,231.7187945641217,9182.1,134.136,VIR354,0,20.502482474164538,0,56.62332021960352,12122003.175300002,9701.41998,0,2025-12-29 07:14:05,4079cc,0.04714527981910686,0.032468499288041935,0.39623417998468524,0.6589697046777413,0.0,0.0,0.3578263297089464,23.2,LOW,Routine (3+ months),"Speed instability, Declining fuel efficiency",✅ Continue routine maintenance schedule | 📊 Monitor for changes | 🔧 Inspect throttle control system | ⛽ Engine performance check needed,53502.32,3
407992,2,3.498333333333333,2716.56251150267,10515.6,261.5867543859649,BAW11,0,8.52846112539926,0,99.69181899285802,47809.75157894744,74.68942251461993,0,2025-12-30 00:08:41,407992,0.3353589598643302,0.3806454635523241,0.16367823074966426,0.004680364135506432,0.0,0.0,0.001412358307865828,19.4,LOW,Routine (3+ months),"High flight hours, Extensive mileage",✅ Continue routine maintenance schedule | 📊 Monitor for changes | 🕐 Review airframe hours for scheduled maintenance,24027.17,3
4075c1,2,4.331388888888889,4415.963593258849,10515.6,255.15772727272724,UBT793,0,16.83120695264322,0,97.7284393125995,11.21843652347888,741.120432097902,0,2025-12-30 08:38:36,4075c1,0.4201243640474846,0.6187659963165729,0.3249317378941903,0.034507695777446834,0.0,0.0,2.219034051990586e-05,29.9,LOW,Routine (3+ months),"High flight hours, Extensive mileage",✅ Continue routine maintenance schedule | 📊 Monitor for changes | 🕐 Review airframe hours for scheduled maintenance,29044.16,3
4074e2,1,0.4994444444444444,495.2489161536287,12496.8,280.71500000000003,BAW277,0,3.3908824350500595,0,99.98735431340644,19.354799999994825,5.494966666666748,0,2025-12-29 03:54:07,4074e2,0.03021481062747315,0.06939441020218129,0.06389767630569079,0.00019064158895121253,0.0,0.0,7.329473554701241e-07,3.4,LOW,Routine (3+ months),Normal wear and tear,✅ Continue routine maintenance schedule | 📊 Monitor for changes,18504.95,3
40749a,3,1.8316666666666668,1420.93339869369,11638.279999999999,226.3815,BAW135,0,15.481162329221206,0,80.80268960791031,9312894.92256,3051.5303872222225,1,2025-12-30 05:28:36,40749a,0.16577162238552862,0.19910156675303414,0.29871156509134844,0.29164081924125274,0.0,0.0,0.27477514811233705,21.2,LOW,Routine (3+ months),Normal wear and tear,✅ Continue routine maintenance schedule | 📊 Monitor for changes,29514.21,3
40742e,2,3.3313888888888887,3367.6961793900136,11125.2,245.6613888888889,UBT791,0,9.038576870160128,0,99.4781024225339,17.362394117650705,105.06489297385632,0,2025-12-29 15:51:45,40742e,0.31837196156020353,0.4718824867380721,0.1735855499189946,0.00792711008308411,0.0,0.0,3.611010015296728e-06,21.0,LOW,Routine (3+ months),"High flight hours, Extensive mileage",✅ Continue routine maintenance schedule | 📊 Monitor for changes | 🕐 Review airframe hours for scheduled maintenance,29033.68,3
406f79,1,1.1658333333333333,901.7643960765718,10972.8,216.3928571428572,BAW34,0,1.2831621796428068,0,99.72808266531752,16.589828571424135,12.660423809523817,0,2025-12-29 01:34:05,406f79,0.09802148106274733,0.12635546765668854,0.022962148429029838,0.004129452564056502,0.0,0.0,8.62740299216246e-07,5.5,LOW,Routine (3+ months),Normal wear and tear,✅ Continue routine maintenance schedule | 📊 Monitor for changes,18509.02,3
406f77,1,0.33388888888888885,350.8906771991599,11887.2,298.3933333333334,BAW33,0,4.062191679060163,0,99.93794845583405,19.354800000004065,14.171733333333265,0,2025-12-30 09:18:35,406f77,0.013369135104578855,0.049166895263080664,0.07693564858950606,0.0009412070112603255,0.0,0.0,9.888698060782164e-07,2.9,LOW,Routine (3+ months),Normal wear and tear,✅ Continue routine maintenance schedule | 📊 Monitor for changes,18503.51,3
406e10,2,1.833611111111111,1615.3577584101631,10820.400000000001,240.20803571428576,VIR316,0,11.67281267246102,0,79.00347466753638,11294833.977107145,2651.9586863095237,0,2025-12-30 05:38:33,406e10,0.16596947427925385,0.22634435988471283,0.2247469091373938,0.3189741879530045,0.0,0.0,0.33322093326573543,21.3,LOW,Routine (3+ months),Normal wear and tear,✅ Continue routine maintenance schedule | 📊 Monitor for changes,34016.15,3
406d7a,1,0.6663888888888888,536.4243500896631,10363.2,238.17400000000004,BAW34,0,1.1882552916012572,0,99.99866589771771,17.41932000000366,0.5709300000000002,0,2025-12-30 01:08:40,406d7a,0.047201808931599774,0.0751639229857764,0.021118894538412685,1.8797915493418138e-05,0.0,0.0,5.306249486615616e-07,3.1,LOW,Routine (3+ months),Normal wear and tear,✅ Continue routine maintenance schedule | 📊 Monitor for changes,18505.36,3
406d4d,2,1.3347222222222221,1171.4528955155392,10774.68,231.64166666666665,VIR316,0,11.097267426991955,0,77.74619619841388,11863859.498040002,2865.0778833333325,0,2025-12-29 05:24:05,406d4d,0.11520633126059922,0.16414429211738257,0.21356883729425621,0.3380745495600118,0.0,0.0,0.3500107068483723,19.0,LOW,Routine (3+ months),Normal wear and tear,✅ Continue routine maintenance schedule | 📊 Monitor for changes,34011.71,3
452181,1,1.0002777777777778,1077.4894063648271,12496.8,296.0857142857143,UAE9838,0,4.790698407892279,0,99.88170441677444,3.8601761919141294e-24,6.427128571428512,0,2025-12-30 08:38:36,452181,0.08117580553985304,0.15097810295982766,0.09108449373626394,0.0017956569288086754,0.0,0.0,1.8956905925458605e-07,6.9,LOW,Routine (3+ months),Normal wear and tear,✅ Continue routine maintenance schedule | 📊 Monitor for changes,18510.77,3
452149,2,1.501111111111111,1215.1219476259887,11125.2,254.26854166666666,UAE9788,0,3.821015576493676,0,99.85894580021234,47305.89617142861,26.55851577380954,0,2025-12-29 08:04:08,452149,0.13213680045223294,0.17026321134456351,0.07225159668818423,0.0021414019778865923,0.0,0.0,0.0013960773940560785,8.2,LOW,Routine (3+ months),Normal wear and tear,✅ Continue routine maintenance schedule | 📊 Monitor for changes,19012.15,3
44ccc2,1,0.5019444444444444,0.1706651983442462,,0.0,BEL23D,0,32.319729425915334,1,,,0.0,0,2025-12-29 23:38:34,44ccc2,0.030469191633691352,2.3913653104216843e-05,0.6257453026195591,,0.0,0.0,,,LOW,Routine (3+ months),Normal wear and tear,✅ Continue routine maintenance schedule | 📊 Monitor for changes,27500.0,3
4408fb,2,5.755833333333333,5407.075595956794,11734.8,260.88517543859643,AUA5,0,15.972432320377514,1,99.15528699431385,56971.96235665609,222.58307600619207,1,2025-12-30 06:48:37,4408fb,0.565065008479367,0.7576408744398628,0.3082528675323881,0.012831267406025582,0.0,0.0,0.001686961144726816,35.7,LOW,Routine (3+ months),"High flight hours, Extensive mileage",✅ Continue routine maintenance schedule | 📊 Monitor for changes | 🕐 Review airframe hours for scheduled maintenance,29054.07,3
440081,3,5.189444444444445,5009.9795836774365,11582.4,271.1806276803119,AUA5,0,9.252214306178628,0,99.40379846191381,30454.268463157758,81.90612918128654,1,2025-12-30 09:58:35,440081,0.507433578292821,0.7019996753035157,0.17773475387298135,0.00905592327087934,0.0,0.0,0.0009006687553189696,30.4,LOW,Routine (3+ months),"High flight hours, Extensive mileage",✅ Continue routine maintenance schedule | 📊 Monitor for changes | 🕐 Review airframe hours for scheduled maintenance,24550.1,3
440002,3,3.000277777777778,2460.4183353062226,10668.000000000002,237.01458333333332,AUA8,0,6.229350625097575,0,92.64471442991494,5384711.811199999,31.211908452380953,0,2025-12-30 02:08:35,440002,0.28468061051441496,0.3447544732763107,0.11902557737444741,0.11173878336426146,0.0,0.0,0.15882375120924072,19.7,LOW,Routine (3+ months),"High flight hours, Extensive mileage",✅ Continue routine maintenance schedule | 📊 Monitor for changes | 🕐 Review airframe hours for scheduled maintenance,29524.6,3
4243fa,1,1.1658333333333333,912.4790201599276,9753.6,216.83875,AZG648,0,1.6246475627504535,0,99.83810086514632,0.0,36.63452678571433,0,2025-12-29 07:34:07,4243fa,0.09802148106274733,0.12785680364057572,0.02959437791195727,0.0024580747017212135,0.0,0.0,1.0805405091594789e-06,5.6,LOW,Routine (3+ months),Normal wear and tear,✅ Continue routine maintenance schedule | 📊 Monitor for changes,18509.12,3
4082b2,3,1.3316666666666666,824.534857815295,10464.800000000001,183.3897222222222,SEJ014,0,28.07714330869632,1,53.06674624190595,17405571.640400004,10348.816641666666,1,2025-12-30 05:58:33,4082b2,0.11489542114188807,0.11553404416029546,0.5433470328183341,0.7130005743095962,0.0,0.0,0.5136850181853891,31.9,LOW,Routine (3+ months),"Frequent altitude changes, Speed instability, Declining fuel efficiency",✅ Continue routine maintenance schedule | 📊 Monitor for changes | 🔧 Check pressurization system | 🔧 Inspect throttle control system | ⛽ Engine performance check needed,54508.25,3
40826a,4,1.8341666666666663,1204.9378282813855,8547.735,170.60316666666665,SEJ024,0,16.586769372549764,1,79.20842412529603,6839584.7079,5060.6022575,1,2025-12-30 09:18:35,40826a,0.16602600339174675,0.16883620982614295,0.32018434252787026,0.3158606304949645,0.0,0.0,0.20188377406140456,20.7,LOW,Routine (3+ months),Normal wear and tear,✅ Continue routine maintenance schedule | 📊 Monitor for changes,35012.05,3
4080a2,1,1.001111111111111,765.1980690880644,11277.6,199.10666666666663,VIR300,0,34.075610652166986,0,47.28049774881392,21377092.08444,9225.297986666666,0,2025-12-29 07:54:02,4080a2,0.08126059920859244,0.1072197575001702,0.6598475155204081,0.8009042816268737,0.0,0.0,0.6307924327403847,35.7,LOW,Routine (3+ months),"Frequent altitude changes, Speed instability, Declining fuel efficiency",✅ Continue routine maintenance schedule | 📊 Monitor for changes | 🔧 Check pressurization system | 🔧 Inspect throttle control system | ⛽ Engine performance check needed,62507.65,3
40808c,1,0.6663888888888888,343.5007528530311,11887.2,150.676,VIR354,0,44.19961743756853,0,41.16449572171999,20778326.1852,11242.293880000005,0,2025-12-30 06:48:37,40808c,0.047201808931599774,0.048131417092989584,0.8564730216444327,0.8938175487952958,0.0,0.0,0.613191240083134,38.8,LOW,Routine (3+ months),"Frequent altitude changes, Speed instability, Declining fuel efficiency",✅ Continue routine maintenance schedule | 📊 Monitor for changes | 🔧 Check pressurization system | 🔧 Inspect throttle control system | ⛽ Engine performance check needed,62503.44,3
407fd2,1,2.5038888888888886,1693.7958177674432,9144.0,188.750625,DHK593,0,18.598300484728995,0,77.4242198116975,8487081.458982857,4871.266779583334,0,2025-12-30 07:38:20,407fd2,0.23417184850197853,0.23733512167936083,0.3592517129277782,0.34296596030650517,0.0,0.0,0.25047133748242445,25.4,LOW,Routine (3+ months),Normal wear and tear,✅ Continue routine maintenance schedule | 📊 Monitor for changes,33516.94,3
407f19,1,1.0005555555555554,623.9036840642274,10363.2,166.70714285714286,VIR303,0,10.982935843770465,0,71.2962801067668,10279963.311,5575.340323809523,0,2025-12-30 05:18:34,407f19,0.08120407009609949,0.08742155059088437,0.21134832264097658,0.43606058265520764,0.0,0.0,0.3033734060846344,17.6,LOW,Routine (3+ months),Speed instability,✅ Continue routine maintenance schedule | 📊 Monitor for changes | 🔧 Inspect throttle control system,33506.24,3
407e8e,1,0.33388888888888885,210.71732804714827,12786.36,157.58666666666667,JCO655,0,35.97159435222747,0,62.910244189118266,33900861.2304,3028.9756333333344,0,2025-12-29 10:24:06,407e8e,0.013369135104578855,0.02952576819910778,0.69667075779291,0.5634598203024022,0.0,0.0,1.0,33.3,LOW,Routine (3+ months),"Frequent altitude changes, Declining fuel efficiency",✅ Continue routine maintenance schedule | 📊 Monitor for changes | 🔧 Check pressurization system | ⛽ Engine performance check needed,52502.11,3
407cd2,1,0.3330555555555555,166.3688485688826,7620.0,133.82000000000002,BAW138,0,41.28302345815298,0,57.86710060982736,9366484.4928,12888.073900000005,0,2025-12-30 02:38:38,407cd2,0.013284341435839453,0.023311647427961824,0.7998277842876386,0.6400744035997227,0.0,0.0,0.2766459102392593,29.2,LOW,Routine (3+ months),"Speed instability, Declining fuel efficiency",✅ Continue routine maintenance schedule | 📊 Monitor for changes | 🔧 Inspect throttle control system | ⛽ Engine performance check needed,62501.66,3
407af4,2,1.8347222222222221,1100.0059729468514,10820.4,140.8363888888889,BAW142,1,34.59119565843227,1,54.17119105033529,13032743.2893,13524.006172222222,0,2025-12-30 04:18:35,407af4,0.1660825325042397,0.15413313027391676,0.6698610570910294,0.6962220357964015,0.5,0.5,0.3848014849089674,39.9,LOW,Routine (3+ months),"Frequent altitude changes, Speed instability, Repeated high-risk operations, Declining fuel efficiency",✅ Continue routine maintenance schedule | 📊 Monitor for changes | 🔧 Check pressurization system | 🔧 Inspect throttle control system | ⛽ Engine performance check needed,63011.0,3
484416,1,2.7580555555555555,2257.2807896074924,9753.6,228.20944444444447,KLM846,0,10.270360231999884,0,99.6415705660637,0.0,36.51698202614376,0,2025-12-29 00:18:37,484416,0.26003391746749577,0.3162907862012052,0.1975088870019111,0.005443729726761992,0.0,0.0,1.0770735099786695e-06,16.9,LOW,Routine (3+ months),Extensive mileage,✅ Continue routine maintenance schedule | 📊 Monitor for changes,18522.57,3
4841ad,1,2.001111111111111,2128.812864514662,11277.6,289.3684615384616,KLM807,0,9.87330248272578,0,99.32902460687964,33056.50956923082,20.829964102564173,0,2025-12-29 08:44:04,4841ad,0.18301300169587337,0.2982898262779542,0.1897973472364436,0.010191875015045704,0.0,0.0,0.0009756207719032531,14.5,LOW,Routine (3+ months),Extensive mileage,✅ Continue routine maintenance schedule | 📊 Monitor for changes,18521.29,3
47b1dc,1,0.3330555555555555,159.94593886548486,8724.9,183.2433333333333,IGO172P,0,22.32047230896818,0,51.626874374751495,19090239.2388,9701.87503333333,0,2025-12-29 01:54:09,47b1dc,0.013284341435839453,0.0224116676074893,0.43154264816074844,0.7348748639008287,0.0,0.0,0.5633554438078738,26.1,LOW,Routine (3+ months),"Frequent altitude changes, Speed instability, Declining fuel efficiency",✅ Continue routine maintenance schedule | 📊 Monitor for changes | 🔧 Check pressurization system | 🔧 Inspect throttle control system | ⛽ Engine performance check needed,53501.6,3
47b0e7,2,3.999444444444445,4206.115139032797,11887.2,300.52525210084036,NBT091,0,12.136046615931308,0,99.14646424138806,49014.22157016817,93.41697563025211,1,2025-12-30 09:38:37,47b0e7,0.3863482193329566,0.5893619749489845,0.23374370363974564,0.01296530117451089,0.0,0.0,0.0014484366911104354,26.3,LOW,Routine (3+ months),"High flight hours, Extensive mileage",✅ Continue routine maintenance schedule | 📊 Monitor for changes | 🕐 Review airframe hours for scheduled maintenance,24042.06,3
47ae38,1,0.33222222222222225,134.78125686686997,4000.5,100.62666666666668,IGO172P,0,22.811175665989104,1,72.03982159938047,1149704.1522,5509.3209333333325,0,2025-12-30 01:48:39,47ae38,0.013199547767100061,0.01888558565504012,0.44107294559892524,0.4247648262038567,0.0,0.0,0.03407318352298576,16.2,LOW,Routine (3+ months),Speed instability,✅ Continue routine maintenance schedule | 📊 Monitor for changes | 🔧 Inspect throttle control system,33501.35,3
461f56,2,2.4991666666666665,2640.009698972451,12500.61,286.6745833333334,FIN141,0,8.586270101732481,0,99.72930233703386,25250.09612727261,66.00242083333339,0,2025-12-30 02:38:38,461f56,0.23369135104578861,0.369918863045833,0.16480097982233594,0.00411092351786968,0.0,0.0,0.0007467018797624835,16.6,LOW,Routine (3+ months),Extensive mileage,✅ Continue routine maintenance schedule | 📊 Monitor for changes,24026.4,3
461f55,1,3.2555555555555546,2953.162896270492,11887.2,282.37444444444446,FIN141,0,14.68081112777535,0,99.50570734895102,3.503353182577529e-24,160.93175555555544,0,2025-12-28 23:58:46,461f55,0.310655737704918,0.41379797256150885,0.2831673775579912,0.007507740715317901,0.0,0.0,4.746704716702893e-06,21.8,LOW,Routine (3+ months),"High flight hours, Extensive mileage",✅ Continue routine maintenance schedule | 📊 Monitor for changes | 🕐 Review airframe hours for scheduled maintenance,28529.53,3
461f54,1,1.9991666666666668,2189.1477235737307,12496.8,300.1766666666667,FIN151,0,10.178771194373258,0,99.4379532416673,3.609515400231393e-24,201.6000242424243,0,2025-12-30 03:28:39,461f54,0.18281514980214816,0.30674396281913746,0.19573007143407528,0.00853704964031865,0.0,0.0,5.946221009368086e-06,14.7,LOW,Routine (3+ months),Extensive mileage,✅ Continue routine maintenance schedule | 📊 Monitor for changes,28521.89,3
461f4c,3,3.001111111111111,3043.853327746034,12496.799999999997,290.41305555555556,FIN143,0,6.446805375823472,0,99.71400820427685,2.8575330251831865e-24,106.0058946969698,1,2025-12-30 09:18:35,461f4c,0.2847654041831543,0.42650554000477475,0.12324892010098602,0.004343269392947269,0.0,0.0,3.1266587418958083e-06,18.2,LOW,Routine (3+ months),"High flight hours, Extensive mileage",✅ Continue routine maintenance schedule | 📊 Monitor for changes | 🕐 Review airframe hours for scheduled maintenance,29530.44,3
461f4b,2,4.558888888888888,4254.719133156172,11125.2,262.3734210526316,FIN143,0,15.857337275313053,1,97.0915463479696,48896.33684210532,1117.1974836257311,0,2025-12-29 15:51:45,461f4b,0.4432730356133409,0.5961723795670445,0.306017525145933,0.04418326585054333,0.0,0.0,0.001475156214281007,29.8,LOW,Routine (3+ months),"High flight hours, Extensive mileage",✅ Continue routine maintenance schedule | 📊 Monitor for changes | 🕐 Review airframe hours for scheduled maintenance,29042.55,3
461f49,1,1.5902777777777781,1165.6220340424322,12192.0,215.47090909090912,FIN132,0,3.4748583268951223,0,99.93502945819704,0.0,27.41646909090908,0,2025-12-28 23:48:41,461f49,0.14120972300734883,0.16332727025282312,0.06552863157727964,0.0009855519290856707,0.0,0.0,8.08652603707117e-07,8.1,LOW,Routine (3+ months),Normal wear and tear,✅ Continue routine maintenance schedule | 📊 Monitor for changes,18511.66,3
461f48,1,0.33388888888888885,277.3082959684812,12192.0,251.0833333333333,FIN132,0,2.166141761977201,0,99.981941201828,0.0,6.740833333333349,0,2025-12-29 23:28:38,461f48,0.013369135104578855,0.03885651238242226,0.04011112026931235,0.00027287666344477657,0.0,0.0,1.9882182523508143e-07,1.9,LOW,Routine (3+ months),Normal wear and tear,✅ Continue routine maintenance schedule | 📊 Monitor for changes,18502.77,3
461f0d,1,0.49916666666666665,334.4637719674608,10980.42,192.59500000000003,FIN122,0,9.450758984908958,0,84.44070457049033,11493320.5617,222.8723,0,2025-12-29 08:14:07,461f0d,0.030186546071226686,0.046865152921362396,0.18159083069820392,0.23637271195752652,0.0,0.0,0.33900367669178794,12.3,LOW,Routine (3+ months),Normal wear and tear,✅ Continue routine maintenance schedule | 📊 Monitor for changes,28503.34,3
461f09,1,0.9991666666666668,658.7314691330913,10363.2,191.916,FIN122,0,8.772838114445454,0,89.98260311283659,6388291.739520003,136.34383000000014,0,2025-12-30 08:48:37,461f09,0.08106274731486718,0.09230162912244935,0.16842444933434167,0.15218112771601922,0.0,0.0,0.1884275829271402,11.4,LOW,Routine (3+ months),Normal wear and tear,✅ Continue routine maintenance schedule | 📊 Monitor for changes,28506.59,3
489227,1,0.6680555555555556,622.2572537447459,11277.6,234.545,ENT1877,0,9.397784832779962,0,90.05423492399613,4989415.8276,1477.7113666666664,0,2025-12-29 07:44:01,489227,0.04737139626907859,0.08719085233545605,0.18056198217067482,0.15109290937035147,0.0,0.0,0.14720710539814447,10.3,LOW,Routine (3+ months),Normal wear and tear,✅ Continue routine maintenance schedule | 📊 Monitor for changes,28506.22,3
486648,2,1.3677777777777778,801.9155992430165,10660.380000000001,167.85232142857143,CND9135,0,27.434343633086478,1,67.71967732833579,12425814.779657144,7535.903857738094,0,2025-12-29 18:13:07,486648,0.11856981345392881,0.1123646276171465,0.5308627650543697,0.49039572643631324,0.0,0.0,0.36672342341712505,26.9,LOW,Routine (3+ months),"Frequent altitude changes, Speed instability, Declining fuel efficiency",✅ Continue routine maintenance schedule | 📊 Monitor for changes | 🔧 Check pressurization system | 🔧 Inspect throttle control system | ⛽ Engine performance check needed,44008.02,3
485ecd,3,3.668333333333334,3740.737814667824,10464.800000000001,279.71104166666663,KLM835,0,10.440167923638397,1,97.34685659056113,30967.68000000004,1097.1210609722223,1,2025-12-30 09:28:35,485ecd,0.352656868287168,0.5241531801542503,0.2008068424478043,0.040304635876966644,0.0,0.0,0.0009457558075523204,23.9,LOW,Routine (3+ months),"High flight hours, Extensive mileage",✅ Continue routine maintenance schedule | 📊 Monitor for changes | 🕐 Review airframe hours for scheduled maintenance,29537.41,3
485ecc,2,1.8333333333333333,1525.9736510183739,9753.6,237.0392857142857,KLM836,0,3.03870262383798,0,99.47569656728169,106174.902857143,24.808190476190564,0,2025-12-29 03:54:07,485ecc,0.16594120972300738,0.21381983492042694,0.057057742760200585,0.007963659428690373,0.0,0.0,0.00313237538236012,9.7,LOW,Routine (3+ months),Normal wear and tear,✅ Continue routine maintenance schedule | 📊 Monitor for changes,19015.26,3
485789,1,2.167777777777778,2255.699777105472,11887.2,290.4528571428572,KLM887,0,8.714414154784663,0,99.5792325599892,15.63272307692636,33.56639120879117,0,2025-12-29 08:34:04,485789,0.19997173544375357,0.31606925430780486,0.16728975623490228,0.006390758159304899,0.0,0.0,1.4511347808978671e-06,14.8,LOW,Routine (3+ months),Extensive mileage,✅ Continue routine maintenance schedule | 📊 Monitor for changes,18522.56,3
485345,3,3.668055555555555,3165.8530818672293,10972.800000000001,278.1492320261438,KLM809,0,7.153024724912047,0,99.88983279359114,27329.30966764707,29.49533447712422,0,2025-12-30 00:08:41,485345,0.3526286037309215,0.44360017808657776,0.1369649062606706,0.001672172004593575,0.0,0.0,0.0008069517933153165,20.5,LOW,Routine (3+ months),"High flight hours, Extensive mileage",✅ Continue routine maintenance schedule | 📊 Monitor for changes | 🕐 Review airframe hours for scheduled maintenance,19531.66,3
4851f7,4,1.6666666666666667,1544.5316055046735,9906.0,266.5883333333333,KLM835,0,4.35083665423302,0,99.88109788403493,61935.36000000008,14.341312500000006,0,2025-12-30 03:38:37,4851f7,0.14898247597512723,0.2164201804519984,0.08254162708562462,0.0018048712714827664,0.0,0.0,0.001827215134783438,9.7,LOW,Routine (3+ months),Normal wear and tear,✅ Continue routine maintenance schedule | 📊 Monitor for changes,20015.45,3
4851f5,1,2.000277777777778,0.0,11277.6,306.90000000000003,KLM843,0,14.396294471739076,1,60.0,3.5844493210631204e-24,3.500438790100703e-27,0,2025-12-30 04:18:35,4851f5,0.182928208027134,0.0,0.27764157807171314,0.6076717572296659,0.0,0.0,0.0,19.2,LOW,Routine (3+ months),Declining fuel efficiency,✅ Continue routine maintenance schedule | 📊 Monitor for changes | ⛽ Engine performance check needed,33500.0,3
4851b1,1,0.3333333333333333,264.405751213181,9753.6,227.83666666666667,KLM874,0,2.267215493717436,0,99.99342997550914,0.0,2.3164333333332925,0,2025-12-29 03:44:06,4851b1,0.013312605992085924,0.037048604370517484,0.04207414479907904,9.834115908335939e-05,0.0,0.0,6.832352627549135e-08,1.9,LOW,Routine (3+ months),Normal wear and tear,✅ Continue routine maintenance schedule | 📊 Monitor for changes,18502.64,3
4851b0,1,1.8375,1927.2729810142976,11887.2,294.69100000000003,KLM809,0,8.76929259060815,0,99.322679447457,66895.99524000016,180.8595655555557,0,2025-12-30 07:38:20,4851b0,0.16636517806670437,0.27005000405614105,0.1683555892047742,0.010288269602563793,0.0,0.0,0.0019784412466513687,13.1,LOW,Routine (3+ months),Normal wear and tear,✅ Continue routine maintenance schedule | 📊 Monitor for changes,28519.27,3
4851ad,1,0.4997222222222222,356.3226809736682,9753.6,231.07,KLM810,0,1.389803549827377,0,99.95637133872336,19.354800000004065,9.270200000000017,0,2025-12-29 01:44:09,4851ad,0.030243075183719617,0.049928029080546894,0.025033306008313203,0.0006613296939663726,0.0,0.0,8.442983924868346e-07,2.3,LOW,Routine (3+ months),Normal wear and tear,✅ Continue routine maintenance schedule | 📊 Monitor for changes,18503.56,3
4850f5,3,2.0908333333333333,1118.4745132110415,10058.4,145.46247619047617,KLM871,0,15.104453419970733,0,65.21898114569105,14838794.285485715,4951.010703650793,0,2025-12-29 23:48:40,4850f5,0.1921424533634822,0.15672094706084164,0.2913952345600798,0.5283858793983007,0.0,0.0,0.4378183508141453,26.1,LOW,Routine (3+ months),"Frequent altitude changes, Declining fuel efficiency",✅ Continue routine maintenance schedule | 📊 Monitor for changes | 🔧 Check pressurization system | ⛽ Engine performance check needed,44511.18,3
484cbc,1,0.3344444444444444,81.82114233312987,3787.14,88.84000000000002,KLM877,0,17.911574931349296,1,68.43625247037758,3435554.4192,5194.7311,0,2025-12-28 23:48:41,484cbc,0.013425664217071786,0.011464800283409305,0.34591432958106916,0.4795096382166181,0.0,0.0,0.10148537909339102,15.7,LOW,Routine (3+ months),"Speed instability, Declining fuel efficiency",✅ Continue routine maintenance schedule | 📊 Monitor for changes | 🔧 Inspect throttle control system | ⛽ Engine performance check needed,43500.82,3
484cbb,2,0.6688888888888888,501.6150561329915,9311.64,210.7183333333333,KLM879,0,7.758687190060513,0,76.81027077670646,11042474.689199999,3722.200133333333,0,2025-12-29 02:44:02,484cbb,0.04745618993781797,0.07028643543378293,0.14872790595777305,0.35229297008564064,0.0,0.0,0.32580912757225766,14.1,LOW,Routine (3+ months),Normal wear and tear,✅ Continue routine maintenance schedule | 📊 Monitor for changes,34005.02,3
484561,2,1.1677777777777778,871.8231848276951,9517.380000000001,201.27866666666665,KLM879,0,8.941800643342724,0,72.26140640346301,13957173.05334,4107.245656666666,0,2025-12-30 02:38:38,484561,0.0982193329564726,0.12216009715190952,0.17170599027604927,0.42139854738135507,0.0,0.0,0.41178992186897184,18.8,LOW,Routine (3+ months),Frequent altitude changes,✅ Continue routine maintenance schedule | 📊 Monitor for changes | 🔧 Check pressurization system,34008.72,3
48455f,2,1.9991666666666668,1106.1926820250865,9296.4,179.333125,KLM871,0,14.81991680359878,1,64.72662978926161,14446351.176364288,6128.714402083335,0,2025-12-30 03:48:37,48455f,0.18281514980214816,0.15500001359980256,0.2858690474099856,0.5358655978349541,0.0,0.0,0.42627792276753224,25.7,LOW,Routine (3+ months),"Frequent altitude changes, Speed instability, Declining fuel efficiency",✅ Continue routine maintenance schedule | 📊 Monitor for changes | 🔧 Check pressurization system | 🔧 Inspect throttle control system | ⛽ Engine performance check needed,44011.06,3
4b18ff,3,1.6655555555555557,1460.3885922467111,11176.0,262.1999444444444,EDW50,0,2.5456684236601763,0,98.80961327179979,0.0,57.97205166666669,0,2025-12-29 15:51:45,4b18ff,0.14886941775014134,0.20463003899541554,0.04748217636625043,0.018082684065269694,0.0,0.0,1.7098938002209059e-06,9.0,LOW,Routine (3+ months),Normal wear and tear,✅ Continue routine maintenance schedule | 📊 Monitor for changes,24514.6,3
4b1887,2,2.498888888888889,1050.772508240795,8957.310000000001,133.9628571428571,SWR146,0,13.542296965374778,1,71.16412338705744,9252541.817460002,5098.782969047619,0,2025-12-30 02:38:38,4b1887,0.23366308648954218,0.14723452406994708,0.2610554876554496,0.43806828516283625,0.0,0.0,0.2730554088091524,23.3,LOW,Routine (3+ months),Normal wear and tear,✅ Continue routine maintenance schedule | 📊 Monitor for changes,34010.51,3
4b1884,2,1.0008333333333332,440.1030419378047,5795.01,106.79766666666666,SWR146,0,23.643195462183265,1,71.77181507734917,17888642.932320006,2386.419126666667,0,2025-12-29 03:44:06,4b1884,0.08123233465234596,0.06166735560100839,0.4572321913402245,0.42883633590481185,0.0,0.0,0.5276984217068663,24.1,LOW,Routine (3+ months),Frequent altitude changes,✅ Continue routine maintenance schedule | 📊 Monitor for changes | 🔧 Check pressurization system,34004.4,3
4b187a,1,0.3344444444444444,74.43544216437002,5615.94,172.75,SWR155,0,18.525672299249628,0,79.8518498457509,6726257.515199998,4938.816699999999,0,2025-12-29 01:34:05,4b187a,0.013425664217071786,0.01042991400617765,0.35784114949854956,0.3060858159015717,0.0,0.0,0.1985375805252624,14.3,LOW,Routine (3+ months),Normal wear and tear,✅ Continue routine maintenance schedule | 📊 Monitor for changes,33500.74,3
4aca66,2,4.752777777777778,4462.634460123045,11734.8,260.79821428571427,SAS973,0,10.993652806547766,0,99.3639922503003,46451.51999999978,192.4540908241758,1,2025-12-30 04:58:38,4aca66,0.463001695873375,0.6253055306275592,0.21155646436538136,0.009660652497296307,0.0,0.0,0.0013757705622384146,28.5,LOW,Routine (3+ months),"High flight hours, Extensive mileage",✅ Continue routine maintenance schedule | 📊 Monitor for changes | 🕐 Review airframe hours for scheduled maintenance,29044.63,3
4ac8da,2,1.1655555555555557,887.0649803434688,11430.0,238.64274999999998,BLX403,0,1.9797895880518381,0,99.9253676214627,15.967709999999197,5.244955833333311,0,2025-12-30 00:38:34,4ac8da,0.09799321650650088,0.12429578160419265,0.036491842715268966,0.001132332916707779,0.0,0.0,6.256705559280519e-07,5.7,LOW,Routine (3+ months),Normal wear and tear,✅ Continue routine maintenance schedule | 📊 Monitor for changes,19008.87,3
4a1a62,1,1.166111111111111,907.4475324368336,9753.6,216.6825,RCR5525,0,2.294628271202049,0,99.8423658451213,79631.17714285724,21.14436428571431,0,2025-12-30 08:18:37,4a1a62,0.0980497456189938,0.12715179023904147,0.04260654776575322,0.0023932818481335882,0.0,0.0,0.002349356401967362,5.9,LOW,Routine (3+ months),Normal wear and tear,✅ Continue routine maintenance schedule | 📊 Monitor for changes,18509.07,3
49d287,6,3.756666666666667,2043.6271552787148,8817.61,147.10506944444444,SEJ879,0,19.37610224386835,2,69.73024008427838,11750447.466800002,5550.05847013889,1,2025-12-30 09:38:37,49d287,0.3616449971735445,0.2863535819828747,0.3743579517714206,0.45985159749812576,0.0,0.0,0.3467447969489387,32.6,LOW,Routine (3+ months),"Speed instability, Declining fuel efficiency, High flight hours",✅ Continue routine maintenance schedule | 📊 Monitor for changes | 🔧 Inspect throttle control system | ⛽ Engine performance check needed | 🕐 Review airframe hours for scheduled maintenance,46020.44,3
49d26c,2,1.9991666666666665,793.089020559114,8477.25,142.02857142857147,SEJ090,0,11.708017444482648,0,70.3245523589613,9121580.604728572,5812.081226190477,0,2025-12-29 23:28:38,49d26c,0.1828151498021481,0.11112784505812612,0.22543064594866452,0.4508229060564839,0.0,0.0,0.26921372829158424,20.8,LOW,Routine (3+ months),Speed instability,✅ Continue routine maintenance schedule | 📊 Monitor for changes | 🔧 Inspect throttle control system,34007.93,3
49d13f,1,0.6661111111111111,328.1883311868696,9669.78,151.336,SEJ8090,0,7.785308542507238,0,67.77712217334425,13609337.2974,4695.60778,0,2025-12-30 08:48:37,49d13f,0.047173544375353316,0.04598583648567988,0.1492449380982583,0.48952303407812314,0.0,0.0,0.40154781125256617,16.4,LOW,Routine (3+ months),"Frequent altitude changes, Declining fuel efficiency",✅ Continue routine maintenance schedule | 📊 Monitor for changes | 🔧 Check pressurization system | ⛽ Engine performance check needed,43503.28,3
495cd0,1,2.500277777777778,2534.221417093577,11887.2,284.77500000000003,WFL8621,0,14.836965191092228,0,99.17635622438996,67380.22681318689,291.9275192307689,0,2025-12-30 02:38:38,495cd0,0.23380440927077448,0.35509578077782594,0.28620015621804484,0.012511187230377807,0.0,0.0,0.001995999689745784,18.9,LOW,Routine (3+ months),Extensive mileage,✅ Continue routine maintenance schedule | 📊 Monitor for changes,28525.34,3
48ae24,2,1.6697222222222223,1194.2613756927788,11125.2,202.71678571428572,LOT71,1,30.92437483820511,1,62.92785843795307,16125435.168420002,7424.5008071428565,0,2025-12-30 07:38:20,48ae24,0.14929338609383838,0.16734022244227942,0.5986451329094179,0.5631922276167378,0.5,0.5,0.4758409601726541,37.3,LOW,Routine (3+ months),"Frequent altitude changes, Speed instability, Repeated high-risk operations, Declining fuel efficiency",✅ Continue routine maintenance schedule | 📊 Monitor for changes | 🔧 Check pressurization system | 🔧 Inspect throttle control system | ⛽ Engine performance check needed,53011.94,3
48ae22,3,3.833055555555555,4087.0262384359944,12090.4,292.65840170940174,LOT6281,0,6.112862942924756,0,99.6688217667181,12.754316923078063,88.75975136752139,1,2025-12-30 05:48:34,48ae22,0.36941775014132283,0.5726752064392726,0.11676318759637333,0.005029734100886696,0.0,0.0,2.994171691617106e-06,23.1,LOW,Routine (3+ months),"High flight hours, Extensive mileage",✅ Continue routine maintenance schedule | 📊 Monitor for changes | 🕐 Review airframe hours for scheduled maintenance,24540.87,3
48ae07,2,1.5005555555555554,1005.9482677013394,11730.99,192.61200000000002,LOT71,0,22.722037447753575,0,69.10250609723946,16602461.311139999,3861.972295,0,2025-12-29 07:44:01,48ae07,0.13208027133973999,0.14095373953203336,0.43934172913028086,0.4693880259345564,0.0,0.0,0.4898058359238031,26.8,LOW,Routine (3+ months),"Frequent altitude changes, Declining fuel efficiency",✅ Continue routine maintenance schedule | 📊 Monitor for changes | 🔧 Check pressurization system | ⛽ Engine performance check needed,44010.06,3
48ae05,2,3.3333333333333335,3299.366317994476,11734.8,252.541,LOT6523,0,8.623967339428829,0,99.66667356420504,38631.35130857127,100.23891214285717,0,2025-12-29 18:25:18,48ae05,0.3185698134539288,0.4623080883374318,0.16553312457476835,0.005062369229708263,0.0,0.0,0.0011423936894953042,20.6,LOW,Routine (3+ months),"High flight hours, Extensive mileage",✅ Continue routine maintenance schedule | 📊 Monitor for changes | 🕐 Review airframe hours for scheduled maintenance,29032.99,3
4ba948,2,3.8350000000000004,3158.705321498209,10515.6,247.12367647058824,THY84,0,6.4233767228213745,0,99.59761060778519,38144.89524705886,61.558262237395006,0,2025-12-29 23:38:34,4ba948,0.3696156020350482,0.4425986319975383,0.12279389563764961,0.0061115619691567424,0.0,0.0,0.0011269047084896844,20.7,LOW,Routine (3+ months),"High flight hours, Extensive mileage",✅ Continue routine maintenance schedule | 📊 Monitor for changes | 🕐 Review airframe hours for scheduled maintenance,24031.59,3
4ba946,1,0.6663888888888888,741.0165811425999,10668.0,311.666,THY84,0,3.4833363266109134,0,99.4551145675757,0.0,106.06997999999994,0,2025-12-30 09:58:35,4ba946,0.047201808931599774,0.10383144096064217,0.0656932888143175,0.008276337683058244,0.0,0.0,3.128548946902983e-06,4.7,LOW,Routine (3+ months),Normal wear and tear,✅ Continue routine maintenance schedule | 📊 Monitor for changes,28507.41,3
4ba892,1,3.0,2233.5499108885406,11567.16,211.1368421052632,THY6373,0,12.750296903325015,0,99.22718169850238,18592.832084210564,18.333167251462008,0,2025-12-29 03:54:07,4ba892,0.2846523459581685,0.3129656091466626,0.2456734935150124,0.011739055233977447,0.0,0.0,0.0005489389311480868,18.5,LOW,Routine (3+ months),"High flight hours, Extensive mileage",✅ Continue routine maintenance schedule | 📊 Monitor for changes | 🕐 Review airframe hours for scheduled maintenance,18522.34,3
4ba869,2,3.0,2738.912456798861,12039.599999999999,239.23142857142855,THY6312,0,5.31546807660356,0,99.50363729062532,1.781619780883444e-24,47.1814971428571,0,2025-12-30 09:48:34,4ba869,0.2846523459581685,0.3837771438474084,0.10127641714130142,0.007539188690877441,0.0,0.0,1.3916248800988909e-06,16.9,LOW,Routine (3+ months),"High flight hours, Extensive mileage",✅ Continue routine maintenance schedule | 📊 Monitor for changes | 🕐 Review airframe hours for scheduled maintenance,19027.39,3
4b9e42,1,2.4983333333333335,2554.8035685964146,12496.8,242.8833333333333,QNT2237,0,47.72729851102546,1,73.24853702696885,76479.10971428535,11301.925366666666,0,2025-12-30 03:28:39,4b9e42,0.23360655737704925,0.3579797573351583,0.9249866142580613,0.4064022261006198,0.0,0.0,0.002589113949682713,37.6,LOW,Routine (3+ months),"Speed instability, Extensive mileage",✅ Continue routine maintenance schedule | 📊 Monitor for changes | 🔧 Inspect throttle control system,42525.55,3
4b9dec,1,1.9227777777777777,1876.8402334031969,12496.8,276.2353846153846,THY6324,0,6.047784843211099,0,99.47556906354812,3.5844493210631204e-24,53.90526025641024,0,2025-12-29 00:08:45,4b9dec,0.17504239683436973,0.26298335401169726,0.11549925973016142,0.007965596443820444,0.0,0.0,1.5899432168057688e-06,12.1,LOW,Routine (3+ months),Normal wear and tear,✅ Continue routine maintenance schedule | 📊 Monitor for changes,23518.77,3
4b8df2,3,1.6702777777777775,1093.18346623782,10972.800000000001,205.91250000000002,IGO36AF,0,11.928771664419253,0,74.4433896017175,12874189.41286,3725.233468333334,0,2025-12-30 05:58:33,4b8df2,0.14934991520633129,0.15317715881445215,0.22971807000359887,0.38825022811031673,0.0,0.0,0.37983589989436245,21.0,LOW,Routine (3+ months),Frequent altitude changes,✅ Continue routine maintenance schedule | 📊 Monitor for changes | 🔧 Check pressurization system,34510.93,3
4b8dee,1,0.8330555555555554,248.9704315111001,9342.12,95.38333333333334,IGO37DC,0,13.255325875058183,0,64.3146056713335,15574976.914500004,6367.177386666666,0,2025-12-29 17:13:08,4b8dee,0.06416054267947993,0.034885803257640846,0.2554820188626563,0.5421249984661665,0.0,0.0,0.4595739308144028,20.1,LOW,Routine (3+ months),"Frequent altitude changes, Speed instability, Declining fuel efficiency",✅ Continue routine maintenance schedule | 📊 Monitor for changes | 🔧 Check pressurization system | 🔧 Inspect throttle control system | ⛽ Engine performance check needed,43502.49,3
4b8de5,2,1.5358333333333334,725.2049607562733,10820.400000000001,162.48185714285714,IGO713C,0,9.0886795824944,0,71.40470355769352,14025923.238420002,3678.902690952381,0,2025-12-29 18:23:08,4b8de5,0.1356698699830413,0.10161591249553888,0.17455863018056836,0.43441343194815274,0.0,0.0,0.41380508419102685,19.6,LOW,Routine (3+ months),Frequent altitude changes,✅ Continue routine maintenance schedule | 📊 Monitor for changes | 🔧 Check pressurization system,34007.25,3
4b8467,2,2.0008333333333335,2092.065559108314,12496.8,291.54979166666664,UAE9280,0,4.355019670596425,0,99.90404340309641,1.9852334701272667e-24,22.406798154761837,0,2025-12-30 09:28:35,4b8467,0.18298473713962696,0.293140784044812,0.08262286840904666,0.0014562868312826271,0.0,0.0,6.608916563437448e-07,12.1,LOW,Routine (3+ months),Normal wear and tear,✅ Continue routine maintenance schedule | 📊 Monitor for changes,19020.92,3
4b1920,1,0.6663888888888888,464.7662957515393,10363.2,212.08,SWR177,0,1.0927573629601457,0,99.97664740903764,0.0,0.9846999999999986,0,2025-12-29 02:24:07,4b1920,0.047201808931599774,0.06512317730247355,0.019264161629705952,0.00035329906711401016,0.0,0.0,2.904386470154293e-08,2.9,LOW,Routine (3+ months),Normal wear and tear,✅ Continue routine maintenance schedule | 📊 Monitor for changes,18504.65,3
4b191f,4,2.496666666666667,2439.681778145148,10629.9,267.3733333333334,SWR180,0,7.541075366174427,1,94.92496711466873,21359.404285714303,1857.3416547619047,1,2025-12-30 09:38:37,4b191f,0.23343697003957045,0.3418488613569699,0.14450151260214308,0.07709757069437118,0.0,0.0,0.0006847811799586555,16.7,LOW,Routine (3+ months),Extensive mileage,✅ Continue routine maintenance schedule | 📊 Monitor for changes,30024.4,3
4b191a,1,1.0,1005.44571765753,10668.0,286.2333333333333,SWR138,0,2.8131380568074977,0,99.36995964127044,0.0,35.990746666666624,0,2025-12-29 09:44:08,4b191a,0.08114754098360658,0.14088332208587703,0.05267689354741966,0.00956999690414062,0.0,0.0,1.0615521241943476e-06,6.0,LOW,Routine (3+ months),Normal wear and tear,✅ Continue routine maintenance schedule | 📊 Monitor for changes,18510.05,3
4b1918,1,1.166388888888889,1331.3130862892845,10668.0,315.4425,SWR138,0,5.935201035614949,0,99.10663631476132,0.0,15.372821428571362,0,2025-12-30 09:28:35,4b1918,0.09807801017524027,0.1865439446793904,0.11331268986516653,0.013570360291731753,0.0,0.0,4.5342352559399527e-07,8.7,LOW,Routine (3+ months),Normal wear and tear,✅ Continue routine maintenance schedule | 📊 Monitor for changes,18513.31,3
4b1917,3,3.6655555555555557,2788.630653927841,10058.4,261.32823529411763,SWR177,0,5.893165937537216,0,99.60266010560228,120227.46352941189,47.29899076797386,0,2025-12-30 00:58:38,4b1917,0.3523742227247033,0.3907436708877444,0.11249629645397034,0.006034850853354645,0.0,0.0,0.003547521000961019,19.0,LOW,Routine (3+ months),"High flight hours, Extensive mileage",✅ Continue routine maintenance schedule | 📊 Monitor for changes | 🕐 Review airframe hours for scheduled maintenance,19527.89,3
4ba9ea,4,3.8338888888888887,3547.741540764759,11353.8,263.92614583333335,THY64,0,5.8284776090540085,0,98.21819345280613,1003884.28255,175.2673858630952,1,2025-12-30 08:28:35,4ba9ea,0.3695025438100622,0.49711049078758185,0.1112399386108811,0.027067433809861874,0.0,0.0,0.029614877343992423,22.1,LOW,Routine (3+ months),"High flight hours, Extensive mileage",✅ Continue routine maintenance schedule | 📊 Monitor for changes | 🕐 Review airframe hours for scheduled maintenance,30035.48,3
4ba9e9,1,0.3336111111111111,268.16446103138003,11277.6,293.16333333333336,THY172,0,3.280176446896581,0,99.95843320797054,0.0,7.470233333333333,0,2025-12-30 09:58:35,4ba9e9,0.01334087054833239,0.037575275792599214,0.06174757690206079,0.0006300061255010148,0.0,0.0,2.2033558060555466e-07,2.3,LOW,Routine (3+ months),Normal wear and tear,✅ Continue routine maintenance schedule | 📊 Monitor for changes,18502.68,3
4ba9e4,1,0.8344444444444445,847.7527595708641,10668.0,276.68999999999994,THY164,0,2.9572397357872777,0,99.44193855369092,74322.43200000009,25.33705000000012,0,2025-12-29 09:54:04,4ba9e4,0.06430186546071229,0.11878734274593053,0.05547559431514116,0.008476505454891758,0.0,0.0,0.0021928978827559322,5.2,LOW,Routine (3+ months),Normal wear and tear,✅ Continue routine maintenance schedule | 📊 Monitor for changes,18508.48,3
4ba9da,3,3.998888888888889,3787.6481169796775,10871.2,244.7151111111111,THY173,0,6.1834429071889,0,99.56082456463447,28608.237714285744,137.42805111111105,1,2025-12-30 09:38:37,4ba9da,0.3862916902204636,0.5307262642240139,0.11813397107072504,0.006670409307694247,0.0,0.0,0.0008478574461723996,22.7,LOW,Routine (3+ months),"High flight hours, Extensive mileage",✅ Continue routine maintenance schedule | 📊 Monitor for changes | 🕐 Review airframe hours for scheduled maintenance,29537.88,3
4ba9d0,2,2.834166666666667,2655.6008091355206,11582.400000000001,256.6066666666666,THY726,0,17.320886269501624,1,67.41250192809056,13852054.5539,5760.219898611111,0,2025-12-30 08:28:35,4ba9d0,0.2677784058790278,0.37210349355964883,0.33444214672309264,0.4950622831025989,0.0,0.0,0.40873819168198455,32.3,LOW,Routine (3+ months),"Frequent altitude changes, Speed instability, Declining fuel efficiency, Extensive mileage",✅ Continue routine maintenance schedule | 📊 Monitor for changes | 🔧 Check pressurization system | 🔧 Inspect throttle control system | ⛽ Engine performance check needed,44026.56,3
4ba9ce,2,2.000277777777778,1755.0549188652167,11129.009999999998,252.3775,THY172,0,1.2027423484708835,0,99.70857855470895,5.806439999998448,47.52875000000009,0,2025-12-29 23:58:37,4ba9ce,0.182928208027134,0.2459187632614801,0.02140025793035996,0.0044257557097762135,0.0,0.0,1.573128914584183e-06,10.0,LOW,Routine (3+ months),Normal wear and tear,✅ Continue routine maintenance schedule | 📊 Monitor for changes,19017.55,3
4ba9cd,2,1.166111111111111,993.4970067585605,11430.0,238.9395,THY51U,0,7.783194298030355,0,94.70700429864883,3469419.0288899997,326.72119833333346,0,2025-12-29 08:14:07,4ba9cd,0.0980497456189938,0.13920906552828538,0.14920387585885558,0.0804088248875392,0.0,0.0,0.10234063787378823,10.4,LOW,Routine (3+ months),Normal wear and tear,✅ Continue routine maintenance schedule | 📊 Monitor for changes,29009.93,3
4ba9cb,2,4.666944444444444,4060.5546306207107,10511.79,240.06319444444443,THY68,0,16.128248417429155,1,93.74857275857158,2.4193500000005077,2431.8131393865124,0,2025-12-29 23:28:38,4ba9cb,0.45426794799321657,0.5689659976928668,0.31127908231023943,0.09496915455246457,0.0,0.0,7.17980289162608e-05,30.4,LOW,Routine (3+ months),"High flight hours, Extensive mileage",✅ Continue routine maintenance schedule | 📊 Monitor for changes | 🕐 Review airframe hours for scheduled maintenance,29040.61,3
4ba9ca,4,3.4986111111111113,3164.384057948746,10744.2,261.1941217948718,THY52,0,5.549682362827699,1,98.4867248023698,0.0,476.9003489102564,0,2025-12-29 23:28:38,4ba9ca,0.33538722442057667,0.4433943380633672,0.10582525867672045,0.022987951017904518,0.0,0.0,1.4066242723538258e-05,19.7,LOW,Routine (3+ months),"High flight hours, Extensive mileage",✅ Continue routine maintenance schedule | 📊 Monitor for changes | 🕐 Review airframe hours for scheduled maintenance,30031.64,3
4ba9c8,2,4.6658333333333335,3382.157212573,10210.8,214.40233333333333,THY46M,0,27.4224793656981,1,74.64842521591152,7750799.312266154,6370.182206190477,0,2025-12-30 07:58:34,4ba9c8,0.45415488976823076,0.4739087705640749,0.5306323407145328,0.38513536177831487,0.0,0.0,0.2287988029495189,39.5,LOW,Routine (3+ months),"Speed instability, High flight hours, Extensive mileage",✅ Continue routine maintenance schedule | 📊 Monitor for changes | 🔧 Inspect throttle control system | 🕐 Review airframe hours for scheduled maintenance,34033.82,3
4ba9c5,2,2.8563888888888886,2276.52926023551,11430.0,250.26100000000002,THY46M,0,4.585849187813693,0,99.47342904815237,27644.460840000076,13.283810000000013,0,2025-12-29 15:51:45,4ba9c5,0.2700395703787451,0.31898788703869785,0.08710597194831493,0.00799810719534233,0.0,0.0,0.0008157690601852607,15.0,LOW,Routine (3+ months),Extensive mileage,✅ Continue routine maintenance schedule | 📊 Monitor for changes,19022.77,3
4ba95a,2,2.332777777777778,2222.323005387314,10058.4,292.3814102564103,THY124,0,6.241171940196842,0,99.87984211285885,1.7922246605315602e-24,17.428812820512878,1,2025-12-30 09:58:35,4ba95a,0.21676088185415493,0.3113924921538905,0.11925516750745647,0.0018239487345490524,0.0,0.0,5.140652802554012e-07,14.1,LOW,Routine (3+ months),Extensive mileage,✅ Continue routine maintenance schedule | 📊 Monitor for changes,19022.22,3
4ba954,1,1.3330555555555557,1475.534175043629,10668.0,308.0011111111112,THY72,0,6.471880838817118,0,99.63658463373692,41290.240000000056,64.37426111111104,0,2025-12-30 09:18:35,4ba954,0.11503674392312042,0.206752242095875,0.12373592842752422,0.005519475166398946,0.0,0.0,0.0012197601517053033,9.6,LOW,Routine (3+ months),Normal wear and tear,✅ Continue routine maintenance schedule | 📊 Monitor for changes,23514.76,3
4ba953,1,2.2572222222222225,1718.651668462299,10972.8,212.75066666666663,THY85,0,7.576854190201363,0,99.36456643976923,243279.8821028567,14.95039238095237,0,2025-12-28 23:48:41,4ba953,0.20907292255511595,0.2408179301071696,0.1451963984839822,0.009651929508112111,0.0,0.0,0.007176015230604491,13.2,LOW,Routine (3+ months),Normal wear and tear,✅ Continue routine maintenance schedule | 📊 Monitor for changes,18517.19,3
4ba950,1,0.3330555555555555,354.4126078118533,10058.4,298.15000000000003,THY54,0,3.675343264886044,0,99.93437749170668,0.0,3.936100000000006,0,2025-12-29 09:44:08,4ba950,0.013284341435839453,0.04966038911974375,0.06942239155179404,0.0009954564936092147,0.0,0.0,1.1609582192723007e-07,2.7,LOW,Routine (3+ months),Normal wear and tear,✅ Continue routine maintenance schedule | 📊 Monitor for changes,18503.54,3
4ba94a,1,1.3344444444444443,1371.2254589521128,10668.0,286.7855555555556,THY70,0,3.0120280832591053,0,99.79778642143044,0.0,11.289702777777778,0,2025-12-29 09:24:04,4ba94a,0.11517806670435274,0.19213647698055644,0.05653967761533027,0.003070524904177918,0.0,0.0,3.3299136792770553e-07,7.9,LOW,Routine (3+ months),Normal wear and tear,✅ Continue routine maintenance schedule | 📊 Monitor for changes,18513.71,3
4bb104,2,1.1666666666666667,922.9241818277798,12039.6,248.85750000000002,THY168,0,2.651507807551346,0,99.8966179799601,0.0,24.173350000000035,1,2025-12-30 08:08:33,4bb104,0.09810627473148674,0.1293203824789435,0.04953775800172152,0.0015690926022170482,0.0,0.0,7.129963509526198e-07,6.1,LOW,Routine (3+ months),Normal wear and tear,✅ Continue routine maintenance schedule | 📊 Monitor for changes,19009.23,3
4bb101,1,0.5,363.6156642494278,11582.4,237.4875,THY067,0,0.420329758899419,0,99.89605504033466,0.0,32.21749166666677,0,2025-12-28 23:58:46,4bb101,0.030271339739966086,0.050949923842006035,0.0062044688832671585,0.0015776446856836657,0.0,0.0,9.502594383972354e-07,1.9,LOW,Routine (3+ months),Normal wear and tear,✅ Continue routine maintenance schedule | 📊 Monitor for changes,18503.64,3
4bb0fa,1,0.5016666666666667,478.0738677267546,11887.2,308.345,THY208,0,3.626577678689989,0,99.8821988674104,0.0,17.66696666666658,0,2025-12-30 00:38:34,4bb0fa,0.030440927077444894,0.06698783783644366,0.06847528056397245,0.0017881453184730445,0.0,0.0,5.210896613723303e-07,3.5,LOW,Routine (3+ months),Normal wear and tear,✅ Continue routine maintenance schedule | 📊 Monitor for changes,18504.78,3
4bb0f6,4,2.1666666666666665,2016.4677092002653,11353.8,275.770625,THY250,0,2.452642236548802,0,99.96548415662348,9.926167350636334e-25,6.651776250000018,0,2025-12-30 07:48:33,4bb0f6,0.19985867721876768,0.28254799315560447,0.04567544890040779,0.0005228893075081009,0.0,0.0,1.9619507406310286e-07,11.6,LOW,Routine (3+ months),Normal wear and tear,✅ Continue routine maintenance schedule | 📊 Monitor for changes,20020.16,3
4bb0f5,1,1.0,851.5977951848333,10972.8,233.245,THY175,0,1.1370055474684475,0,99.96297410752716,3.9704669402545334e-24,16.116190000000053,0,2025-12-29 05:14:08,4bb0f5,0.08114754098360658,0.11932611016153656,0.02012353695989238,0.0005610215483508041,0.0,0.0,4.753492859392316e-07,4.8,LOW,Routine (3+ months),Normal wear and tear,✅ Continue routine maintenance schedule | 📊 Monitor for changes,18508.52,3
4bb0f0,1,0.33277777777777773,372.4110831095818,11887.2,312.76666666666665,THY164,0,4.883721731006887,0,99.95496190327827,4.963083675318166e-24,15.86423333333336,0,2025-12-30 10:18:36,4bb0f0,0.013256076879592987,0.052182340278213224,0.09289116557839694,0.0006827415985873886,0.0,0.0,4.679177886940613e-07,3.2,LOW,Routine (3+ months),Normal wear and tear,✅ Continue routine maintenance schedule | 📊 Monitor for changes,18503.72,3
4bb0ee,1,0.3336111111111111,277.54098844993973,11887.2,303.47,THY066,0,5.122426827061549,0,99.96894217735058,4.963083675318166e-24,2.512300000000025,0,2025-12-30 09:58:35,4bb0ee,0.01334087054833239,0.03888911731497761,0.09752722631215813,0.00047035564217101644,0.0,0.0,7.41006410984941e-08,3.1,LOW,Routine (3+ months),Normal wear and tear,✅ Continue routine maintenance schedule | 📊 Monitor for changes,18502.78,3
4bb0ec,1,0.9994444444444445,755.6031830992672,11582.4,216.22857142857148,THY165,0,0.9104665496580197,0,99.98293557541184,3.8601761919141294e-24,6.300380952380962,0,2025-12-28 23:48:41,4bb0ec,0.08109101187111364,0.10587531951669925,0.015723762636791903,0.0002577703083369576,0.0,0.0,1.8583062044189208e-07,4.5,LOW,Routine (3+ months),Normal wear and tear,✅ Continue routine maintenance schedule | 📊 Monitor for changes,18507.56,3
4bb0e6,1,0.33277777777777773,293.165906400913,11887.2,301.81333333333333,THY49A,0,4.748393768610021,0,99.95256440621874,4.963083675318166e-24,14.21623333333341,0,2025-12-30 09:38:37,4bb0e6,0.013256076879592987,0.041078484985050234,0.09026286537443166,0.0007191639679458017,0.0,0.0,4.193097973991071e-07,3.0,LOW,Routine (3+ months),Normal wear and tear,✅ Continue routine maintenance schedule | 📊 Monitor for changes,18502.93,3
4bb0e4,1,0.3330555555555555,363.0598941031625,11887.2,304.6366666666667,THY208,0,4.29280540972618,0,99.92542277774784,4.963083675318166e-24,18.354033333333376,0,2025-12-29 02:14:08,4bb0e4,0.013284341435839453,0.05087204918090108,0.08141456118533129,0.0011314949917635708,0.0,0.0,5.413547891347054e-07,3.0,LOW,Routine (3+ months),Normal wear and tear,✅ Continue routine maintenance schedule | 📊 Monitor for changes,18503.63,3
4bb0e3,2,0.8344444444444444,743.4909237526697,11125.2,279.5775,THY056,0,2.3420408276518856,0,99.95589780089615,0.0,15.276966666666683,0,2025-12-29 23:28:38,4bb0e3,0.06430186546071227,0.10417814650701163,0.04352738060458791,0.000668523600452775,0.0,0.0,4.5059627593850823e-07,4.6,LOW,Routine (3+ months),Normal wear and tear,✅ Continue routine maintenance schedule | 📊 Monitor for changes,19007.43,3
4bb0e2,2,0.6672222222222222,639.4820756375047,11430.0,283.48833333333334,THY066,0,3.7643037671180566,0,99.94349117831814,4.963083675318166e-24,18.621516666666682,0,2025-12-29 23:58:37,4bb0e2,0.04728660260033918,0.08960439897250681,0.07115015647206648,0.0008570029098352583,0.0,0.0,5.492442475923576e-07,4.4,LOW,Routine (3+ months),Normal wear and tear,✅ Continue routine maintenance schedule | 📊 Monitor for changes,19006.39,3
4bb0e1,1,0.5,399.0930681953856,11582.4,239.33,THY175,0,0.1486479657270536,0,99.98307384685027,0.0,7.369799999999967,0,2025-12-30 05:18:34,4bb0e1,0.030271339739966086,0.055921027143866826,0.0009279443589821651,0.00025566971205792655,0.0,0.0,2.173732853431811e-07,1.9,LOW,Routine (3+ months),Normal wear and tear,✅ Continue routine maintenance schedule | 📊 Monitor for changes,18503.99,3
4ba9f5,2,1.1641666666666666,1002.846845361063,12039.599999999999,246.19150000000002,THY6101,0,2.210445052631178,0,99.9488134435224,0.0,22.04958500000012,0,2025-12-29 18:35:17,4ba9f5,0.09785189372526852,0.14051916740664058,0.04097156585498296,0.0007761479580753461,0.0,0.0,6.503556042095815e-07,6.1,LOW,Routine (3+ months),Normal wear and tear,✅ Continue routine maintenance schedule | 📊 Monitor for changes,19010.03,3
4ba9ef,1,2.000555555555555,2056.2243226335254,12496.8,287.16615384615386,THY6336,0,8.220910865026928,0,99.67465158547004,3.5844493210631204e-24,109.9381423076923,0,2025-12-29 07:54:02,4ba9ef,0.18295647258338044,0.28811870043198623,0.1577050793199868,0.004941168481574665,0.0,0.0,3.24264093706062e-06,13.6,LOW,Routine (3+ months),Normal wear and tear,✅ Continue routine maintenance schedule | 📊 Monitor for changes,28520.56,3
4ba9eb,1,2.5905555555555555,1980.640057858756,10972.8,213.96058823529413,THY69,0,7.413889948864892,0,99.734284865255,21859.538823529307,29.844218382352963,0,2025-12-28 23:48:41,4ba9eb,0.24299039005087622,0.27752781309527663,0.14203135453329005,0.00403522979282922,0.0,0.0,0.0006456304249715968,14.5,LOW,Routine (3+ months),Normal wear and tear,✅ Continue routine maintenance schedule | 📊 Monitor for changes,18519.81,3
4bb194,2,3.0908333333333338,3210.3992161336873,11887.2,295.945625,THY170,0,6.108659471277995,0,99.75760872077248,14.476220604398645,56.148081250000025,1,2025-12-30 00:28:37,4bb194,0.29389485585076325,0.4498419942993549,0.11668154899640576,0.0036808977292536182,0.0,0.0,2.0830736952372145e-06,18.7,LOW,Routine (3+ months),"High flight hours, Extensive mileage",✅ Continue routine maintenance schedule | 📊 Monitor for changes | 🕐 Review airframe hours for scheduled maintenance,24032.1,3
4bb18d,2,2.9986111111111113,2833.6513751890384,11426.19,256.5207142857143,THY252,0,7.0279317853011305,0,99.4484511295935,177555.93698241765,79.90836547619051,0,2025-12-30 09:38:37,4bb18d,0.2845110231769362,0.3970519863567851,0.13453538768320325,0.008377567504559091,0.0,0.0,0.005239394189528222,17.9,LOW,Routine (3+ months),Extensive mileage,✅ Continue routine maintenance schedule | 📊 Monitor for changes,24028.34,3
4bb188,1,1.5,1608.5664969937898,11277.6,299.495,THY24,0,5.322800912405313,0,99.7270303591144,13.548360000002845,46.45107222222228,0,2025-12-29 09:14:08,4bb188,0.13202374222724705,0.2253927665239878,0.10141883333890049,0.0041454390217064985,0.0,0.0,1.7696916742476939e-06,9.9,LOW,Routine (3+ months),Normal wear and tear,✅ Continue routine maintenance schedule | 📊 Monitor for changes,18516.09,3
4bb187,1,0.6663888888888888,747.9695746235561,11277.6,314.00600000000003,THY24,0,4.256768281788516,0,99.79190764807046,11.61288000000244,12.64677999999996,0,2025-12-30 09:58:35,4bb187,0.047201808931599774,0.10480569626138653,0.08071465860029778,0.003159834233605663,0.0,0.0,7.155420765162015e-07,4.9,LOW,Routine (3+ months),Normal wear and tear,✅ Continue routine maintenance schedule | 📊 Monitor for changes,18507.48,3
4bb164,2,1.3336111111111109,559.5144343000401,10313.67,144.938,IGO018,0,16.82120125348369,0,51.211289973142655,15265033.986000001,10242.00275,1,2025-12-30 04:08:35,4bb164,0.11509327303561333,0.07839931174289336,0.32473741012425983,0.7411883517588531,0.0,0.0,0.45054640915607097,26.6,LOW,Routine (3+ months),"Frequent altitude changes, Speed instability, Declining fuel efficiency",✅ Continue routine maintenance schedule | 📊 Monitor for changes | 🔧 Check pressurization system | 🔧 Inspect throttle control system | ⛽ Engine performance check needed,54005.6,3
4bb162,5,3.664722222222222,1889.485664058227,10058.4,145.37245000000001,THY32W,0,20.914588032805078,2,67.52587626767733,12307965.337937143,4798.678521309524,1,2025-12-30 08:28:35,4bb162,0.3522894290559639,0.26475523512730614,0.4042379739134944,0.4933399193333582,0.0,0.0,0.3631667027480919,33.2,LOW,Routine (3+ months),"Declining fuel efficiency, High flight hours",✅ Continue routine maintenance schedule | 📊 Monitor for changes | ⛽ Engine performance check needed | 🕐 Review airframe hours for scheduled maintenance,45518.89,3
4bb159,2,2.0908333333333333,2174.7235214397488,12496.8,288.09008928571427,THY6240,0,4.808179427014407,0,99.74180567168409,53087.45142857118,47.77767767857139,1,2025-12-30 08:48:37,4bb159,0.1921424533634822,0.3047228397695431,0.09142400498959581,0.003920974975062386,0.0,0.0,0.0015672310399587749,12.8,LOW,Routine (3+ months),Extensive mileage,✅ Continue routine maintenance schedule | 📊 Monitor for changes,19021.75,3
4bb155,1,1.1666666666666667,842.3608204044914,9753.6,201.545,THY6233,0,2.2687145887150963,0,99.97213146990563,0.0,9.702285714285695,0,2025-12-30 03:38:37,4bb155,0.09810627473148674,0.11803182279204051,0.04210325978476514,0.00042190444972001195,0.0,0.0,2.8617027884779827e-07,5.7,LOW,Routine (3+ months),Normal wear and tear,✅ Continue routine maintenance schedule | 📊 Monitor for changes,18508.42,3
4bb153,2,1.331388888888889,1269.9658080364438,12192.0,266.7783333333333,THY6342,0,9.63922039093188,0,89.0431083560345,7452488.320800002,507.2505833333333,0,2025-12-30 03:08:38,4bb153,0.11486715658564164,0.17794794769078845,0.1852510731426812,0.16645377297600816,0.0,0.0,0.21982715039753886,14.8,LOW,Routine (3+ months),Normal wear and tear,✅ Continue routine maintenance schedule | 📊 Monitor for changes,29012.7,3
4bb14f,2,2.6644444444444444,2534.0748318595492,10843.259999999998,252.83,THY6268,0,7.619151052370936,0,99.44562501065491,43087.35799384594,87.34569166666668,0,2025-12-29 15:51:45,4bb14f,0.25050876201243644,0.35507524121574324,0.14601787580100084,0.008420501424925342,0.0,0.0,0.0012734439447255376,16.4,LOW,Routine (3+ months),Extensive mileage,✅ Continue routine maintenance schedule | 📊 Monitor for changes,24025.34,3
4bb14c,1,2.001111111111111,2058.5627314445896,12496.8,294.73692307692306,THY6256,0,8.402274165391754,0,99.73031883981514,3.5844493210631204e-24,85.57133974358977,0,2025-12-29 06:04:04,4bb14c,0.18301300169587337,0.2884463588981888,0.16122746442723296,0.004095480979741661,0.0,0.0,2.523938675578946e-06,13.6,LOW,Routine (3+ months),Normal wear and tear,✅ Continue routine maintenance schedule | 📊 Monitor for changes,23520.59,3
4bb14b,1,0.8333333333333334,929.6759419998602,10668.0,310.93333333333334,THY70,0,4.9331739065883085,0,99.64558653000856,61935.36000000009,13.602866666666651,0,2025-12-30 09:48:34,4bb14b,0.06418880723572641,0.1302664409147842,0.0938516113049498,0.005382719882538023,0.0,0.0,0.001827193354219944,6.2,LOW,Routine (3+ months),Normal wear and tear,✅ Continue routine maintenance schedule | 📊 Monitor for changes,18509.3,3
4bb14a,1,1.6666666666666667,364.9686486414518,10668.0,237.2190909090909,THY72,0,21.516431766058744,0,85.50222584837272,81079.01672727281,6249.509049090909,0,2025-12-29 09:04:08,4bb14a,0.14898247597512723,0.05113950437582418,0.41592680731384474,0.22024626045212758,0.0,0.0,0.002575767124234707,16.4,LOW,Routine (3+ months),Speed instability,✅ Continue routine maintenance schedule | 📊 Monitor for changes | 🔧 Inspect throttle control system,28503.65,3
4bb148,2,1.164722222222222,191.8453326851143,5760.72,86.618,THY47G,0,28.29133102797408,2,57.10910417202602,9124530.138,9849.90619,0,2025-12-29 06:54:07,4bb148,0.09790842283776144,0.026881419176281448,0.5475069242132379,0.6515897571306979,0.0,0.0,0.26941982140340054,26.4,LOW,Routine (3+ months),"Speed instability, Declining fuel efficiency",✅ Continue routine maintenance schedule | 📊 Monitor for changes | 🔧 Inspect throttle control system | ⛽ Engine performance check needed,54001.92,3
4bb106,2,1.3347222222222221,1199.5235208728077,12039.6,278.496,THY39V,0,4.765722699493123,0,99.83556566055285,37161.216000000044,44.334384999999976,0,2025-12-30 00:38:34,4bb106,0.11520633126059922,0.16807755562819007,0.09059942281435668,0.0024965891006171193,0.0,0.0,0.0010973829303629343,8.1,LOW,Routine (3+ months),Normal wear and tear,✅ Continue routine maintenance schedule | 📊 Monitor for changes,19012.0,3
4cac03,3,2.004722222222222,1305.2123959338207,9057.640000000001,151.56605555555555,KZR289,0,19.203607710312976,1,83.87125907164136,1697563.0564800005,6677.154306111112,0,2025-12-30 07:38:20,4cac03,0.18338044092707745,0.1828867089863691,0.37100781326569976,0.2450236315514085,0.0,0.0,0.050266804205342644,19.8,LOW,Routine (3+ months),Speed instability,✅ Continue routine maintenance schedule | 📊 Monitor for changes | 🔧 Inspect throttle control system,29513.05,3
4caa15,4,2.868888888888889,2794.5691265390456,11201.4,270.94497023809527,GFA154,0,2.8250063905419114,0,99.83545157927847,16.486142142858757,70.2662167261904,1,2025-12-30 08:28:35,4caa15,0.2713114754098361,0.3915757712536713,0.05290739686264293,0.0024983222040200204,0.0,0.0,2.5587730004390827e-06,15.7,LOW,Routine (3+ months),Extensive mileage,✅ Continue routine maintenance schedule | 📊 Monitor for changes,25027.95,3
4ca8fa,2,1.3330555555555557,1451.9201909787844,11887.2,300.916,NOS126,0,4.295101728493256,0,99.83456759979734,15.967710000003354,44.93345999999991,0,2025-12-30 03:48:37,4ca8fa,0.11503674392312042,0.2034434443514388,0.08145915961847829,0.0025117514706124444,0.0,0.0,1.796288556561148e-06,8.6,LOW,Routine (3+ months),Normal wear and tear,✅ Continue routine maintenance schedule | 📊 Monitor for changes,19014.52,3
4ca87d,2,1.5002777777777778,739.5714594093396,11666.22,165.7025,ITY769,0,28.08763772482401,1,64.9196323374853,14292635.285639998,6143.238933333333,0,2025-12-30 04:28:41,4ca87d,0.13205200678349352,0.10362895011799923,0.5435508523066376,0.5329335358036054,0.0,0.0,0.4217444793998538,28.5,LOW,Routine (3+ months),"Frequent altitude changes, Speed instability, Declining fuel efficiency",✅ Continue routine maintenance schedule | 📊 Monitor for changes | 🔧 Check pressurization system | 🔧 Inspect throttle control system | ⛽ Engine performance check needed,44007.4,3
4ca364,2,1.5388888888888888,1094.1413348718938,10984.23,205.59257142857143,KZR168,0,1.724257924398296,0,99.46617890581088,56.68191428571596,48.59235523809524,0,2025-12-29 18:13:07,4ca364,0.1359807801017524,0.15331137562289862,0.03152898129472529,0.008108250130122174,0.0,0.0,3.105079354730721e-06,7.2,LOW,Routine (3+ months),Normal wear and tear,✅ Continue routine maintenance schedule | 📊 Monitor for changes,19010.94,3
4c80ae,1,0.6666666666666666,704.1356767109321,10668.0,295.206,SEB401,0,2.2628745391592133,0,99.98927342921972,0.0,2.940830000000008,0,2025-12-30 02:48:39,4c80ae,0.04723007348784625,0.09866367879644455,0.04198983604611547,0.00016148670648119534,0.0,0.0,8.67401935921995e-08,4.0,LOW,Routine (3+ months),Normal wear and tear,✅ Continue routine maintenance schedule | 📊 Monitor for changes,18507.04,3
4bd152,5,4.425833333333333,3127.5032542895788,10180.320000000002,194.8197111111111,IGO6193,0,9.18665222576835,0,78.9869639903315,8973652.117176,3653.042310888889,0,2025-12-29 17:23:08,4bd152,0.42973431317128336,0.43822659001943925,0.1764614262748802,0.31922501536533576,0.0,0.0,0.264786875633798,30.5,LOW,Routine (3+ months),"High flight hours, Extensive mileage",✅ Continue routine maintenance schedule | 📊 Monitor for changes | 🕐 Review airframe hours for scheduled maintenance,35531.28,3
4bbb21,2,1.333611111111111,849.198268708352,11277.6,208.01500000000001,FAD9112,1,25.9103401797314,1,69.52721288038613,13046600.358360002,7801.476499999999,0,2025-12-30 09:08:33,4bbb21,0.11509327303561337,0.11898988787175716,0.5012640146087656,0.4629359524009088,0.5,0.5,0.3850414142898834,31.1,LOW,Routine (3+ months),"Frequent altitude changes, Speed instability, Repeated high-risk operations, Declining fuel efficiency",✅ Continue routine maintenance schedule | 📊 Monitor for changes | 🔧 Check pressurization system | 🔧 Inspect throttle control system | ⛽ Engine performance check needed,44008.49,3
4bb562,5,2.3344444444444443,1587.4401592251818,10727.435999999998,204.8612,IGO39YC,0,15.46978513880444,0,71.49128070347011,12843604.312740002,5325.307369333334,0,2025-12-30 05:58:33,4bb562,0.21693046919163372,0.22243253844197453,0.29849060061835025,0.4330981666096876,0.0,0.0,0.3789809824780171,26.1,LOW,Routine (3+ months),"Frequent altitude changes, Speed instability",✅ Continue routine maintenance schedule | 📊 Monitor for changes | 🔧 Check pressurization system | 🔧 Inspect throttle control system,35515.87,3
4bb46d,2,4.5225,3632.111419175205,11734.8,226.73114285714286,MNB507,0,12.549169832773662,0,87.92389252299506,6054748.418660438,1750.4598871428575,0,2025-12-29 15:51:45,4bb46d,0.43957037874505384,0.50893242064983,0.2417672622292504,0.18345671039389067,0.0,0.0,0.17863728444560037,30.5,LOW,Routine (3+ months),"High flight hours, Extensive mileage",✅ Continue routine maintenance schedule | 📊 Monitor for changes | 🕐 Review airframe hours for scheduled maintenance,29036.32,3
4bb1c6,2,2.6661111111111113,2600.7679365676127,11582.400000000001,287.09767857142856,THY58,0,5.828012267487276,0,99.70301205347323,41716.852050000045,45.978457463369985,1,2025-12-30 10:08:34,4bb1c6,0.2506783493499153,0.36442029683285176,0.11123090088273466,0.004510321053969424,0.0,0.0,0.0012318005471841562,15.9,LOW,Routine (3+ months),Extensive mileage,✅ Continue routine maintenance schedule | 📊 Monitor for changes,19026.01,3
4bb1c3,3,5.999444444444445,4847.215075797056,11074.4,186.53326007326004,THY59,0,22.318651611983267,1,89.57263281006185,20055.25942857133,5640.21853039072,0,2025-12-30 06:18:36,4bb1c3,0.5898530243075186,0.679193069054016,0.43150728711509273,0.15840932713519562,0.0,0.0,0.0007578917287311602,39.3,LOW,Routine (3+ months),"Speed instability, High flight hours, Extensive mileage",✅ Continue routine maintenance schedule | 📊 Monitor for changes | 🔧 Inspect throttle control system | 🕐 Review airframe hours for scheduled maintenance,29548.47,3
4bb1a5,3,1.9991666666666668,1840.3419433051113,11379.200000000003,262.6913333333333,THY166,0,1.8016307223720522,0,99.80722998721363,18.064480000001023,40.97315111111102,0,2025-12-29 10:04:07,4bb1a5,0.18281514980214816,0.257869203869955,0.033031693203587204,0.0029270598518857938,0.0,0.0,1.7413232154877042e-06,10.4,LOW,Routine (3+ months),Normal wear and tear,✅ Continue routine maintenance schedule | 📊 Monitor for changes,19518.4,3
4bb199,3,1.5008333333333332,1440.822811919786,11785.6,274.52416666666664,THY166,0,5.010623154721691,0,99.73055301360604,148564.21900000027,25.793541666666723,0,2025-12-30 09:48:34,4bb199,0.13210853589598645,0.20188847663829326,0.09535580800650778,0.00409192345116316,0.0,0.0,0.004382683274358432,9.4,LOW,Routine (3+ months),Normal wear and tear,✅ Continue routine maintenance schedule | 📊 Monitor for changes,19514.41,3
4bb196,2,0.8344444444444444,711.9259123568122,11121.39,267.2841666666667,THY162,0,3.9431685975428934,0,99.78599135316985,61178.10344999998,31.023466666666696,0,2025-12-29 23:28:38,4bb196,0.06430186546071227,0.09975524869260999,0.07462401702506258,0.003249713583925229,0.0,0.0,0.0018053717890395432,5.2,LOW,Routine (3+ months),Normal wear and tear,✅ Continue routine maintenance schedule | 📊 Monitor for changes,19007.12,3
4d0102,1,1.1605555555555556,1210.4770193513953,12496.8,295.185,CLX4327,0,4.833571457613949,0,99.91005991125851,0.0,2.566942857142894,0,2025-12-30 06:08:34,4d0102,0.09748445449406447,0.16961236275603908,0.09191716159981766,0.0013648850580637584,0.0,0.0,7.571233983898686e-08,7.7,LOW,Routine (3+ months),Normal wear and tear,✅ Continue routine maintenance schedule | 📊 Monitor for changes,18512.1,3
4caeba,2,1.835,935.4313747503437,10214.61,107.74607142857143,KZR963,0,19.342538493162785,0,63.863297947696196,11515715.51691,7741.553566904761,0,2025-12-30 03:08:38,4caeba,0.16611079706048618,0.13107289368661465,0.3737060863973853,0.5489811889833907,0.0,0.0,0.33988598359801964,25.9,LOW,Routine (3+ months),"Speed instability, Declining fuel efficiency",✅ Continue routine maintenance schedule | 📊 Monitor for changes | 🔧 Inspect throttle control system | ⛽ Engine performance check needed,44009.35,3
4cae84,3,2.498888888888889,1027.5105765780124,9382.76,168.5011851851852,SEJ011,0,19.070584416790897,1,74.03721949471787,10536058.92784,2517.5621909259257,1,2025-12-30 08:18:37,4cae84,0.23366308648954218,0.14397505600197152,0.3684242736682373,0.3944206955987676,0.0,0.0,0.31083679265087827,25.1,LOW,Routine (3+ months),Normal wear and tear,✅ Continue routine maintenance schedule | 📊 Monitor for changes,34510.28,3
4cae83,3,2.3569444444444443,1272.7319147545816,11176.0,176.74166666666667,SEJ006,0,19.549261349360275,0,63.80915336894372,17647018.25428,4768.582926666667,0,2025-12-30 08:58:35,4cae83,0.21921989824759752,0.1783355353017867,0.37772099739940546,0.5498037442554564,0.0,0.0,0.5206419301719383,30.1,LOW,Routine (3+ months),"Frequent altitude changes, Declining fuel efficiency",✅ Continue routine maintenance schedule | 📊 Monitor for changes | 🔧 Check pressurization system | ⛽ Engine performance check needed,44512.73,3
4cadca,1,2.667222222222222,2748.1284683344093,12496.8,287.56800000000004,ITY758,0,19.28007937023657,0,99.04084409882428,85594.11452571387,340.06974571428555,0,2025-12-30 02:08:35,4cadca,0.2507914075749011,0.3850684938414536,0.372493023534257,0.01456986449560227,0.0,0.0,0.0025346408258523625,21.7,LOW,Routine (3+ months),Extensive mileage,✅ Continue routine maintenance schedule | 📊 Monitor for changes,28527.48,3
4cadc6,1,2.8336111111111113,2772.5813890080267,11887.2,273.92117647058825,ITY758,0,13.9036425633303,0,99.29773727604176,71043.50117647067,224.3621110294118,0,2025-12-29 02:24:07,4cadc6,0.2677218767665348,0.38849484360723485,0.268073436436968,0.010667186847227783,0.0,0.0,0.002102055630029668,20.0,LOW,Routine (3+ months),Extensive mileage,✅ Continue routine maintenance schedule | 📊 Monitor for changes,28527.73,3
4cad1f,2,3.9994444444444444,3618.4741340716446,10229.85,243.4475,KZR173,0,9.221886701102704,0,99.79510881953715,39422.7105282354,37.95675127450984,0,2025-12-29 09:44:08,4cad1f,0.38634821933295654,0.5070215606243899,0.17714573997522481,0.003111202578740535,0.0,0.0,0.001163897919669635,23.4,LOW,Routine (3+ months),"High flight hours, Extensive mileage",✅ Continue routine maintenance schedule | 📊 Monitor for changes | 🕐 Review airframe hours for scheduled maintenance,19036.18,3
4cac15,2,3.499722222222222,3560.038913584663,10218.42,187.63138888888892,KZR161,0,26.047485473610116,2,81.8570343097083,10322.08561764707,7144.8536233660125,0,2025-12-30 09:48:34,4cac15,0.33550028264556253,0.4988336019465144,0.5039276104945679,0.2756233930645131,0.0,0.0,0.0005151898243790551,32.6,LOW,Routine (3+ months),"Speed instability, High flight hours, Extensive mileage",✅ Continue routine maintenance schedule | 📊 Monitor for changes | 🔧 Inspect throttle control system | 🕐 Review airframe hours for scheduled maintenance,29035.6,3
4cac14,2,2.493888888888889,2196.8641635481763,10370.82,211.82572727272728,KZR199,0,12.180768510451353,0,87.23322423555516,73677.65323090913,5216.7133886363645,0,2025-12-30 08:08:33,4cac14,0.23315432447710574,0.30782519244614204,0.23461227922757602,0.19394922606530107,0.0,0.0,0.0023270004161795544,19.6,LOW,Routine (3+ months),"Speed instability, Extensive mileage",✅ Continue routine maintenance schedule | 📊 Monitor for changes | 🔧 Inspect throttle control system,29021.97,3
4cac12,1,3.000277777777778,2876.5689264339594,10073.64,265.5947058823529,KZR645,0,13.912020812264856,0,99.64851719641152,90862.67406176474,50.61336397058826,0,2025-12-30 01:58:37,4cac12,0.28468061051441496,0.4030656050822814,0.2682361563434349,0.005338197694796154,0.0,0.0,0.0026815001722002084,20.6,LOW,Routine (3+ months),"High flight hours, Extensive mileage",✅ Continue routine maintenance schedule | 📊 Monitor for changes | 🕐 Review airframe hours for scheduled maintenance,23528.77,3
4cac11,1,2.165833333333333,2063.939498146094,10066.02,206.59857142857143,KZR593,0,20.809181525608317,0,89.26964073105144,86637.50839780226,4520.286120879122,0,2025-12-29 01:54:09,4cac11,0.19977388355002826,0.28919975288225536,0.4021907994828911,0.1630123314936469,0.0,0.0,0.002688711943222949,21.3,LOW,Routine (3+ months),Normal wear and tear,✅ Continue routine maintenance schedule | 📊 Monitor for changes,28520.64,3
4cac0e,5,5.038055555555556,4478.395912811158,11710.416000000001,237.59797985347987,KZR585,0,3.400128145353901,0,99.34597844260676,26732.57964356045,93.77108971062269,0,2025-12-30 03:38:37,4cac0e,0.49202939513849653,0.6275140295814103,0.0640772437937915,0.009934315213484979,0.0,0.0,0.000791246979926133,26.3,LOW,Routine (3+ months),"High flight hours, Extensive mileage",✅ Continue routine maintenance schedule | 📊 Monitor for changes | 🕐 Review airframe hours for scheduled maintenance,25544.78,3
4cac0d,1,1.9994444444444448,2022.5279300986,11292.84,185.94076923076923,KZR563,0,44.51691814653891,1,69.87244036352821,68330.6325692307,16007.79147435898,0,2025-12-29 03:54:07,4cac0d,0.18284341435839463,0.28339715292399137,0.8626355434421045,0.45769131493464166,0.0,0.0,0.0024875736539691044,34.4,LOW,Routine (3+ months),"Speed instability, Declining fuel efficiency",✅ Continue routine maintenance schedule | 📊 Monitor for changes | 🔧 Inspect throttle control system | ⛽ Engine performance check needed,52520.23,3
507c44,2,3.9997222222222226,3491.934723901106,11132.82,212.50696428571428,UZB531,0,15.795439646190745,1,88.03595481713465,10.779521478520696,5093.2682939185825,0,2025-12-30 08:48:37,507c44,0.38637648388920304,0.4892908247263379,0.30481536745164933,0.181754278996914,0.0,0.0,0.00015054460666253625,28.3,LOW,Routine (3+ months),"High flight hours, Extensive mileage",✅ Continue routine maintenance schedule | 📊 Monitor for changes | 🕐 Review airframe hours for scheduled maintenance,29034.92,3
504e6c,1,1.166388888888889,1204.679947616164,12496.8,287.76250000000005,TVR4705,0,4.056072657573793,0,99.8802257804669,0.0,12.735735714285685,0,2025-12-30 02:38:38,504e6c,0.09807801017524027,0.1688000755185617,0.07681680673941207,0.001818120121214295,0.0,0.0,3.7564231233911056e-07,7.4,LOW,Routine (3+ months),Normal wear and tear,✅ Continue routine maintenance schedule | 📊 Monitor for changes,18512.05,3
504e36,2,2.165833333333333,1644.1706356473264,10058.400000000001,216.10660714285717,UAE9285,0,1.9498036382828787,0,99.88523929229021,53087.45142857149,18.294384523809505,0,2025-12-30 08:18:37,504e36,0.19977388355002826,0.23038162792687158,0.03590946434720692,0.0017419556985363016,0.0,0.0,0.0015663614260892373,10.4,LOW,Routine (3+ months),Normal wear and tear,✅ Continue routine maintenance schedule | 📊 Monitor for changes,19016.44,3
503cfa,1,0.5011111111111111,425.723478984204,11887.2,258.75,NVD9930,0,0.8090248830015867,0,99.98861390058784,0.0,3.8249999999999713,0,2025-12-30 07:48:33,503cfa,0.03038439796495195,0.05965248740527323,0.013753592182427218,0.00017150615377836687,0.0,0.0,1.128189118344684e-07,2.2,LOW,Routine (3+ months),Normal wear and tear,✅ Continue routine maintenance schedule | 📊 Monitor for changes,18504.26,3
503cc6,1,0.2025,138.16762337982743,10058.4,250.21,SIF125,0,3.4240014617884302,0,99.99164837902688,19.354799999994825,3.483100000000009,0,2025-12-29 18:23:08,503cc6,0.0,0.019360084233896582,0.06454090438058278,0.00012540687116280314,0.0,0.0,6.736070657735535e-07,1.7,LOW,Routine (3+ months),Normal wear and tear,✅ Continue routine maintenance schedule | 📊 Monitor for changes,18501.38,3
500241,2,1.588611111111111,1190.5452830003055,9429.75,227.08964285714288,T7MCV,0,19.648721063201513,0,82.26077625554154,1927825.1766000006,6977.066197619048,0,2025-12-29 02:04:07,500241,0.14104013566987,0.16681952254321933,0.37965267494442484,0.26948981378933956,0.0,0.0,0.05706726369864523,19.1,LOW,Routine (3+ months),Speed instability,✅ Continue routine maintenance schedule | 📊 Monitor for changes | 🔧 Inspect throttle control system,29011.91,3
4d23ea,3,2.0036111111111112,1222.5129850594433,7477.759999999999,153.014126984127,SEJ672,0,23.649668020239016,0,75.09116882355113,6658263.45764,6326.695942857142,1,2025-12-30 07:38:20,4d23ea,0.1832673827020916,0.1712988454807475,0.45735789947442534,0.37840927586115936,0.0,0.0,0.19657302194769574,24.8,LOW,Routine (3+ months),Speed instability,✅ Continue routine maintenance schedule | 📊 Monitor for changes | 🔧 Inspect throttle control system,34512.23,3
4d235b,1,1.4994444444444446,1349.2794719160793,13716.0,254.15444444444444,VJT223,0,3.527231260073455,0,99.86549969573782,0.0,53.43565277777781,0,2025-12-30 06:58:37,4d235b,0.13196721311475415,0.18906139942461112,0.06654580340575357,0.0020418363068395173,0.0,0.0,1.5760920783146214e-06,8.4,LOW,Routine (3+ months),Normal wear and tear,✅ Continue routine maintenance schedule | 📊 Monitor for changes,23513.49,3
4d232c,5,3.1655555555555557,2125.136146631715,10379.964000000002,199.69509523809523,SEJ018,0,11.156934886081292,0,83.86022453056799,8602237.95678,2080.450674761905,1,2025-12-30 08:28:35,4d232c,0.3014980214810628,0.2977746435877052,0.2147276812768079,0.24519126643090816,0.0,0.0,0.2537855790343371,24.0,LOW,Routine (3+ months),"High flight hours, Extensive mileage",✅ Continue routine maintenance schedule | 📊 Monitor for changes | 🕐 Review airframe hours for scheduled maintenance,30521.25,3
4d229d,5,2.664722222222222,1724.79052122182,11094.72,176.89816666666667,SEJ447,0,26.56035614378037,0,66.11348789951366,20957900.600244,3956.078117666667,1,2025-12-30 10:18:36,4d229d,0.25053702656868293,0.24167810779291507,0.5138884350214545,0.5147966842617241,0.0,0.0,0.6182729047014026,35.3,LOW,Routine (3+ months),"Frequent altitude changes, Declining fuel efficiency",✅ Continue routine maintenance schedule | 📊 Monitor for changes | 🔧 Check pressurization system | ⛽ Engine performance check needed,45517.25,3
4d21c8,5,3.691111111111111,1343.5838857035471,8996.172,121.34903333333334,SEJ640,0,25.29998863724305,3,62.2702695278709,11507439.114108,9241.876681666667,0,2025-12-30 09:58:35,4d21c8,0.3549745618993782,0.18826333236563803,0.48940994501959834,0.573182206988685,0.0,0.0,0.33968612217662936,34.4,LOW,Routine (3+ months),"Speed instability, Declining fuel efficiency, High flight hours",✅ Continue routine maintenance schedule | 📊 Monitor for changes | 🔧 Inspect throttle control system | ⛽ Engine performance check needed | 🕐 Review airframe hours for scheduled maintenance,45513.44,3
4d20ec,1,1.0002777777777778,1060.8031718310922,12496.8,295.5342857142858,VJT219,0,5.27400928576758,0,99.95695890449514,3.8601761919141294e-24,16.870595238095255,0,2025-12-29 23:58:37,4d20ec,0.08117580553985304,0.14864002332715137,0.1004712166012179,0.0006524034942544388,0.0,0.0,4.976005743167804e-07,7.0,LOW,Routine (3+ months),Normal wear and tear,✅ Continue routine maintenance schedule | 📊 Monitor for changes,18510.61,3
4d2012,1,1.0,664.3591541712933,9753.6,192.73,SVA799,0,8.224750704729525,0,89.3772598646286,6657135.994457144,545.2624333333338,0,2025-12-29 15:51:45,4d2012,0.08114754098360658,0.09309018185076774,0.15777965556642384,0.1613773998395709,0.0,0.0,0.1963692430700981,11.4,LOW,Routine (3+ months),Normal wear and tear,✅ Continue routine maintenance schedule | 📊 Monitor for changes,28506.64,3
4d0116,1,0.9980555555555556,986.70051081234,11277.6,283.312,CLX7337,0,3.5188832195258444,0,99.7356477938778,74322.43200000009,71.99566999999995,0,2025-12-29 06:44:08,4d0116,0.0809496890898813,0.13825673870384225,0.06638367019776474,0.0040145244119774715,0.0,0.0,0.0021942740853013176,6.2,LOW,Routine (3+ months),Normal wear and tear,✅ Continue routine maintenance schedule | 📊 Monitor for changes,23509.87,3
4d0112,1,1.166388888888889,1124.8107632068456,12496.8,285.235,CLX4167,0,4.086125168676079,0,99.87897064760077,0.0,8.741085714285727,0,2025-12-29 03:04:06,4d0112,0.09807801017524027,0.1576087840999761,0.07740047784227083,0.0018371878871840108,0.0,0.0,2.5781954994445494e-07,7.2,LOW,Routine (3+ months),Normal wear and tear,✅ Continue routine maintenance schedule | 📊 Monitor for changes,18511.25,3
680008,3,3.3347222222222217,2694.610693769736,11488.42,214.6715353535354,DRK621,0,10.011738819649816,1,92.83096004537224,632246.594741818,2528.4958561616163,1,2025-12-30 09:08:33,680008,0.3187111362351611,0.37756956899757416,0.19248601738361248,0.10890937151134328,0.0,0.0,0.018722780387160964,21.2,LOW,Routine (3+ months),"High flight hours, Extensive mileage",✅ Continue routine maintenance schedule | 📊 Monitor for changes | 🕐 Review airframe hours for scheduled maintenance,29526.95,3
680002,2,2.6675,1855.1886945783554,11593.83,196.94868055555554,DRK123,0,4.20340149559965,0,99.2984733792178,20613.898864285766,125.77984573412701,0,2025-12-30 09:18:35,680002,0.2508196721311476,0.25994953461762627,0.07967818444860822,0.010656004092422289,0.0,0.0,0.0006117197343427328,13.2,LOW,Routine (3+ months),Normal wear and tear,✅ Continue routine maintenance schedule | 📊 Monitor for changes,29018.55,3
680001,2,0.9986111111111112,564.073644342265,10515.599999999999,195.04533333333336,DRK400,0,11.240210830996359,0,80.36920842106292,10255991.42346,2086.1250316666674,0,2025-12-29 09:14:08,680001,0.08100621820237425,0.07903814946983936,0.21634504238333074,0.29822619203014533,0.0,0.0,0.3025634370024653,15.4,LOW,Routine (3+ months),Normal wear and tear,✅ Continue routine maintenance schedule | 📊 Monitor for changes,29005.64,3
600b21,1,0.3319444444444445,292.69761632276607,10058.4,312.25,AZG633,0,5.415768009148263,0,99.98570698794543,0.0,6.174900000000053,0,2025-12-30 03:58:40,600b21,0.013171283210853596,0.04101286805441881,0.10322441316884712,0.00021566747841195166,0.0,0.0,1.821295421403059e-07,3.2,LOW,Routine (3+ months),Normal wear and tear,✅ Continue routine maintenance schedule | 📊 Monitor for changes,18502.93,3
600854,2,1.166111111111111,560.0975950657404,8983.98,156.39425,AHY057,0,10.277056338502138,0,77.19591105665612,8664493.15485,4631.045260833333,0,2025-12-30 04:58:38,600854,0.0980497456189938,0.07848102438489794,0.19763893682882,0.346434388253402,0.0,0.0,0.2556970349841485,15.7,LOW,Routine (3+ months),Normal wear and tear,✅ Continue routine maintenance schedule | 📊 Monitor for changes,34005.6,3
600853,2,0.8322222222222222,233.85286661127742,5924.55,96.11833333333333,AHY059,0,21.85894695042765,1,60.18627140979267,15960529.3692,6602.383316666666,0,2025-12-30 04:28:41,600853,0.06407574901074053,0.03276752603239405,0.42257903729642554,0.6048419535135725,0.0,0.0,0.47095279200955087,24.5,LOW,Routine (3+ months),"Frequent altitude changes, Speed instability, Declining fuel efficiency",✅ Continue routine maintenance schedule | 📊 Monitor for changes | 🔧 Check pressurization system | 🔧 Inspect throttle control system | ⛽ Engine performance check needed,44002.34,3
60084d,3,2.663611111111111,1461.276974599406,10261.6,179.6259259259259,AHY057,0,10.107415159262155,1,77.24128185431881,7818726.190473333,3318.728339814815,0,2025-12-29 16:31:45,60084d,0.250423968343697,0.20475451936758493,0.1943442153381513,0.3457451227779813,0.0,0.0,0.23071231269564407,21.7,LOW,Routine (3+ months),Normal wear and tear,✅ Continue routine maintenance schedule | 📊 Monitor for changes,34514.61,3
515309,1,0.5022222222222222,363.0116188446809,10370.82,199.5925,SMR110,0,8.769558248529075,0,90.08543659893908,6449653.2297,151.15069166666655,0,2025-12-29 16:11:36,515309,0.030497456189937825,0.05086528483880882,0.16836074873540915,0.15061889880802104,0.0,0.0,0.1902378854224787,9.3,LOW,Routine (3+ months),Normal wear and tear,✅ Continue routine maintenance schedule | 📊 Monitor for changes,28503.63,3
5140cc,2,1.0002777777777776,723.8679952371288,9140.189999999999,219.71333333333334,LOL503,0,2.654356621621952,0,99.93679031643185,9.677400000002033,25.334483333333345,0,2025-12-29 05:24:05,5140cc,0.08117580553985303,0.10142857653046045,0.0495930868374641,0.0009588012689497605,0.0,0.0,1.0326804127953692e-06,5.1,LOW,Routine (3+ months),Normal wear and tear,✅ Continue routine maintenance schedule | 📊 Monitor for changes,19007.24,3
5140c6,2,4.356388888888889,3964.614871634154,11433.810000000001,227.21770833333335,IGT1145,0,16.11773421285498,1,93.37942155382866,64499.51909454527,2330.9939834090915,0,2025-12-29 15:51:45,5140c6,0.42266817410966656,0.5555228930788907,0.3110748784965014,0.10057723714626987,0.0,0.0,0.001971175362821981,29.4,LOW,Routine (3+ months),"High flight hours, Extensive mileage",✅ Continue routine maintenance schedule | 📊 Monitor for changes | 🕐 Review airframe hours for scheduled maintenance,29039.65,3
507cb3,2,3.6680555555555556,3211.994852576271,9906.0,162.6542647058824,MFX5535,0,21.335569469406916,1,87.29894380487542,49183.96235294124,4944.786612132351,0,2025-12-29 09:54:04,507cb3,0.3526286037309215,0.45006557530320684,0.41241415255454544,0.1929508254965313,0.0,0.0,0.0015965350476341846,29.0,LOW,Routine (3+ months),"High flight hours, Extensive mileage",✅ Continue routine maintenance schedule | 📊 Monitor for changes | 🕐 Review airframe hours for scheduled maintenance,29032.12,3
507c6f,1,0.6666666666666666,431.4800785603438,10370.82,97.338,UZB426,0,16.723781574961606,0,67.20050594042476,10081470.1596,7868.400869999999,0,2025-12-29 03:24:06,507c6f,0.04723007348784625,0.06045910367302581,0.3228453535500322,0.4982828902497789,0.0,0.0,0.2975864568684381,19.3,LOW,Routine (3+ months),"Speed instability, Declining fuel efficiency",✅ Continue routine maintenance schedule | 📊 Monitor for changes | 🔧 Inspect throttle control system | ⛽ Engine performance check needed,43504.31,3
507c60,2,1.8322222222222222,909.3887666712502,10206.990000000002,98.16130952380952,UZB421,0,17.711222947556347,0,60.31181252266867,16071501.566610001,7086.449215952381,0,2025-12-30 08:48:37,507c60,0.1658281514980215,0.12742379649764746,0.3420231518041986,0.6029347541847307,0.0,0.0,0.4742402101386201,27.3,LOW,Routine (3+ months),"Frequent altitude changes, Speed instability, Declining fuel efficiency",✅ Continue routine maintenance schedule | 📊 Monitor for changes | 🔧 Check pressurization system | 🔧 Inspect throttle control system | ⛽ Engine performance check needed,44009.09,3
507c56,1,0.9991666666666668,409.5504693860346,10660.38,139.28142857142856,UZB427,0,13.86599878007895,0,58.52618042781869,14529029.006399998,6982.758414285713,0,2025-12-30 03:18:38,507c56,0.08106274731486718,0.05738632098743288,0.2673423298611711,0.6300617746072761,0.0,0.0,0.4287417071161805,22.3,LOW,Routine (3+ months),"Frequent altitude changes, Speed instability, Declining fuel efficiency",✅ Continue routine maintenance schedule | 📊 Monitor for changes | 🔧 Check pressurization system | 🔧 Inspect throttle control system | ⛽ Engine performance check needed,53504.1,3
507c45,1,0.33388888888888885,296.35810616428614,10668.0,248.3733333333333,UZB423,0,5.433071706662054,0,99.08075363993646,648172.8971999992,25.09703333333337,0,2025-12-29 10:24:06,507c45,0.013369135104578855,0.041525776867175436,0.10356048053363516,0.01396356550493838,0.0,0.0,0.019118690813775204,3.6,LOW,Routine (3+ months),Normal wear and tear,✅ Continue routine maintenance schedule | 📊 Monitor for changes,23502.96,3
70203f,3,2.164722222222222,1968.4008657812458,10566.4,228.4218253968254,BBC121,0,22.59000975873792,0,66.42176734917886,15989244.242645716,5344.107995714286,1,2025-12-30 10:18:36,70203f,0.19966082532504242,0.27581285423748364,0.4367775258730762,0.5101133550635996,0.0,0.0,0.47176262822474363,31.6,LOW,Routine (3+ months),"Frequent altitude changes, Speed instability, Declining fuel efficiency",✅ Continue routine maintenance schedule | 📊 Monitor for changes | 🔧 Check pressurization system | 🔧 Inspect throttle control system | ⛽ Engine performance check needed,44519.68,3
70203e,2,2.165833333333333,1506.4719122759304,10058.400000000001,200.04357142857145,BBC339,0,8.66158659928541,0,86.51046488130885,9129244.414285718,569.2942976190477,0,2025-12-30 01:18:37,70203e,0.19977388355002826,0.21108724608720053,0.16626375486434675,0.20492926378962995,0.0,0.0,0.26928513669380183,18.3,LOW,Routine (3+ months),Normal wear and tear,✅ Continue routine maintenance schedule | 📊 Monitor for changes,29015.06,3
702033,3,2.2063888888888887,801.8943011088666,4569.46,107.12561904761905,BBC437,0,20.119783827303163,1,78.45804272190519,3649571.7331000003,6402.665384603174,0,2025-12-29 17:33:04,702033,0.20390050876201246,0.11236164331690972,0.38880151851703365,0.3272602977126351,0.0,0.0,0.10783347799521861,21.1,LOW,Routine (3+ months),Speed instability,✅ Continue routine maintenance schedule | 📊 Monitor for changes | 🔧 Inspect throttle control system,34508.02,3
68332c,3,3.331111111111111,3486.7251280761807,10668.0,271.56583333333333,VSV5242,0,4.423719741808299,0,99.5675368243817,0.0,130.19443055555564,1,2025-12-30 09:58:35,68332c,0.3183436970039571,0.48856085477007805,0.08395714114899283,0.006568437794206239,0.0,0.0,3.840103001878735e-06,19.5,LOW,Routine (3+ months),"High flight hours, Extensive mileage",✅ Continue routine maintenance schedule | 📊 Monitor for changes | 🕐 Review airframe hours for scheduled maintenance,29534.87,3
68332b,2,3.6674999999999995,3118.191646758101,10820.4,229.94209790209788,VSV5318,0,6.5902425807330385,0,99.64878319976714,46106.24660979001,78.92664244755241,0,2025-12-30 08:58:35,68332b,0.3525720746184285,0.4369218450889513,0.12603471564717503,0.005334156616860097,0.0,0.0,0.0013622381671121245,20.2,LOW,Routine (3+ months),"High flight hours, Extensive mileage",✅ Continue routine maintenance schedule | 📊 Monitor for changes | 🕐 Review airframe hours for scheduled maintenance,24031.18,3
68331f,1,0.9991666666666668,1003.9549662443584,12496.8,280.34000000000003,TGI1822,0,6.294197076300492,0,99.21570990766428,38355.68365714284,71.39016666666673,0,2025-12-30 09:38:37,68331f,0.08106274731486718,0.1406744376003166,0.1202850062308668,0.011913332737862992,0.0,0.0,0.0011334119356300669,7.4,LOW,Routine (3+ months),Normal wear and tear,✅ Continue routine maintenance schedule | 📊 Monitor for changes,23510.04,3
6832b5,2,0.9994444444444444,824.6946516090925,11125.2,238.49375,VSV5212,0,6.570593543505041,0,96.65265293439296,2231434.2468,185.36687916666654,0,2025-12-30 07:48:33,6832b5,0.08109101187111363,0.11555643450929544,0.1256530977787066,0.05085086027145025,0.0,0.0,0.06582193371078227,8.3,LOW,Routine (3+ months),Normal wear and tear,✅ Continue routine maintenance schedule | 📊 Monitor for changes,29008.25,3
6832b3,3,5.333333333333333,4317.334569136838,11480.800000000001,187.75246753246753,VSV470,0,17.937949516763286,1,90.69871828578306,2.3712510893186797e-24,3975.253492900433,0,2025-12-30 06:08:34,6832b3,0.5220746184284908,0.6049460711546559,0.34642656908423847,0.14130202726893326,0.0,0.0,0.00011725065969547708,34.2,LOW,Routine (3+ months),"High flight hours, Extensive mileage",✅ Continue routine maintenance schedule | 📊 Monitor for changes | 🕐 Review airframe hours for scheduled maintenance,29543.17,3
683268,2,5.758055555555556,4784.259148982434,10515.6,245.34355263157897,VSV5235,0,15.169151712034301,0,99.26850361962678,56109.22564210534,224.34825877192978,1,2025-12-30 06:58:37,683268,0.5652911249293388,0.6703716677999502,0.29265178591291996,0.011111299605327196,0.0,0.0,0.0016615666685604262,33.6,LOW,Routine (3+ months),"High flight hours, Extensive mileage",✅ Continue routine maintenance schedule | 📊 Monitor for changes | 🕐 Review airframe hours for scheduled maintenance,29047.84,3
68322c,1,1.3330555555555557,782.1961654492679,10668.0,112.95857142857145,VSV5205,0,43.82106199092838,1,68.36238360748635,0.0,13900.374614285718,0,2025-12-29 02:24:07,68322c,0.11503674392312042,0.10960153529527727,0.8491208282027061,0.4806318414733919,0.0,0.0,0.00040999350015037775,29.3,LOW,Routine (3+ months),"Speed instability, Declining fuel efficiency",✅ Continue routine maintenance schedule | 📊 Monitor for changes | 🔧 Inspect throttle control system | ⛽ Engine performance check needed,52507.82,3
6831e4,3,3.3347222222222217,3173.9207860583383,10469.88,240.75249999999997,VSV5315,0,8.244155152799905,0,99.15915671006508,6.451600000001355,342.6607311111111,0,2025-12-30 05:38:33,6831e4,0.3187111362351611,0.4447306269492947,0.1581565230956315,0.0127724793395948,0.0,0.0,1.0297117203647224e-05,20.2,LOW,Routine (3+ months),"High flight hours, Extensive mileage",✅ Continue routine maintenance schedule | 📊 Monitor for changes | 🕐 Review airframe hours for scheduled maintenance,29531.74,3
68000c,5,4.358055555555556,3304.57331927379,11529.060000000001,183.3276587301587,DRK543,0,17.771460973359677,1,91.26200635251645,1220278.9880085713,2705.4525281746037,1,2025-12-30 08:38:36,68000c,0.4228377614471454,0.4630376947452688,0.3431930771670076,0.13274465034110838,0.0,0.0,0.03607209771812884,29.0,LOW,Routine (3+ months),"High flight hours, Extensive mileage",✅ Continue routine maintenance schedule | 📊 Monitor for changes | 🕐 Review airframe hours for scheduled maintenance,30533.05,3
68000a,5,4.164166666666667,2537.880685233642,10852.404,174.5733111111111,BTN701,0,19.94449578134406,0,68.62917525607233,14970073.93076,5238.514124555556,1,2025-12-30 08:18:37,68000a,0.4031091011871114,0.3556085184054488,0.38539712522841013,0.4765787879241027,0.0,0.0,0.44169894233021195,36.5,LOW,Routine (3+ months),"Frequent altitude changes, Speed instability, Declining fuel efficiency, High flight hours, Extensive mileage",✅ Continue routine maintenance schedule | 📊 Monitor for changes | 🔧 Check pressurization system | 🔧 Inspect throttle control system | ⛽ Engine performance check needed | 🕐 Review airframe hours for scheduled maintenance,45525.38,3
680009,4,3.668055555555555,2435.464523793344,11510.01,185.02058730158728,BTN773,0,12.515126642392582,0,79.88166455453097,11469267.28031357,1716.571616765873,0,2025-12-29 15:51:45,680009,0.3526286037309215,0.34125793855255687,0.2411060853177129,0.30563287589433186,0.0,0.0,0.3383382786524311,28.4,LOW,Routine (3+ months),"High flight hours, Extensive mileage",✅ Continue routine maintenance schedule | 📊 Monitor for changes | 🕐 Review airframe hours for scheduled maintenance,35024.35,3
7020ac,2,1.3330555555555557,1153.9975563630678,10058.4,219.5223809523809,UBG325,0,24.330841015457693,0,63.078806309497025,13944208.240559997,7775.417590476191,0,2025-12-30 00:28:37,7020ac,0.11503674392312042,0.1616984453404276,0.4705874426564806,0.5608990531123578,0.0,0.0,0.41151571614244026,28.1,LOW,Routine (3+ months),"Frequent altitude changes, Speed instability, Declining fuel efficiency",✅ Continue routine maintenance schedule | 📊 Monitor for changes | 🔧 Check pressurization system | 🔧 Inspect throttle control system | ⛽ Engine performance check needed,44011.54,3
7020ab,2,1.666388888888889,1021.2429567647417,10668.0,173.148125,UBG321,0,19.838063236915815,0,77.5714702759747,13322275.889957143,2044.433911607143,0,2025-12-30 01:28:36,7020ab,0.14895421141888077,0.1430968354423156,0.38333002340204153,0.34072895618723686,0.0,0.0,0.3930026980059543,23.3,LOW,Routine (3+ months),Frequent altitude changes,✅ Continue routine maintenance schedule | 📊 Monitor for changes | 🔧 Check pressurization system,34010.21,3
7020a6,6,2.8602777777777777,1197.8665684356697,4597.400000000001,122.34277777777778,BBC433,0,15.23423200778611,0,95.01515499378722,2014511.6161300002,865.885516111111,0,2025-12-30 09:28:35,7020a6,0.2704352741661956,0.16784538301082974,0.2939157564299442,0.07572745170638395,0.0,0.0,0.059443842267028896,17.7,LOW,Routine (3+ months),Normal wear and tear,✅ Continue routine maintenance schedule | 📊 Monitor for changes,31011.98,3
7020a4,4,1.6688888888888889,441.628281696135,3238.5,75.28633333333333,BBC395,0,24.333858254759818,3,85.09293406039001,4254653.42616,3194.737296666666,1,2025-12-30 09:18:35,7020a4,0.14920859242509896,0.06188107260268965,0.4706460425979319,0.2264641519894769,0.0,0.0,0.12558582916537897,19.0,LOW,Routine (3+ months),Normal wear and tear,✅ Continue routine maintenance schedule | 📊 Monitor for changes,30004.42,3
7020a2,5,3.888333333333333,1153.5524367106875,3723.132,103.37686666666666,UBG141,0,18.61751442162922,2,85.39049065136592,1707173.365705091,1390.5224117575758,1,2025-12-30 08:48:37,7020a2,0.37504239683436974,0.16163607505603358,0.35962488040462043,0.22194372264485052,0.0,0.0,0.05039433167503601,23.6,LOW,Routine (3+ months),High flight hours,✅ Continue routine maintenance schedule | 📊 Monitor for changes | 🕐 Review airframe hours for scheduled maintenance,30511.54,3
70209f,2,4.256944444444445,3117.770027588571,10972.8,194.0990972222222,BBC305,0,15.759193152927043,1,82.06563142537416,10290018.45150231,1374.5649323471052,1,2025-12-30 05:58:33,70209f,0.4125494629734315,0.43686276769848126,0.30411139863433545,0.27245442100522255,0.0,0.0,0.3035460814052324,32.3,LOW,Routine (3+ months),"High flight hours, Extensive mileage",✅ Continue routine maintenance schedule | 📊 Monitor for changes | 🕐 Review airframe hours for scheduled maintenance,29031.18,3
70209e,3,4.035277777777778,3580.943084464993,11785.6,243.7200396825397,BBC138,0,15.034532743871727,0,78.24771394891303,12773296.57317143,2023.1677117965367,1,2025-12-30 08:08:33,70209e,0.3899943470887508,0.5017626999448956,0.29003725558812526,0.3304555768168038,0.0,0.0,0.37680984875917883,34.3,LOW,Routine (3+ months),"Frequent altitude changes, High flight hours, Extensive mileage",✅ Continue routine maintenance schedule | 📊 Monitor for changes | 🔧 Check pressurization system | 🕐 Review airframe hours for scheduled maintenance,34535.81,3
70209b,1,1.8333333333333333,1757.5651709988656,11887.2,256.6625,BBC356,0,23.12301042343907,1,65.99610053851565,11421179.855541816,8267.198020454543,0,2025-12-29 06:34:06,70209b,0.16594120972300738,0.24627050045986965,0.44712930928084965,0.5165800131727163,0.0,0.0,0.33711314495492184,29.1,LOW,Routine (3+ months),"Speed instability, Declining fuel efficiency",✅ Continue routine maintenance schedule | 📊 Monitor for changes | 🔧 Inspect throttle control system | ⛽ Engine performance check needed,43517.58,3
70209a,2,2.334166666666667,2485.530357784164,12192.0,292.39583333333337,BBC148,0,14.503299193454442,0,92.45393085369537,4527958.686000001,675.7015427777777,0,2025-12-30 07:48:33,70209a,0.21690220463538729,0.3482731765626801,0.2797197925584204,0.1146371351486638,0.0,0.0,0.1335727068493423,21.0,LOW,Routine (3+ months),Extensive mileage,✅ Continue routine maintenance schedule | 📊 Monitor for changes,29024.86,3
702099,3,1.0013888888888889,417.81660715990034,2740.66,118.3,UBG161,0,18.38467559036425,0,98.45116970866367,448237.8131999999,361.42606666666643,1,2025-12-30 10:08:34,702099,0.0812888637648389,0.058544574416683086,0.3551027525541317,0.023528097980917595,0.0,0.0,0.01323149752257151,10.8,LOW,Routine (3+ months),Normal wear and tear,✅ Continue routine maintenance schedule | 📊 Monitor for changes,29504.18,3
702097,6,3.0591666666666666,1232.7903725009662,3698.24,111.1857777777778,UBG111,0,16.120345562346845,1,94.0618912984545,1907335.7014499998,1214.0397377777774,1,2025-12-30 09:38:37,702097,0.29067269643866595,0.17273891574978076,0.31112559536447554,0.09020927234902554,0.0,0.0,0.05629294247915372,18.9,LOW,Routine (3+ months),High flight hours,✅ Continue routine maintenance schedule | 📊 Monitor for changes | 🕐 Review airframe hours for scheduled maintenance,31012.33,3
702087,2,1.8341666666666667,1753.6890230723102,12192.0,262.342380952381,BBC126,0,25.638447076407214,0,69.30475146834166,17685276.24228,3222.4006471428575,0,2025-12-30 08:08:33,702087,0.1660260033917468,0.24572737357872715,0.4959833860803613,0.4663155485031314,0.0,0.0,0.5217247500341244,31.2,LOW,Routine (3+ months),"Frequent altitude changes, Declining fuel efficiency",✅ Continue routine maintenance schedule | 📊 Monitor for changes | 🔧 Check pressurization system | ⛽ Engine performance check needed,44017.54,3
702086,2,1.5,1072.5866861936602,8378.189999999999,189.44482142857143,BBC148,0,19.38775169919802,0,76.26275688432773,10534778.930399997,4047.495941071428,0,2025-12-29 10:04:07,702086,0.13202374222724705,0.15029113250200857,0.3745842040941244,0.36061070842772225,0.0,0.0,0.3108441645574242,22.3,LOW,Routine (3+ months),Normal wear and tear,✅ Continue routine maintenance schedule | 📊 Monitor for changes,34010.73,3
702067,3,2.256944444444444,1859.681868401583,10365.74,237.57566666666665,BBC127,0,6.12773469259821,0,93.0632151174296,4082649.553578572,688.4326280952378,1,2025-12-30 08:18:37,702067,0.20904465799886943,0.26057911933195615,0.11705202237972308,0.1053809917845725,0.0,0.0,0.12043862699508213,15.6,LOW,Routine (3+ months),Normal wear and tear,✅ Continue routine maintenance schedule | 📊 Monitor for changes,29518.6,3
702066,3,2.021666666666667,1051.261647243561,10871.199999999999,179.72277777777776,BBC366,0,25.397725022683613,0,66.2349750953716,17993592.399839997,4841.7905855555555,0,2025-12-30 06:58:37,702066,0.185104578858112,0.147303062357456,0.491308152583198,0.5129510713537678,0.0,0.0,0.5308663425066973,30.4,LOW,Routine (3+ months),"Frequent altitude changes, Declining fuel efficiency",✅ Continue routine maintenance schedule | 📊 Monitor for changes | 🔧 Check pressurization system | ⛽ Engine performance check needed,44510.51,3
70204b,3,3.1672222222222217,2826.5783956695473,8732.52,214.14232323232326,BBC235,0,26.212228752391326,1,76.88322467124203,8201304.18386909,6341.206244357864,1,2025-12-30 08:58:35,70204b,0.30166760881854154,0.39606091858032394,0.5071272063914806,0.3511846668731936,0.0,0.0,0.24208565271524105,33.3,LOW,Routine (3+ months),"Speed instability, High flight hours, Extensive mileage",✅ Continue routine maintenance schedule | 📊 Monitor for changes | 🔧 Inspect throttle control system | 🕐 Review airframe hours for scheduled maintenance,34528.27,3
704020,1,2.6663888888888887,1713.546557225248,10980.42,177.34470588235294,MMA620,0,18.3025883019806,0,80.37254961996449,9713204.202585,2913.705088970588,0,2025-12-29 07:14:05,704020,0.25070661390616167,0.24010260055922608,0.3535084771879735,0.2981754331022004,0.0,0.0,0.2865782613331183,25.5,LOW,Routine (3+ months),Normal wear and tear,✅ Continue routine maintenance schedule | 📊 Monitor for changes,28517.14,3
70401f,1,0.33249999999999996,0.0,5463.54,209.28,MMA363,0,33.11974923367632,1,46.63539984192578,10209144.0978,0.0,0,2025-12-29 17:43:10,70401f,0.013227812323346522,0.0,0.6412830539214524,0.8107044997934081,0.0,0.0,0.3011201380065595,28.3,LOW,Routine (3+ months),Declining fuel efficiency,✅ Continue routine maintenance schedule | 📊 Monitor for changes | ⛽ Engine performance check needed,62500.0,3
704018,1,0.5002777777777777,2.0327217682988308,3901.44,51.510000000000005,MMA376,0,23.855334883066803,1,68.21302144893762,2227611.6738,3017.847666666667,0,2025-12-29 04:54:04,704018,0.03029960429621255,0.0002848255162510542,0.4613523012813034,0.48290092609445834,0.0,0.0,0.06579273080201627,17.9,LOW,Routine (3+ months),Declining fuel efficiency,✅ Continue routine maintenance schedule | 📊 Monitor for changes | ⛽ Engine performance check needed,43500.02,3
704011,1,0.4997222222222222,362.3777801668416,10972.8,206.765,MMA630,0,1.0639378832421016,0,98.84900270919536,0.0,28.930700000000005,0,2025-12-30 06:58:37,704011,0.030243075183719617,0.050776471194240745,0.0187044381026571,0.017484286402199012,0.0,0.0,8.533150568913673e-07,2.4,LOW,Routine (3+ months),Normal wear and tear,✅ Continue routine maintenance schedule | 📊 Monitor for changes,18503.62,3
704010,1,0.3330555555555555,102.16409916253856,5387.34,93.69666666666666,MMA236,0,20.897972262317825,0,75.44738194688406,5544250.2018,7263.349433333332,0,2025-12-29 04:44:07,704010,0.013284341435839453,0.014315260819313516,0.4039152672667143,0.3729977464093195,0.0,0.0,0.1637426713423411,15.9,LOW,Routine (3+ months),Speed instability,✅ Continue routine maintenance schedule | 📊 Monitor for changes | 🔧 Inspect throttle control system,33501.02,3
70400c,2,0.6680555555555555,231.38644436709563,7844.79,166.19,MMA332,0,17.102298064425433,0,74.11725872368316,15235479.2064,2585.5670499999997,0,2025-12-30 04:48:37,70400c,0.04737139626907858,0.032421930289805,0.330196790376846,0.39320475318542925,0.0,0.0,0.449448859138245,18.8,LOW,Routine (3+ months),Frequent altitude changes,✅ Continue routine maintenance schedule | 📊 Monitor for changes | 🔧 Check pressurization system,34002.31,3
704009,4,2.0,506.0763919870617,6111.24,111.06500000000001,MMA336,0,21.876431314224313,2,69.89741435981747,9807655.384649998,6232.373891666667,1,2025-12-30 09:48:34,704009,0.18289994347088753,0.07091155900338406,0.42291861350905047,0.45731191421188067,0.0,0.0,0.28946199680635004,24.2,LOW,Routine (3+ months),"Speed instability, Declining fuel efficiency",✅ Continue routine maintenance schedule | 📊 Monitor for changes | 🔧 Inspect throttle control system | ⛽ Engine performance check needed,45005.06,3
702702,7,3.329722222222222,1231.859278821043,3320.1428571428573,100.72166666666668,UBG155,0,19.197533157728447,2,92.93004816773474,1671277.3026,1585.1344061904765,1,2025-12-30 09:48:34,702702,0.31820237422272474,0.1726084506550501,0.3708898350776436,0.10740404153507788,0.0,0.0,0.049341312363868434,20.9,LOW,Routine (3+ months),High flight hours,✅ Continue routine maintenance schedule | 📊 Monitor for changes | 🕐 Review airframe hours for scheduled maintenance,31512.32,3
7020c2,3,2.3344444444444443,1923.6551268176468,10769.6,222.35950000000003,UBG382,0,19.631072689574097,0,72.15883998027596,12016593.432202855,5086.339425476191,0,2025-12-30 07:08:35,7020c2,0.21693046919163372,0.2695430693613134,0.3793099133807166,0.42295671911476385,0.0,0.0,0.3545811320934795,28.3,LOW,Routine (3+ months),Normal wear and tear,✅ Continue routine maintenance schedule | 📊 Monitor for changes,34519.24,3
7020bd,2,2.1683333333333334,1407.3122675720801,11125.2,176.78375,UBG361,0,25.309439522299197,1,65.27723883595303,13919323.532265,8183.40826547619,0,2025-12-30 00:48:35,7020bd,0.2000282645562465,0.1971929702278527,0.4895934973518789,0.5275008384326589,0.0,0.0,0.4107937719209585,30.8,LOW,Routine (3+ months),"Frequent altitude changes, Speed instability, Declining fuel efficiency",✅ Continue routine maintenance schedule | 📊 Monitor for changes | 🔧 Check pressurization system | 🔧 Inspect throttle control system | ⛽ Engine performance check needed,44014.07,3
7020bc,7,4.064444444444444,1529.2309075461458,5036.82,106.74766666666666,AWA441,0,15.468337099297996,0,91.7971718119926,3087751.2899228567,1513.699948095238,1,2025-12-30 08:58:35,7020bc,0.3929621254946297,0.21427624257372874,0.2984624772175192,0.12461450730071344,0.0,0.0,0.0911183044511277,22.9,LOW,Routine (3+ months),High flight hours,✅ Continue routine maintenance schedule | 📊 Monitor for changes | 🕐 Review airframe hours for scheduled maintenance,31515.29,3
7020b8,5,2.831111111111111,1083.0858257677573,4572.0,111.2087,UBG143,0,14.929747267314104,0,92.84201984797014,2679232.125396,1325.2408776666668,1,2025-12-30 08:38:36,7020b8,0.2674674957603166,0.15176227473899398,0.28800214263341056,0.10874135286304065,0.0,0.0,0.0790634157314682,17.9,LOW,Routine (3+ months),Normal wear and tear,✅ Continue routine maintenance schedule | 📊 Monitor for changes,30510.83,3
7020b5,9,3.5180555555555553,1349.5299257699992,3400.2133333333336,112.52796296296295,UBG101,0,17.165488761354467,0,94.6782382523115,1757858.3122333335,1091.1912462962964,1,2025-12-30 09:48:34,7020b5,0.3373657433578293,0.18909649308541226,0.3314240616568216,0.08084583379251975,0.0,0.0,0.05188046247172596,20.6,LOW,Routine (3+ months),High flight hours,✅ Continue routine maintenance schedule | 📊 Monitor for changes | 🕐 Review airframe hours for scheduled maintenance,32513.5,3
7020b4,4,2.828611111111111,2081.762304547087,10820.400000000001,157.75041666666664,UBG307,0,30.13135732154225,1,66.48652810706437,12059013.462569997,9735.468944166667,1,2025-12-30 09:48:34,7020b4,0.26721311475409837,0.29169708926806764,0.5832433780623257,0.5091295205957904,0.0,0.0,0.355969443570416,35.4,LOW,Routine (3+ months),"Speed instability, Declining fuel efficiency",✅ Continue routine maintenance schedule | 📊 Monitor for changes | 🔧 Inspect throttle control system | ⛽ Engine performance check needed,54020.82,3
7020b2,1,1.3344444444444443,928.7495120846504,10363.2,193.73222222222225,UBG341,0,10.758858540618789,0,94.18715560951938,4264275.342400001,99.81814444444446,0,2025-12-30 02:08:35,7020b2,0.11517806670435274,0.13013662930800887,0.2069963586333431,0.08830627814642711,0.0,0.0,0.12577834386053974,12.2,LOW,Routine (3+ months),Normal wear and tear,✅ Continue routine maintenance schedule | 📊 Monitor for changes,28509.29,3
7020ae,7,4.5377777777777775,1454.1730670170393,3965.6657142857143,103.38475170068027,AWA411,0,16.469666310933803,1,89.94723329106235,2701765.1494542854,1599.299067517007,1,2025-12-30 09:18:35,7020ae,0.4411249293386095,0.20375911794270585,0.3179100010297874,0.1527184600592152,0.0,0.0,0.07973611382332543,24.5,LOW,Routine (3+ months),High flight hours,✅ Continue routine maintenance schedule | 📊 Monitor for changes | 🕐 Review airframe hours for scheduled maintenance,31514.54,3
706068,5,3.5041666666666673,2561.804793382782,10242.804,206.90766666666667,KAC344,0,13.5643951890823,0,83.10890504907914,7564882.418592,2743.1505246666666,0,2025-12-30 04:28:41,706068,0.33595251554550604,0.358960770819279,0.2614846729091773,0.25660518477219807,0.0,0.0,0.2232081782688754,26.9,LOW,Routine (3+ months),"High flight hours, Extensive mileage",✅ Continue routine maintenance schedule | 📊 Monitor for changes | 🕐 Review airframe hours for scheduled maintenance,30525.62,3
706060,2,0.6675,379.02321245981824,9052.560000000001,186.48166666666665,KAC333,0,10.855559977635465,0,75.47223642743144,13207347.778800001,3108.7212333333327,0,2025-12-30 04:18:35,706060,0.04731486715658565,0.05310883360606102,0.20887446573059848,0.3726201613494715,0.0,0.0,0.38964426854126843,15.9,LOW,Routine (3+ months),Frequent altitude changes,✅ Continue routine maintenance schedule | 📊 Monitor for changes | 🔧 Check pressurization system,34003.79,3
70605f,2,1.5888888888888886,1212.5835932069153,8839.2,217.95,KAC284,0,8.646369182154505,0,93.3924888904,4077519.264299999,428.9497766666666,1,2025-12-30 01:38:40,70605f,0.14106840022611644,0.1699075364464461,0.1659682066284863,0.10037872038177997,0.0,0.0,0.12027965490965925,13.0,LOW,Routine (3+ months),Normal wear and tear,✅ Continue routine maintenance schedule | 📊 Monitor for changes,29012.13,3
70605e,3,2.167777777777778,2021.426794732053,10769.6,273.9227777777778,KAC285,0,5.97276776049116,0,99.53178059467014,249956.64294285738,17.204081111111076,0,2025-12-30 09:38:37,70605e,0.19997173544375357,0.28324286154278494,0.11404229983568316,0.007111640381355255,0.0,0.0,0.0073730137015216215,13.1,LOW,Routine (3+ months),Normal wear and tear,✅ Continue routine maintenance schedule | 📊 Monitor for changes,19520.21,3
70605d,1,0.4233333333333333,193.0369193815519,8770.62,145.0775,KAC301,0,17.327010367750674,1,52.86622355217918,15161364.838500002,9330.272358333334,0,2025-12-29 00:28:46,70605d,0.022470322215941207,0.02704838462195322,0.33456108717259025,0.7160468810572687,0.0,0.0,0.4474617814848471,23.0,LOW,Routine (3+ months),"Frequent altitude changes, Speed instability, Declining fuel efficiency",✅ Continue routine maintenance schedule | 📊 Monitor for changes | 🔧 Check pressurization system | 🔧 Inspect throttle control system | ⛽ Engine performance check needed,53501.93,3
70605c,1,0.33249999999999996,270.3748934023334,10972.8,227.28333333333333,KAC414,0,1.6393938252387388,0,99.89399110097057,4.963083675318166e-24,2.3980333333333435,0,2025-12-30 05:08:39,70605c,0.013227812323346522,0.03788500216588528,0.029880775519807334,0.0016089997030145353,0.0,0.0,7.073032972796153e-08,1.7,LOW,Routine (3+ months),Normal wear and tear,✅ Continue routine maintenance schedule | 📊 Monitor for changes,18502.7,3
70605b,1,2.0911111111111116,1689.1030212279734,9753.6,224.6678571428572,KAC418,0,6.211654795354213,0,99.4902401441335,44990.65798021996,35.11712582417588,0,2025-12-28 23:48:41,70605b,0.19217071791972873,0.23667756577679663,0.11868189413190057,0.007742715871832506,0.0,0.0,0.0013280415560699172,12.0,LOW,Routine (3+ months),Normal wear and tear,✅ Continue routine maintenance schedule | 📊 Monitor for changes,18516.89,3
70605a,1,1.8338888888888887,1984.5164910000085,10668.0,310.33000000000004,KAC417,0,10.465245997109475,0,99.46116399087568,193548.0,60.170527272727234,0,2025-12-30 08:08:33,70605a,0.16599773883550029,0.2780709799407785,0.20129390147427362,0.008184435868638484,0.0,0.0,0.005710500162391966,13.9,LOW,Routine (3+ months),Normal wear and tear,✅ Continue routine maintenance schedule | 📊 Monitor for changes,23519.85,3
706059,2,1.3319444444444444,1312.6047481736286,10515.6,259.6638095238095,KAC417,0,2.370127963859079,0,99.92554176057587,0.0,8.731247619047613,0,2025-12-30 01:48:39,706059,0.11492368569813455,0.18392252735356995,0.044072880769629015,0.0011296874247875843,0.0,0.0,2.5752937394464106e-07,7.4,LOW,Routine (3+ months),Normal wear and tear,✅ Continue routine maintenance schedule | 📊 Monitor for changes,19013.13,3
706058,1,1.1672222222222222,1130.1274666189436,11277.6,270.37833333333333,KAC411,0,1.503568077548465,0,99.7767458335623,0.0,97.0682566666666,0,2025-12-29 06:24:05,706058,0.09816280384397966,0.15835376199991363,0.027242807475101515,0.0033901699522522755,0.0,0.0,2.8630418538045204e-06,6.2,LOW,Routine (3+ months),Normal wear and tear,✅ Continue routine maintenance schedule | 📊 Monitor for changes,23511.3,3
704946,3,1.3352777777777776,844.4374946521777,9603.74,178.46555555555554,MMA100,0,18.68599303872718,0,76.01163060978872,8943146.629800001,5808.634827777777,0,2025-12-30 05:58:33,704946,0.11526286037309215,0.11832280694142439,0.360954852127375,0.36442577626711925,0.0,0.0,0.2639506915060525,20.6,LOW,Routine (3+ months),Speed instability,✅ Continue routine maintenance schedule | 📊 Monitor for changes | 🔧 Inspect throttle control system,34508.44,3
70472a,2,1.3319444444444444,247.71441785610256,4503.42,75.635,KBZ311,0,20.172354970811448,1,87.4231693344725,3084390.6054000002,2147.4007383333333,0,2025-12-30 04:48:37,70472a,0.11492368569813455,0.03470981028935457,0.38982253992870836,0.19106361228609414,0.0,0.0,0.091037871683205,15.1,LOW,Routine (3+ months),Normal wear and tear,✅ Continue routine maintenance schedule | 📊 Monitor for changes,29002.48,3
704458,2,0.8336111111111111,217.52003430959059,7162.8,130.56166666666667,MMA3307,0,40.27838867884955,2,56.762832080357214,8615973.0906,12248.586816666668,1,2025-12-30 07:48:33,704458,0.06421707179197288,0.03047896521471605,0.7803160607045236,0.6568502641128187,0.0,0.0,0.25449060933666073,30.2,LOW,Routine (3+ months),"Speed instability, Declining fuel efficiency",✅ Continue routine maintenance schedule | 📊 Monitor for changes | 🔧 Inspect throttle control system | ⛽ Engine performance check needed,63002.18,3
7041c1,2,0.5363888888888888,267.6930301998259,6496.049999999999,149.30666666666667,UBA016,0,16.24838167793775,0,82.35028543618279,9351252.2652,2287.8767666666668,0,2025-12-30 09:18:35,7041c1,0.033973996608253246,0.037509218778762815,0.3136122754471596,0.26813000547369414,0.0,0.0,0.27588397924619773,14.7,LOW,Routine (3+ months),Normal wear and tear,✅ Continue routine maintenance schedule | 📊 Monitor for changes,29002.68,3
70412b,1,0.3344444444444444,0.0,4991.1,112.91666666666669,UBA301,0,24.61312885614518,1,57.83376148348148,1189236.3312000006,265.3520333333332,0,2025-12-29 05:24:05,70412b,0.013425664217071786,0.0,0.47606995474130764,0.64058088596183,0.0,0.0,0.035084519092197196,19.8,LOW,Routine (3+ months),Declining fuel efficiency,✅ Continue routine maintenance schedule | 📊 Monitor for changes | ⛽ Engine performance check needed,53500.0,3
704129,1,0.3330555555555555,154.0186127848863,4556.76,74.17666666666666,UBA1405,0,20.99531677442099,0,92.45214479241402,1184629.8888000003,2555.1489333333334,0,2025-12-29 05:04:06,704129,0.013284341435839453,0.021581129096403397,0.40580586398068336,0.11466426868921498,0.0,0.0,0.03501618930803608,10.9,LOW,Routine (3+ months),Normal wear and tear,✅ Continue routine maintenance schedule | 📊 Monitor for changes,28501.54,3
70620a,1,0.5924999999999999,242.7556611610485,9471.66,108.746,JZR401,0,40.23490531470173,1,42.548026658056,17550022.9644,12577.05193,0,2025-12-29 00:18:37,70620a,0.03968343697003957,0.03401498797886485,0.7794715394922433,0.8727991810848054,0.0,0.0,0.5180113523729104,35.5,LOW,Routine (3+ months),"Frequent altitude changes, Speed instability, Declining fuel efficiency",✅ Continue routine maintenance schedule | 📊 Monitor for changes | 🔧 Check pressurization system | 🔧 Inspect throttle control system | ⛽ Engine performance check needed,62502.43,3
706132,1,1.3327777777777778,390.11747125205727,10066.02,206.39222222222224,JZR501,0,9.24100608806872,1,88.3100859983166,6.4516000000013545,934.175994444444,0,2025-12-29 02:54:07,706132,0.11500847936687396,0.054663364106596175,0.17751707113082962,0.17758972451123545,0.0,0.0,2.774394291416909e-05,10.2,LOW,Routine (3+ months),Normal wear and tear,✅ Continue routine maintenance schedule | 📊 Monitor for changes,28503.9,3
706130,4,4.928333333333333,3751.8339591359563,9906.0,227.9069147727273,JZR1539,0,10.199773423219069,0,91.05034618719326,3526849.353911818,1786.1583251397908,1,2025-12-30 07:18:12,706130,0.48086489542114197,0.5257079748761945,0.19613797059535348,0.1359601557321245,0.0,0.0,0.10407759967347413,29.5,LOW,Routine (3+ months),"High flight hours, Extensive mileage",✅ Continue routine maintenance schedule | 📊 Monitor for changes | 🕐 Review airframe hours for scheduled maintenance,30037.52,3
70612f,2,1.3333333333333333,1004.8030855531263,10519.41,215.55666666666667,JZR427,0,8.459847289555071,0,86.87332637872859,6338501.51652,2083.1724233333334,0,2025-12-29 02:04:07,70612f,0.1150650084793669,0.14079327630403377,0.16234563284787026,0.19941673336443744,0.0,0.0,0.1870164352943486,13.8,LOW,Routine (3+ months),Normal wear and tear,✅ Continue routine maintenance schedule | 📊 Monitor for changes,29010.05,3
70612e,2,3.332777777777778,2638.9412374797735,10828.02,210.75495192307693,JZR533,0,19.644242976973427,1,74.34218521209857,10573536.901689937,5090.501979784799,0,2025-12-30 07:28:36,70612e,0.3185132843414359,0.3697691499365465,0.3795657028601771,0.38978770806039265,0.0,0.0,0.3120180999697555,31.9,LOW,Routine (3+ months),"High flight hours, Extensive mileage",✅ Continue routine maintenance schedule | 📊 Monitor for changes | 🕐 Review airframe hours for scheduled maintenance,34026.39,3
70612d,3,2.1661111111111113,1652.950997307054,10474.96,217.18383333333335,JZR532,0,6.070882842463537,0,96.37709947774535,2163153.461702857,244.47980722222238,0,2025-12-30 00:58:38,70612d,0.19980214810627478,0.2316119345441396,0.11594786233283963,0.05503702172516822,0.0,0.0,0.0638097259153197,13.4,LOW,Routine (3+ months),Normal wear and tear,✅ Continue routine maintenance schedule | 📊 Monitor for changes,29516.53,3
706076,2,1.0002777777777776,473.80562270882785,8355.33,174.4013333333333,KAC303,0,22.860345859449865,0,69.47264754410425,9517372.094249997,6468.764281666664,0,2025-12-30 06:48:37,706076,0.08117580553985303,0.06638977020629554,0.44202791475099845,0.46376489975011403,0.0,0.0,0.2809070227827973,22.0,LOW,Routine (3+ months),"Speed instability, Declining fuel efficiency",✅ Continue routine maintenance schedule | 📊 Monitor for changes | 🔧 Inspect throttle control system | ⛽ Engine performance check needed,44004.74,3
706073,2,1.8327777777777778,1531.8345074108147,11430.0,229.2479166666667,KAC353,0,12.095057004263984,0,74.78818518335787,13560921.749070004,3198.2138458333334,0,2025-12-29 05:34:08,706073,0.16588468061051445,0.21464105968108235,0.2329476153605935,0.38301215201852945,0.0,0.0,0.4000756220152591,22.8,LOW,Routine (3+ months),Frequent altitude changes,✅ Continue routine maintenance schedule | 📊 Monitor for changes | 🔧 Check pressurization system,34015.32,3
706072,5,3.757777777777777,1570.8993316190413,11125.2,126.42038095238095,KAC382,0,26.3780243174188,2,64.30817114611126,14136870.758459998,5436.03882952381,1,2025-12-30 03:48:37,706072,0.36175805539853023,0.22011483326676923,0.5103472394848654,0.5422227506837798,0.0,0.0,0.41712932384298607,36.0,LOW,Routine (3+ months),"Frequent altitude changes, Speed instability, Declining fuel efficiency, High flight hours",✅ Continue routine maintenance schedule | 📊 Monitor for changes | 🔧 Check pressurization system | 🔧 Inspect throttle control system | ⛽ Engine performance check needed | 🕐 Review airframe hours for scheduled maintenance,45515.71,3
706071,2,1.1666666666666667,443.1487110314781,8740.14,133.93333333333334,KAC303,0,39.234355821639575,1,59.37654299256733,6663804.414299997,14175.113566666667,0,2025-12-29 09:14:08,706071,0.09810627473148674,0.06209411556661913,0.7600391591466311,0.6171432105161425,0.0,0.0,0.1969679434213803,30.1,LOW,Routine (3+ months),"Speed instability, Declining fuel efficiency",✅ Continue routine maintenance schedule | 📊 Monitor for changes | 🔧 Inspect throttle control system | ⛽ Engine performance check needed,63004.43,3
706070,2,1.1683333333333332,523.4571051991503,9890.76,157.97833333333332,KAC301,0,14.464291667628377,0,61.02706235449433,16885709.13174,5925.277463333335,0,2025-12-30 02:58:37,706070,0.09827586206896552,0.07334694917367168,0.278962199772207,0.5920687998534231,0.0,0.0,0.4982211276214373,23.4,LOW,Routine (3+ months),"Frequent altitude changes, Speed instability, Declining fuel efficiency",✅ Continue routine maintenance schedule | 📊 Monitor for changes | 🔧 Check pressurization system | 🔧 Inspect throttle control system | ⛽ Engine performance check needed,44005.23,3
70606f,2,2.9991666666666665,2409.5780331324127,9616.44,221.8385,KAC1391,0,13.669683939293126,0,84.15151546815974,6798557.04802,2795.1867583333337,0,2025-12-29 07:14:05,70606f,0.2845675522894291,0.3376307165778552,0.26352956029795527,0.24076602383152612,0.0,0.0,0.20060683872696133,24.8,LOW,Routine (3+ months),Extensive mileage,✅ Continue routine maintenance schedule | 📊 Monitor for changes,29024.1,3
70606e,4,2.500555555555555,1668.8906066228608,10519.41,202.11087500000002,KAC373,0,12.158505749935786,0,82.9793027809376,6923871.716745,3337.9326779166668,1,2025-12-30 07:58:34,70606e,0.23383267382702091,0.2338453968521732,0.23417989838796582,0.25857408048415553,0.0,0.0,0.20431902083585063,21.1,LOW,Routine (3+ months),Normal wear and tear,✅ Continue routine maintenance schedule | 📊 Monitor for changes,30016.69,3
70606c,3,2.837222222222222,2202.9330172792643,9857.74,236.2438888888889,KAC341,0,5.8231106328269435,0,99.1883319101584,391419.0021066665,17.583604074074092,0,2025-12-29 23:38:34,70606c,0.2680893159977389,0.30867556184935646,0.11113570276440539,0.012329254640035536,0.0,0.0,0.011545477033225022,15.4,LOW,Routine (3+ months),Extensive mileage,✅ Continue routine maintenance schedule | 📊 Monitor for changes,19522.03,3
70606a,4,2.333055555555555,1864.3006041120611,10675.619999999999,235.27525,KAC361,0,4.343308169590616,0,99.288080642626,431410.9920149997,40.29039583333332,0,2025-12-30 04:08:35,70606a,0.21678914641040137,0.2612262978114118,0.08239541105332265,0.010813888786915027,0.0,0.0,0.012725716128412145,12.6,LOW,Routine (3+ months),Normal wear and tear,✅ Continue routine maintenance schedule | 📊 Monitor for changes,20018.64,3
706069,3,2.0019444444444443,1528.9260163399151,9182.1,199.74930555555557,KAC332,0,14.287487515976721,0,70.89112540030278,15058165.275314284,3950.512826388889,0,2025-12-30 03:38:37,706069,0.1830977953646128,0.2142335211366047,0.275528361121144,0.4422156243506601,0.0,0.0,0.4442592191223032,25.4,LOW,Routine (3+ months),Frequent altitude changes,✅ Continue routine maintenance schedule | 📊 Monitor for changes | 🔧 Check pressurization system,34515.29,3
06a1e8,1,0.9994444444444445,783.2734923339568,9144.0,218.36714285714285,QTR8313,0,3.268410440311084,0,99.98941541222688,0.0,2.530823809523806,0,2025-12-29 05:04:06,06a1e8,0.08109101187111364,0.10975249062565653,0.06151906095487001,0.00015932972467858075,0.0,0.0,7.464700346019394e-08,5.5,LOW,Routine (3+ months),Normal wear and tear,✅ Continue routine maintenance schedule | 📊 Monitor for changes,18507.83,3
06a1e7,1,1.4994444444444446,1454.4039787018894,11285.22,270.83124999999995,QTR8974,0,2.50927754691424,0,99.79574609431552,7.258049999998059,86.63044107142866,0,2025-12-29 02:14:08,06a1e7,0.13196721311475415,0.20379147334956552,0.04677540337506827,0.003101521208217717,0.0,0.0,2.769254221296378e-06,8.4,LOW,Routine (3+ months),Normal wear and tear,✅ Continue routine maintenance schedule | 📊 Monitor for changes,23514.54,3
06a1e6,2,2.000277777777778,1532.9450206461925,9144.0,220.81,QTR8467,0,2.9395334210930972,0,99.98241219859972,0.0,7.098447619047633,1,2025-12-30 05:28:36,06a1e6,0.182928208027134,0.21479666509177012,0.05513170743693848,0.00026572136024294313,0.0,0.0,2.0936970878298903e-07,10.0,LOW,Routine (3+ months),Normal wear and tear,✅ Continue routine maintenance schedule | 📊 Monitor for changes,19015.33,3
06a1c0,1,0.6672222222222222,625.0459423001408,10058.4,255.396,VOZ008,0,0.4682200423739687,0,99.98053066445686,0.0,8.152879999999968,0,2025-12-30 07:48:33,06a1c0,0.04728660260033918,0.08758160411951281,0.00713457999699977,0.0002943053083396263,0.0,0.0,2.404703398475827e-07,3.1,LOW,Routine (3+ months),Normal wear and tear,✅ Continue routine maintenance schedule | 📊 Monitor for changes,18506.25,3
06a1bf,1,0.6675,595.0610125576615,10058.4,262.46200000000005,VOZ022,0,0.851155307558173,0,99.9860415098116,0.0,4.927520000000002,0,2025-12-29 01:34:05,06a1bf,0.04731486715658565,0.08338010776775154,0.014571836996684349,0.0002105854788660988,0.0,0.0,1.4533789397191743e-07,3.1,LOW,Routine (3+ months),Normal wear and tear,✅ Continue routine maintenance schedule | 📊 Monitor for changes,18505.95,3
06a1be,1,0.33277777777777773,345.8076101249537,9448.8,283.4066666666667,VOZ016,0,3.4979022758637828,0,99.94805174825434,0.0,22.61583333333334,0,2025-12-30 06:48:37,06a1be,0.013256076879592987,0.04845465454911362,0.0659761844311154,0.0007877195036092299,0.0,0.0,6.670571782735647e-07,2.6,LOW,Routine (3+ months),Normal wear and tear,✅ Continue routine maintenance schedule | 📊 Monitor for changes,18503.46,3
06a19d,2,1.8327777777777778,1333.8469767878546,9906.0,204.86916666666667,QTR2L,0,21.978247051922835,0,73.25049502584292,8628293.526788572,7761.035251666667,1,2025-12-30 08:48:37,06a19d,0.16588468061051445,0.18689899409177646,0.42489604906206,0.40637248051327424,0.0,0.0,0.25472164136796954,25.0,LOW,Routine (3+ months),Speed instability,✅ Continue routine maintenance schedule | 📊 Monitor for changes | 🔧 Inspect throttle control system,34013.34,3
06a159,1,1.333611111111111,361.0021924740508,10256.52,101.73125,QTR3168,0,23.873479936575546,1,51.10683332550895,16580103.61392,10517.806069642857,0,2025-12-29 01:04:06,06a159,0.11509327303561337,0.05058372347989141,0.4617047092167612,0.7427752394619822,0.0,0.0,0.48934270725774337,29.2,LOW,Routine (3+ months),"Frequent altitude changes, Speed instability, Declining fuel efficiency",✅ Continue routine maintenance schedule | 📊 Monitor for changes | 🔧 Check pressurization system | 🔧 Inspect throttle control system | ⛽ Engine performance check needed,53503.61,3
06a158,4,5.590833333333334,4609.404893826656,10365.105,236.51614583333333,IGO1321,0,8.38835099888837,0,97.88740441988881,1360093.1265824998,139.90723931547623,1,2025-12-30 04:08:35,06a158,0.5482758620689657,0.6458710429381828,0.16095705274946479,0.03209272478518799,0.0,0.0,0.04012026423975843,30.7,LOW,Routine (3+ months),"High flight hours, Extensive mileage",✅ Continue routine maintenance schedule | 📊 Monitor for changes | 🕐 Review airframe hours for scheduled maintenance,30046.09,3
06a157,2,1.1655555555555557,530.3217035926243,9795.51,135.821,IGO1306,0,27.19107400129657,0,48.72576104557807,15996800.264400002,10832.428318333335,1,2025-12-30 01:38:40,06a157,0.09799321650650088,0.07430881853118523,0.5261380532392542,0.7789480863499456,0.0,0.0,0.4721473729250607,30.9,LOW,Routine (3+ months),"Frequent altitude changes, Speed instability, Declining fuel efficiency",✅ Continue routine maintenance schedule | 📊 Monitor for changes | 🔧 Check pressurization system | 🔧 Inspect throttle control system | ⛽ Engine performance check needed,54005.3,3
06a14b,2,0.8341666666666666,734.1290692448543,12344.4,259.69958333333335,QTR830,0,2.5089533691442485,0,99.97756968739975,0.0,9.46872916666669,0,2025-12-29 09:54:04,06a14b,0.06427360090446581,0.10286636095679963,0.046769107288997816,0.0003392879704068319,0.0,0.0,2.7928149569637566e-07,4.6,LOW,Routine (3+ months),Normal wear and tear,✅ Continue routine maintenance schedule | 📊 Monitor for changes,19007.34,3
06a14a,1,0.3333333333333333,335.5135631431351,11887.2,278.96666666666664,QTR836,0,2.5644666605001305,0,99.99913631998515,4.963083675318166e-24,0.3532333333333185,0,2025-12-30 08:58:35,06a14a,0.013312605992085924,0.04701224994085144,0.047847270237801866,1.1651340063423277e-05,0.0,0.0,1.041866674256924e-08,2.2,LOW,Routine (3+ months),Normal wear and tear,✅ Continue routine maintenance schedule | 📊 Monitor for changes,18503.36,3
06a149,3,1.1666666666666667,1125.263405297238,11176.0,261.84,QTR8A,0,2.9654064278578325,0,99.73653702157232,127902.97000000016,27.28668888888878,0,2025-12-30 02:38:38,06a149,0.09810627473148674,0.15767220843039043,0.055634205425916725,0.004001015415415976,0.0,0.0,0.003773320875907135,6.8,LOW,Routine (3+ months),Normal wear and tear,✅ Continue routine maintenance schedule | 📊 Monitor for changes,19511.25,3
06a148,2,1.6675,1609.7278867901514,12348.21,264.2338095238095,QTR836,0,4.23685539082272,0,99.73447764262869,53423.39545714264,84.79751428571431,0,2025-12-30 03:38:37,06a148,0.1490672696438666,0.22555550077196815,0.08032791624151273,0.0040323011516113505,0.0,0.0,0.0015782316615072791,9.9,LOW,Routine (3+ months),Normal wear and tear,✅ Continue routine maintenance schedule | 📊 Monitor for changes,24016.1,3
06a147,1,0.5005555555555555,422.7996436878599,11590.02,244.9875,QTR9C,0,0.9022452630202396,0,99.9452211463444,14.516100000003048,1.7898249999999776,0,2025-12-29 03:04:06,06a147,0.030327868852459017,0.059242798823834354,0.015564091206259562,0.0008307215285172642,0.0,0.0,4.809455463934142e-07,2.3,LOW,Routine (3+ months),Normal wear and tear,✅ Continue routine maintenance schedule | 📊 Monitor for changes,18504.23,3
06a145,2,0.8341666666666666,836.4784217336272,11430.0,262.1625,QTR8A,0,3.3855058629765753,0,99.62906064506603,186154.4664000002,8.769133333333341,0,2025-12-30 02:58:37,06a145,0.06427360090446581,0.11720757952158761,0.0637932540914855,0.00563377832824441,0.0,0.0,0.005490910759857435,5.4,LOW,Routine (3+ months),Normal wear and tear,✅ Continue routine maintenance schedule | 📊 Monitor for changes,19008.36,3
70aa75,4,3.2080555555555557,2576.4639581728647,9427.845000000001,173.36111111111114,RNA217,0,25.900583962869348,2,68.10122582217491,8939650.40983393,8245.932865972223,1,2025-12-30 07:18:12,70aa75,0.30582249858677224,0.36101481689890497,0.5010745322112308,0.4845993063258006,0.0,0.0,0.26391945845517123,34.8,LOW,Routine (3+ months),"Speed instability, Declining fuel efficiency, High flight hours, Extensive mileage",✅ Continue routine maintenance schedule | 📊 Monitor for changes | 🔧 Inspect throttle control system | ⛽ Engine performance check needed | 🕐 Review airframe hours for scheduled maintenance,45025.76,3
70aa71,2,2.447222222222222,1804.4150398622294,11125.2,221.1287142857143,RNA433,0,10.167474189142032,0,86.0229396634376,7697214.559457143,1095.3910704761904,0,2025-12-29 16:21:38,70aa71,0.22840587902769927,0.2528351165787147,0.1955106642943568,0.21233566434652096,0.0,0.0,0.22706273243999808,20.1,LOW,Routine (3+ months),Normal wear and tear,✅ Continue routine maintenance schedule | 📊 Monitor for changes,29018.04,3
70aa67,2,2.8330555555555557,2324.1959321706217,10980.42,236.06594444444445,HIM364,0,14.090401809520086,0,70.1340519886238,12523787.37173,5584.754428333334,0,2025-12-30 07:08:35,70aa67,0.2676653476540419,0.3256669538217776,0.2717006200297684,0.4537169554250814,0.0,0.0,0.36955558934439564,29.1,LOW,Routine (3+ months),"Frequent altitude changes, Speed instability, Extensive mileage",✅ Continue routine maintenance schedule | 📊 Monitor for changes | 🔧 Check pressurization system | 🔧 Inspect throttle control system,34023.24,3
70a9b1,4,2.5394444444444444,1028.4641243574742,4324.35,110.67225,BHA451,0,16.9073473098505,0,96.62123465200318,1142528.3601000002,586.962905,1,2025-12-30 09:08:33,70a9b1,0.23778971170152632,0.14410866737111752,0.3264105136980482,0.051328161497434466,0.0,0.0,0.03371634688698874,16.5,LOW,Routine (3+ months),Normal wear and tear,✅ Continue routine maintenance schedule | 📊 Monitor for changes,30010.28,3
70a9a5,1,1.4994444444444446,313.8938051190749,4884.42,0.0,BHA164,0,23.007231969062445,1,94.36685071719724,3971157.86412,0.0,0,2025-12-30 08:38:36,70a9a5,0.13196721311475415,0.043982883681061104,0.44488069391811724,0.08557638049849181,0.0,0.0,0.11712985854978131,15.5,LOW,Routine (3+ months),Normal wear and tear,✅ Continue routine maintenance schedule | 📊 Monitor for changes,28503.14,3
70a96a,3,1.1652777777777776,311.8135671171204,3759.2000000000003,96.47805555555556,STA602,0,17.184501585427572,3,92.61009847940865,180644.80000000002,330.13607499999995,0,2025-12-30 07:48:33,70a96a,0.09796495195025438,0.0436914001774788,0.33179332317900984,0.11226466302280824,0.0,0.0,0.005337881139161865,11.7,LOW,Routine (3+ months),Normal wear and tear,✅ Continue routine maintenance schedule | 📊 Monitor for changes,29503.12,3
70a8fe,6,3.227222222222222,1709.6095613953357,5792.47,153.97819444444443,SHA221,0,14.033354755844593,0,92.88376315950096,2812409.05259,1410.0503925,1,2025-12-30 09:48:34,70a8fe,0.30777275296777845,0.23955094765363857,0.2705926687966655,0.10810719554269044,0.0,0.0,0.08299398935883086,20.3,LOW,Routine (3+ months),High flight hours,✅ Continue routine maintenance schedule | 📊 Monitor for changes | 🕐 Review airframe hours for scheduled maintenance,31017.1,3
70a8ee,2,0.8352777777777777,264.17539631851923,3307.08,108.06375000000001,BHA668,0,18.89205831291036,1,92.21960625917123,861073.2778500001,454.10876249999995,0,2025-12-30 09:48:34,70a8ee,0.06438665912945167,0.037016326981247474,0.3649569917633617,0.118196954710316,0.0,0.0,0.02541087118254022,11.7,LOW,Routine (3+ months),Normal wear and tear,✅ Continue routine maintenance schedule | 📊 Monitor for changes,29002.64,3
70a8eb,3,2.2030555555555558,930.7861683375116,4612.64,116.09119047619048,BHA251,0,16.821930318583117,0,95.34065177353278,1691197.7696714287,948.1505436507936,0,2025-12-29 18:03:07,70a8eb,0.20356133408705487,0.13042200612528604,0.3247515698139174,0.07078255974510206,0.0,0.0,0.04991008140752991,15.8,LOW,Routine (3+ months),Normal wear and tear,✅ Continue routine maintenance schedule | 📊 Monitor for changes,29509.31,3
70a8e9,2,1.1625,666.2829813638439,4865.37,139.47833333333335,SHA230,0,16.535868659160673,0,89.83264447964007,3274838.934180001,2267.2467300000003,0,2025-12-29 15:51:45,70a8e9,0.09768230638778974,0.09335974903002543,0.3191957637226253,0.15445927387893343,0.0,0.0,0.09665870674412538,14.0,LOW,Routine (3+ months),Normal wear and tear,✅ Continue routine maintenance schedule | 📊 Monitor for changes,29006.66,3
70a8e7,3,2.0591666666666666,1178.544171338459,6908.8,158.20777777777778,SHA226,0,11.569666242404997,0,88.8629283471331,4962072.01132,1810.8298955555554,0,2025-12-30 07:08:35,70a8e7,0.188920293951385,0.16513792357675935,0.22274362926564414,0.16919103716122263,0.0,0.0,0.14641042107705424,16.5,LOW,Routine (3+ months),Normal wear and tear,✅ Continue routine maintenance schedule | 📊 Monitor for changes,29511.79,3
706214,2,2.165,1838.7687365759364,10824.21,234.56900000000002,JZR551,0,8.89120944418023,0,97.46684221304574,1409438.79402,154.92455888888892,0,2025-12-30 05:08:39,706214,0.1996890898812889,0.2576487657235274,0.17072342276581307,0.038481834617435595,0.0,0.0,0.041576164564385176,14.6,LOW,Routine (3+ months),Normal wear and tear,✅ Continue routine maintenance schedule | 📊 Monitor for changes,29018.39,3
706210,3,1.6661111111111109,1255.6456759515404,10160.0,217.13049999999998,JZR411,0,13.244905790861425,0,78.26678690145286,11492968.304339997,2785.2735516666667,0,2025-12-30 03:18:38,706210,0.14892594686263425,0.1759414069642239,0.255279643027429,0.330165823751456,0.0,0.0,0.33906886519606383,20.7,LOW,Routine (3+ months),Normal wear and tear,✅ Continue routine maintenance schedule | 📊 Monitor for changes,34512.56,3
70620e,1,0.6675,322.5162718303254,10561.32,146.87,JZR401,0,17.263251601954515,0,46.80060128054543,17524121.4033,10200.199149999997,0,2025-12-30 00:28:37,70620e,0.04731486715658565,0.04519106601604184,0.3333227830248105,0.8081947875115814,0.0,0.0,0.517177276586676,26.0,LOW,Routine (3+ months),"Frequent altitude changes, Speed instability, Declining fuel efficiency",✅ Continue routine maintenance schedule | 📊 Monitor for changes | 🔧 Check pressurization system | 🔧 Inspect throttle control system | ⛽ Engine performance check needed,53503.23,3
70c103,2,1.8319444444444444,1474.583295867922,11734.8,216.8175,OMA281,0,8.090399739750216,0,84.92514910280437,7438241.805514286,2233.99525,0,2025-12-29 07:44:01,70c103,0.16579988694177503,0.20661900465219882,0.15517033032126498,0.22901311265396584,0.0,0.0,0.21945787800599423,17.0,LOW,Routine (3+ months),Normal wear and tear,✅ Continue routine maintenance schedule | 📊 Monitor for changes,29014.75,3
70c101,2,1.5,1220.9901424447035,10820.400000000001,210.18666666666667,OMA281,0,21.635451479187815,0,73.00056689934793,15120088.792020002,3097.0979400000006,0,2025-12-30 10:08:34,70c101,0.13202374222724705,0.1710854643674654,0.41823837345843534,0.41016934629046997,0.0,0.0,0.4460604903465848,25.7,LOW,Routine (3+ months),Frequent altitude changes,✅ Continue routine maintenance schedule | 📊 Monitor for changes | 🔧 Check pressurization system,34012.21,3
70c0fc,2,2.3344444444444443,1904.2740232688925,10515.599999999999,212.351875,OMA225,0,7.677310356769736,0,82.52837955017539,8405737.969596427,2575.330235416667,1,2025-12-30 05:18:34,70c0fc,0.21693046919163372,0.2668273839635972,0.14714742884315457,0.2654244298507278,0.0,0.0,0.24800438087590165,20.2,LOW,Routine (3+ months),Normal wear and tear,✅ Continue routine maintenance schedule | 📊 Monitor for changes,29019.04,3
70c0fb,1,1.5005555555555554,1211.2234467844676,11277.6,216.46375,OMA225,0,35.63034633686959,0,58.49600996224099,20721607.28942143,5627.879426785716,0,2025-12-29 05:24:05,70c0fb,0.13208027133973999,0.16971695236701503,0.6900431383971669,0.6305201192115449,0.0,0.0,0.6113527103494372,36.1,LOW,Routine (3+ months),"Frequent altitude changes, Speed instability, Declining fuel efficiency",✅ Continue routine maintenance schedule | 📊 Monitor for changes | 🔧 Check pressurization system | 🔧 Inspect throttle control system | ⛽ Engine performance check needed,62512.11,3
70c0fa,3,1.6680555555555554,1414.4289945982866,11176.0,245.24777777777777,OMA251,0,5.447262953276035,0,98.09105063433208,1410915.8878400002,21.456344444444483,0,2025-12-29 07:44:01,70c0fa,0.14912379875635956,0.19819016791662125,0.10383609878509945,0.028998965978931368,0.0,0.0,0.0416157949901974,10.6,LOW,Routine (3+ months),Normal wear and tear,✅ Continue routine maintenance schedule | 📊 Monitor for changes,29514.14,3
70c0f9,2,0.6658333333333333,656.190441804612,11887.2,276.2766666666667,OMA817,0,2.495055403949448,0,99.984135787515,9.677400000002033,6.829033333333354,0,2025-12-30 03:28:39,70c0f9,0.04714527981910684,0.09194557969555318,0.046499185063692494,0.00023953688929856387,0.0,0.0,4.868595678261723e-07,4.0,LOW,Routine (3+ months),Normal wear and tear,✅ Continue routine maintenance schedule | 📊 Monitor for changes,19006.56,3
70c0f7,2,1.8322222222222222,1643.98534576663,10515.6,242.334375,OMA833,0,2.7761401453142636,0,99.74890131955614,159262.35428571448,17.82434910714287,0,2025-12-29 10:14:09,70c0f7,0.1658281514980215,0.23035566505937613,0.05195833090447685,0.0038131790941015042,0.0,0.0,0.004697991223628876,9.9,LOW,Routine (3+ months),Normal wear and tear,✅ Continue routine maintenance schedule | 📊 Monitor for changes,19016.44,3
70c0f6,1,0.33388888888888885,268.68433928109346,11582.4,224.97666666666663,OMA844,0,1.6874175525670183,0,99.99235338526852,19.354799999994825,1.834233333333332,0,2025-12-30 09:18:35,70c0f6,0.013369135104578855,0.037648121271587835,0.030813478341135066,0.00011469653571916094,0.0,0.0,6.249735120236286e-07,1.7,LOW,Routine (3+ months),Normal wear and tear,✅ Continue routine maintenance schedule | 📊 Monitor for changes,18502.69,3
70c0e0,1,0.4994444444444444,274.38229758252095,9906.0,155.6725,OMA201,0,36.05282764048993,0,48.0747770452116,13608205.0416,12320.830158333332,0,2025-12-29 08:54:06,70c0e0,0.03021481062747315,0.03844652070828953,0.6982484470178675,0.7888377250519063,0.0,0.0,0.40173932221307473,31.3,LOW,Routine (3+ months),"Frequent altitude changes, Speed instability, Declining fuel efficiency",✅ Continue routine maintenance schedule | 📊 Monitor for changes | 🔧 Check pressurization system | 🔧 Inspect throttle control system | ⛽ Engine performance check needed,62502.74,3
70c0df,1,0.8338888888888889,422.2033899074313,11887.2,157.205,OMA241,0,34.70541772650425,0,48.62964611843289,18320374.972080003,10948.43951,0,2025-12-29 07:54:02,70c0df,0.06424533634821934,0.059159251585114446,0.6720794447730261,0.7804082480479229,0.0,0.0,0.5406849568055724,33.3,LOW,Routine (3+ months),"Frequent altitude changes, Speed instability, Declining fuel efficiency",✅ Continue routine maintenance schedule | 📊 Monitor for changes | 🔧 Check pressurization system | 🔧 Inspect throttle control system | ⛽ Engine performance check needed,62504.22,3
70c0de,3,1.8311111111111111,739.9850269364273,10226.04,162.22955555555555,OMA241,0,27.650092117301927,0,64.6739675794756,11546941.422199996,8346.847662222222,0,2025-12-30 10:08:34,70c0de,0.16571509327303566,0.10368689931018307,0.5350529691705428,0.5366656332086919,0.0,0.0,0.34082484929136264,28.4,LOW,Routine (3+ months),"Speed instability, Declining fuel efficiency",✅ Continue routine maintenance schedule | 📊 Monitor for changes | 🔧 Inspect throttle control system | ⛽ Engine performance check needed,44507.4,3
70c0cc,2,0.8327777777777778,410.6911583929872,8599.17,153.61416666666668,OMA201,0,34.64495851972289,0,58.71967268974099,13742522.5149,9513.3251,0,2025-12-30 10:18:36,70c0cc,0.06413227812323348,0.05754615463528085,0.6709052236977909,0.6271222729283416,0.0,0.0,0.40561822718363955,29.6,LOW,Routine (3+ months),"Frequent altitude changes, Speed instability, Declining fuel efficiency",✅ Continue routine maintenance schedule | 📊 Monitor for changes | 🔧 Check pressurization system | 🔧 Inspect throttle control system | ⛽ Engine performance check needed,63004.11,3
70afb9,5,6.53638888888889,4393.694328149332,10672.572,204.89744696969697,RNA402,0,9.580880423765787,0,86.80008541076404,6240504.90522413,1869.9365565476194,1,2025-12-30 08:18:37,70afb9,0.6444884115319393,0.6156456209507608,0.18411801132096914,0.2005293977478071,0.0,0.0,0.18411972206864397,37.0,LOW,Routine (3+ months),"High flight hours, Extensive mileage",✅ Continue routine maintenance schedule | 📊 Monitor for changes | 🕐 Review airframe hours for scheduled maintenance,30543.94,3
70afb7,1,1.588611111111111,1128.3790618124292,10370.82,199.2972727272727,RNA229,0,9.260804578229374,0,97.76029689905351,1485743.4214690914,7.947981818181802,0,2025-12-28 23:58:46,70afb7,0.14104013566987,0.15810877505216817,0.17790159163055344,0.034023720718506456,0.0,0.0,0.0438224451654965,11.2,LOW,Routine (3+ months),Normal wear and tear,✅ Continue routine maintenance schedule | 📊 Monitor for changes,28511.28,3
70aebe,2,1.6658333333333333,1395.329963000721,11292.84,238.545625,HIM560,0,12.484024360695994,0,78.76615795481838,10820596.791942857,2497.2379306547614,1,2025-12-30 08:28:35,70aebe,0.14889768230638784,0.1955140065159272,0.2405020258766404,0.32257946326760023,0.0,0.0,0.3192286774202537,20.5,LOW,Routine (3+ months),Normal wear and tear,✅ Continue routine maintenance schedule | 📊 Monitor for changes,34013.95,3
70aa79,4,3.500277777777778,3024.28526425432,10578.465,235.36277777777775,HIM560,0,8.996371678396924,0,85.75851915481078,6798732.312646428,2182.2057706349206,1,2025-12-30 10:18:36,70aa79,0.33555681175805546,0.4237636577299933,0.1727658529978638,0.21635269593905737,0.0,0.0,0.2005939282214527,25.6,LOW,Routine (3+ months),"High flight hours, Extensive mileage",✅ Continue routine maintenance schedule | 📊 Monitor for changes | 🕐 Review airframe hours for scheduled maintenance,30030.24,3
70c13d,4,4.005833333333333,2728.6139704400757,9907.905,182.01407738095236,OMS497,0,23.833394195675822,0,65.17115770669403,12700024.046905715,8297.543781071428,1,2025-12-30 09:38:37,70c13d,0.3869983041266253,0.3823341171924618,0.46092617565195465,0.5291124049855649,0.0,0.0,0.3748337289160195,38.2,LOW,Routine (3+ months),"Frequent altitude changes, Speed instability, Declining fuel efficiency, High flight hours, Extensive mileage",✅ Continue routine maintenance schedule | 📊 Monitor for changes | 🔧 Check pressurization system | 🔧 Inspect throttle control system | ⛽ Engine performance check needed | 🕐 Review airframe hours for scheduled maintenance,45027.29,3
70c13c,2,1.5047222222222223,1230.8377889732064,10210.8,226.32716666666664,OMS401,0,12.734043857479005,0,82.87574492719438,9738647.29686,1901.6221183333328,0,2025-12-30 09:48:34,70c13c,0.13250423968343703,0.17246531922516495,0.24535783160039012,0.26014731386269396,0.0,0.0,0.28729885744040556,18.4,LOW,Routine (3+ months),Normal wear and tear,✅ Continue routine maintenance schedule | 📊 Monitor for changes,29012.31,3
70c126,1,1.3341666666666667,1297.1068226899392,11285.22,270.1014285714285,OMS463,0,2.7970300816625016,0,99.58176340108614,88498.4405142857,130.78561428571447,0,2025-12-30 03:08:38,70c126,0.11514980214810631,0.1817509539018789,0.05236404915362835,0.006352310049909327,0.0,0.0,0.0026141314636749114,7.7,LOW,Routine (3+ months),Normal wear and tear,✅ Continue routine maintenance schedule | 📊 Monitor for changes,28512.97,3
70c125,1,0.3333333333333333,325.4576016206506,11887.2,278.8433333333333,OMA817,0,2.702004091829917,0,99.9951161033637,19.354800000004065,2.082033333333302,0,2025-12-29 02:34:07,70c125,0.013312605992085924,0.045603205930642696,0.05051848210277347,7.272579023021031e-05,0.0,0.0,6.322824078023529e-07,2.3,LOW,Routine (3+ months),Normal wear and tear,✅ Continue routine maintenance schedule | 📊 Monitor for changes,18503.25,3
70c122,3,2.5013888888888887,2437.172528246736,11785.6,270.0171666666667,OMA849,0,3.6686348962539572,0,99.45559781111145,374043.7680400004,23.25695833333329,1,2025-12-30 05:58:33,70c122,0.23391746749576034,0.341497264592049,0.06929210357337696,0.008268996329091283,0.0,0.0,0.011033159402214174,14.3,LOW,Routine (3+ months),Extensive mileage,✅ Continue routine maintenance schedule | 📊 Monitor for changes,19524.37,3
70c11e,2,1.335277777777778,1053.0266629944836,10820.4,242.688,OMA235,0,0.3667894532900618,0,99.85901157500803,0.0,11.590673333333314,0,2025-12-29 09:24:04,70c11e,0.1152628603730922,0.14755037683516167,0.005164624688016822,0.002140402738328273,0.0,0.0,3.418685367046967e-07,6.0,LOW,Routine (3+ months),Normal wear and tear,✅ Continue routine maintenance schedule | 📊 Monitor for changes,19010.53,3
70c11d,2,1.8361111111111112,1234.3158800510987,11125.2,193.50642857142856,OMA265,0,21.99843594122855,0,73.29042676322825,14341616.063254287,4411.969361904762,0,2025-12-30 07:38:20,70c11d,0.16622385528547207,0.17295267027452077,0.4252881517800809,0.40576584432058727,0.0,0.0,0.4231381102709936,26.4,LOW,Routine (3+ months),Frequent altitude changes,✅ Continue routine maintenance schedule | 📊 Monitor for changes | 🔧 Check pressurization system,34012.34,3
70c11c,2,1.3319444444444444,890.523096906129,11582.400000000001,199.998,OMA211,0,37.08568402048236,0,51.77772862812125,28717670.951640002,7756.3738,0,2025-12-30 06:48:37,70c11c,0.11492368569813455,0.12478033381914744,0.7183082822959594,0.7325831116278986,0.0,0.0,0.8472605105454298,39.2,LOW,Routine (3+ months),"Frequent altitude changes, Speed instability, Declining fuel efficiency",✅ Continue routine maintenance schedule | 📊 Monitor for changes | 🔧 Check pressurization system | 🔧 Inspect throttle control system | ⛽ Engine performance check needed,63008.91,3
70c10e,3,1.9966666666666668,1230.4508462503875,10363.199999999999,198.2915,OMS735,0,4.172733273497172,0,90.42203438311093,2640023.7522000005,1567.0877305555557,1,2025-12-30 03:28:39,70c10e,0.18256076879592997,0.17241110070765542,0.07908255518633638,0.14550536226723654,0.0,0.0,0.07791409256806979,12.6,LOW,Routine (3+ months),Normal wear and tear,✅ Continue routine maintenance schedule | 📊 Monitor for changes,29512.3,3
70c10d,4,2.1661111111111113,1259.6766058597318,9267.825,176.29399999999998,OMS735,0,7.302795285232155,1,84.82533452008904,4696545.526245,3028.5900825,1,2025-12-30 05:18:34,70c10d,0.19980214810627478,0.17650622193790977,0.1398737063878973,0.2305294788928992,0.0,0.0,0.1386145981410473,16.2,LOW,Routine (3+ months),Normal wear and tear,✅ Continue routine maintenance schedule | 📊 Monitor for changes,30012.6,3
70c10b,2,1.8355555555555554,1432.3442300647725,10523.220000000001,221.96988095238098,OMS705,0,13.197763970823088,0,78.31996696136247,11419701.814928573,2800.086565476191,0,2025-12-29 04:44:07,70c10b,0.1661673261729791,0.200700455487739,0.25436406835219155,0.32935792128632846,0.0,0.0,0.33690829671992534,21.6,LOW,Routine (3+ months),Normal wear and tear,✅ Continue routine maintenance schedule | 📊 Monitor for changes,34014.32,3
70c10a,4,4.998333333333333,3963.3956162376135,11277.599999999999,212.63690476190476,OMS783,0,16.683596571623003,0,76.22369472126364,12790151.712272143,3001.20677297619,1,2025-12-30 05:18:34,70c10a,0.48798756359525164,0.5553520506875819,0.32206489213909734,0.36120413419456665,0.0,0.0,0.3773358408519305,38.9,LOW,Routine (3+ months),"Frequent altitude changes, High flight hours, Extensive mileage",✅ Continue routine maintenance schedule | 📊 Monitor for changes | 🔧 Check pressurization system | 🕐 Review airframe hours for scheduled maintenance,35039.63,3
70c109,2,1.9997222222222222,1570.0313746296201,10005.060000000001,206.76416666666665,OMA211,0,13.812835308293277,0,70.23539514759666,15743709.468739286,3780.8434023809523,0,2025-12-29 08:34:04,70c109,0.18287167891464107,0.2199932149019487,0.26630980442250374,0.45217736731447833,0.0,0.0,0.46447443689925993,25.7,LOW,Routine (3+ months),Frequent altitude changes,✅ Continue routine maintenance schedule | 📊 Monitor for changes | 🔧 Check pressurization system,34015.7,3
70c106,2,1.0016666666666665,902.6040928339969,11734.8,233.95833333333334,OMA217,0,9.700369154225083,0,95.30593061705079,3442851.1788,81.04683333333332,0,2025-12-29 08:44:04,70c106,0.08131712832108536,0.1264731261902655,0.18643868658331236,0.07131003767501709,0.0,0.0,0.10154976920673987,10.4,LOW,Routine (3+ months),Normal wear and tear,✅ Continue routine maintenance schedule | 📊 Monitor for changes,29009.03,3
70c105,1,0.3330555555555555,303.89655102486824,11277.6,278.92333333333335,OMA821,0,1.7392826477854155,0,99.97984758367588,0.0,8.774533333333343,0,2025-12-30 00:58:38,70c105,0.013284341435839453,0.042582065771358486,0.031820787088912006,0.0003046825558977728,0.0,0.0,2.5880609216260024e-07,1.8,LOW,Routine (3+ months),Normal wear and tear,✅ Continue routine maintenance schedule | 📊 Monitor for changes,18503.04,3
70c104,3,1.166388888888889,887.3718041563668,10668.0,232.84444444444446,OMA252,0,3.6329270683311226,0,99.30507424758177,483121.61439999955,26.97111111111117,0,2025-12-30 08:38:36,70c104,0.09807801017524027,0.1243387738386783,0.06859859655715875,0.010555724817966738,0.0,0.0,0.014250535339013468,6.6,LOW,Routine (3+ months),Normal wear and tear,✅ Continue routine maintenance schedule | 📊 Monitor for changes,19508.87,3
710060,1,0.8336111111111111,609.3021014223806,8534.4,206.275,SVA803,0,10.912555589663803,0,92.30819027592624,5331436.43388,294.50046999999995,0,2025-12-30 01:28:36,710060,0.06421707179197288,0.08537557293722496,0.2099814178790384,0.1168512013277716,0.0,0.0,0.15726015221112288,10.8,LOW,Routine (3+ months),Normal wear and tear,✅ Continue routine maintenance schedule | 📊 Monitor for changes,28506.09,3
71005f,1,0.9991666666666668,871.0379545067264,10668.0,250.83857142857144,SVA808,0,13.317751572346594,0,65.0256910071336,14095072.270628572,6622.520847619048,0,2025-12-30 09:38:37,71005f,0.08106274731486718,0.12205007046993373,0.25669443254279906,0.531322310453302,0.0,0.0,0.4159314670316723,21.7,LOW,Routine (3+ months),"Frequent altitude changes, Speed instability, Declining fuel efficiency",✅ Continue routine maintenance schedule | 📊 Monitor for changes | 🔧 Check pressurization system | 🔧 Inspect throttle control system | ⛽ Engine performance check needed,43508.71,3
71005e,1,0.33388888888888885,306.674854055423,10972.8,253.22666666666663,SVA827,0,0.7632611786355767,0,99.98503074330388,4.963083675318166e-24,6.517733333333306,0,2025-12-29 03:14:06,71005e,0.013369135104578855,0.04297136233290507,0.012864782867714766,0.00022594087249749872,0.0,0.0,1.9224145942324485e-07,1.5,LOW,Routine (3+ months),Normal wear and tear,✅ Continue routine maintenance schedule | 📊 Monitor for changes,18503.07,3
71005b,1,1.5002777777777778,1162.5230049566649,11277.6,199.5825,SVA784,0,35.894469260065456,0,52.69664082811207,25645884.192,7042.243392857143,0,2025-12-29 08:14:07,71005b,0.13205200678349352,0.16289303347089037,0.6951728567540559,0.7186231530857268,0.0,0.0,0.7566366655714281,38.8,LOW,Routine (3+ months),"Frequent altitude changes, Speed instability, Declining fuel efficiency",✅ Continue routine maintenance schedule | 📊 Monitor for changes | 🔧 Check pressurization system | 🔧 Inspect throttle control system | ⛽ Engine performance check needed,62511.63,3
71005a,3,1.666388888888889,1045.2598874934401,10139.68,213.04111111111112,SVA772,0,8.092487594286345,0,81.71649522976219,6655488.3019,2957.264192222223,1,2025-12-30 03:08:38,71005a,0.14895421141888077,0.146462094180747,0.15521088002293762,0.27775843896946706,0.0,0.0,0.1963917864772735,15.9,LOW,Routine (3+ months),Normal wear and tear,✅ Continue routine maintenance schedule | 📊 Monitor for changes,29510.45,3
710057,1,0.4997222222222222,514.0201230843327,10058.4,283.12,SVA808,0,12.59946179431684,0,96.02857043705538,1368127.908899999,939.6176666666664,0,2025-12-29 10:14:09,710057,0.030243075183719617,0.07202463672313185,0.24274401803374634,0.060331815894647645,0.0,0.0,0.04038083884317896,8.4,LOW,Routine (3+ months),Normal wear and tear,✅ Continue routine maintenance schedule | 📊 Monitor for changes,28505.14,3
710056,2,0.6644444444444445,588.2632564966436,10210.8,268.2133333333333,SVA826,0,3.1075864793082335,0,99.65174820514366,247741.44000000032,9.110133333333305,0,2025-12-30 03:08:38,710056,0.04700395703787452,0.08242760437568696,0.05839558490439424,0.005289112757246528,0.0,0.0,0.007307437247695117,4.1,LOW,Routine (3+ months),Normal wear and tear,✅ Continue routine maintenance schedule | 📊 Monitor for changes,19005.88,3
710055,1,0.7027777777777776,487.0359728149224,10363.2,180.53833333333333,SVA813,0,12.419692036829671,0,72.71031735402096,17788572.809880003,1325.469136666667,0,2025-12-29 18:23:08,710055,0.05090446579988694,0.06824361039137126,0.23925258225135657,0.41457876823490514,0.0,0.0,0.5247155465319105,18.9,LOW,Routine (3+ months),Frequent altitude changes,✅ Continue routine maintenance schedule | 📊 Monitor for changes | 🔧 Check pressurization system,33504.87,3
710051,2,0.9988888888888888,871.0372148005176,11125.2,249.7875,SVA753,0,0.5446582637797434,0,99.9350835691872,0.0,4.847883333333306,0,2025-12-30 03:18:38,710051,0.0810344827586207,0.1220499668221025,0.008619140832419499,0.000984729884085822,0.0,0.0,1.4298899931166618e-07,4.7,LOW,Routine (3+ months),Normal wear and tear,✅ Continue routine maintenance schedule | 📊 Monitor for changes,19008.71,3
71004e,1,0.8322222222222222,688.0721570499509,11887.2,241.01166666666668,SVA890,0,36.60025950567443,0,56.78951252182813,21297154.824960005,6535.202696666667,0,2025-12-29 09:04:08,71004e,0.06407574901074053,0.0964128541378013,0.70888050899115,0.6564449393638117,0.0,0.0,0.6283553273147868,33.8,LOW,Routine (3+ months),"Frequent altitude changes, Speed instability, Declining fuel efficiency",✅ Continue routine maintenance schedule | 📊 Monitor for changes | 🔧 Check pressurization system | 🔧 Inspect throttle control system | ⛽ Engine performance check needed,62506.88,3
71004c,1,1.036111111111111,732.2804144728043,11277.6,158.885,SVA774,0,36.57147326917155,0,50.62657542377555,26009080.884960003,8223.96971,0,2025-12-29 17:23:08,71004c,0.08482193329564726,0.10260732695714911,0.7083214311041273,0.7500712361826871,0.0,0.0,0.7673840581881107,37.3,LOW,Routine (3+ months),"Frequent altitude changes, Speed instability, Declining fuel efficiency",✅ Continue routine maintenance schedule | 📊 Monitor for changes | 🔧 Check pressurization system | 🔧 Inspect throttle control system | ⛽ Engine performance check needed,62507.32,3
71002c,1,1.6655555555555557,1196.4339256106648,11582.4,203.46400000000003,SVA887,0,3.323031490855675,0,99.96257493761765,15.483839999995862,3.27289333333332,0,2025-12-29 23:48:40,71002c,0.14886941775014134,0.16764464071613938,0.06257989506294694,0.000567085670024392,0.0,0.0,5.532324821530758e-07,8.3,LOW,Routine (3+ months),Normal wear and tear,✅ Continue routine maintenance schedule | 📊 Monitor for changes,18511.96,3
71002b,1,0.9994444444444445,1081.7925364550536,12496.8,297.0371428571429,SVA884,0,5.494476266185217,0,99.90930850641875,16.589828571424135,2.528757142857137,0,2025-12-30 07:08:35,71002b,0.08109101187111364,0.1515810586956094,0.1047530619740165,0.0013763002731533858,0.0,0.0,5.639053689148346e-07,7.2,LOW,Routine (3+ months),Normal wear and tear,✅ Continue routine maintenance schedule | 📊 Monitor for changes,18510.82,3
71002a,1,0.3336111111111111,331.4142135002566,11879.58,281.2266666666667,SVA846,0,3.2761836119589365,0,99.99965825641816,0.0,0.0630333333333373,0,2025-12-30 09:58:35,71002a,0.01334087054833239,0.04643784797569533,0.06167002922680478,3.7221701530976148e-06,0.0,0.0,1.859177013324573e-09,2.5,LOW,Routine (3+ months),Normal wear and tear,✅ Continue routine maintenance schedule | 📊 Monitor for changes,18503.31,3
70c149,1,0.5,295.5062890230869,10980.42,199.0975,OMS466,0,2.2393584803454245,0,99.7999160177032,93691.74809999963,9.104358333333323,0,2025-12-29 05:54:05,70c149,0.030271339739966086,0.04140642002219186,0.041533114012604885,0.003038172438208364,0.0,0.0,0.002763719794068308,2.5,LOW,Routine (3+ months),Normal wear and tear,✅ Continue routine maintenance schedule | 📊 Monitor for changes,18502.96,3
70c13e,2,1.3269444444444443,1053.1749008596496,9906.0,228.83750000000003,OMS401,0,7.521912133234893,0,89.80031427338565,5511480.589919998,1294.4404850000005,0,2025-12-30 06:48:37,70c13e,0.11441492368569815,0.14757114796436013,0.1441293298828326,0.1549504288978526,0.0,0.0,0.1626000732336013,12.6,LOW,Routine (3+ months),Normal wear and tear,✅ Continue routine maintenance schedule | 📊 Monitor for changes,29010.53,3
710124,2,2.6683333333333334,2252.5119788471775,11125.2,250.62977272727272,SVA882,0,3.6454863908707043,0,99.88280899797383,12.228714545453585,35.96176863636359,0,2025-12-29 23:38:34,710124,0.250904465799887,0.31562257916574504,0.06884252005536115,0.0017788763182672307,0.0,0.0,1.4213850649280795e-06,14.0,LOW,Routine (3+ months),Extensive mileage,✅ Continue routine maintenance schedule | 📊 Monitor for changes,19022.53,3
710120,1,0.5002777777777777,351.3644278515352,11582.4,224.0125,SVA849,0,2.263416011080289,0,99.8781143913513,92143.3641000002,0.3511583333333298,0,2025-12-30 03:28:39,710120,0.03029960429621255,0.04923327733082917,0.04200035235579307,0.0018501959871353169,0.0,0.0,0.002717791813811861,2.6,LOW,Routine (3+ months),Normal wear and tear,✅ Continue routine maintenance schedule | 📊 Monitor for changes,18503.51,3
71011d,4,3.06,2426.211217766364,11734.800000000001,251.02693181818182,SVA852,0,2.4270064690226283,0,99.9301743703641,16.055686363636113,12.266138787878777,1,2025-12-30 02:08:35,71011d,0.29075749010740537,0.3399613628444267,0.04517755850270674,0.0010593096013280512,0.0,0.0,8.353562077803953e-07,15.0,LOW,Routine (3+ months),"High flight hours, Extensive mileage",✅ Continue routine maintenance schedule | 📊 Monitor for changes | 🕐 Review airframe hours for scheduled maintenance,20024.26,3
710108,2,1.0013888888888889,501.74943310364466,9742.17,181.034,SVA772,0,21.775310510322438,0,70.75393668235314,9929341.4316,5894.170110000001,0,2025-12-29 03:04:06,710108,0.0812888637648389,0.0703052643707459,0.4209546747574936,0.44429977212348304,0.0,0.0,0.29304116847163414,21.5,LOW,Routine (3+ months),Speed instability,✅ Continue routine maintenance schedule | 📊 Monitor for changes | 🔧 Inspect throttle control system,34005.02,3
710104,1,0.4997222222222222,282.3683427161509,9448.8,176.035,SVA770,0,16.176586295045624,0,55.53638872826674,16131954.8328,8879.376300000002,0,2025-12-29 10:14:09,710104,0.030243075183719617,0.039565527482096054,0.31221788646681153,0.6754821838432088,0.0,0.0,0.4760761703454217,22.7,LOW,Routine (3+ months),"Frequent altitude changes, Speed instability, Declining fuel efficiency",✅ Continue routine maintenance schedule | 📊 Monitor for changes | 🔧 Check pressurization system | 🔧 Inspect throttle control system | ⛽ Engine performance check needed,53502.82,3
710103,2,2.334166666666667,1788.6340563677536,9144.0,219.284375,SVA963,0,4.211110386162571,0,99.8470395490488,49769.48571428578,11.054684821428598,1,2025-12-30 05:48:34,710103,0.21690220463538729,0.2506238809630677,0.07982790427206535,0.002322279729468746,0.0,0.0,0.0014682840257148001,12.1,LOW,Routine (3+ months),Normal wear and tear,✅ Continue routine maintenance schedule | 📊 Monitor for changes,19017.89,3
710102,1,0.8325,606.1204774032707,9753.6,203.18,SVA3961,0,2.5187267101623494,0,99.99017491232544,0.0,0.8874000000000036,0,2025-12-29 23:28:38,710102,0.06410401356698701,0.08492976293120623,0.04695892226689548,0.00014779152778787719,0.0,0.0,2.6173987545596972e-08,4.2,LOW,Routine (3+ months),Normal wear and tear,✅ Continue routine maintenance schedule | 📊 Monitor for changes,18506.06,3
710101,1,1.1658333333333333,930.1365006321752,9753.6,219.05875,SVA983,0,3.2620105200036797,0,99.73056525342956,79083.71280000011,28.125326785714257,0,2025-12-29 08:14:07,710101,0.09802148106274733,0.13033097451316386,0.06139476356982565,0.004091737505836801,0.0,0.0,0.0023334147688074906,6.4,LOW,Routine (3+ months),Normal wear and tear,✅ Continue routine maintenance schedule | 📊 Monitor for changes,18509.3,3
710100,1,1.493888888888889,1019.5455342181584,10363.2,200.242,SVA993,0,2.758303631809446,0,99.87906185499254,0.0,2.3133955555555707,0,2025-12-30 05:48:34,710100,0.1314019219898248,0.14285899214242742,0.05161191534295926,0.001835802279932408,0.0,0.0,6.823392659358874e-08,7.2,LOW,Routine (3+ months),Normal wear and tear,✅ Continue routine maintenance schedule | 📊 Monitor for changes,18510.2,3
7100c3,2,1.3677777777777778,1042.6102858915574,9906.0,202.1815,SVA758,0,11.36654225553487,0,71.14112002837687,12649605.3459,5096.17209,0,2025-12-29 17:53:07,7100c3,0.11856981345392881,0.14609083129770745,0.21879861445373594,0.4384177482927355,0.0,0.0,0.37325219734631054,20.6,LOW,Routine (3+ months),Frequent altitude changes,✅ Continue routine maintenance schedule | 📊 Monitor for changes | 🔧 Check pressurization system,34010.43,3
7100c2,1,0.6672222222222222,651.9808915116311,10668.0,270.915,SVA816,0,0.5453695774729397,0,99.9855149401961,0.0,5.594833333333301,0,2025-12-30 00:58:38,7100c2,0.04728660260033918,0.09135573638591692,0.008632955759444177,0.0002185850353003671,0.0,0.0,1.6502039439526258e-07,3.2,LOW,Routine (3+ months),Normal wear and tear,✅ Continue routine maintenance schedule | 📊 Monitor for changes,18506.52,3
7100c1,1,0.8344444444444445,861.412327348244,10058.4,274.938,SVA806,0,16.319428394230595,0,84.24268226742495,7638487.948799999,2242.41227,0,2025-12-29 09:54:04,7100c1,0.06430186546071229,0.12070132502556859,0.31499212404323856,0.23938103325443116,0.0,0.0,0.22536441436771468,16.2,LOW,Routine (3+ months),Normal wear and tear,✅ Continue routine maintenance schedule | 📊 Monitor for changes,28508.61,3
7100c0,1,0.6669444444444445,316.2335149868991,9776.46,146.988,SVA756,0,34.57317086346788,0,52.053053077891846,14952565.256099995,10705.64847,0,2025-12-29 10:04:07,7100c0,0.04725833804409272,0.04431072445168384,0.6695109847819347,0.7284004292078783,0.0,0.0,0.4413437754086173,30.8,LOW,Routine (3+ months),"Frequent altitude changes, Speed instability, Declining fuel efficiency",✅ Continue routine maintenance schedule | 📊 Monitor for changes | 🔧 Check pressurization system | 🔧 Inspect throttle control system | ⛽ Engine performance check needed,62503.16,3
7100b4,1,0.33416666666666667,226.49258716343445,12184.38,211.03333333333333,SVA871,0,2.6680814841989844,0,99.9913769450382,0.0,3.7424333333333424,0,2025-12-29 01:24:06,7100b4,0.013397399660825326,0.03173620171335635,0.04985964711422952,0.00012953045035679622,0.0,0.0,1.1038359641299691e-07,2.0,LOW,Routine (3+ months),Normal wear and tear,✅ Continue routine maintenance schedule | 📊 Monitor for changes,18502.26,3
7100b3,3,1.1680555555555554,1060.2270250843821,10668.0,272.1905555555556,SVA862,0,1.11263192866644,0,99.98272984034293,0.0,7.476377777777735,1,2025-12-30 07:18:12,7100b3,0.09824759751271905,0.14855929349135816,0.0196501596464823,0.00026089580066668283,0.0,0.0,2.205168118568082e-07,5.8,LOW,Routine (3+ months),Normal wear and tear,✅ Continue routine maintenance schedule | 📊 Monitor for changes,19510.6,3
710063,2,1.4994444444444441,674.2091355898337,11430.0,172.45589285714289,SVA740,0,31.522400004430068,1,54.758606027087936,20093560.61925,7115.4773267857145,0,2025-12-29 07:04:08,710063,0.1319672131147541,0.094470363873882,0.6102598032149972,0.6872981269369919,0.0,0.0,0.5928722625759267,33.6,LOW,Routine (3+ months),"Frequent altitude changes, Speed instability, Declining fuel efficiency",✅ Continue routine maintenance schedule | 📊 Monitor for changes | 🔧 Check pressurization system | 🔧 Inspect throttle control system | ⛽ Engine performance check needed,63006.74,3
728642,1,0.6677777777777778,285.98942697588245,9418.32,142.598,IAW441,0,13.090177539496484,0,59.582005321975785,14490116.181000002,6488.11657,0,2025-12-30 03:48:37,728642,0.047343131712832116,0.04007291477422397,0.2522745560711276,0.6140218615988589,0.0,0.0,0.42757937833901644,20.5,LOW,Routine (3+ months),"Frequent altitude changes, Speed instability, Declining fuel efficiency",✅ Continue routine maintenance schedule | 📊 Monitor for changes | 🔧 Check pressurization system | 🔧 Inspect throttle control system | ⛽ Engine performance check needed,53502.86,3
71c391,1,1.0,1149.8663868163542,11887.2,301.97428571428566,KAL952,0,5.382224384996886,0,99.9013176513182,16.589828571432054,2.5778619047618854,0,2025-12-30 01:58:37,71c391,0.08114754098360658,0.16111958476186053,0.1025729386868753,0.0014976959907436749,0.0,0.0,5.65353720759247e-07,7.3,LOW,Routine (3+ months),Normal wear and tear,✅ Continue routine maintenance schedule | 📊 Monitor for changes,18511.5,3
71c345,2,3.1888888888888887,2550.5257704786654,12039.6,234.21745192307694,KAL497,0,9.955779069581931,0,88.28841833931082,5854386.018477272,1712.6373666895608,0,2025-12-29 15:51:45,71c345,0.303872244205766,0.3573803511221155,0.1913991834439575,0.17791889591785026,0.0,0.0,0.17272645175101015,23.0,LOW,Routine (3+ months),"High flight hours, Extensive mileage",✅ Continue routine maintenance schedule | 📊 Monitor for changes | 🕐 Review airframe hours for scheduled maintenance,29025.51,3
717ce7,2,1.1661111111111109,932.7838504711578,10214.61,238.91375,KNE325,0,0.6610210217344218,0,99.97192170344061,8.70965999999767,12.220562499999993,0,2025-12-30 09:58:35,717ce7,0.09804974561899378,0.13070192187858537,0.010879104368775283,0.0004250911863367124,0.0,0.0,6.173398501707348e-07,5.3,LOW,Routine (3+ months),Normal wear and tear,✅ Continue routine maintenance schedule | 📊 Monitor for changes,19009.33,3
717cd3,1,0.5025,371.03234392060455,9761.22,166.29,FAD656,0,39.565388848673976,0,58.83060018593997,29831998.4004,4861.4692,0,2025-12-29 16:01:36,717cd3,0.030525720746184284,0.05198915097537782,0.7664683860193614,0.6254370811895223,0.0,0.0,0.8800423694237428,35.3,LOW,Routine (3+ months),"Frequent altitude changes, Declining fuel efficiency",✅ Continue routine maintenance schedule | 📊 Monitor for changes | 🔧 Check pressurization system | ⛽ Engine performance check needed,62503.71,3
717ccb,1,0.33388888888888885,325.11950026152374,9448.8,271.93333333333334,KNE333,0,3.4493085401762302,0,99.78134409766804,123870.7199999994,11.67203333333341,0,2025-12-29 10:24:06,717ccb,0.013369135104578855,0.0455558310780385,0.06503241107373285,0.003320313902585359,0.0,0.0,0.0036539285397782276,2.6,LOW,Routine (3+ months),Normal wear and tear,✅ Continue routine maintenance schedule | 📊 Monitor for changes,18503.25,3
717c76,1,0.9997222222222221,728.9353292876743,10066.02,209.3228571428572,KNE896,0,19.734996964906244,0,51.604285171470586,19091300.98782857,9743.783923809524,0,2025-12-30 09:28:35,717c76,0.0811192764273601,0.10213861272895655,0.3813283003364841,0.7352180352520254,0.0,0.0,0.5633879963530932,28.4,LOW,Routine (3+ months),"Frequent altitude changes, Speed instability, Declining fuel efficiency",✅ Continue routine maintenance schedule | 📊 Monitor for changes | 🔧 Check pressurization system | 🔧 Inspect throttle control system | ⛽ Engine performance check needed,53507.29,3
717c74,1,1.0002777777777778,818.6250184226642,9456.42,230.75714285714287,KNE333,0,13.504253184082632,0,70.70554112300414,11451284.00982857,6099.743057142859,0,2025-12-30 08:38:36,717c74,0.08117580553985304,0.11470595588859085,0.2603166124344031,0.44503498926625695,0.0,0.0,0.33793714182235124,19.6,LOW,Routine (3+ months),Speed instability,✅ Continue routine maintenance schedule | 📊 Monitor for changes | 🔧 Inspect throttle control system,33508.19,3
710d9c,3,2.6683333333333334,1355.3624233385535,9156.699999999999,171.11599999999999,KNE329,0,10.952666867751622,0,83.32264636129283,7556096.393153333,2721.3139096296295,1,2025-12-30 02:58:37,710d9c,0.250904465799887,0.18991374420010212,0.21076044741966174,0.2533580629500237,0.0,0.0,0.2229483891414278,20.3,LOW,Routine (3+ months),Normal wear and tear,✅ Continue routine maintenance schedule | 📊 Monitor for changes,29513.55,3
7105bc,2,0.6649999999999999,210.23904776698384,5627.37,102.39333333333332,KNE321,0,32.78617474614428,1,66.65928024163581,6299435.7882,8689.952583333332,0,2025-12-29 04:44:07,7105bc,0.04706048615036744,0.029458751438705525,0.6348044675444038,0.506505099419629,0.0,0.0,0.18605905406279238,23.9,LOW,Routine (3+ months),"Speed instability, Declining fuel efficiency",✅ Continue routine maintenance schedule | 📊 Monitor for changes | 🔧 Inspect throttle control system | ⛽ Engine performance check needed,53002.1,3
7105b2,2,0.6661111111111111,599.6566526661761,11430.0,272.8266666666667,SVA3624,0,2.844924105196341,0,99.95328710667025,19.354799999999443,11.804933333333407,0,2025-12-30 02:58:37,7105b2,0.047173544375353316,0.08402405008530107,0.05329423290570133,0.0007081848250619638,0.0,0.0,9.190607079003533e-07,3.9,LOW,Routine (3+ months),Normal wear and tear,✅ Continue routine maintenance schedule | 📊 Monitor for changes,19006.0,3
7105b1,3,1.5041666666666667,1308.4127952615456,11442.699999999999,246.82516666666666,SVA845,0,2.7411132223785124,0,99.88542350051456,45438.61879999994,11.150142777777752,0,2025-12-29 17:33:04,7105b1,0.13244771057094407,0.18333514979363788,0.05127804822626487,0.001739157238384026,0.0,0.0,0.0013405473137914346,8.0,LOW,Routine (3+ months),Normal wear and tear,✅ Continue routine maintenance schedule | 📊 Monitor for changes,19513.08,3
7105af,2,0.9986111111111111,867.7515348626162,11433.810000000001,265.79875000000004,SVA856,0,0.8355687390685206,0,99.9846559100016,19.354799999999447,4.3984291666666655,0,2025-12-30 03:48:37,7105af,0.08100621820237423,0.12158957647299352,0.014269119210833603,0.00023163527655478688,0.0,0.0,7.006048280099471e-07,4.7,LOW,Routine (3+ months),Normal wear and tear,✅ Continue routine maintenance schedule | 📊 Monitor for changes,19008.68,3
7105ad,3,1.4997222222222222,1326.8315367786572,10713.72,269.305,SVA841,0,2.185700719085719,0,99.99022473448225,1641.9322000000031,2.8005722222221734,0,2025-12-30 03:08:38,7105ad,0.1319954776710006,0.185915988766842,0.04049098862798097,0.00014703463801801764,0.0,0.0,4.8511623953098414e-05,7.8,LOW,Routine (3+ months),Normal wear and tear,✅ Continue routine maintenance schedule | 📊 Monitor for changes,19513.27,3
7105ab,3,1.3333333333333333,1167.2141705017589,10972.800000000001,268.85055555555556,SVA834,0,2.124065083773625,0,99.9608030670774,6.451600000001355,17.05736111111104,1,2025-12-30 08:38:36,7105ab,0.1150650084793669,0.1635503608380877,0.03929391930104298,0.0005940036272396032,0.0,0.0,6.934001074286419e-07,6.9,LOW,Routine (3+ months),Normal wear and tear,✅ Continue routine maintenance schedule | 📊 Monitor for changes,19511.67,3
710415,1,0.33416666666666667,265.3113543641973,11582.4,221.2933333333333,SVA871,0,1.823201129600324,0,99.99417780066102,19.354799999994825,2.4726333333333708,0,2025-12-30 01:28:36,710415,0.013397399660825326,0.037175497725540026,0.03345062735964447,8.698032600584771e-05,0.0,0.0,6.438032096223552e-07,1.7,LOW,Routine (3+ months),Normal wear and tear,✅ Continue routine maintenance schedule | 📊 Monitor for changes,18502.65,3
75020e,1,0.33388888888888885,236.63891014148408,10668.0,255.15666666666667,MAS115,0,1.1950709666596822,0,99.97776106658368,0.0,9.68303333333336,0,2025-12-29 23:28:38,75020e,0.013369135104578855,0.03315790719481606,0.021251266590935618,0.00033638057025098256,0.0,0.0,2.85602427169559e-07,1.4,LOW,Routine (3+ months),Normal wear and tear,✅ Continue routine maintenance schedule | 📊 Monitor for changes,18502.37,3
750208,2,1.2591666666666665,1114.838906580271,9974.58,222.11416666666665,MAS109,0,11.506063967241264,0,85.47080894197484,9207575.778359998,1077.0801316666666,0,2025-12-30 00:38:34,750208,0.10751837196156022,0.15621152489021098,0.22150836443327152,0.22072354077427592,0.0,0.0,0.27161050848533447,16.3,LOW,Routine (3+ months),Normal wear and tear,✅ Continue routine maintenance schedule | 📊 Monitor for changes,29011.15,3
7501e9,3,2.0016666666666665,1806.7514357644286,11988.800000000001,255.33366666666666,XAX701,0,2.5307754540729586,0,99.85332205421476,61935.36000000008,28.03702333333328,0,2025-12-30 03:48:37,7501e9,0.18306953080836633,0.25316249299559035,0.04719292945592645,0.0022268369748087435,0.0,0.0,0.0018276190916966448,10.6,LOW,Routine (3+ months),Normal wear and tear,✅ Continue routine maintenance schedule | 📊 Monitor for changes,19518.07,3
750140,2,0.6669444444444445,385.06123116114526,8568.689999999999,184.86,AXM8,0,9.422146918926337,0,83.37770580077483,7862645.565,2715.1285999999996,0,2025-12-30 01:28:36,750140,0.04725833804409272,0.053954882396682405,0.18103513550021186,0.25252160926866907,0.0,0.0,0.23198991755230283,12.0,LOW,Routine (3+ months),Normal wear and tear,✅ Continue routine maintenance schedule | 📊 Monitor for changes,29003.85,3
75006f,1,0.8327777777777778,833.6175192458061,11887.2,279.45166666666665,XAX605,0,4.6762063727998,0,99.3761416859464,89661.11100000012,55.727256666666776,0,2025-12-29 01:44:09,75006f,0.06413227812323348,0.11680670910206162,0.08886086283355751,0.009476080328233771,0.0,0.0,0.0026462107360382295,5.9,LOW,Routine (3+ months),Normal wear and tear,✅ Continue routine maintenance schedule | 📊 Monitor for changes,23508.34,3
75002b,1,0.5,455.2742065271794,11887.2,297.5575,XAX605,0,2.979208177839473,0,99.95265063465531,0.0,2.239824999999968,0,2025-12-30 02:38:38,75002b,0.030271339739966086,0.06379314322904894,0.055902258987422675,0.0007178540001385736,0.0,0.0,6.606395273193111e-08,3.2,LOW,Routine (3+ months),Normal wear and tear,✅ Continue routine maintenance schedule | 📊 Monitor for changes,18504.55,3
744823,1,1.166111111111111,368.5985876898952,10058.4,144.36285714285714,RJA190,0,8.701955791614859,0,62.526339377224566,12014004.359039998,6852.247823809524,0,2025-12-30 02:58:37,744823,0.0980497456189938,0.051648132403307755,0.16704779354012497,0.569292037197803,0.0,0.0,0.35455685273321963,18.9,LOW,Routine (3+ months),"Speed instability, Declining fuel efficiency",✅ Continue routine maintenance schedule | 📊 Monitor for changes | 🔧 Inspect throttle control system | ⛽ Engine performance check needed,43503.69,3
7380cc,1,0.3330555555555555,317.790563353474,11887.2,266.14000000000004,ELY083,0,3.684639984452628,0,99.83377045419348,125438.45880000031,0.8797000000000387,0,2025-12-30 08:18:37,7380cc,0.013284341435839453,0.044528898484034914,0.06960294972691385,0.0025238615716449697,0.0,0.0,0.003699850894328282,2.7,LOW,Routine (3+ months),Normal wear and tear,✅ Continue routine maintenance schedule | 📊 Monitor for changes,18503.18,3
7380c0,2,0.6663888888888889,541.9669548935965,11430.0,261.24333333333334,ELY083,0,1.9109488111957749,0,99.9667238247557,4.963083675318166e-24,6.300916666666669,0,2025-12-29 18:25:18,7380c0,0.04720180893159979,0.07594055424898026,0.035154837231351994,0.0005040564791571889,0.0,0.0,1.858464214099359e-07,3.4,LOW,Routine (3+ months),Normal wear and tear,✅ Continue routine maintenance schedule | 📊 Monitor for changes,19005.42,3
738076,1,0.33249999999999996,233.8904980906756,10363.2,248.02,ELY082,0,1.1417261724094716,0,99.9701802752032,0.0,5.840100000000047,0,2025-12-30 01:38:40,738076,0.013227812323346522,0.032772798965322716,0.020215219560262516,0.00045154666924207554,0.0,0.0,1.7225456915150042e-07,1.4,LOW,Routine (3+ months),Normal wear and tear,✅ Continue routine maintenance schedule | 📊 Monitor for changes,18502.34,3
738075,1,0.3344444444444444,286.55595888421715,10363.2,241.66,ELY082,0,1.4383316954966177,0,99.922707116544,0.0,4.069300000000003,0,2025-12-29 01:34:05,738075,0.013425664217071786,0.04015229737629999,0.02597580549549587,0.0011727508569272516,0.0,0.0,1.200245746217009e-07,1.7,LOW,Routine (3+ months),Normal wear and tear,✅ Continue routine maintenance schedule | 📊 Monitor for changes,18502.87,3
738073,1,0.3333333333333333,311.22242599856764,11277.6,261.56,ELY081,0,1.2237422537848603,0,99.77480547360165,0.0,30.433899999999905,0,2025-12-30 10:08:34,738073,0.013312605992085924,0.04360856932630436,0.021808111964680774,0.0034196475722120256,0.0,0.0,8.97652151863802e-07,1.7,LOW,Routine (3+ months),Normal wear and tear,✅ Continue routine maintenance schedule | 📊 Monitor for changes,18503.11,3
7335b1,2,4.832222222222223,4023.1496363225056,10820.400000000001,241.67115384615386,IRM086,0,8.22391445422845,0,99.6878610030187,47642.58461538467,24.522006184012053,0,2025-12-30 00:58:38,7335b1,0.47108535895986453,0.563724799916808,0.15776341415316664,0.0047404932469360395,0.0,0.0,0.001405947999828236,26.3,LOW,Routine (3+ months),"High flight hours, Extensive mileage",✅ Continue routine maintenance schedule | 📊 Monitor for changes | 🕐 Review airframe hours for scheduled maintenance,19040.23,3
733545,2,0.6658333333333333,530.0682039721553,10515.6,142.46166666666667,IRM050,0,24.57707509030046,1,84.87801486502727,0.0,11104.369916666668,0,2025-12-30 00:28:37,733545,0.04714527981910684,0.07427329809676299,0.4753697290196974,0.22972916801299992,0.0,0.0,0.00032752494917797373,15.6,LOW,Routine (3+ months),Speed instability,✅ Continue routine maintenance schedule | 📊 Monitor for changes | 🔧 Inspect throttle control system,29005.3,3
73348b,1,1.0916666666666666,844.4936204201401,10363.2,223.48125,IRB9775,0,1.4529434527787315,0,99.46897098971128,0.0,126.25524107142851,0,2025-12-29 00:48:39,73348b,0.09047484454494065,0.11833067129899864,0.026259590782473342,0.008065833264292888,0.0,0.0,3.7239160551835698e-06,5.3,LOW,Routine (3+ months),Normal wear and tear,✅ Continue routine maintenance schedule | 📊 Monitor for changes,28508.44,3
728683,1,1.166111111111111,915.9292078604426,10363.2,223.2325,IAW474,0,1.2436587960456962,0,99.90905498621063,12.442371428574043,13.565021428571388,0,2025-12-29 04:44:07,728683,0.0980497456189938,0.12834024486125228,0.02219492523785284,0.0013801517092264515,0.0,0.0,7.670917024299858e-07,5.5,LOW,Routine (3+ months),Normal wear and tear,✅ Continue routine maintenance schedule | 📊 Monitor for changes,18509.16,3
75031a,2,1.8347222222222221,1266.5095355301885,5939.79,133.54222222222222,MAS184,0,24.05015799036081,1,72.55185114809744,13104115.7272,4021.6617888888895,0,2025-12-29 01:24:06,75031a,0.1660825325042397,0.17746365386550886,0.4651360988318519,0.4169861600020943,0.0,0.0,0.3866263520006398,27.1,LOW,Routine (3+ months),Frequent altitude changes,✅ Continue routine maintenance schedule | 📊 Monitor for changes | 🔧 Check pressurization system,34012.67,3
7502db,1,1.091388888888889,969.6602688851436,10668.0,250.37625,MXD206,0,1.6564755943221314,0,99.92185589906218,0.0,27.63911249999993,0,2025-12-28 23:48:41,7502db,0.09044657998869421,0.13586905546078906,0.03021253265536743,0.0011856824087738138,0.0,0.0,8.152195023060049e-07,5.6,LOW,Routine (3+ months),Normal wear and tear,✅ Continue routine maintenance schedule | 📊 Monitor for changes,18509.7,3
7502da,1,0.5019444444444444,388.332509237106,10843.26,225.5775,MXD165,0,8.741332073050263,0,81.93975365616603,10795231.6353,1707.6453583333332,0,2025-12-29 23:38:34,7502da,0.030469191633691352,0.05441325475305563,0.16781254819019914,0.2743667347600559,0.0,0.0,0.31845723942136217,12.5,LOW,Routine (3+ months),Normal wear and tear,✅ Continue routine maintenance schedule | 📊 Monitor for changes,28503.88,3
7502d8,2,1.3672222222222221,1275.6633232987301,10820.4,200.54708333333332,MXD131,0,27.847411317889357,1,73.87948570291388,7362346.9688249985,7670.948077380952,0,2025-12-29 18:03:07,7502d8,0.11851328434143586,0.17874628504872753,0.5388852451168051,0.3968169606546731,0.0,0.0,0.21737971283280214,25.4,LOW,Routine (3+ months),Speed instability,✅ Continue routine maintenance schedule | 📊 Monitor for changes | 🔧 Inspect throttle control system,34012.76,3
7502c2,1,0.5,376.7485268685475,9448.8,233.5825,MXD161,0,8.060630107990352,0,82.28041120330923,10686423.7884,1621.0930249999992,0,2025-12-30 01:08:40,7502c2,0.030271339739966086,0.05279010405440933,0.15459215321846517,0.26919152298765325,0.0,0.0,0.31524538383276796,12.1,LOW,Routine (3+ months),Normal wear and tear,✅ Continue routine maintenance schedule | 📊 Monitor for changes,28503.77,3
75029e,2,0.8319444444444444,550.6631504580498,10519.41,196.33708333333334,MAS7070,0,11.579314854854708,0,73.74028852306716,10681807.6686,5127.912862500001,0,2025-12-29 01:54:09,75029e,0.06404748445449407,0.07715906749053345,0.2229310218016759,0.3989316206405421,0.0,0.0,0.315212664874685,16.7,LOW,Routine (3+ months),Normal wear and tear,✅ Continue routine maintenance schedule | 📊 Monitor for changes,34005.51,3
750281,1,0.3330555555555555,198.45541933667863,9288.78,218.58666666666667,MAS117,0,10.685352985303508,0,84.23501749666079,9221149.2996,1608.2917333333337,0,2025-12-29 00:18:37,750281,0.013284341435839453,0.02780762628064657,0.2055687551831325,0.2394974751539991,0.0,0.0,0.27202652956008294,11.3,LOW,Routine (3+ months),Normal wear and tear,✅ Continue routine maintenance schedule | 📊 Monitor for changes,28501.98,3
75026b,1,0.6680555555555556,437.439423319301,11887.2,242.846,XAX183,0,11.549548716595863,0,75.81236146547981,14893054.084800003,1713.7055299999995,0,2025-12-28 23:48:41,75026b,0.04737139626907859,0.06129412864986192,0.22235291254863365,0.36745303936506735,0.0,0.0,0.4393232664397733,16.8,LOW,Routine (3+ months),Frequent altitude changes,✅ Continue routine maintenance schedule | 📊 Monitor for changes | 🔧 Check pressurization system,33504.37,3
750263,2,1.0591666666666666,534.076309005766,9875.52,178.42249999999996,MAS6244,0,6.555250042395849,0,89.98072582895031,3419447.35464,1467.5244050000003,0,2025-12-29 17:53:07,750263,0.08716789146410402,0.07483491484293579,0.12535510077660467,0.15220964709493767,0.0,0.0,0.10090036447900702,9.5,LOW,Routine (3+ months),Normal wear and tear,✅ Continue routine maintenance schedule | 📊 Monitor for changes,29005.34,3
75025f,1,0.9222222222222223,809.4079803372495,11277.6,252.878,MAS195,0,10.46861620790528,0,85.0080058826145,8656368.49368,1428.0013700000002,0,2025-12-29 00:28:46,75025f,0.07323346523459584,0.11341446205410463,0.20135935672509636,0.22775436648529068,0.0,0.0,0.25536292273354844,14.1,LOW,Routine (3+ months),Normal wear and tear,✅ Continue routine maintenance schedule | 📊 Monitor for changes,28508.09,3
75025d,1,0.8333333333333334,621.5662503936255,12108.18,228.236,MAS164,0,3.347042906886708,0,99.85952711992994,55288.92168000014,29.54542999999996,0,2025-12-29 03:54:07,75025d,0.06418880723572641,0.08709402876162343,0.06304623777981119,0.0021325706671722067,0.0,0.0,0.001631625951294403,4.7,LOW,Routine (3+ months),Normal wear and tear,✅ Continue routine maintenance schedule | 📊 Monitor for changes,18506.22,3
75025b,2,3.3336111111111113,2909.0135825153466,11734.8,235.77225490196076,MAS190,0,16.946876877533576,1,88.51253344470645,3797895.63,2795.0770284313726,0,2025-12-30 01:48:39,75025b,0.3185980780101753,0.4076117589445991,0.32717824542890367,0.17451417718625795,0.0,0.0,0.11210190582649077,26.4,LOW,Routine (3+ months),"High flight hours, Extensive mileage",✅ Continue routine maintenance schedule | 📊 Monitor for changes | 🕐 Review airframe hours for scheduled maintenance,29029.09,3
75025a,1,0.4994444444444444,362.5815974941733,11582.4,241.245,MAS164,0,0.5439950893684568,0,99.97011320178736,0.0,13.012966666666676,0,2025-12-30 03:38:37,75025a,0.03021481062747315,0.05080503013249955,0.008606260852483515,0.00045256563721807197,0.0,0.0,3.838192781886418e-07,2.0,LOW,Routine (3+ months),Normal wear and tear,✅ Continue routine maintenance schedule | 📊 Monitor for changes,18503.63,3
750259,2,1.3327777777777778,1310.6557256948008,11277.6,259.1175,MAS151,0,0.9415012785404542,0,99.83008642955363,0.0,72.68265000000002,1,2025-12-30 02:58:37,750259,0.11500847936687396,0.1836494298040801,0.01632651008681631,0.002579828650154936,0.0,0.0,2.143784962678585e-06,6.9,LOW,Routine (3+ months),Normal wear and tear,✅ Continue routine maintenance schedule | 📊 Monitor for changes,24013.11,3
750257,1,1.4236111111111112,1279.70555376748,11887.2,261.8325,MAS191,0,4.533395245728843,0,99.8627946934036,18878.18805000008,39.78496428571424,0,2025-12-28 23:48:41,750257,0.12425098925946865,0.17931268345997245,0.08608722678849283,0.002082930244260983,0.0,0.0,0.0005579882691727,8.5,LOW,Routine (3+ months),Normal wear and tear,✅ Continue routine maintenance schedule | 📊 Monitor for changes,18512.8,3
750254,2,1.9236111111111112,1630.1614221783466,10972.8,231.96425,MAS115,0,12.228730789514524,0,79.8220585004422,11250515.07957,2045.2616841666668,1,2025-12-30 00:18:35,750254,0.17512719050310913,0.2284186531996846,0.23554378861862624,0.3065384009749108,0.0,0.0,0.3318958465495422,21.6,LOW,Routine (3+ months),Normal wear and tear,✅ Continue routine maintenance schedule | 📊 Monitor for changes,34016.3,3
75046e,3,1.1644444444444444,1039.3748807628572,11785.6,261.47277777777776,MAS159,0,1.640636989819069,0,99.923561573516,1.6543612251060553e-24,21.42547777777773,0,2025-12-30 03:38:37,75046e,0.097880158281515,0.1456374854682708,0.02990491989959532,0.001159770091294643,0.0,0.0,6.319474740973819e-07,6.0,LOW,Routine (3+ months),Normal wear and tear,✅ Continue routine maintenance schedule | 📊 Monitor for changes,19510.39,3
75046c,2,1.6680555555555554,1455.008635407019,12192.0,246.51600000000002,MAS157,0,2.2374776293162197,0,99.81874069097469,37161.216000000044,54.114335,1,2025-12-30 07:58:34,75046c,0.14912379875635956,0.2038761980083354,0.04149658467265081,0.002752191189463793,0.0,0.0,0.0010976713913607892,8.7,LOW,Routine (3+ months),Normal wear and tear,✅ Continue routine maintenance schedule | 📊 Monitor for changes,24014.55,3
750463,1,0.33472222222222214,253.55987204190785,11201.4,221.1833333333333,AXM32,0,10.508488412911134,0,85.5487252765976,10109321.7168,524.4369333333335,0,2025-12-30 00:48:35,750463,0.013453928773318252,0.035528876888708816,0.20213374305807094,0.21953984901231816,0.0,0.0,0.2981913312099579,11.4,LOW,Routine (3+ months),Normal wear and tear,✅ Continue routine maintenance schedule | 📊 Monitor for changes,28502.54,3
75044e,2,0.9997222222222223,906.0863916775432,12039.599999999999,252.85250000000002,MAS20,0,2.2865107941980654,0,99.85800700580805,61935.36000000008,26.52221666666655,0,2025-12-30 00:18:35,75044e,0.08111927642736011,0.12696106683286687,0.04244889249564218,0.002155663983509859,0.0,0.0,0.00182757441226141,5.5,LOW,Routine (3+ months),Normal wear and tear,✅ Continue routine maintenance schedule | 📊 Monitor for changes,19009.06,3
75044d,2,2.3333333333333335,2216.181839701789,12039.599999999999,249.30054545454544,MAS2,0,5.269992320058591,0,99.61323073469109,0.0,161.99933454545447,0,2025-12-29 23:28:38,75044d,0.21681741096664786,0.3105319903803365,0.10039320026516095,0.005874263646170053,0.0,0.0,4.778193108843482e-06,13.7,LOW,Routine (3+ months),Extensive mileage,✅ Continue routine maintenance schedule | 📊 Monitor for changes,29022.16,3
75044c,1,0.8313888888888888,811.9859582759055,12496.8,269.99499999999995,MAS21,0,2.9947518136892257,0,99.83335476417702,3.9704669402545334e-24,66.67614999999996,0,2025-12-28 23:58:46,75044c,0.06399095534200114,0.11377568901035258,0.05620414294806682,0.002530176663986028,0.0,0.0,1.9666224021730307e-06,5.0,LOW,Routine (3+ months),Normal wear and tear,✅ Continue routine maintenance schedule | 📊 Monitor for changes,23508.12,3
75044b,1,0.6663888888888888,577.6615155553542,11582.4,228.842,MAS2,0,1.595502496210071,0,99.71707813774005,111483.64800000012,58.96127000000001,0,2025-12-30 01:08:40,75044b,0.047201808931599774,0.08094208560776929,0.02902833093263437,0.004296631483608482,0.0,0.0,0.0032899649152990313,3.5,LOW,Routine (3+ months),Normal wear and tear,✅ Continue routine maintenance schedule | 📊 Monitor for changes,23505.78,3
75044a,2,2.922222222222222,2552.5738972589934,12043.41,248.31364285714284,MAS20,0,3.679504636120285,0,99.84760869768346,3778.3334571428745,59.805259285714286,1,2025-12-30 00:28:37,75044a,0.27673827020915776,0.3576673351927602,0.06950321248983236,0.002313633319785402,0.0,0.0,0.00011320644011953462,15.5,LOW,Routine (3+ months),Extensive mileage,✅ Continue routine maintenance schedule | 📊 Monitor for changes,24025.53,3
750447,1,1.166111111111111,1060.8603304672629,10668.0,269.3766666666667,MXD706,0,1.5060770882379644,0,99.94316997901063,0.0,24.722706666666607,0,2025-12-29 07:24:06,750447,0.0980497456189938,0.1486480324104944,0.0272915367487133,0.0008618825153260401,0.0,0.0,7.291997029375437e-07,6.0,LOW,Routine (3+ months),Normal wear and tear,✅ Continue routine maintenance schedule | 📊 Monitor for changes,18510.61,3
750425,1,0.33416666666666667,267.9993842323521,10363.2,223.10666666666663,MXD186,0,1.5278550353972378,0,99.875027271858,0.0,43.45023333333329,0,2025-12-29 18:45:15,750425,0.013397399660825326,0.037552145187497485,0.027714501684761056,0.0018970949837333606,0.0,0.0,1.2815707303582863e-06,1.7,LOW,Routine (3+ months),Normal wear and tear,✅ Continue routine maintenance schedule | 📊 Monitor for changes,18502.68,3
750423,3,1.2575,1020.9714739075451,10464.8,236.4372222222222,MXD713,0,1.68338973218214,0,99.96145894537558,1.6543612251060553e-24,16.77903333333335,0,2025-12-29 08:24:06,750423,0.10734878462408144,0.1430587951919674,0.030735251188729818,0.0005840396351940447,0.0,0.0,4.948999430852171e-07,6.2,LOW,Routine (3+ months),Normal wear and tear,✅ Continue routine maintenance schedule | 📊 Monitor for changes,19510.21,3
750422,1,2.165833333333333,2209.583076837905,11277.6,229.56500000000003,MXD756,0,24.912109206044462,1,81.70922263277384,80597.2156219781,7476.657196153845,0,2025-12-29 02:14:08,750422,0.19977388355002826,0.30960736996812094,0.4818766638700346,0.27786892303143973,0.0,0.0,0.0025977512398402836,25.0,LOW,Routine (3+ months),"Speed instability, Extensive mileage",✅ Continue routine maintenance schedule | 📊 Monitor for changes | 🔧 Inspect throttle control system,28522.1,3
750421,2,0.8333333333333334,709.213743312446,10820.4,242.39375,MXD713,0,0.897496217696704,0,99.95275639793152,2.481541837659083e-24,20.570262500000055,0,2025-12-30 07:58:34,750421,0.06418880723572641,0.09937521884284446,0.015471856633511883,0.0007162472623553073,0.0,0.0,6.067227794508223e-07,3.9,LOW,Routine (3+ months),Normal wear and tear,✅ Continue routine maintenance schedule | 📊 Monitor for changes,19007.09,3
750419,1,1.0888888888888888,1022.0208280281028,11277.6,258.46428571428567,AXM18,0,2.0470943753354165,0,99.59497995968432,88498.44051428582,11.816495238095252,0,2025-12-28 23:58:46,750419,0.09019219898247598,0.14320583097117695,0.03779901665783152,0.006151526329655432,0.0,0.0,0.0026106224528114224,6.0,LOW,Routine (3+ months),Normal wear and tear,✅ Continue routine maintenance schedule | 📊 Monitor for changes,18510.22,3
7503e6,1,0.49916666666666665,418.1430146259488,10668.0,270.5725,9MIII,0,0.6855251318300475,0,99.99742165007248,0.0,1.1226250000000098,0,2025-12-29 17:43:10,7503e6,0.030186546071226686,0.05859031071787066,0.011355016046019396,3.770031503036453e-05,0.0,0.0,3.311198193416265e-08,2.2,LOW,Routine (3+ months),Normal wear and tear,✅ Continue routine maintenance schedule | 📊 Monitor for changes,18504.18,3
7503b1,1,1.091388888888889,994.0928503788306,10066.02,253.63,AXM14,0,2.0021695021600805,0,99.90958562290253,16.589828571432058,38.1698,0,2025-12-28 23:48:41,7503b1,0.09044657998869421,0.1392925552952545,0.03692649887777674,0.0013720903664562467,0.0,0.0,1.6151429301669742e-06,5.8,LOW,Routine (3+ months),Normal wear and tear,✅ Continue routine maintenance schedule | 📊 Monitor for changes,18509.94,3
750583,2,0.9227777777777777,758.3429837124072,10340.34,248.11,MXD216,0,5.970040899311768,0,95.267994650779,2318056.6542,658.9587249999997,0,2025-12-29 02:04:07,750583,0.07328999434708876,0.10625922110925003,0.1139893395334142,0.07188635445089264,0.0,0.0,0.06839084243236415,8.0,LOW,Routine (3+ months),Normal wear and tear,✅ Continue routine maintenance schedule | 📊 Monitor for changes,29007.58,3
750582,1,1.9991666666666668,1700.802149783739,10668.0,233.67916666666665,MXD206,0,18.512075695757662,0,72.9118286306242,7863485.387367273,7096.56962651515,0,2025-12-30 01:38:40,750582,0.18281514980214816,0.23831685078990106,0.35757708023231494,0.4115174430428036,0.0,0.0,0.23214391944890106,25.0,LOW,Routine (3+ months),Speed instability,✅ Continue routine maintenance schedule | 📊 Monitor for changes | 🔧 Inspect throttle control system,33517.01,3
750581,2,1.333888888888889,536.9607391480332,9467.85,145.9225,MXD215,0,22.749503643599436,0,68.03706037436692,8686724.562,9778.797058333332,0,2025-12-30 01:28:36,750581,0.11512153759185985,0.07523908196367701,0.4398751695727825,0.48557409694371645,0.0,0.0,0.2565045871199393,23.0,LOW,Routine (3+ months),"Speed instability, Declining fuel efficiency",✅ Continue routine maintenance schedule | 📊 Monitor for changes | 🔧 Inspect throttle control system | ⛽ Engine performance check needed,44005.37,3
750574,1,2.0897222222222225,599.1948171029403,8534.4,98.39,MXD161,0,46.59697246878228,1,44.29177498643736,8297627.27568,12711.262766666665,0,2025-12-29 00:08:45,750574,0.19202939513849637,0.08395933756302025,0.9030337516363462,0.8463084517502419,0.0,0.0,0.24511460153819778,39.7,LOW,Routine (3+ months),"Speed instability, Declining fuel efficiency",✅ Continue routine maintenance schedule | 📊 Monitor for changes | 🔧 Inspect throttle control system | ⛽ Engine performance check needed,62505.99,3
750573,1,1.166388888888889,1095.6050684939732,11277.6,261.87600000000003,MXD706,0,1.7449999142769288,0,99.77747702036464,0.0,96.84223000000004,0,2025-12-30 09:28:35,750573,0.09807801017524027,0.15351647436836624,0.03193182617070724,0.003379061886163548,0.0,0.0,2.8563751655486007e-06,6.2,LOW,Routine (3+ months),Normal wear and tear,✅ Continue routine maintenance schedule | 📊 Monitor for changes,23510.96,3
750562,2,1.1658333333333333,849.9899506560371,10363.2,203.55675,AXM94,0,6.0211368885176775,0,98.82836322133974,776116.3509900004,19.131952499999976,0,2025-12-29 17:43:10,750562,0.09802148106274733,0.11910081855738894,0.11498171092860199,0.01779783800680168,0.0,0.0,0.022892224999135465,7.6,LOW,Routine (3+ months),Normal wear and tear,✅ Continue routine maintenance schedule | 📊 Monitor for changes,24008.5,3
750556,3,2.1666666666666665,1601.5289292613024,10126.98,205.12714285714287,MAS117,0,5.172924809474954,0,90.64546661741748,4918099.841200001,1141.863518095238,0,2025-12-30 09:38:37,750556,0.19985867721876768,0.22440666065656503,0.09850798339388937,0.14211101759759825,0.0,0.0,0.14509372449072813,15.0,LOW,Routine (3+ months),Normal wear and tear,✅ Continue routine maintenance schedule | 📊 Monitor for changes,29516.02,3
750555,1,0.33083333333333337,309.91844792793006,10668.0,267.0233333333333,MAS119D,0,1.555277395261209,0,99.8995441490901,0.0,1.951633333333353,0,2025-12-29 15:51:45,750555,0.013058224985867726,0.04342585557130766,0.028247090757611483,0.0015246387362843894,0.0,0.0,5.756369907622141e-08,1.8,LOW,Routine (3+ months),Normal wear and tear,✅ Continue routine maintenance schedule | 📊 Monitor for changes,18503.1,3
750552,1,0.8333333333333334,625.2724741559866,10363.2,206.14666666666668,MAS118D,0,3.110239002838864,0,98.8833047005933,3.9704669402545334e-24,229.80950666666664,0,2025-12-30 09:48:34,750552,0.06418880723572641,0.08761334582356442,0.05844710144253684,0.01696317635726341,0.0,0.0,6.778263652640402e-06,4.8,LOW,Routine (3+ months),Normal wear and tear,✅ Continue routine maintenance schedule | 📊 Monitor for changes,28506.25,3
750550,1,0.3344444444444444,271.95949084334126,10058.4,246.2266666666667,MAS197,0,7.884105740180894,0,92.86268246034716,4872203.1588,329.2069333333339,0,2025-12-28 23:48:41,750550,0.013425664217071786,0.038107036381892556,0.1511637484475589,0.1084274499546245,0.0,0.0,0.1437160259817691,7.2,LOW,Routine (3+ months),Normal wear and tear,✅ Continue routine maintenance schedule | 📊 Monitor for changes,28502.72,3
75054f,1,1.3325,770.2602002811061,10668.0,132.63000000000002,MAS197,0,39.33873375525079,0,52.73166988651983,12925713.319028571,12912.2787,0,2025-12-29 23:28:38,75054f,0.11498021481062749,0.10792906467288539,0.7620663569211407,0.7180909975618928,0.0,0.0,0.3816265779266266,34.9,LOW,Routine (3+ months),"Frequent altitude changes, Speed instability, Declining fuel efficiency",✅ Continue routine maintenance schedule | 📊 Monitor for changes | 🔧 Check pressurization system | 🔧 Inspect throttle control system | ⛽ Engine performance check needed,62507.7,3
750543,1,1.0,725.2030200787616,10972.8,210.99714285714285,XAX122,0,1.2783912489820466,0,99.76774293406424,3.8601761919141294e-24,15.804923809523762,0,2025-12-29 15:51:45,750543,0.08114754098360658,0.1016156405672884,0.022869488805647594,0.0035269404769591173,0.0,0.0,4.6616844596527194e-07,4.6,LOW,Routine (3+ months),Normal wear and tear,✅ Continue routine maintenance schedule | 📊 Monitor for changes,18507.25,3
750525,2,1.1675,663.3995189283459,7494.27,146.72833333333335,XAX182,0,30.357862980474728,1,65.95993578182359,8751568.94844,7008.779060000002,0,2025-12-30 02:38:38,750525,0.09819106840022614,0.09295571750461477,0.5876425048874652,0.5171294220325768,0.0,0.0,0.25833547932919443,26.4,LOW,Routine (3+ months),"Speed instability, Declining fuel efficiency",✅ Continue routine maintenance schedule | 📊 Monitor for changes | 🔧 Inspect throttle control system | ⛽ Engine performance check needed,53006.63,3
7504fe,1,0.4997222222222222,384.6063919527038,10058.4,243.42,AXM70,0,9.804560691448271,0,88.52420641373652,7525934.9481,706.9813999999998,0,2025-12-29 23:28:38,7504fe,0.030243075183719617,0.05389115020550113,0.18846226422155443,0.17433684341734568,0.0,0.0,0.22199936006637383,10.4,LOW,Routine (3+ months),Normal wear and tear,✅ Continue routine maintenance schedule | 📊 Monitor for changes,28503.85,3
7504af,2,1.5,1290.7175349695538,10976.61,246.22357142857146,AXM64,0,4.941161914696531,0,98.74231800074335,734077.7945142856,110.35569523809527,0,2025-12-29 23:28:38,7504af,0.13202374222724705,0.18085568520263223,0.09400675206793971,0.019105022428000606,0.0,0.0,0.021654982532915118,9.3,LOW,Routine (3+ months),Normal wear and tear,✅ Continue routine maintenance schedule | 📊 Monitor for changes,29012.91,3
750492,1,0.33472222222222214,205.247363763102,10355.58,197.27666666666667,AXM36,0,13.799285501499543,0,74.21371995481675,15217924.402799996,2545.905733333333,0,2025-12-30 00:48:35,750492,0.013453928773318252,0.028759315344921946,0.2660466440280893,0.39173933049590015,0.0,0.0,0.44892990792616433,16.6,LOW,Routine (3+ months),Frequent altitude changes,✅ Continue routine maintenance schedule | 📊 Monitor for changes | 🔧 Check pressurization system,33502.05,3
76b453,1,0.9997222222222221,911.7596536921176,11277.6,254.3628571428572,SIA441,0,5.948593159390555,0,98.94109665669166,683243.7948000004,40.57329047619045,0,2025-12-29 23:28:38,76b453,0.0811192764273601,0.1277560058192688,0.11357278778600663,0.016085210746172196,0.0,0.0,0.02015356833502497,7.3,LOW,Routine (3+ months),Normal wear and tear,✅ Continue routine maintenance schedule | 📊 Monitor for changes,23509.12,3
76b452,2,0.6683333333333333,206.15250258471943,8119.11,177.33666666666667,SIA535,0,16.128490543957078,1,69.06345257450597,15414665.9448,2323.9489666666664,0,2025-12-30 07:58:34,76b452,0.047399660825325055,0.0288861436379853,0.3112837848210247,0.46998132043896135,0.0,0.0,0.4547262806739255,19.6,LOW,Routine (3+ months),"Frequent altitude changes, Declining fuel efficiency",✅ Continue routine maintenance schedule | 📊 Monitor for changes | 🔧 Check pressurization system | ⛽ Engine performance check needed,44002.06,3
76b451,1,1.2569444444444444,1035.5463410239636,11285.22,235.0655555555556,SIA441,0,8.1299191281976,0,96.58635531525933,2412112.917700001,63.87247777777784,0,2025-12-28 23:48:41,76b451,0.1072922555115885,0.14510102945907943,0.1559378643539746,0.05185804247510306,0.0,0.0,0.07114749297260649,10.2,LOW,Routine (3+ months),Normal wear and tear,✅ Continue routine maintenance schedule | 📊 Monitor for changes,28510.36,3
76b449,1,0.33249999999999996,72.71992471831089,7307.58,180.25666666666663,SIA762,0,20.493536655395232,0,78.54938503785723,13750598.3052,1502.145633333333,0,2025-12-29 08:14:07,76b449,0.013227812323346522,0.010189535244149435,0.39606043690247544,0.32587264071575417,0.0,0.0,0.4056201328892367,17.4,LOW,Routine (3+ months),Frequent altitude changes,✅ Continue routine maintenance schedule | 📊 Monitor for changes | 🔧 Check pressurization system,33500.73,3
760a05,1,0.8325,320.7299610386825,11285.22,227.50833333333333,FJL503,0,11.00678594876847,1,84.54499811040986,88430.14571999983,1321.0410166666672,0,2025-12-29 03:34:08,760a05,0.06410401356698701,0.04494076767155158,0.2118115324220196,0.2347883021591718,0.0,0.0,0.0026472238492765915,10.3,LOW,Routine (3+ months),Normal wear and tear,✅ Continue routine maintenance schedule | 📊 Monitor for changes,28503.21,3
7609f1,1,0.3330555555555555,186.13940464893068,11887.2,228.0566666666667,FJL513,0,10.394049368391627,0,93.98593404607472,19.354800000004065,1765.7096333333338,0,2025-12-29 02:54:07,7609f1,0.013284341435839453,0.026081903018220387,0.1999111413228129,0.09136320206528092,0.0,0.0,5.2650725992962266e-05,6.2,LOW,Routine (3+ months),Normal wear and tear,✅ Continue routine maintenance schedule | 📊 Monitor for changes,28501.86,3
7609ee,1,0.5363888888888888,371.2574428625807,10378.44,153.77,PIA305,0,31.105554571944467,0,53.069169381978746,20775727.8033,8525.387,0,2025-12-29 17:53:07,7609ee,0.033973996608253246,0.05202069189915588,0.6021639528392194,0.7129637623759224,0.0,0.0,0.613034464894573,30.8,LOW,Routine (3+ months),"Frequent altitude changes, Speed instability, Declining fuel efficiency",✅ Continue routine maintenance schedule | 📊 Monitor for changes | 🔧 Check pressurization system | 🔧 Inspect throttle control system | ⛽ Engine performance check needed,62503.71,3
7609b6,1,1.1669444444444443,227.978505382344,10675.62,221.92375,PIA248,0,8.275726639792703,1,83.304478296795,12.442371428574043,608.6564839285717,0,2025-12-29 05:24:05,7609b6,0.09813453928773319,0.03194440897044789,0.1587696953050771,0.25363406910946285,0.0,0.0,1.8319397909288257e-05,10.1,LOW,Routine (3+ months),Normal wear and tear,✅ Continue routine maintenance schedule | 📊 Monitor for changes,28502.28,3
760970,1,0.36972222222222223,113.47526249726332,5486.4,114.9875,APBKP,0,17.269176917608537,1,77.79998204794992,6648659.283299997,3983.227225,0,2025-12-29 18:03:07,760970,0.017015262860373095,0.015900184042184885,0.333437862776742,0.3372574440414583,0.0,0.0,0.19622062453886582,14.4,LOW,Routine (3+ months),Normal wear and tear,✅ Continue routine maintenance schedule | 📊 Monitor for changes,33501.13,3
758773,3,2.1666666666666665,2054.6209919249245,11203.94,244.77301587301588,CEB014,0,3.545073570356989,0,99.95218843679898,7191.690685714247,1.4288484126984133,0,2025-12-30 02:48:39,758773,0.19985867721876768,0.2878940413055281,0.06689233155061619,0.0007248756317076444,0.0,0.0,0.00021216207020535065,12.1,LOW,Routine (3+ months),Normal wear and tear,✅ Continue routine maintenance schedule | 📊 Monitor for changes,19520.55,3
75875f,4,3.6691666666666665,3322.428217632538,11582.4,248.5575,CEB018,0,2.7193141038295314,0,99.84477125923911,48627.552514285766,13.333436785714325,0,2025-12-30 02:08:35,75875f,0.35274166195590734,0.46553952786475983,0.05085467210566293,0.002356739204166347,0.0,0.0,0.00143466975782076,19.2,LOW,Routine (3+ months),"High flight hours, Extensive mileage",✅ Continue routine maintenance schedule | 📊 Monitor for changes | 🕐 Review airframe hours for scheduled maintenance,20033.22,3
75833b,2,1.4983333333333335,1489.971999517842,11734.8,249.84964285714287,PAL654,0,2.467290598291166,0,99.88053481339782,1.9300880959570647e-24,5.701397619047613,0,2025-12-30 02:18:37,75833b,0.13185415488976826,0.2087752739114153,0.045959945108532956,0.0018134253452566362,0.0,0.0,1.6816352295858444e-07,8.4,LOW,Routine (3+ months),Normal wear and tear,✅ Continue routine maintenance schedule | 📊 Monitor for changes,19014.9,3
758337,1,1.166388888888889,1186.004719492778,11277.6,284.78,PAL655,0,2.711136968627182,0,99.85620729598256,0.0,40.00279999999989,0,2025-12-29 03:04:06,758337,0.09807801017524027,0.16618329757368766,0.05069585817142841,0.0021830048704325478,0.0,0.0,1.1798882003482075e-06,6.8,LOW,Routine (3+ months),Normal wear and tear,✅ Continue routine maintenance schedule | 📊 Monitor for changes,18511.86,3
758308,2,2.3330555555555557,2418.8456224523466,11582.400000000001,291.11250000000007,PAL685,0,3.133591472929638,0,99.82764448352773,0.0,36.37474285714291,1,2025-12-30 08:28:35,758308,0.2167891464104014,0.33892929366480307,0.058900646303595774,0.0026169262806837734,0.0,0.0,1.0728781457258814e-06,13.4,LOW,Routine (3+ months),Extensive mileage,✅ Continue routine maintenance schedule | 📊 Monitor for changes,19024.19,3
7582f5,4,3.1858333333333335,2965.9044300791857,11652.885000000002,252.62139583333334,PAL658,0,3.966195001392471,0,99.86775665027889,23516.514026785753,8.972218958333318,0,2025-12-30 01:38:40,7582f5,0.3035613340870549,0.4155833196766375,0.07507122912271427,0.0020075490356233905,0.0,0.0,0.0006938875185938878,17.4,LOW,Routine (3+ months),"High flight hours, Extensive mileage",✅ Continue routine maintenance schedule | 📊 Monitor for changes | 🕐 Review airframe hours for scheduled maintenance,20029.66,3
750591,1,0.5,397.19867245561744,10363.2,221.5475,MAS170,0,0.7681816396240265,0,99.3412845744883,0.0,95.82069166666685,0,2025-12-30 10:08:34,750591,0.030271339739966086,0.055655583907621646,0.012960346625496177,0.010005623663124519,0.0,0.0,2.826244749035176e-06,2.3,LOW,Routine (3+ months),Normal wear and tear,✅ Continue routine maintenance schedule | 📊 Monitor for changes,23503.97,3
76cce6,1,0.9997222222222221,924.939946347779,12496.8,270.3183333333333,SIA23,0,3.665626250124928,0,99.61305132514606,3.9704669402545334e-24,147.01749666666677,0,2025-12-29 23:28:38,76cce6,0.0811192764273601,0.12960283194104075,0.06923367052602644,0.005876989205598537,0.0,0.0,4.3363016979244585e-06,6.1,LOW,Routine (3+ months),Normal wear and tear,✅ Continue routine maintenance schedule | 📊 Monitor for changes,28509.25,3
76cce3,1,0.663888888888889,588.0670585848538,12496.8,266.62,SIA23,0,2.4137041736443225,0,99.75988903946144,0.0,50.86745000000007,0,2025-12-28 23:58:46,76cce3,0.04694742792538159,0.0824001130719658,0.04491920520279171,0.003646255513858998,0.0,0.0,1.5003425769396811e-06,3.8,LOW,Routine (3+ months),Normal wear and tear,✅ Continue routine maintenance schedule | 📊 Monitor for changes,23505.88,3
76cce1,1,0.5002777777777777,486.8542187945301,12496.8,318.6775,SIA21,0,6.012644183056017,0,99.81643480903465,0.0,49.11769166666678,0,2025-12-29 09:44:08,76cce1,0.03029960429621255,0.06821814296956456,0.11481676808085824,0.0027872217574402836,0.0,0.0,1.448733209321392e-06,4.5,LOW,Routine (3+ months),Normal wear and tear,✅ Continue routine maintenance schedule | 📊 Monitor for changes,18504.87,3
76cccb,1,0.9991666666666668,984.659632302374,11277.6,271.718,SIA7343,0,1.224504322324532,0,99.93521867672068,0.0,27.65767,0,2025-12-30 04:48:37,76cccb,0.08106274731486718,0.1379707702627736,0.021822912637526053,0.0009826773533150313,0.0,0.0,8.157668583730313e-07,5.2,LOW,Routine (3+ months),Normal wear and tear,✅ Continue routine maintenance schedule | 📊 Monitor for changes,18509.85,3
76cc81,3,3.1655555555555552,2402.945503592448,11074.4,227.19355555555555,SIA402,0,10.66379877006088,0,81.0584051306317,9698780.6024,2641.1307704761907,0,2025-12-29 10:14:09,76cc81,0.30149802148106275,0.33670136476998247,0.20515013550309644,0.2877560323205698,0.0,0.0,0.28614479560354605,25.6,LOW,Routine (3+ months),"High flight hours, Extensive mileage",✅ Continue routine maintenance schedule | 📊 Monitor for changes | 🕐 Review airframe hours for scheduled maintenance,29524.03,3
76cc76,1,0.6666666666666666,338.5566067845487,10972.8,142.16400000000002,SIA422,0,30.410501460169755,0,50.94988097880959,20416565.6184,9167.99123,0,2025-12-30 09:48:34,76cc76,0.04723007348784625,0.047438642027391384,0.5886648340829136,0.7451596329361809,0.0,0.0,0.6024598795448894,31.1,LOW,Routine (3+ months),"Frequent altitude changes, Speed instability, Declining fuel efficiency",✅ Continue routine maintenance schedule | 📊 Monitor for changes | 🔧 Check pressurization system | 🔧 Inspect throttle control system | ⛽ Engine performance check needed,62503.39,3
76cc71,1,0.3330555555555555,299.39251805891706,8839.2,247.1233333333333,SIA447,0,9.471709444916929,0,88.20878944280315,7636765.371600002,780.6545333333333,0,2025-12-29 00:18:37,76cc71,0.013284341435839453,0.041950959471054323,0.18199772442021708,0.17912860462997426,0.0,0.0,0.2252704919618399,9.8,LOW,Routine (3+ months),Normal wear and tear,✅ Continue routine maintenance schedule | 📊 Monitor for changes,28502.99,3
76cc6c,3,2.4980555555555553,1599.7158386533865,10462.26,192.44355555555558,SIA402,0,14.024823508929572,0,73.27643305964595,12074347.14158,4577.455578888889,0,2025-12-30 10:08:34,76cc6c,0.23357829282080272,0.22415260991707708,0.27042697740805893,0.40597843429584524,0.0,0.0,0.35626957625675054,25.4,LOW,Routine (3+ months),Normal wear and tear,✅ Continue routine maintenance schedule | 📊 Monitor for changes,34516.0,3
76cc6a,1,0.5,386.9236776328351,9867.9,236.79,SIA447,0,12.592657694295458,0,74.73386298668392,14599804.671299996,2654.429533333333,0,2025-12-29 23:58:37,76cc6a,0.030271339739966086,0.054215848892964366,0.24261187078821586,0.383837405631982,0.0,0.0,0.43070158061787145,16.8,LOW,Routine (3+ months),Frequent altitude changes,✅ Continue routine maintenance schedule | 📊 Monitor for changes | 🔧 Check pressurization system,33503.87,3
76cc61,1,0.5002777777777777,256.27723259263803,10972.8,150.94000000000003,SIA422,0,7.822051545269488,0,60.21690714295519,17637661.4988,6987.139266666666,0,2025-12-29 09:44:08,76cc61,0.03029960429621255,0.03590963417373052,0.14995854997819713,0.604376540642939,0.0,0.0,0.5204313879864656,18.7,LOW,Routine (3+ months),"Frequent altitude changes, Speed instability, Declining fuel efficiency",✅ Continue routine maintenance schedule | 📊 Monitor for changes | 🔧 Check pressurization system | 🔧 Inspect throttle control system | ⛽ Engine performance check needed,43502.56,3
76bcce,1,2.499722222222222,1799.2471418533812,12192.0,202.71769230769235,TGW60,0,11.613098747086992,0,99.3122851007722,170707.8471692309,173.75310256410242,0,2025-12-30 03:48:37,76bcce,0.23374788015828155,0.25211098933156334,0.22358716270021728,0.010446178757316904,0.0,0.0,0.00504017678305795,15.6,LOW,Routine (3+ months),Normal wear and tear,✅ Continue routine maintenance schedule | 📊 Monitor for changes,28517.99,3
76bccc,2,2.1652777777777783,1641.4436723965027,11277.599999999999,217.8714285714286,TGW50,0,2.419226974496784,0,99.55692106436203,76018.18897714274,94.41074190476175,0,2025-12-29 05:14:08,76bccc,0.1997173544375354,0.22999952510895197,0.0450264674296803,0.006729710622850549,0.0,0.0,0.0022449518110314952,10.6,LOW,Routine (3+ months),Normal wear and tear,✅ Continue routine maintenance schedule | 📊 Monitor for changes,24016.41,3
76bccb,2,1.7030555555555555,1524.393278394584,12039.599999999999,253.01607142857142,TGW596,0,2.620380778525621,0,99.84719164937658,38343.58690714286,44.39616190476188,0,2025-12-30 05:28:36,76bccb,0.1526851328434144,0.21359839268693492,0.048933217925242536,0.0023199690470443457,0.0,0.0,0.0011322589483320213,9.1,LOW,Routine (3+ months),Normal wear and tear,✅ Continue routine maintenance schedule | 📊 Monitor for changes,19015.24,3
76bcc8,1,1.8586111111111114,2025.432686051633,11887.2,241.79,TGW513,0,43.91536312151675,1,66.04542436727405,2912652.8843600014,14396.231733333336,0,2025-12-29 16:11:36,76bcc8,0.16851328434143592,0.28380416810275744,0.8509523172487963,0.5158306939182594,0.0,0.0,0.08633372448724054,35.5,LOW,Routine (3+ months),"Speed instability, Declining fuel efficiency",✅ Continue routine maintenance schedule | 📊 Monitor for changes | 🔧 Inspect throttle control system | ⛽ Engine performance check needed,52520.25,3
76b864,1,0.3336111111111111,205.7468388500037,8839.2,167.09666666666666,TGW531,0,11.566681378371356,0,71.13240123517562,16550812.059600005,3135.4724333333334,0,2025-12-29 23:48:40,76b864,0.01334087054833239,0.028829301927296366,0.22268565810721186,0.4385502027226892,0.0,0.0,0.4882610057853331,16.8,LOW,Routine (3+ months),Frequent altitude changes,✅ Continue routine maintenance schedule | 📊 Monitor for changes | 🔧 Check pressurization system,33502.06,3
76b863,1,0.3344444444444444,250.158415317522,8633.46,198.25666666666663,TGW531,0,12.442821595460982,0,78.4508280077437,11294048.379599998,2905.2104333333336,0,2025-12-28 23:48:41,76b863,0.013425664217071786,0.03505226386540282,0.23970179779108386,0.3273699024285035,0.0,0.0,0.33320523165282645,14.1,LOW,Routine (3+ months),Normal wear and tear,✅ Continue routine maintenance schedule | 📊 Monitor for changes,33502.5,3
76cda2,1,2.0891666666666664,2096.292439972556,12496.8,279.7407142857142,SIA301,0,8.361337312305881,0,99.74872968854211,3.563239561766888e-24,108.92009945054949,0,2025-12-28 23:58:46,76cda2,0.19197286602600339,0.293733055718715,0.16043240080985754,0.0038157864834041932,0.0,0.0,3.212613620108017e-06,13.9,LOW,Routine (3+ months),Extensive mileage,✅ Continue routine maintenance schedule | 📊 Monitor for changes,28520.96,3
76cda1,1,0.8333333333333334,653.2072230835017,11582.4,237.76,SIA392,0,0.7770249941731152,0,99.9625706403904,0.0,16.2258666666667,0,2025-12-29 03:14:06,76cda1,0.06418880723572641,0.09152757029279998,0.01313209967751468,0.0005671509527731544,0.0,0.0,4.785842146155618e-07,3.7,LOW,Routine (3+ months),Normal wear and tear,✅ Continue routine maintenance schedule | 📊 Monitor for changes,18506.53,3
76cd7a,1,0.3344444444444444,393.6282349250471,11887.2,327.30333333333334,SIA325,0,5.680578439145876,0,99.91575424306365,4.963083675318166e-24,30.3452333333333,0,2025-12-29 08:44:04,76cd7a,0.013425664217071786,0.05515529324869004,0.10836748408226077,0.0012783777335055868,0.0,0.0,8.950369160862032e-07,3.6,LOW,Routine (3+ months),Normal wear and tear,✅ Continue routine maintenance schedule | 📊 Monitor for changes,18503.94,3
76cd79,2,2.4991666666666665,2405.343635099484,11129.01,259.543,SIA317,0,4.928366778211136,0,99.68028744567877,2.419349999999353,133.47652409090904,0,2025-12-29 23:28:38,76cd79,0.23369135104578861,0.33703739159627116,0.09375824866008003,0.004855549447608021,0.0,0.0,4.0082678791451834e-06,14.5,LOW,Routine (3+ months),Extensive mileage,✅ Continue routine maintenance schedule | 📊 Monitor for changes,29024.05,3
76cd76,2,0.663611111111111,479.90222639848866,9502.14,209.62000000000003,SIA423,0,17.95259449977976,0,64.25068202839962,14056878.3378,7144.427083333336,0,2025-12-29 23:58:37,76cd76,0.046919163369135104,0.06724402794110544,0.34671099967173513,0.5430961156253797,0.0,0.0,0.4148203253200892,21.7,LOW,Routine (3+ months),"Frequent altitude changes, Speed instability, Declining fuel efficiency",✅ Continue routine maintenance schedule | 📊 Monitor for changes | 🔧 Check pressurization system | 🔧 Inspect throttle control system | ⛽ Engine performance check needed,44004.8,3
76cd72,2,1.3341666666666667,1033.0110857310387,9448.8,221.85416666666663,SIA322,0,2.0343897915622335,0,99.88444999777782,49548.28800000004,20.0766883333333,0,2025-12-30 01:58:37,76cd72,0.11514980214810631,0.14474578881134442,0.03755227193832983,0.0017539465271166899,0.0,0.0,0.0014620258733469022,6.6,LOW,Routine (3+ months),Normal wear and tear,✅ Continue routine maintenance schedule | 📊 Monitor for changes,19010.33,3
76cd71,2,2.7008333333333336,2381.5273059574315,12039.6,238.44619047619048,SIA403,0,14.558220455843715,0,83.46774594609674,8004934.105307143,2606.8753434523815,0,2025-12-30 00:08:41,76cd71,0.2542114188807236,0.33370024120565617,0.28078645729335844,0.2511537346275037,0.0,0.0,0.2361835450737043,24.8,LOW,Routine (3+ months),Extensive mileage,✅ Continue routine maintenance schedule | 📊 Monitor for changes,29023.82,3
76cd70,1,0.3330555555555555,332.8975748076848,11277.6,321.41,SIA319,0,5.507962268368551,0,99.95764984795288,0.0,8.569599999999987,0,2025-12-29 09:34:05,76cd70,0.013284341435839453,0.04664569695766823,0.10501498317390265,0.0006419067982423865,0.0,0.0,2.5276155473376894e-07,3.4,LOW,Routine (3+ months),Normal wear and tear,✅ Continue routine maintenance schedule | 📊 Monitor for changes,18503.33,3
76cd6e,2,1.6675,1794.4180772551317,11887.2,286.4738888888889,SIA319,0,4.634348471085493,0,99.86240368683002,20645.120000000028,45.837943055555414,1,2025-12-30 09:18:35,76cd6e,0.1490672696438666,0.25143433951226357,0.08804791087843507,0.0020888703499173378,0.0,0.0,0.0006102827084832154,10.6,LOW,Routine (3+ months),Normal wear and tear,✅ Continue routine maintenance schedule | 📊 Monitor for changes,19017.94,3
76cd6d,2,2.424166666666667,2394.908796830741,11887.2,289.52952380952377,SIA317,0,5.759235017307714,0,99.84725994507761,49003.80131868137,30.714206776556836,1,2025-12-30 08:38:36,76cd6d,0.22605992085924256,0.33557525927533954,0.10989512919539489,0.0023189315103188113,0.0,0.0,0.0014462799173627586,14.6,LOW,Routine (3+ months),Extensive mileage,✅ Continue routine maintenance schedule | 📊 Monitor for changes,19023.95,3
76cd48,1,2.8325,2197.7431177089065,11582.4,217.85230769230768,SIA352,0,11.414012218519415,0,99.30913333059117,28585.5507692308,234.5414192307694,0,2025-12-29 01:44:09,76cd48,0.26760881854154894,0.30794835173753904,0.21972056222553948,0.010494059916215548,0.0,0.0,0.0008500526639663585,17.4,LOW,Routine (3+ months),Extensive mileage,✅ Continue routine maintenance schedule | 📊 Monitor for changes,28521.98,3
76cd43,1,0.4986111111111111,476.07130042149095,11582.4,249.66,SIA328,0,0.4849816023684014,0,99.91464348905942,0.0,37.16500000000007,0,2025-12-30 01:38:40,76cd43,0.030130016958733755,0.06670723757159455,0.007460118125054554,0.0012952521202530543,0.0,0.0,1.0961868910661587e-06,2.3,LOW,Routine (3+ months),Normal wear and tear,✅ Continue routine maintenance schedule | 📊 Monitor for changes,18504.76,3
76cd02,1,0.9994444444444445,543.1000056479113,11887.2,171.69142857142856,SIA517,0,38.83460897224336,0,49.48692577749591,15606822.334680002,14909.15604761905,0,2025-12-28 23:48:41,76cd02,0.08109101187111364,0.07609931762283167,0.7522753924631325,0.7673846006312419,0.0,0.0,0.46076516281154284,34.7,LOW,Routine (3+ months),"Frequent altitude changes, Speed instability, Declining fuel efficiency",✅ Continue routine maintenance schedule | 📊 Monitor for changes | 🔧 Check pressurization system | 🔧 Inspect throttle control system | ⛽ Engine performance check needed,62505.43,3
76cd01,1,0.3330555555555555,152.13006525988214,9852.66,162.60666666666668,SIA508,0,11.319626258270336,0,60.24542437044896,19273142.0988,6202.902533333334,0,2025-12-29 10:04:07,76cd01,0.013284341435839453,0.021316505313570523,0.21788742564252786,0.6039433117516971,0.0,0.0,0.5686469866488211,19.9,LOW,Routine (3+ months),"Frequent altitude changes, Speed instability, Declining fuel efficiency",✅ Continue routine maintenance schedule | 📊 Monitor for changes | 🔧 Check pressurization system | 🔧 Inspect throttle control system | ⛽ Engine performance check needed,43501.52,3
76cce7,1,1.8325,2054.850223902061,12496.8,312.8758333333333,SIA21,0,9.737744337483974,0,99.33256140343526,3.609515400231393e-24,81.91764469696967,0,2025-12-30 08:48:37,76cce7,0.16585641605426799,0.287926161351295,0.18716457648841936,0.010138144600661092,0.0,0.0,2.4161724273868754e-06,13.8,LOW,Routine (3+ months),Normal wear and tear,✅ Continue routine maintenance schedule | 📊 Monitor for changes,23520.55,3
76ceeb,1,0.5008333333333334,401.3307666079661,9753.6,255.145,SIA26,0,0.7483849310562335,0,99.95304375237538,0.0,20.445166666666594,0,2025-12-29 01:14:06,76ceeb,0.03035613340870549,0.05623457404217687,0.012575860727349107,0.0007118818223021961,0.0,0.0,6.030330602895916e-07,2.1,LOW,Routine (3+ months),Normal wear and tear,✅ Continue routine maintenance schedule | 📊 Monitor for changes,18504.01,3
76cee9,3,1.9983333333333333,1697.2110217747136,9855.199999999999,240.37288888888887,SIA346,0,1.343612458717257,0,99.94956001482267,0.0,19.790644444444453,1,2025-12-30 03:58:40,76cee9,0.18273035613340874,0.23781366097561069,0.024136196112946012,0.000764806173299104,0.0,0.0,5.837278354836882e-07,9.8,LOW,Routine (3+ months),Normal wear and tear,✅ Continue routine maintenance schedule | 📊 Monitor for changes,19516.97,3
76cee2,2,0.9994444444444444,891.3039372109265,10515.6,256.125,SIA305,0,1.4662068596472322,0,99.95757748150355,0.0,12.10873333333332,0,2025-12-29 23:28:38,76cee2,0.08109101187111363,0.12488974537088661,0.026517188801096596,0.0006430061770867912,0.0,0.0,3.5714878911383804e-07,5.1,LOW,Routine (3+ months),Normal wear and tear,✅ Continue routine maintenance schedule | 📊 Monitor for changes,19008.91,3
76cdba,2,3.2583333333333333,2557.4479773194853,12039.599999999999,267.25100000000003,SIA387,0,11.493037576335878,0,99.31924732726358,132991.80774857127,187.2494442857143,0,2025-12-29 23:58:37,76cdba,0.31093838326738277,0.3583502925906339,0.22125536966953485,0.010340409791378846,0.0,0.0,0.003928134983434947,19.6,LOW,Routine (3+ months),"High flight hours, Extensive mileage",✅ Continue routine maintenance schedule | 📊 Monitor for changes | 🕐 Review airframe hours for scheduled maintenance,29025.57,3
76cdb9,1,2.9241666666666664,2349.2392495526365,11582.4,219.97142857142856,SIA312,0,13.491058682446164,0,99.26855737641256,3.563239561766888e-24,274.9673824175823,0,2025-12-29 00:48:39,76cdb9,0.276936122102883,0.3291760301317838,0.26006035267309346,0.011110482941340316,0.0,0.0,8.110201535770982e-06,18.9,LOW,Routine (3+ months),Extensive mileage,✅ Continue routine maintenance schedule | 📊 Monitor for changes,28523.49,3
76cdb7,2,1.0922222222222222,934.4691945461122,11734.8,271.7915,SIA324,0,2.1803238715959226,0,99.91706139364251,0.0,19.070968333333347,1,2025-12-30 01:18:37,76cdb7,0.09053137365743359,0.1309380727398079,0.040386561064720404,0.0012585197232523049,0.0,0.0,5.625008875807293e-07,5.7,LOW,Routine (3+ months),Normal wear and tear,✅ Continue routine maintenance schedule | 📊 Monitor for changes,19009.34,3
76cdb5,2,3.092222222222222,2493.9799356228204,12039.599999999999,253.24226190476188,SIA323,0,7.092153779079043,0,99.703410250974,74526.61450549428,67.70862573260072,0,2025-12-29 23:28:38,76cdb5,0.2940361786319955,0.34945713366272774,0.1357826885096986,0.004504271704964813,0.0,0.0,0.002200170029985306,17.1,LOW,Routine (3+ months),"High flight hours, Extensive mileage",✅ Continue routine maintenance schedule | 📊 Monitor for changes | 🕐 Review airframe hours for scheduled maintenance,24024.94,3
76cdb4,1,0.33416666666666667,251.3981988394912,10972.8,246.9033333333333,SIA302,0,1.3900123736034349,0,99.996102962952,4.963083675318166e-24,1.3925333333333496,0,2025-12-30 03:38:37,76cdb4,0.013397399660825326,0.03522598266312099,0.02503736172276781,5.773358647054305e-05,0.0,0.0,4.1072966107162025e-08,1.5,LOW,Routine (3+ months),Normal wear and tear,✅ Continue routine maintenance schedule | 📊 Monitor for changes,18502.51,3
76cdb3,1,0.3333333333333333,285.4341836657322,11582.4,239.23,SIA352,0,0.987398199883495,0,99.97302778322909,0.0,11.743899999999956,0,2025-12-30 01:58:37,76cdb3,0.013312605992085924,0.03999511393353594,0.017217906702790824,0.00040828780948354293,0.0,0.0,3.463879787432205e-07,1.5,LOW,Routine (3+ months),Normal wear and tear,✅ Continue routine maintenance schedule | 📊 Monitor for changes,18502.85,3
76cdb1,2,4.66611111111111,4111.6571398921415,12039.599999999999,259.22767857142856,SIA327,0,10.462759443497461,0,99.37022188552156,3.5863774809991404e-24,246.83832069180826,0,2025-12-29 23:28:38,76cdb1,0.45418315432447715,0.5761264949197651,0.20124560835546892,0.009566012933883705,0.0,0.0,7.280530912286945e-06,27.0,LOW,Routine (3+ months),"High flight hours, Extensive mileage",✅ Continue routine maintenance schedule | 📊 Monitor for changes | 🕐 Review airframe hours for scheduled maintenance,29041.12,3
76cdb0,2,1.166388888888889,1060.8375360008806,11734.8,276.64,SIA303,0,3.4043642851259563,0,99.88978590359268,37161.21600000004,19.389249999999976,0,2025-12-30 00:28:37,76cdb0,0.09807801017524027,0.1486448384437862,0.06415951686455766,0.0016728843495101842,0.0,0.0,0.0010966471701050872,6.7,LOW,Routine (3+ months),Normal wear and tear,✅ Continue routine maintenance schedule | 📊 Monitor for changes,19010.61,3
76cdae,1,0.4994444444444444,464.8420471757969,11582.4,250.955,SIA356,0,0.8643918691268141,0,99.98831407460072,0.0,5.088100000000012,0,2025-12-30 00:58:38,76cdae,0.03021481062747315,0.06513379161224157,0.0148289136337258,0.00017606105940481953,0.0,0.0,1.50074223609141e-07,2.4,LOW,Routine (3+ months),Normal wear and tear,✅ Continue routine maintenance schedule | 📊 Monitor for changes,18504.65,3
76cdaa,1,0.3336111111111111,262.666941452127,11582.4,241.45,SIA366,0,1.8726844095574564,0,99.9984108463239,0.0,0.691599999999984,0,2025-12-30 03:08:38,76cdaa,0.01334087054833239,0.03680496188310069,0.03441167718630774,2.2672613080088055e-05,0.0,0.0,2.0398839065285522e-08,1.8,LOW,Routine (3+ months),Normal wear and tear,✅ Continue routine maintenance schedule | 📊 Monitor for changes,18502.63,3
76cda8,2,2.332222222222222,2371.8768229025886,11734.8,270.8625,SIA355,0,4.537841582411938,0,99.78519714258172,44905.55535000007,66.74976818181813,0,2025-12-30 00:28:37,76cda8,0.216704352741662,0.33234801294646454,0.08617358224234059,0.0032617790966956717,0.0,0.0,0.0013264644512734672,13.9,LOW,Routine (3+ months),Extensive mileage,✅ Continue routine maintenance schedule | 📊 Monitor for changes,24023.72,3
76cda7,2,2.923888888888889,2636.667539662628,12039.599999999999,254.04422077922078,SIA312,0,3.5868301055801255,0,99.78783951354461,44239.5428571429,66.79016186147187,1,2025-12-30 01:58:37,76cda7,0.27690785754663655,0.3694505587920686,0.06770331479532064,0.003221636644462178,0.0,0.0,0.0013068215107397876,15.7,LOW,Routine (3+ months),Extensive mileage,✅ Continue routine maintenance schedule | 📊 Monitor for changes,24026.37,3
76cda4,1,0.8327777777777778,693.6389651786843,11582.4,236.72,SIA304,0,1.768398088545564,0,99.8759094964617,70838.56800000012,13.239650000000053,0,2025-12-30 01:18:37,76cda4,0.06413227812323348,0.09719287677733057,0.032386258684974474,0.001883692376941637,0.0,0.0,0.002089784010608663,4.2,LOW,Routine (3+ months),Normal wear and tear,✅ Continue routine maintenance schedule | 📊 Monitor for changes,18506.94,3
770594,1,0.6669444444444445,563.267680376312,12496.8,236.552,ALK266,0,12.860468337333288,0,94.67284496388922,4056158.339279998,7.538569999999984,0,2025-12-30 06:18:36,770594,0.04725833804409272,0.07892521758399922,0.24781321096398948,0.08092776771698151,0.0,0.0,0.11963718184552719,10.1,LOW,Routine (3+ months),Normal wear and tear,✅ Continue routine maintenance schedule | 📊 Monitor for changes,28505.63,3
770592,1,0.5,462.4740494473247,11277.6,249.995,ALK26L,0,11.090547855153364,0,94.4046842547794,4092974.072100001,102.7653666666666,0,2025-12-29 04:04:06,770592,0.030271339739966086,0.06480198713904116,0.21343833173043095,0.08500161980192489,0.0,0.0,0.12072587577983272,8.8,LOW,Routine (3+ months),Normal wear and tear,✅ Continue routine maintenance schedule | 📊 Monitor for changes,28504.62,3
770590,2,1.1649999999999998,982.6742840360414,11582.400000000001,249.9725,ALK26L,0,8.597250344963701,0,95.98905707128,1923039.7023000007,296.8323499999999,0,2025-12-30 05:08:39,770590,0.09793668739400792,0.1376925827342514,0.1650142349029051,0.06093209625667939,0.0,0.0,0.056729081027631904,10.0,LOW,Routine (3+ months),Normal wear and tear,✅ Continue routine maintenance schedule | 📊 Monitor for changes,29009.83,3
77058f,1,1.5002777777777778,1411.022169008049,11887.2,261.24,ALK506,0,8.653378099185607,0,98.41030506579273,874124.7033600009,59.20262222222237,0,2025-12-29 02:04:07,77058f,0.13205200678349352,0.19771280260640037,0.16610433177022454,0.02414890671577241,0.0,0.0,0.02578417699767853,11.2,LOW,Routine (3+ months),Normal wear and tear,✅ Continue routine maintenance schedule | 📊 Monitor for changes,23514.11,3
77058c,1,1.5,1426.6966040935852,11887.2,262.057,ALK558,0,9.786701567108356,0,97.69180283446688,1255497.4890000008,217.9037566666665,0,2025-12-29 03:04:06,77058c,0.13202374222724705,0.19990910863057293,0.18811540951899425,0.03506427094955544,0.0,0.0,0.03703750174760794,12.0,LOW,Routine (3+ months),Normal wear and tear,✅ Continue routine maintenance schedule | 📊 Monitor for changes,28514.27,3
770454,3,1.4980555555555557,1104.1059188327495,10695.94,199.01433333333333,ALK143,0,16.001275059586945,0,76.65097993936554,13074187.72254,3103.914945555556,0,2025-12-30 03:58:40,770454,0.1318258903335218,0.15470761578480377,0.30881304279849275,0.3547128895136875,0.0,0.0,0.3857165522308823,21.7,LOW,Routine (3+ months),Frequent altitude changes,✅ Continue routine maintenance schedule | 📊 Monitor for changes | 🔧 Check pressurization system,34511.04,3
77044e,2,3.3338888888888882,2782.674836168893,11125.2,232.76020202020203,ALK151,0,9.42023214627626,0,98.93556732171909,627991.7058909091,91.75642790404046,0,2025-12-29 08:44:04,77044e,0.3186263425664217,0.38990914011509015,0.18099794734443378,0.016169211466788957,0.0,0.0,0.018525409871904406,19.8,LOW,Routine (3+ months),"High flight hours, Extensive mileage",✅ Continue routine maintenance schedule | 📊 Monitor for changes | 🕐 Review airframe hours for scheduled maintenance,24027.83,3
77044d,5,2.856388888888889,1610.2842658257252,10366.248,185.3635,ALK191,0,12.911211727587432,0,71.73061936825364,13025753.303280002,4830.369023666667,0,2025-12-29 18:45:15,77044d,0.2700395703787451,0.2256334607508054,0.24879873428520624,0.42946217414169097,0.0,0.0,0.3843388942424319,26.5,LOW,Routine (3+ months),Frequent altitude changes,✅ Continue routine maintenance schedule | 📊 Monitor for changes | 🔧 Check pressurization system,35516.1,3
76cefa,1,0.33222222222222225,322.3985256251933,9753.6,261.53,SIA26,0,1.7050337552028454,0,99.89848560169168,0.0,4.993599999999864,0,2025-12-30 01:08:40,76cefa,0.013199547767100061,0.045174567386378706,0.031155615089230447,0.0015407200091166473,0.0,0.0,1.472869328461674e-07,1.9,LOW,Routine (3+ months),Normal wear and tear,✅ Continue routine maintenance schedule | 📊 Monitor for changes,18503.22,3
76cef9,1,2.8333333333333335,2196.46941989546,10363.2,219.19375,SIA336,0,10.915929734258096,0,99.71245258637416,148644.86400000018,38.91683833333338,0,2025-12-30 01:08:40,76cef9,0.26769361221028837,0.3077698808602549,0.2100469495309477,0.004366902076711088,0.0,0.0,0.004385448983428888,17.2,LOW,Routine (3+ months),Extensive mileage,✅ Continue routine maintenance schedule | 📊 Monitor for changes,18521.96,3
76cef7,1,2.834166666666667,2133.553044133451,10363.2,218.275,SIA306,0,11.470909490376943,0,99.63819632230768,157653.64363636382,25.255881818181788,0,2025-12-30 02:08:35,76cef7,0.2677784058790278,0.2989540215102285,0.22082560443987248,0.005494990666540356,0.0,0.0,0.004650761271345859,17.2,LOW,Routine (3+ months),Extensive mileage,✅ Continue routine maintenance schedule | 📊 Monitor for changes,18521.34,3
76cef6,1,0.5,512.9356719175305,10668.0,289.85,SIA25,0,1.906374271165873,0,99.95190886992144,0.0,20.932200000000027,0,2025-12-30 00:18:35,76cef6,0.030271339739966086,0.07187268313644302,0.035065991849505644,0.0007291227643719811,0.0,0.0,6.173981768108445e-07,2.9,LOW,Routine (3+ months),Normal wear and tear,✅ Continue routine maintenance schedule | 📊 Monitor for changes,18505.13,3
76cef1,1,0.4997222222222222,386.4474538955737,9753.6,252.065,SIA336,0,0.8570193017685312,0,99.9572441923778,0.0,18.083499999999983,0,2025-12-29 01:44:09,76cef1,0.030243075183719617,0.05414912029590211,0.014685725781427425,0.0006480694490490491,0.0,0.0,5.333753704989863e-07,2.1,LOW,Routine (3+ months),Normal wear and tear,✅ Continue routine maintenance schedule | 📊 Monitor for changes,18503.86,3
76cef0,3,2.9986111111111113,2430.90077197144,10261.6,244.76288888888885,SIA346,0,1.714046477839645,0,99.76572348576228,20645.120000000028,58.61686555555556,0,2025-12-29 23:28:38,76cef0,0.2845110231769362,0.340618464430231,0.031330657558835615,0.003557619593607897,0.0,0.0,0.0006106596245958604,14.6,LOW,Routine (3+ months),Extensive mileage,✅ Continue routine maintenance schedule | 📊 Monitor for changes,24524.31,3
76ceef,2,1.4963888888888888,1367.1834970130972,10820.4,259.5959523809523,SIA494,0,1.3855732526923021,0,99.98982252145034,2.481541837659083e-24,4.022273809523812,0,2025-12-29 23:28:38,76ceef,0.13165630299604297,0.19157011619576947,0.024951146411537888,0.00015314499029184248,0.0,0.0,1.1863753053353246e-07,7.6,LOW,Routine (3+ months),Normal wear and tear,✅ Continue routine maintenance schedule | 📊 Monitor for changes,19013.67,3
76ceec,1,0.6680555555555556,680.4000446410203,10668.0,277.8675,SIA495,0,0.8959678007262483,0,99.9425551410862,0.0,24.984958333333484,0,2025-12-28 23:48:41,76ceec,0.04737139626907859,0.0953378357010978,0.015442172165024786,0.0008712230289630307,0.0,0.0,7.369348526526112e-07,3.4,LOW,Routine (3+ months),Normal wear and tear,✅ Continue routine maintenance schedule | 📊 Monitor for changes,18506.8,3
780890,1,1.001111111111111,940.7267419326928,10668.0,263.42,CES714,0,2.2753572021178914,0,98.32107337087793,0.0,50.55486666666671,0,2025-12-29 02:44:02,780890,0.08126059920859244,0.13181488194834992,0.042232270684302874,0.02550449951524858,0.0,0.0,1.4911228876522928e-06,5.9,LOW,Routine (3+ months),Normal wear and tear,✅ Continue routine maintenance schedule | 📊 Monitor for changes,23509.41,3
780654,1,1.166111111111111,920.452637034674,9151.62,217.24625,CSG2553,0,5.007213063963377,0,99.61379283989224,186145.13462142856,9.361598214285705,0,2025-12-29 07:24:06,780654,0.0980497456189938,0.1289740689634332,0.09528957821868808,0.005865724239135783,0.0,0.0,0.005490652992573575,7.1,LOW,Routine (3+ months),Normal wear and tear,✅ Continue routine maintenance schedule | 📊 Monitor for changes,18509.2,3
7805dc,2,1.8344444444444443,1401.5528610246731,9753.6,223.73787499999997,CKK251,0,2.834153819247544,0,99.51531012611754,212349.80571428596,20.952291249999984,0,2025-12-29 07:24:06,7805dc,0.16605426794799322,0.19638596064653763,0.053085055554216706,0.0073618569506496145,0.0,0.0,0.006263905313371494,9.3,LOW,Routine (3+ months),Normal wear and tear,✅ Continue routine maintenance schedule | 📊 Monitor for changes,19014.02,3
78044f,4,3.1869444444444444,2509.453248208713,11430.0,235.5872023809524,CAO3063,0,1.9456761788411414,0,99.82788311428669,2.205814966808074e-24,19.842745535714286,0,2025-12-29 17:01:38,78044f,0.30367439231204074,0.3516252583486158,0.03582930203410889,0.002613301042601268,0.0,0.0,5.852645644830217e-07,15.4,LOW,Routine (3+ months),"High flight hours, Extensive mileage",✅ Continue routine maintenance schedule | 📊 Monitor for changes | 🕐 Review airframe hours for scheduled maintenance,20025.09,3
78029e,1,1.1672222222222222,913.6594744540148,10226.04,227.03375,CSS335,0,4.007831408566824,0,98.1700470333594,27899.94420000006,37.1038553571428,0,2025-12-29 05:04:06,78029e,0.09816280384397966,0.12802220921106142,0.07587987927550242,0.027798866061427563,0.0,0.0,0.0008240071533261894,7.0,LOW,Routine (3+ months),Normal wear and tear,✅ Continue routine maintenance schedule | 📊 Monitor for changes,18509.14,3
780231,1,2.6675,1709.78643625361,10363.2,176.94647058823531,CPA037,0,18.993962843650475,0,74.8959090919856,9114732.738240002,5492.832949264706,0,2025-12-29 07:54:02,780231,0.2508196721311476,0.23957573140594815,0.36693615182891987,0.3813756286396268,0.0,0.0,0.2690023332356794,26.8,LOW,Routine (3+ months),Speed instability,✅ Continue routine maintenance schedule | 📊 Monitor for changes | 🔧 Inspect throttle control system,33517.1,3
78021a,3,2.9430555555555555,2644.757411037214,10972.800000000001,259.5064880952381,CPA018,0,4.059661239036185,0,98.99631643836197,464.5152000000052,18.43958861111107,0,2025-12-29 23:48:40,78021a,0.27885811192764276,0.37058411372644584,0.07688650312161201,0.0152463211734436,0.0,0.0,1.4244819272248956e-05,16.1,LOW,Routine (3+ months),Extensive mileage,✅ Continue routine maintenance schedule | 📊 Monitor for changes,19526.45,3
780193,1,1.0,943.2955456903372,11887.2,276.8928571428572,CPA632,0,6.234387909091623,0,97.29868273005069,3.8601761919141294e-24,396.5256904761903,0,2025-12-30 03:48:37,780193,0.08114754098360658,0.132174823415908,0.11912341003456065,0.041036485008525636,0.0,0.0,1.1695580892532119e-05,7.7,LOW,Routine (3+ months),Normal wear and tear,✅ Continue routine maintenance schedule | 📊 Monitor for changes,28509.43,3
77181f,1,0.6680555555555556,485.2633431675404,11582.4,204.136,EXV932,0,5.26666997367891,0,99.39420948580124,419224.9679999996,23.85353000000008,0,2025-12-28 23:48:41,77181f,0.04737139626907859,0.06799522905246327,0.10032867462306377,0.009201597372272996,0.0,0.0,0.012365802832130237,4.8,LOW,Routine (3+ months),Normal wear and tear,✅ Continue routine maintenance schedule | 📊 Monitor for changes,18504.85,3
77170e,1,0.4997222222222222,325.76641847203723,11590.02,214.1775,EXV932,0,0.9677561757385036,0,99.92118474095932,38.70959999999889,33.339358333333315,0,2025-12-29 23:28:38,77170e,0.030243075183719617,0.04564647743021286,0.016836425040374487,0.0011958785290248075,0.0,0.0,2.125094138032302e-06,2.0,LOW,Routine (3+ months),Normal wear and tear,✅ Continue routine maintenance schedule | 📊 Monitor for changes,18503.26,3
77170d,4,4.1658333333333335,3584.8856679486066,10826.115000000002,235.17572916666668,OMS437,0,7.171329148677732,0,98.6086702119688,818229.97644,68.94106098214283,1,2025-12-30 06:38:36,77170d,0.40327868852459026,0.5023151357940099,0.13732040943876272,0.021135377004383837,0.0,0.0,0.02413584141902874,23.4,LOW,Routine (3+ months),"High flight hours, Extensive mileage",✅ Continue routine maintenance schedule | 📊 Monitor for changes | 🕐 Review airframe hours for scheduled maintenance,25035.85,3
7705c6,3,2.8327777777777774,2433.572263535627,8161.0199999999995,206.9159259259259,ALK230,0,11.62301880185072,0,94.87986637363747,2311106.3455199995,686.2628531481482,1,2025-12-30 06:08:34,7705c6,0.2676370830977954,0.34099279454062614,0.223779827109679,0.07778273351517595,0.0,0.0,0.06818664744147132,19.8,LOW,Routine (3+ months),Extensive mileage,✅ Continue routine maintenance schedule | 📊 Monitor for changes,29524.34,3
7705c4,2,2.4983333333333335,2277.1038880311066,10066.02,255.78062500000001,ALK218,0,6.424144970762697,0,99.51164162279113,152022.2765999998,89.24204672619052,0,2025-12-30 04:58:38,7705c4,0.23360655737704925,0.31906840403865605,0.12280881632503092,0.00741758823199401,0.0,0.0,0.004486550591166589,14.8,LOW,Routine (3+ months),Extensive mileage,✅ Continue routine maintenance schedule | 📊 Monitor for changes,24022.77,3
7705c3,2,1.0008333333333332,890.8475445844948,10668.0,247.31625,ALK254,0,6.644560806035662,0,99.51958336935235,352252.5212999999,6.6795291666666685,0,2025-12-30 05:38:33,7705c3,0.08123233465234596,0.12482579551436228,0.1270896683717512,0.007296938563017941,0.0,0.0,0.010389934567640874,7.3,LOW,Routine (3+ months),Normal wear and tear,✅ Continue routine maintenance schedule | 📊 Monitor for changes,19008.91,3
7705c1,3,2.1655555555555557,1317.0457440300274,10568.94,183.78414285714288,ALK191,0,23.952277766006777,0,70.33084392541843,10602626.21406,6772.112959206352,1,2025-12-30 05:28:36,7705c1,0.19974561899378185,0.18454480087727318,0.46323509767083965,0.4507273256442228,0.0,0.0,0.3129256926726131,27.8,LOW,Routine (3+ months),Speed instability,✅ Continue routine maintenance schedule | 📊 Monitor for changes | 🔧 Inspect throttle control system,34513.17,3
780ab9,2,2.037222222222222,1817.7636396583432,12344.4,251.16312499999998,CPA644,0,3.618960145211685,0,99.92636604959793,0.0,12.497372916666663,0,2025-12-30 09:08:33,780ab9,0.18668739400791406,0.2547055259418903,0.06832733505115948,0.001117164965541928,0.0,0.0,3.686117681693856e-07,11.1,LOW,Routine (3+ months),Normal wear and tear,✅ Continue routine maintenance schedule | 📊 Monitor for changes,19018.18,3
780ab7,1,1.9994444444444448,1702.6125541663482,12496.8,256.68249999999995,CPA698,0,25.384628303924178,1,61.08259376252818,13393925.235556362,9130.151729545454,0,2025-12-30 01:48:39,780ab7,0.18284341435839463,0.2385705251347827,0.491053791932398,0.5912251761057478,0.0,0.0,0.3953249997518214,32.0,LOW,Routine (3+ months),"Frequent altitude changes, Speed instability, Declining fuel efficiency",✅ Continue routine maintenance schedule | 📊 Monitor for changes | 🔧 Check pressurization system | 🔧 Inspect throttle control system | ⛽ Engine performance check needed,43517.03,3
780aac,1,0.9997222222222221,1011.1444185892224,12496.8,281.8071428571429,CPA632,0,4.567881008988889,0,98.14126398591053,8.29491428571207,91.16669047619057,0,2025-12-29 03:24:06,780aac,0.0811192764273601,0.14168182558012948,0.08675699922136569,0.028236133244415873,0.0,0.0,2.933633991777234e-06,7.0,LOW,Routine (3+ months),Normal wear and tear,✅ Continue routine maintenance schedule | 📊 Monitor for changes,23510.11,3
780aaa,1,0.9997222222222221,955.3982589629144,12496.8,276.6028571428571,CPA624,0,7.437479126455162,0,97.77725007606136,743224.3199999995,28.058790476190428,0,2025-12-29 03:14:06,780aaa,0.0811192764273601,0.13387065882715818,0.14248949665834515,0.03376617092409728,0.0,0.0,0.02192233322706463,8.3,LOW,Routine (3+ months),Normal wear and tear,✅ Continue routine maintenance schedule | 📊 Monitor for changes,23509.55,3
780aa4,2,1.501111111111111,1264.2815918079125,12039.6,226.02541666666667,CPA623,0,19.757330820057568,0,76.67987080447256,11214577.5708,3062.8672591666664,0,2025-12-30 03:08:38,780aa4,0.13213680045223294,0.17715147379700563,0.38176206195536827,0.35427398438309343,0.0,0.0,0.3308658791038364,23.1,LOW,Routine (3+ months),Normal wear and tear,✅ Continue routine maintenance schedule | 📊 Monitor for changes,34012.64,3
780aa3,1,1.1666666666666667,1172.989531193134,12496.8,290.53125,CPA648,0,4.035395262061093,0,99.88375778220968,0.0,7.659155357142808,0,2025-12-29 05:34:08,780aa3,0.09810627473148674,0.1643596059183102,0.07641521639635997,0.0017644625488143495,0.0,0.0,2.2590786221280974e-07,7.3,LOW,Routine (3+ months),Normal wear and tear,✅ Continue routine maintenance schedule | 📊 Monitor for changes,18511.73,3
780a9b,1,1.2569444444444444,1287.904786123188,12496.8,287.5622222222222,CPA698,0,5.431219419907279,0,99.83422203586515,41290.23999999981,24.351794444444447,0,2025-12-28 23:48:41,780a9b,0.1072922555115885,0.18046156208418834,0.10352450596068548,0.002517001219355608,0.0,0.0,0.0012185796834338544,8.4,LOW,Routine (3+ months),Normal wear and tear,✅ Continue routine maintenance schedule | 📊 Monitor for changes,18512.88,3
780a94,2,1.6652777777777779,1386.06512608184,12344.4,241.33375,CPA627,0,3.136509457493358,0,99.24416126272575,23225.75999999989,30.17167916666675,0,2025-12-29 03:54:07,780a94,0.14884115319389488,0.19421581509614894,0.05895731854847523,0.011481104569458167,0.0,0.0,0.0006859369688210018,9.0,LOW,Routine (3+ months),Normal wear and tear,✅ Continue routine maintenance schedule | 📊 Monitor for changes,19013.86,3
780a82,2,1.3341666666666663,1266.423860597717,11582.400000000001,273.1957142857143,CPA640,0,6.842068916516906,0,95.57003314643518,2145309.5342571447,449.3422571428571,1,2025-12-30 00:08:41,780a82,0.11514980214810627,0.17745164907112357,0.1309256132708571,0.06729783676928791,0.0,0.0,0.0632894592176458,10.7,LOW,Routine (3+ months),Normal wear and tear,✅ Continue routine maintenance schedule | 📊 Monitor for changes,29012.66,3
780a66,5,3.5308333333333333,3015.2835349570687,10668.0,228.31431428571426,CPA660,0,12.203615906802842,0,83.17225221712667,8330243.431645716,2473.6306348571434,1,2025-12-30 04:38:37,780a66,0.3386659129451668,0.42250233302032214,0.23505601469382498,0.25564282532184324,0.0,0.0,0.2457746592394796,27.9,LOW,Routine (3+ months),"High flight hours, Extensive mileage",✅ Continue routine maintenance schedule | 📊 Monitor for changes | 🕐 Review airframe hours for scheduled maintenance,30530.15,3
780a64,3,3.8319444444444444,3233.4629130490785,10566.4,239.19847222222225,CPA679,0,12.055483599123031,1,82.37384390009481,6988058.131103378,3415.058079123377,0,2025-12-30 03:08:38,780a64,0.36930469191633697,0.45307368566166156,0.23217903223142067,0.2677721092791149,0.0,0.0,0.20621448296037545,29.0,LOW,Routine (3+ months),"High flight hours, Extensive mileage",✅ Continue routine maintenance schedule | 📊 Monitor for changes | 🕐 Review airframe hours for scheduled maintenance,29532.33,3
780a63,3,1.8347222222222221,1407.4535044276017,10566.4,213.8591111111111,CPA660,0,16.593229919008653,0,73.22267259266762,12482646.002399996,4266.483051111111,0,2025-12-30 04:08:35,780a63,0.1660825325042397,0.1972127603737128,0.3203098173763412,0.40679515420688006,0.0,0.0,0.368303236282573,24.3,LOW,Routine (3+ months),Frequent altitude changes,✅ Continue routine maintenance schedule | 📊 Monitor for changes | 🔧 Check pressurization system,34514.07,3
780a3d,2,1.9974999999999998,1668.711904417189,11129.009999999998,254.84848484848487,CPA3117,0,3.750772879026465,0,99.85169962746009,2.639290909090203,19.939199393939408,0,2025-12-29 15:51:45,780a3d,0.18264556246466934,0.23382035705145898,0.07088736351116555,0.002251484607338927,0.0,0.0,6.659557403537036e-07,10.7,LOW,Routine (3+ months),Normal wear and tear,✅ Continue routine maintenance schedule | 📊 Monitor for changes,19016.69,3
780a2a,2,2.3327777777777774,1866.8362857799934,8416.29,174.03,CPA679,0,21.128753683412988,0,82.32556232865866,3790971.010418181,5399.611571212121,0,2025-12-29 03:44:06,780a2a,0.21676088185415487,0.2615815982029266,0.40839743669713097,0.26850559473681834,0.0,0.0,0.11197448431194523,24.0,LOW,Routine (3+ months),Speed instability,✅ Continue routine maintenance schedule | 📊 Monitor for changes | 🔧 Inspect throttle control system,29018.67,3
780a0e,2,1.8319444444444446,1562.5011570783122,12344.4,242.31464285714287,CPA627,0,6.286157794923702,0,99.01329355669907,138429.67705714266,105.00787261904756,0,2025-12-30 03:58:40,780a0e,0.16579988694177508,0.21893807881053515,0.12012886965341368,0.014988407666414627,0.0,0.0,0.004086099975191311,11.2,LOW,Routine (3+ months),Normal wear and tear,✅ Continue routine maintenance schedule | 📊 Monitor for changes,29015.63,3
7808e7,1,1.1672222222222222,1149.3463080129072,11887.2,273.25375,CES238,0,1.800895753022269,0,99.87074797791756,0.0,16.619198214285763,0,2025-12-29 04:04:06,7808e7,0.09816280384397966,0.16104671118122926,0.03301741884330179,0.0019621052926604987,0.0,0.0,4.901855838162286e-07,6.4,LOW,Routine (3+ months),Normal wear and tear,✅ Continue routine maintenance schedule | 📊 Monitor for changes,18511.49,3
7811e1,2,2.333611111111111,1529.4056499020771,10370.82,189.70325396825396,CSC3901,0,6.477051071891877,0,93.7521734327922,3154413.967657143,446.3797198412698,1,2025-12-30 09:38:37,7811e1,0.2168456755228943,0.21430072751924134,0.12383634318589534,0.09491445371940965,0.0,0.0,0.09305304872700314,14.5,LOW,Routine (3+ months),Normal wear and tear,✅ Continue routine maintenance schedule | 📊 Monitor for changes,29015.29,3
781161,1,1.001111111111111,1119.0590474656717,12496.8,296.4428571428571,CCA452,0,6.097357396937503,0,99.8329933334613,52658.880857142656,3.29275714285715,0,2025-12-30 05:58:33,781161,0.08126059920859244,0.15680285215648135,0.11646204340592602,0.0025356674582177607,0.0,0.0,0.001553278201830481,7.6,LOW,Routine (3+ months),Normal wear and tear,✅ Continue routine maintenance schedule | 📊 Monitor for changes,18511.19,3
78112c,2,2.3566666666666665,2148.1066774297415,10210.8,250.0377777777778,CSC3917,0,4.091690821919016,0,99.86205658192537,1.9300880959570647e-24,3.3740347222222233,0,2025-12-30 03:28:39,78112c,0.21919163369135106,0.30099328048880164,0.07750857233578513,0.0020941435088531746,0.0,0.0,9.951762767394169e-08,13.1,LOW,Routine (3+ months),Extensive mileage,✅ Continue routine maintenance schedule | 📊 Monitor for changes,19021.48,3
780f78,1,1.1672222222222222,1215.153435829037,11887.2,283.13,CSN8436,0,3.5226899282130946,0,99.78025124639768,46451.520000000055,25.40074285714289,0,2025-12-29 05:04:06,780f78,0.09816280384397966,0.1702676234799718,0.06645760298328762,0.003336916314031324,0.0,0.0,0.0013708433002943845,7.3,LOW,Routine (3+ months),Normal wear and tear,✅ Continue routine maintenance schedule | 📊 Monitor for changes,18512.15,3
780e85,1,0.9991666666666668,887.7519926051147,11277.6,274.2166666666667,CES714,0,2.6359248478408177,0,98.3558006015388,0.0,177.1885466666667,0,2025-12-30 03:18:38,780e85,0.08106274731486718,0.12439204594550378,0.04923511030452608,0.024976929307436446,0.0,0.0,5.226201052147558e-06,5.9,LOW,Routine (3+ months),Normal wear and tear,✅ Continue routine maintenance schedule | 📊 Monitor for changes,28508.88,3
780dfb,1,0.8319444444444443,768.7316677300521,11887.2,278.1083333333333,CCA762,0,2.1724179991636734,0,99.8688969155849,3.9704669402545334e-24,2.278416666666675,0,2025-12-28 23:48:41,780dfb,0.06404748445449406,0.10771488628420957,0.04023301551686632,0.001990226318176469,0.0,0.0,6.720221935656286e-08,4.6,LOW,Routine (3+ months),Normal wear and tear,✅ Continue routine maintenance schedule | 📊 Monitor for changes,18507.69,3
780dc1,2,1.8319444444444446,1322.7490202475892,10972.8,209.39499999999998,CHH735,0,2.3775775913366175,0,99.38194156166207,185806.07999999964,32.89476666666671,0,2025-12-30 09:18:35,780dc1,0.16579988694177508,0.18534394546180177,0.044217565261081414,0.009387969598458445,0.0,0.0,0.005481346643034949,8.9,LOW,Routine (3+ months),Normal wear and tear,✅ Continue routine maintenance schedule | 📊 Monitor for changes,19013.23,3
780db1,2,2.0902777777777777,2181.908348584705,11277.6,287.24973214285717,CSN8058,0,3.2275779237682913,0,99.8051248914906,49769.48571428578,11.670156249999994,1,2025-12-30 01:08:40,780db1,0.19208592425098928,0.3057295796651115,0.06072602373139429,0.002959040109652533,0.0,0.0,0.0014683021791309667,12.2,LOW,Routine (3+ months),Extensive mileage,✅ Continue routine maintenance schedule | 📊 Monitor for changes,19021.82,3
780d44,1,1.3330555555555557,1198.1263998136096,12504.42,245.71,B8373,0,3.9774475436826098,0,99.86802543707772,8.294914285716029,57.40769999999996,0,2025-12-30 08:38:36,780d44,0.11503674392312042,0.16788179065279735,0.07528977271616295,0.0020034656720894217,0.0,0.0,1.937907829645577e-06,7.8,LOW,Routine (3+ months),Normal wear and tear,✅ Continue routine maintenance schedule | 📊 Monitor for changes,23511.98,3
780d22,2,1.4977777777777777,1451.0638452732296,11125.2,242.89214285714286,CES269,0,2.4164489384332826,0,99.94876805854545,1.9300880959570647e-24,3.405997619047602,0,2025-12-30 04:18:35,780d22,0.13179762577727533,0.2033234529628101,0.04497251322374236,0.0007768374389599542,0.0,0.0,1.0046037780176303e-07,8.3,LOW,Routine (3+ months),Normal wear and tear,✅ Continue routine maintenance schedule | 📊 Monitor for changes,19014.51,3
780ccd,2,2.3311111111111114,2348.924665070576,11277.6,291.7375,CSN384,0,3.017117085578423,0,99.85350614669784,0.0,25.398548214285714,1,2025-12-30 06:48:37,780ccd,0.21659129451667614,0.32913195047026556,0.05663851473366814,0.0022240402729782893,0.0,0.0,7.491337442381742e-07,13.2,LOW,Routine (3+ months),Extensive mileage,✅ Continue routine maintenance schedule | 📊 Monitor for changes,19023.49,3
780c7f,1,1.6663888888888887,1151.76301962696,11582.4,199.7490909090909,CXA831,0,3.447378408825205,0,99.97624843657752,14.78002909090514,0.6915290909090899,0,2025-12-30 01:08:40,780c7f,0.1489542114188807,0.16138534145706804,0.06499492462574583,0.0003593601891698217,0.0,0.0,4.563357799884865e-07,8.3,LOW,Routine (3+ months),Normal wear and tear,✅ Continue routine maintenance schedule | 📊 Monitor for changes,18511.52,3
780c00,2,2.1905555555555556,1780.2433486484056,11125.2,244.18416666666664,CES705,0,4.692653576584838,0,99.3262993410607,418063.67999999964,12.348518333333345,0,2025-12-30 04:18:35,780c00,0.20228942905596387,0.24944817275983674,0.08918029562702633,0.010233276791895785,0.0,0.0,0.012331211137650943,12.1,LOW,Routine (3+ months),Normal wear and tear,✅ Continue routine maintenance schedule | 📊 Monitor for changes,19017.8,3
780bab,1,1.0238888888888888,921.3166956941172,11277.6,240.8742857142857,CES9618,0,14.021549479142571,0,79.55391787980238,9080088.752228577,3304.7353952380945,0,2025-12-29 16:41:44,780bab,0.08357829282080273,0.1290951410932176,0.2703633901567285,0.3106119478792194,0.0,0.0,0.2679159657615747,17.4,LOW,Routine (3+ months),Normal wear and tear,✅ Continue routine maintenance schedule | 📊 Monitor for changes,33509.21,3
780b7e,2,2.5225,2113.252781204248,11430.0,245.80291666666665,CES237,0,2.9027627167140966,0,99.88452033580658,0.0,8.507026785714297,0,2025-12-30 04:08:35,780b7e,0.23606557377049184,0.29610954325500655,0.05441755754428102,0.001752877963694055,0.0,0.0,2.509159489963319e-07,12.9,LOW,Routine (3+ months),Extensive mileage,✅ Continue routine maintenance schedule | 📊 Monitor for changes,19021.13,3
780b12,1,1.537222222222222,1165.0381363295278,11582.4,211.0781818181817,CSN6037,0,2.717509883787233,0,99.88998319298456,14.78002909090514,16.386736363636373,0,2025-12-29 17:33:04,780b12,0.1358111927642736,0.16324545434957977,0.05081963107037959,0.0016698871624759581,0.0,0.0,9.192681213023531e-07,7.7,LOW,Routine (3+ months),Normal wear and tear,✅ Continue routine maintenance schedule | 📊 Monitor for changes,18511.65,3
781795,1,0.9994444444444445,1086.3015945840896,11887.2,306.59142857142854,CSN334,0,5.355170394557195,0,99.90231286367391,16.589828571432054,14.96361428571428,0,2025-12-30 07:08:35,781795,0.08109101187111364,0.1522128691231051,0.10204750397751208,0.0014825768931556738,0.0,0.0,9.306732255619231e-07,7.1,LOW,Routine (3+ months),Normal wear and tear,✅ Continue routine maintenance schedule | 📊 Monitor for changes,18510.86,3
781704,1,1.7566666666666668,2138.420959340128,11277.6,264.18,CSN8070,0,25.857780359305828,1,83.64136346686416,15.395863636366869,6681.921418181818,0,2025-12-28 23:48:41,781704,0.1581401921989825,0.2996361150871416,0.5002432131106997,0.24851616665078935,0.0,0.0,0.00019753831318821254,23.7,LOW,Routine (3+ months),"Speed instability, Extensive mileage",✅ Continue routine maintenance schedule | 📊 Monitor for changes | 🔧 Inspect throttle control system,28521.38,3
7816bd,1,2.7277777777777774,1859.075637875056,10363.2,180.806875,CSC9651,0,18.814029629707488,0,84.25911661497864,6553357.215840002,3003.217862916667,0,2025-12-29 16:21:38,7816bd,0.2569530808366309,0.26049417414891235,0.36344154144293334,0.23913136542923596,0.0,0.0,0.1933807711699169,24.4,LOW,Routine (3+ months),Normal wear and tear,✅ Continue routine maintenance schedule | 📊 Monitor for changes,28518.59,3
78168f,1,1.5902777777777781,1646.8824840114355,11887.2,288.71000000000004,CSN6038,0,6.207073696070768,0,99.78024892139064,33459.87442909092,16.531500000000058,0,2025-12-28 23:48:41,78168f,0.14120972300734883,0.23076161284283397,0.11859292135814556,0.0033369516351446915,0.0,0.0,0.0009873912912546437,10.6,LOW,Routine (3+ months),Normal wear and tear,✅ Continue routine maintenance schedule | 📊 Monitor for changes,18516.47,3
78161c,2,1.0908333333333333,1069.2614536770056,11277.6,284.5058333333333,CSN6044,0,3.1912857960165297,0,99.92746209201242,0.0,12.95589166666666,0,2025-12-29 02:04:07,78161c,0.09039005087620126,0.149825200035017,0.06002116861436713,0.0011005140747746278,0.0,0.0,3.8213584305322894e-07,6.5,LOW,Routine (3+ months),Normal wear and tear,✅ Continue routine maintenance schedule | 📊 Monitor for changes,19010.69,3
7815f8,2,1.5252777777777777,1081.1645887314094,9761.22,198.7551785714286,CSS375,0,4.568312019373062,0,92.08739754434282,4934599.232164286,401.68975773809535,0,2025-12-29 18:25:18,7815f8,0.13459581684567554,0.15149307049311414,0.08676537017930054,0.12020544711898884,0.0,0.0,0.14555854481394648,11.4,LOW,Routine (3+ months),Normal wear and tear,✅ Continue routine maintenance schedule | 📊 Monitor for changes,29010.81,3
7815f5,3,2.5,2407.7693183063416,10769.6,263.7830158730159,CES246,0,3.418463122294001,0,99.93745212453227,15.576005714288984,5.585822857142856,0,2025-12-30 01:48:39,7815f5,0.233776144714528,0.33737727897408626,0.06443334036672327,0.0009487471923527169,0.0,0.0,6.241711037533388e-07,13.9,LOW,Routine (3+ months),Extensive mileage,✅ Continue routine maintenance schedule | 📊 Monitor for changes,19524.08,3
781565,1,1.6666666666666667,1106.3639928250177,11582.4,192.48888888888888,CSZ807,0,6.399229336026071,0,99.90639181756605,70090.18240000008,0.785961111111112,0,2025-12-30 02:28:35,781565,0.14898247597512723,0.1550240177147733,0.12232491213627093,0.0014206101163186657,0.0,0.0,0.0020673429489999414,9.3,LOW,Routine (3+ months),Normal wear and tear,✅ Continue routine maintenance schedule | 📊 Monitor for changes,18511.06,3
7814b7,2,1.3355555555555554,1267.0804628436977,10675.619999999999,269.57,CSN3068,0,4.7140852222167355,0,98.56709383037787,6349.826009999955,264.91727000000014,0,2025-12-29 23:28:38,7814b7,0.11529112492933863,0.17754365235293007,0.08959653479584229,0.021766998353353495,0.0,0.0,0.00019510278141541512,8.6,LOW,Routine (3+ months),Normal wear and tear,✅ Continue routine maintenance schedule | 📊 Monitor for changes,29012.67,3
78149d,1,1.0,1032.9172548935917,11887.2,290.28285714285715,CSN334,0,3.410186975938325,0,99.86435353248558,16.589828571432054,14.562690476190484,0,2025-12-29 07:24:06,78149d,0.08114754098360658,0.14473264120937895,0.06427260346675519,0.0020592486248869335,0.0,0.0,9.188479215308107e-07,6.2,LOW,Routine (3+ months),Normal wear and tear,✅ Continue routine maintenance schedule | 📊 Monitor for changes,18510.33,3
781479,1,0.9994444444444445,989.7623982688892,10668.0,277.96714285714285,CSC3918,0,2.089407579014108,0,99.84349854699914,0.0,23.029723809523844,0,2025-12-29 03:34:08,781479,0.08109101187111364,0.1386857711907842,0.03862081135487267,0.0023760740330065477,0.0,0.0,6.792649359578687e-07,5.6,LOW,Routine (3+ months),Normal wear and tear,✅ Continue routine maintenance schedule | 📊 Monitor for changes,18509.9,3
781362,3,3.3702777777777775,2993.530028925289,11379.200000000003,258.11994444444446,CSN376,0,2.9148433335922825,0,99.86732894529815,12387.07199999994,13.801606507936485,0,2025-12-30 06:38:36,781362,0.3223289994347089,0.4194542259540229,0.05465218376078938,0.002014046657267121,0.0,0.0,0.00036576550747268203,17.6,LOW,Routine (3+ months),"High flight hours, Extensive mileage",✅ Continue routine maintenance schedule | 📊 Monitor for changes | 🕐 Review airframe hours for scheduled maintenance,19529.94,3
781336,2,1.5005555555555554,1455.14501094852,11277.6,273.9476785714286,CES2052,0,0.9374087359816571,0,99.92574336368092,1.9300880959570647e-24,6.324874404761868,0,2025-12-29 03:04:06,781336,0.13208027133973999,0.2038953069855785,0.0162470259192318,0.0011266247045531586,0.0,0.0,1.8655305825749552e-07,7.7,LOW,Routine (3+ months),Normal wear and tear,✅ Continue routine maintenance schedule | 📊 Monitor for changes,19014.55,3
7812a3,2,2.3325,1642.4965794047112,10363.2,212.1693650793651,CHH7913,0,3.008413617565347,0,99.84651203400654,42735.398400000035,6.479419841269835,0,2025-12-29 06:14:08,7812a3,0.21673261729790846,0.2301470587197266,0.05646947851714042,0.002330293648666215,0.0,0.0,0.0012606776850709366,11.2,LOW,Routine (3+ months),Normal wear and tear,✅ Continue routine maintenance schedule | 📊 Monitor for changes,19016.42,3
7812a1,2,1.998611111111111,1475.8828781970885,10664.19,217.54722222222222,CHH471,0,1.9946784636801682,0,99.86779701640428,36942.02289000002,9.662988888888876,0,2025-12-30 05:18:34,7812a1,0.18275862068965518,0.20680110247472833,0.036781010113917836,0.0020069358002816617,0.0,0.0,0.0010898951611255868,9.5,LOW,Routine (3+ months),Normal wear and tear,✅ Continue routine maintenance schedule | 📊 Monitor for changes,19014.76,3
781225,1,1.592222222222222,1611.588517310821,11887.2,282.8077777777778,CSZ808,0,4.58513985937667,0,99.8894051441261,0.0,17.494019444444394,0,2025-12-29 00:38:36,781225,0.14140757490107406,0.2258162128167089,0.08709219557835644,0.0016786687828521663,0.0,0.0,5.15988558779938e-07,9.8,LOW,Routine (3+ months),Normal wear and tear,✅ Continue routine maintenance schedule | 📊 Monitor for changes,18516.12,3
7bd022,1,1.356388888888889,1277.3677070423423,11887.2,274.7022222222222,HYT9158,0,6.789890957534652,0,99.6217855581176,202820.5621000001,22.84294444444448,0,2025-12-29 15:51:45,7bd022,0.11741096664782366,0.1789851037533998,0.129912228174336,0.005744300217269127,0.0,0.0,0.005982894700630777,9.3,LOW,Routine (3+ months),Normal wear and tear,✅ Continue routine maintenance schedule | 📊 Monitor for changes,18512.77,3
7bd01b,1,1.1672222222222222,1036.6910288608217,10675.62,270.83375,HYT9130,0,6.854436967371033,0,96.7171239563492,0.0,471.3508553571433,0,2025-12-30 02:18:37,7bd01b,0.09816280384397966,0.14526142342404014,0.1311658219461878,0.04987142742281736,0.0,0.0,1.3902559632323977e-05,8.7,LOW,Routine (3+ months),Normal wear and tear,✅ Continue routine maintenance schedule | 📊 Monitor for changes,28510.37,3
7821a0,2,3.4472222222222224,2239.7837457903006,9605.009999999998,169.30111111111108,CSS239,0,13.129327319091427,0,77.47593272745843,7430891.067979409,4729.146495915033,0,2025-12-29 16:41:44,7821a0,0.3301582815149803,0.313839095755508,0.25303491166853787,0.3421803464468518,0.0,0.0,0.21931466180692522,26.9,LOW,Routine (3+ months),"High flight hours, Extensive mileage",✅ Continue routine maintenance schedule | 📊 Monitor for changes | 🕐 Review airframe hours for scheduled maintenance,34022.4,3
78219a,2,1.5005555555555554,1396.2174760974985,10668.0,274.1957142857143,HLF8850,0,1.0596962451134828,0,99.87741002774544,0.0,13.305073809523801,0,2025-12-29 04:54:04,78219a,0.13208027133973999,0.19563836508772567,0.018622058244413892,0.0018608965597651794,0.0,0.0,3.924350193641233e-07,7.6,LOW,Routine (3+ months),Normal wear and tear,✅ Continue routine maintenance schedule | 📊 Monitor for changes,19013.96,3
78216a,1,1.0,1071.157019335705,11277.6,288.4642857142857,CSG2552,0,2.609276066147828,0,99.88017432115964,3.8601761919141294e-24,17.164895238095266,0,2025-12-29 04:24:05,78216a,0.08114754098360658,0.1500908072006148,0.04871754544122231,0.0018189018822964975,0.0,0.0,5.062809941214564e-07,6.0,LOW,Routine (3+ months),Normal wear and tear,✅ Continue routine maintenance schedule | 📊 Monitor for changes,18510.71,3
7820d9,2,2.499722222222222,1995.5844704877195,11734.8,239.25650000000002,CBJ689,0,5.679421958966512,0,97.43361345371373,3.7682672349637926e-24,331.781006111111,0,2025-12-30 07:28:36,7820d9,0.23374788015828155,0.2796218281781551,0.10834502326161832,0.03898664030255672,0.0,0.0,9.785927340340114e-06,14.2,LOW,Routine (3+ months),Normal wear and tear,✅ Continue routine maintenance schedule | 📊 Monitor for changes,29019.96,3
7820d7,1,0.8330555555555554,703.3810921663377,10972.8,237.245,CSC9641,0,1.832878337276435,0,99.3828765081646,3.9704669402545334e-24,248.95583000000005,0,2025-12-29 15:51:45,7820d7,0.06416054267947993,0.09855794620882681,0.03363857526382075,0.009373766049507237,0.0,0.0,7.3429871465221225e-06,4.4,LOW,Routine (3+ months),Normal wear and tear,✅ Continue routine maintenance schedule | 📊 Monitor for changes,28507.03,3
781ff2,1,1.0044444444444445,759.6638443807561,8732.52,214.8014285714285,CSS237,0,6.223819182201038,0,98.31077147999682,5543.767714285754,43.59641428571428,0,2025-12-30 07:38:20,781ff2,0.08159977388355005,0.10644430045834022,0.11891814730430009,0.025661004097087492,0.0,0.0,0.0001648000891525178,6.9,LOW,Routine (3+ months),Normal wear and tear,✅ Continue routine maintenance schedule | 📊 Monitor for changes,18507.6,3
781efb,1,2.3561111111111113,1639.2444637914527,9151.62,191.3666666666667,CSS159,0,15.770446949533117,0,84.57378506114048,8593365.301714288,1747.830780952381,0,2025-12-29 15:51:45,781efb,0.21913510457885815,0.22969137141273738,0.3043299665887423,0.23435097567818808,0.0,0.0,0.25351406815745603,22.2,LOW,Routine (3+ months),Normal wear and tear,✅ Continue routine maintenance schedule | 📊 Monitor for changes,28516.39,3
781ed7,2,1.1652777777777779,164.7005093531864,1535.4299999999998,66.45724999999999,B72CW,0,26.926699703298706,1,93.76439125092156,386017.93763999996,1.62663916666667,0,2025-12-30 08:28:35,781ed7,0.09796495195025441,0.023077879292153335,0.5210034527542989,0.09472884269524073,0.0,0.0,0.011385701225827851,14.9,LOW,Routine (3+ months),Normal wear and tear,✅ Continue routine maintenance schedule | 📊 Monitor for changes,19001.65,3
781ec1,1,0.5,343.2026946044888,11582.4,190.4625,CSC9647,0,1.253204153802534,0,99.83768049165074,0.0,7.711091666666628,0,2025-12-30 10:08:34,781ec1,0.030271339739966086,0.04808965309171902,0.022380312391363986,0.0024644609446837773,0.0,0.0,2.2743973095141774e-07,2.2,LOW,Routine (3+ months),Normal wear and tear,✅ Continue routine maintenance schedule | 📊 Monitor for changes,18503.43,3
781d14,2,1.5002777777777778,1008.4328649196591,10976.61,189.38183333333336,CSN6067,0,1.2865675987023621,0,99.87923470721097,4.838700000001017,8.555693333333311,0,2025-12-30 09:48:34,781d14,0.13205200678349352,0.14130188195684543,0.023028287484479208,0.0018331763382991584,0.0,0.0,3.9506951125481e-07,6.6,LOW,Routine (3+ months),Normal wear and tear,✅ Continue routine maintenance schedule | 📊 Monitor for changes,19010.08,3
781cb2,2,1.6688888888888889,1133.5312077254657,9761.22,187.5961111111111,CSS231,0,6.2364093313901074,0,91.55225823918278,4902274.066399999,857.7878722222222,0,2025-12-29 10:24:06,781cb2,0.14920859242509896,0.15883069511145376,0.11916266950869522,0.1283351928274422,0.0,0.0,0.14461856219082755,12.7,LOW,Routine (3+ months),Normal wear and tear,✅ Continue routine maintenance schedule | 📊 Monitor for changes,29011.34,3
781c6e,2,2.536944444444444,2047.9215959871083,10210.8,235.63064935064932,CCA425,0,3.897874828757594,0,98.06891649345317,1.819797347616661e-24,200.06204805194807,0,2025-12-30 00:08:41,781c6e,0.23753533069530808,0.28695532016015673,0.07374433466209578,0.029335224099173107,0.0,0.0,5.900858185776753e-06,13.6,LOW,Routine (3+ months),Normal wear and tear,✅ Continue routine maintenance schedule | 📊 Monitor for changes,29020.48,3
781bf8,1,1.0925,975.37811834737,10668.0,262.99375,CCA426,0,2.9580602363405437,0,98.08912222587398,106174.90285714298,69.11491249999996,0,2025-12-29 00:38:36,781bf8,0.09055963821368007,0.1366702420522464,0.05549152983750703,0.029028262033688024,0.0,0.0,0.0031336822153446102,6.6,LOW,Routine (3+ months),Normal wear and tear,✅ Continue routine maintenance schedule | 📊 Monitor for changes,23509.75,3
781b4b,1,0.6675,345.7873477152135,10363.2,206.79,CSS157,0,10.672071336093422,1,76.43407849916474,9624963.008100005,529.0547333333338,0,2025-12-29 23:28:38,781b4b,0.04731486715658565,0.048451815374857335,0.20531080286707315,0.3580080194651353,0.0,0.0,0.283905239320308,14.5,LOW,Routine (3+ months),Normal wear and tear,✅ Continue routine maintenance schedule | 📊 Monitor for changes,33503.46,3
800396,3,2.201666666666667,1639.9095868978275,9621.519999999999,205.4339285714286,AXB864,0,12.195322731477654,0,74.19965750982229,13211816.894285714,3662.2340511904767,0,2025-12-30 05:18:34,800396,0.20342001130582257,0.22978456863977462,0.23489494706217923,0.3919529647790517,0.0,0.0,0.38979241166800255,24.2,LOW,Routine (3+ months),Frequent altitude changes,✅ Continue routine maintenance schedule | 📊 Monitor for changes | 🔧 Check pressurization system,34516.4,3
800373,4,2.027222222222222,1015.6893133001585,9313.545,150.052,AIC2581,0,32.931717475390556,0,57.685555333641766,19187518.88295,7535.561925833334,1,2025-12-30 07:18:12,800373,0.18566986998304127,0.14231865743903777,0.6376311559699771,0.6428324086943371,0.0,0.0,0.5661608248560218,35.5,LOW,Routine (3+ months),"Frequent altitude changes, Speed instability, Declining fuel efficiency",✅ Continue routine maintenance schedule | 📊 Monitor for changes | 🔧 Check pressurization system | 🔧 Inspect throttle control system | ⛽ Engine performance check needed,64010.16,3
800324,1,1.356111111111111,395.3564729679879,1539.24,82.62625,RAPTOR7,0,24.708536186972555,1,88.13418859246704,123606.66522857142,21.843941071428592,0,2025-12-29 16:51:45,800324,0.1173827020915772,0.055397454424145585,0.47792292808570774,0.1802619281160628,0.0,0.0,0.003646440229081519,16.3,LOW,Routine (3+ months),Normal wear and tear,✅ Continue routine maintenance schedule | 📊 Monitor for changes,18503.95,3
8002fb,2,0.8327777777777778,649.2922587537419,10668.0,228.39,INDIA1,0,8.493743596778934,0,90.99824892282481,5192089.615799999,749.2142833333335,0,2025-12-29 08:04:08,8002fb,0.06413227812323348,0.0909790044468891,0.1630039570375812,0.1367516085507412,0.0,0.0,0.1531635101024261,10.3,LOW,Routine (3+ months),Normal wear and tear,✅ Continue routine maintenance schedule | 📊 Monitor for changes,29006.49,3
8002f6,1,0.6663888888888888,646.7271910647135,9448.8,258.182,VUAVA,0,11.83155173643098,0,81.72227151351193,7765718.662079999,3499.8304699999994,0,2025-12-30 09:58:35,8002f6,0.047201808931599774,0.09061958647826182,0.22782989292596198,0.2776706866448435,0.0,0.0,0.22915418983888272,14.0,LOW,Routine (3+ months),Normal wear and tear,✅ Continue routine maintenance schedule | 📊 Monitor for changes,28506.47,3
800194,1,0.8569444444444443,476.5396676780484,12192.0,165.21599999999998,VTCLA,0,12.087652912117182,0,76.27766237442941,15820470.29448,843.4900299999999,0,2025-12-29 16:51:45,800194,0.06659129451667609,0.06677286531648544,0.2328038152430498,0.36038426674605517,0.0,0.0,0.46665187057780566,17.7,LOW,Routine (3+ months),Frequent altitude changes,✅ Continue routine maintenance schedule | 📊 Monitor for changes | 🔧 Check pressurization system,33504.77,3
800187,2,1.7027777777777777,1439.41840161965,10214.61,233.62690476190477,VUBSF,0,12.193154947007212,0,92.59810266153899,2480279.048648571,592.0437985714287,0,2025-12-29 18:23:08,800187,0.15265686828716793,0.2016916902925164,0.2348528449846418,0.1124469014566234,0.0,0.0,0.07317364105920983,15.0,LOW,Routine (3+ months),Normal wear and tear,✅ Continue routine maintenance schedule | 📊 Monitor for changes,29014.39,3
800159,1,0.6666666666666666,171.22932676412918,3550.92,95.068,VTCSP,0,20.74570602158102,1,84.3878499556914,1337895.7113,3233.7529700000005,0,2025-12-29 16:21:38,800159,0.04723007348784625,0.023992698928850056,0.40095799676254507,0.23717567031564046,0.0,0.0,0.03955680177466304,13.6,LOW,Routine (3+ months),Normal wear and tear,✅ Continue routine maintenance schedule | 📊 Monitor for changes,28501.71,3
80012d,1,1.333611111111111,817.7437079914057,12496.8,167.82166666666666,VTDHA,0,41.04183753552858,1,60.11389889382396,6984155.3865,16769.11325666667,0,2025-12-30 07:28:36,80012d,0.11509327303561337,0.11458246643593904,0.7951435416640169,0.6059414245212771,0.0,0.0,0.20649325069224134,32.2,LOW,Routine (3+ months),"Speed instability, Declining fuel efficiency",✅ Continue routine maintenance schedule | 📊 Monitor for changes | 🔧 Inspect throttle control system | ⛽ Engine performance check needed,52508.18,3
7c492b,1,0.8338888888888889,881.9532596382737,11887.2,286.545,QFA2,0,5.1070791846715,0,98.06054604610696,111483.64800000012,182.27222999999952,0,2025-12-29 08:54:06,7c492b,0.06424533634821934,0.12357952593581022,0.09722914887930759,0.029462386517882688,0.0,0.0,0.003293601989370787,6.5,LOW,Routine (3+ months),Normal wear and tear,✅ Continue routine maintenance schedule | 📊 Monitor for changes,28508.82,3
7c4927,1,0.6663888888888888,576.9214984642847,10363.2,241.14666666666668,QFA1,0,0.9232524296670364,0,99.98928611814404,0.0,0.1758333333333308,0,2025-12-30 01:08:40,7c4927,0.047201808931599774,0.08083839421562423,0.015972086268067922,0.00016129393849162454,0.0,0.0,5.186228844678141e-09,3.1,LOW,Routine (3+ months),Normal wear and tear,✅ Continue routine maintenance schedule | 📊 Monitor for changes,18505.77,3
7c4920,2,2.330833333333333,2396.3905493556395,10828.02,258.3854166666667,QFA1,0,4.546004752905338,0,99.45336716115868,9.677399999997412,94.55647537878784,1,2025-12-30 08:48:37,7c4920,0.21656302996042964,0.3357828828342754,0.08633212495807209,0.008302883985456089,0.0,0.0,3.074392783405027e-06,14.0,LOW,Routine (3+ months),Extensive mileage,✅ Continue routine maintenance schedule | 📊 Monitor for changes,24023.96,3
7c1475,1,0.8338888888888889,426.798409413862,12192.0,139.485,QFA69,0,33.84028405125885,0,55.6913195556713,25951349.38752,5932.9015500000005,0,2025-12-29 16:11:36,7c1475,0.06424533634821934,0.059803106943734474,0.6552770709337125,0.6731285009478315,0.0,0.0,0.7656136841916388,33.7,LOW,Routine (3+ months),"Frequent altitude changes, Speed instability, Declining fuel efficiency",✅ Continue routine maintenance schedule | 📊 Monitor for changes | 🔧 Check pressurization system | 🔧 Inspect throttle control system | ⛽ Engine performance check needed,62504.27,3
7c1470,1,0.3336111111111111,168.7087990260546,8526.78,195.00333333333333,QFA68,0,11.744238159089791,0,72.2668592674716,13314186.274800004,4315.740033333332,0,2025-12-29 18:03:07,7c1470,0.01334087054833239,0.02363952191002814,0.22613411410043155,0.42131570839467414,0.0,0.0,0.3928310861643617,15.6,LOW,Routine (3+ months),Frequent altitude changes,✅ Continue routine maintenance schedule | 📊 Monitor for changes | 🔧 Check pressurization system,33501.69,3
7bd029,1,0.3333333333333333,252.9064361907276,9456.42,189.51,CNW9610,0,36.8748940091908,0,53.63494081147706,21521047.2804,7591.054800000002,0,2025-12-29 16:31:45,7bd029,0.013312605992085924,0.03543731728298613,0.7142143801942878,0.7043686586214826,0.0,0.0,0.6349902092170205,32.2,LOW,Routine (3+ months),"Frequent altitude changes, Speed instability, Declining fuel efficiency",✅ Continue routine maintenance schedule | 📊 Monitor for changes | 🔧 Check pressurization system | 🔧 Inspect throttle control system | ⛽ Engine performance check needed,62502.53,3
7bd023,1,1.2025000000000001,1229.2611729458822,11277.6,282.38666666666666,HYT9068,0,2.5545141776368667,0,99.88855455975931,0.0,11.460350000000012,0,2025-12-29 17:23:08,7bd023,0.10175240248728097,0.17224440336697147,0.04765397601925178,0.001691590716522362,0.0,0.0,3.3802463169729697e-07,7.0,LOW,Routine (3+ months),Normal wear and tear,✅ Continue routine maintenance schedule | 📊 Monitor for changes,18512.29,3
80044c,1,0.33222222222222225,122.71993534158028,6918.96,136.89333333333332,AXB582,0,15.248653726193902,0,71.54968943089254,12600458.67,4755.962033333333,0,2025-12-30 08:48:37,80044c,0.013199547767100061,0.017195550066458006,0.2941958508373481,0.43221083111307945,0.0,0.0,0.3717925746995896,16.8,LOW,Routine (3+ months),Frequent altitude changes,✅ Continue routine maintenance schedule | 📊 Monitor for changes | 🔧 Check pressurization system,33501.23,3
80044b,3,1.8330555555555557,1321.3299441519528,10871.199999999999,210.17277777777778,AXB535,0,14.268564659463912,0,77.29630816085643,13326505.28242,2267.9010444444443,1,2025-12-30 08:58:35,80044b,0.16591294516676092,0.18514510414084842,0.27516084692266396,0.3449091724467074,0.0,0.0,0.3931340357246832,22.5,LOW,Routine (3+ months),Frequent altitude changes,✅ Continue routine maintenance schedule | 📊 Monitor for changes | 🔧 Check pressurization system,34513.21,3
80044a,3,1.8322222222222222,1108.508790107466,9448.8,170.76249999999996,AXB1602,0,18.888770403306907,0,71.81571936892033,14606156.271499999,3850.391769444444,1,2025-12-30 09:28:35,80044a,0.1658281514980215,0.1553245472819548,0.3648931349422856,0.42816934934160933,0.0,0.0,0.4309241970312166,25.3,LOW,Routine (3+ months),Frequent altitude changes,✅ Continue routine maintenance schedule | 📊 Monitor for changes | 🔧 Check pressurization system,34511.09,3
800449,2,0.8319444444444445,546.1783820880145,9265.92,187.76125000000002,AXB2960,0,9.881464715358046,0,76.90626781077832,11958089.793450002,3216.4606958333325,0,2025-12-30 08:18:37,800449,0.06404748445449408,0.0765306605505464,0.18995587173730974,0.3508345993992704,0.0,0.0,0.35280040672197766,15.7,LOW,Routine (3+ months),Normal wear and tear,✅ Continue routine maintenance schedule | 📊 Monitor for changes,34005.46,3
800448,6,4.184166666666666,2737.189381881708,9832.339999999998,177.8007142857143,AXB2980,0,10.641428136313037,0,72.68211172057569,14400611.843879998,3352.842920873016,1,2025-12-30 06:48:37,800448,0.405144149236857,0.38353570613051513,0.2047156595810408,0.4150072634421247,0.0,0.0,0.42484696001751526,32.4,LOW,Routine (3+ months),"Frequent altitude changes, High flight hours, Extensive mileage",✅ Continue routine maintenance schedule | 📊 Monitor for changes | 🔧 Check pressurization system | 🕐 Review airframe hours for scheduled maintenance,36027.37,3
800410,1,0.6666666666666666,77.24113592199497,2583.18,54.58600000000001,VTOBR,0,23.836175112912144,1,70.44958156615132,1314171.5651999996,2804.27723,0,2025-12-29 15:51:45,800410,0.04723007348784625,0.010823048563705745,0.4609801858151905,0.44892348351214206,0.0,0.0,0.03884438730855842,17.7,LOW,Routine (3+ months),Normal wear and tear,✅ Continue routine maintenance schedule | 📊 Monitor for changes,33500.77,3
8003f1,1,0.5002777777777777,417.71158186586746,11277.6,258.0833333333333,AXB746,0,0.430485847974029,0,99.90194535900154,0.0,28.29653333333333,0,2025-12-29 04:54:04,8003f1,0.03029960429621255,0.05852985824447553,0.006401717482252238,0.0014881599619084307,0.0,0.0,8.346102220534517e-07,2.1,LOW,Routine (3+ months),Normal wear and tear,✅ Continue routine maintenance schedule | 📊 Monitor for changes,18504.18,3
8003f0,3,2.167222222222222,1380.2257956571289,9347.2,166.2022777777778,AXB2504,0,9.906903700131535,0,70.96731815468013,14099714.38116,4159.883502777778,1,2025-12-30 09:08:33,8003f0,0.19991520633126061,0.19339760655983226,0.19044994027779918,0.4410581169279355,0.0,0.0,0.4159957508991973,23.5,LOW,Routine (3+ months),Frequent altitude changes,✅ Continue routine maintenance schedule | 📊 Monitor for changes | 🔧 Check pressurization system,34513.8,3
8003e5,2,1.164722222222222,958.7925874158668,10058.4,219.9495,VUAUM,0,9.456801861913743,0,86.64717125775466,7603851.56646,1475.0435816666663,0,2025-12-29 18:25:18,8003e5,0.09790842283776144,0.13434627303517,0.18170819369239158,0.20285244366725796,0.0,0.0,0.22432017576225716,14.1,LOW,Routine (3+ months),Normal wear and tear,✅ Continue routine maintenance schedule | 📊 Monitor for changes,29009.59,3
8003e3,2,1.8583333333333334,895.197689288857,10214.61,165.20742857142855,AIC126,0,24.902472291692206,0,56.711022234349656,14510634.68835,9576.642663571427,0,2025-12-30 02:48:39,8003e3,0.1684850197851894,0.12543533895041437,0.4816894985310387,0.6576373505203656,0.0,0.0,0.4282756711036553,30.5,LOW,Routine (3+ months),"Frequent altitude changes, Speed instability, Declining fuel efficiency",✅ Continue routine maintenance schedule | 📊 Monitor for changes | 🔧 Check pressurization system | 🔧 Inspect throttle control system | ⛽ Engine performance check needed,54008.95,3
8003e2,2,2.999444444444444,407.4119295731148,10568.94,63.42571428571428,AIC186,0,21.7432541332376,1,62.99178884397183,14251016.659200002,2609.8405904761908,0,2025-12-30 08:08:33,8003e2,0.28459581684567553,0.057086668218550456,0.4203320851541463,0.5622210077138841,0.0,0.0,0.42041271409184744,29.3,LOW,Routine (3+ months),"Frequent altitude changes, Declining fuel efficiency",✅ Continue routine maintenance schedule | 📊 Monitor for changes | 🔧 Check pressurization system | ⛽ Engine performance check needed,44004.07,3
8003b3,1,0.33416666666666667,169.68437106687875,10629.9,168.71666666666667,AXB376,0,17.706987144194493,0,59.775067172967056,20318436.7824,5895.864033333334,0,2025-12-29 18:45:15,8003b3,0.013397399660825326,0.023776219324549548,0.3419408852670932,0.6110888986499068,0.0,0.0,0.5994690439038921,22.8,LOW,Routine (3+ months),"Frequent altitude changes, Speed instability, Declining fuel efficiency",✅ Continue routine maintenance schedule | 📊 Monitor for changes | 🔧 Check pressurization system | 🔧 Inspect throttle control system | ⛽ Engine performance check needed,53501.7,3
8003b2,2,0.6655555555555555,551.2402684958759,10972.8,229.12666666666667,AXB613,0,6.559304538969622,0,96.60814181902576,2267859.980399999,50.36301666666674,0,2025-12-30 03:48:37,8003b2,0.04711701526286037,0.07723993342389684,0.1254338460261679,0.051527065599008326,0.0,0.0,0.06689233387775312,6.7,LOW,Routine (3+ months),Normal wear and tear,✅ Continue routine maintenance schedule | 📊 Monitor for changes,29005.51,3
8003b1,2,1.159722222222222,722.286928912841,9448.8,203.30533333333335,AXB5301,0,5.503370979452141,0,87.75622763134474,6101421.6681,1722.3993066666665,0,2025-12-30 06:38:36,8003b1,0.09739966082532504,0.10120703709546965,0.104925812500069,0.1860038470370211,0.0,0.0,0.18001309083759917,11.1,LOW,Routine (3+ months),Normal wear and tear,✅ Continue routine maintenance schedule | 📊 Monitor for changes,29007.22,3
8003b0,2,0.6672222222222222,366.15021768402187,9643.11,185.55,AXB582,0,11.92188713997415,0,74.5752125583573,14676512.582400002,2696.00845,0,2025-12-30 06:28:37,8003b0,0.04728660260033918,0.05130506614516457,0.22958436077837455,0.3862475960747246,0.0,0.0,0.43296531759761825,16.9,LOW,Routine (3+ months),Frequent altitude changes,✅ Continue routine maintenance schedule | 📊 Monitor for changes | 🔧 Check pressurization system,34003.66,3
8004fb,2,1.3319444444444446,825.6980470668088,11125.2,174.81791666666666,BDA304,0,31.929932672310887,0,55.392502027984186,22849210.914389998,6617.1270741666685,0,2025-12-30 04:48:37,8004fb,0.11492368569813459,0.1156970305484116,0.6181747837936042,0.6776680862294591,0.0,0.0,0.6741358558728721,34.5,LOW,Routine (3+ months),"Frequent altitude changes, Speed instability, Declining fuel efficiency",✅ Continue routine maintenance schedule | 📊 Monitor for changes | 🔧 Check pressurization system | 🔧 Inspect throttle control system | ⛽ Engine performance check needed,63008.26,3
8004e0,1,0.6675,356.6961595042192,11887.2,148.726,AIC866,0,16.222552994179807,0,51.536316402289245,19777392.7032,8254.72348,0,2025-12-30 05:58:33,8004e0,0.04731486715658565,0.04998036099184527,0.31311063828668806,0.736250605284226,0.0,0.0,0.5835804477433999,25.3,LOW,Routine (3+ months),"Frequent altitude changes, Speed instability, Declining fuel efficiency",✅ Continue routine maintenance schedule | 📊 Monitor for changes | 🔧 Check pressurization system | 🔧 Inspect throttle control system | ⛽ Engine performance check needed,53503.57,3
8004df,1,1.0002777777777778,413.574061339564,9753.6,146.74,AIC127,0,36.06851490730021,0,58.125723371869725,9002202.963300003,12848.25796,0,2025-12-29 03:44:06,8004df,0.08117580553985304,0.05795010776495468,0.6985531205371229,0.6361454503915605,0.0,0.0,0.26590020102341344,29.4,LOW,Routine (3+ months),"Speed instability, Declining fuel efficiency",✅ Continue routine maintenance schedule | 📊 Monitor for changes | 🔧 Inspect throttle control system | ⛽ Engine performance check needed,62504.14,3
8004de,1,0.9991666666666668,343.2999228345477,9448.8,123.0957142857143,AIC180,0,19.246231356057123,1,59.13123997529802,9220377.043079998,8890.689695238098,0,2025-12-30 03:18:38,8004de,0.08106274731486718,0.04810327673724326,0.37183563727796526,0.6208698124171548,0.0,0.0,0.2722185470956029,22.5,LOW,Routine (3+ months),"Speed instability, Declining fuel efficiency",✅ Continue routine maintenance schedule | 📊 Monitor for changes | 🔧 Inspect throttle control system | ⛽ Engine performance check needed,53503.43,3
8004d6,6,2.5880555555555556,920.1698715422472,6205.220000000001,120.16305555555556,AIC2891,0,28.934029049525012,4,65.79226377986508,6872671.7385,9834.790475,1,2025-12-30 09:28:35,8004d6,0.24273600904465803,0.1289344477872277,0.5599892176817274,0.5196766666943053,0.0,0.0,0.2030004960242064,29.7,LOW,Routine (3+ months),"Speed instability, Declining fuel efficiency",✅ Continue routine maintenance schedule | 📊 Monitor for changes | 🔧 Inspect throttle control system | ⛽ Engine performance check needed,46009.2,3
8004d5,2,1.035,844.9454644057745,10519.41,232.88033333333334,AIC639,0,7.275963538999324,0,98.77710564994747,542083.4319599998,106.32225666666672,0,2025-12-29 23:28:38,8004d5,0.0847088750706614,0.11839398379876143,0.13935258804068035,0.018576534351910312,0.0,0.0,0.01599196289634579,7.7,LOW,Routine (3+ months),Normal wear and tear,✅ Continue routine maintenance schedule | 📊 Monitor for changes,29008.45,3
8004a7,5,2.8311111111111114,1572.7082865042555,9828.276,167.24990000000003,AIC1736,0,19.27074725450596,0,69.53875314779123,12676996.25886,5441.357957,1,2025-12-30 07:28:36,8004a7,0.26746749576031664,0.22036830450768932,0.3723117779051662,0.46276063461261263,0.0,0.0,0.37407027747394334,29.2,LOW,Routine (3+ months),"Frequent altitude changes, Speed instability, Declining fuel efficiency",✅ Continue routine maintenance schedule | 📊 Monitor for changes | 🔧 Check pressurization system | 🔧 Inspect throttle control system | ⛽ Engine performance check needed,45515.73,3
8004a6,4,2.8586111111111108,1636.262685816354,9364.98,178.14428571428573,AIC2508,0,9.720622162850304,0,78.45026741155198,6866015.622780001,4426.73657095238,0,2025-12-29 16:21:38,8004a6,0.2702656868287168,0.2292735638876995,0.18683203460805,0.327378418910922,0.0,0.0,0.20264466164795245,22.0,LOW,Routine (3+ months),Normal wear and tear,✅ Continue routine maintenance schedule | 📊 Monitor for changes,35016.36,3
80047c,3,1.6675,595.1877960762585,4876.8,102.43249999999999,AIC1799,0,19.74495932579437,2,69.38912081626856,6359451.152040001,5429.680126111111,0,2025-12-30 07:28:36,80047c,0.1490672696438666,0.0833978727081874,0.38152178640315115,0.46503382365575063,0.0,0.0,0.187733053448641,21.9,LOW,Routine (3+ months),"Speed instability, Declining fuel efficiency",✅ Continue routine maintenance schedule | 📊 Monitor for changes | 🔧 Inspect throttle control system | ⛽ Engine performance check needed,44505.95,3
80047a,4,1.9994444444444446,1179.670745608997,8997.315,180.83604166666666,AIC602,1,18.33732052322597,1,79.4826155967546,9125535.377925,3358.92760625,1,2025-12-30 09:18:35,80047a,0.18284341435839463,0.16529577946397686,0.3541830362559336,0.3116951600896126,0.25,0.25,0.2692580187717433,24.8,LOW,Routine (3+ months),Repeated high-risk operations,✅ Continue routine maintenance schedule | 📊 Monitor for changes,35011.8,3
800463,2,0.8316666666666667,382.4505851125088,9753.6,104.39083333333333,AIC187,0,19.969130755557416,1,76.50198077639493,14852229.972900003,856.6207,0,2025-12-29 03:44:06,800463,0.0640192198982476,0.05358907797615222,0.3858755785103694,0.35697645956739754,0.0,0.0,0.4380938736923126,20.1,LOW,Routine (3+ months),Frequent altitude changes,✅ Continue routine maintenance schedule | 📊 Monitor for changes | 🔧 Check pressurization system,34003.82,3
800462,1,0.9247222222222221,505.9146832623495,11277.6,171.63000000000005,AIC174,0,16.038944107652583,0,58.28750932529243,19428569.437714286,5017.1068,0,2025-12-29 00:18:37,800462,0.07348784624081402,0.07088890033375364,0.3095446400601418,0.6336876255824989,0.0,0.0,0.5731963626125713,24.7,LOW,Routine (3+ months),"Frequent altitude changes, Declining fuel efficiency",✅ Continue routine maintenance schedule | 📊 Monitor for changes | 🔧 Check pressurization system | ⛽ Engine performance check needed,53505.06,3
800460,1,0.5,296.9537503502114,12496.8,201.415,VTAKU,0,9.33066528220628,0,99.65367262418889,82659.51209999969,103.23069999999996,0,2025-12-29 08:24:06,800460,0.030271339739966086,0.04160923868935097,0.17925840584144936,0.005259877308974814,0.0,0.0,0.0024410987145443187,5.3,LOW,Routine (3+ months),Normal wear and tear,✅ Continue routine maintenance schedule | 📊 Monitor for changes,28502.97,3
80044e,2,2.3341666666666665,1688.7765173154835,9753.6,178.119125,AXB1602,0,25.22093393041218,0,68.49793420639199,16868383.302336432,4321.95314125,0,2025-12-29 09:34:05,80044e,0.21690220463538723,0.23663181596150795,0.48787456756760766,0.4785725797277016,0.0,0.0,0.4976628095756137,32.1,LOW,Routine (3+ months),"Frequent altitude changes, Declining fuel efficiency",✅ Continue routine maintenance schedule | 📊 Monitor for changes | 🔧 Check pressurization system | ⛽ Engine performance check needed,44016.89,3
80044d,3,2.835,2563.661851950366,10563.86,234.18133333333333,AXB620,0,9.86628823690075,0,93.57635326094942,4129597.54724,386.1298833333331,1,2025-12-30 08:08:33,80044d,0.26786319954776716,0.3592209823610008,0.18966111860042434,0.09758548399828437,0.0,0.0,0.12181444819533972,20.4,LOW,Routine (3+ months),Extensive mileage,✅ Continue routine maintenance schedule | 📊 Monitor for changes,29525.64,3
8005eb,1,0.33277777777777773,307.5480066617007,10668.0,206.1133333333333,AIC156,0,7.805380828691671,0,79.00776452242744,12579245.8092,1914.342033333333,0,2025-12-30 10:18:36,8005eb,0.013256076879592987,0.04309370870894508,0.14963477618447646,0.31890901720390397,0.0,0.0,0.3710830844123742,12.7,LOW,Routine (3+ months),Frequent altitude changes,✅ Continue routine maintenance schedule | 📊 Monitor for changes | 🔧 Check pressurization system,33503.08,3
8005d5,4,2.024722222222222,1253.1014646032404,9747.885,182.8888333333333,SEJ487,0,19.488991709004253,0,64.5678171349678,14540787.0474,7265.039831666666,0,2025-12-30 00:18:35,8005d5,0.18541548897682308,0.17558491139162136,0.37655045802797754,0.5382782527871204,0.0,0.0,0.42909683811572696,28.0,LOW,Routine (3+ months),"Frequent altitude changes, Speed instability, Declining fuel efficiency",✅ Continue routine maintenance schedule | 📊 Monitor for changes | 🔧 Check pressurization system | 🔧 Inspect throttle control system | ⛽ Engine performance check needed,45012.53,3
80058a,6,4.191111111111111,2637.0532574172726,8470.9,172.3302222222222,AIC2509,0,14.609359737130234,1,81.16058779068483,6344797.061113638,3968.2530139393934,1,2025-12-30 10:18:36,80058a,0.4058507631430187,0.3695046056667109,0.28177966949470545,0.2862036906517087,0.0,0.0,0.1872577239822995,29.3,LOW,Routine (3+ months),"High flight hours, Extensive mileage",✅ Continue routine maintenance schedule | 📊 Monitor for changes | 🕐 Review airframe hours for scheduled maintenance,31026.37,3
800589,3,2.701111111111111,1759.1609816980413,10469.88,193.42226851851854,AIC213,0,7.935255167805203,0,76.94735583736109,9497607.96327143,4366.303451124339,1,2025-12-30 09:28:35,800589,0.25423968343697007,0.2464941058806017,0.1521571577081183,0.35021039705689117,0.0,0.0,0.28026206458843594,22.4,LOW,Routine (3+ months),Normal wear and tear,✅ Continue routine maintenance schedule | 📊 Monitor for changes,34517.59,3
800588,3,1.8708333333333333,1547.262126118118,10668.0,220.6957142857143,AIC277,0,11.452325474477826,0,75.94119241512881,13429713.232685715,2674.994869047619,0,2025-12-30 04:18:35,800588,0.16975692481628044,0.21680278172851708,0.2204646711049354,0.3654958613930406,0.0,0.0,0.3961901759923826,22.4,LOW,Routine (3+ months),Frequent altitude changes,✅ Continue routine maintenance schedule | 📊 Monitor for changes | 🔧 Check pressurization system,34515.47,3
800584,1,0.8563888888888889,404.03206150626,11277.6,145.52666666666667,AIC188,0,32.136051408871126,0,52.21662971419836,16023969.564900003,11319.111186666663,0,2025-12-29 16:31:45,800584,0.06653476540418317,0.05661308020369488,0.6221779617602806,0.7259154006476637,0.0,0.0,0.47296309003599607,30.9,LOW,Routine (3+ months),"Frequent altitude changes, Speed instability, Declining fuel efficiency",✅ Continue routine maintenance schedule | 📊 Monitor for changes | 🔧 Check pressurization system | 🔧 Inspect throttle control system | ⛽ Engine performance check needed,62504.04,3
800583,1,0.6661111111111111,249.5418504681573,9791.7,133.57,AIC174,0,18.033850624765268,0,54.16421607473684,16639766.720400006,10007.94415,0,2025-12-30 06:28:37,800583,0.047173544375353316,0.03496587063428712,0.34828913242486514,0.6963279984446153,0.0,0.0,0.49108744050814296,24.2,LOW,Routine (3+ months),"Frequent altitude changes, Speed instability, Declining fuel efficiency",✅ Continue routine maintenance schedule | 📊 Monitor for changes | 🔧 Check pressurization system | 🔧 Inspect throttle control system | ⛽ Engine performance check needed,53502.5,3
80057d,6,5.865277777777777,3645.2222249938363,9344.66,167.6463101851852,AIC213,0,12.643065033786456,1,71.07148736485834,12283033.4984,3846.560889239418,1,2025-12-30 10:18:36,80057d,0.576201243640475,0.5107695102574669,0.24359086742955305,0.4394755959259582,0.0,0.0,0.36240325179860156,39.7,LOW,Routine (3+ months),"High flight hours, Extensive mileage",✅ Continue routine maintenance schedule | 📊 Monitor for changes | 🕐 Review airframe hours for scheduled maintenance,36036.45,3
80057c,3,2.1691666666666665,1036.5281861299268,10320.02,149.12777777777777,AIC1839,0,18.59100632453782,0,65.08600397311612,14906137.929599999,5816.103268888889,0,2025-12-29 23:58:37,80057c,0.20011305822498587,0.14523860585716097,0.3591100478766042,0.5304060460869352,0.0,0.0,0.43983017707552763,27.4,LOW,Routine (3+ months),"Frequent altitude changes, Speed instability, Declining fuel efficiency",✅ Continue routine maintenance schedule | 📊 Monitor for changes | 🔧 Check pressurization system | 🔧 Inspect throttle control system | ⛽ Engine performance check needed,44510.37,3
800543,9,5.757499999999999,3953.0355462484663,9594.426666666668,184.54047619047617,AIC830,0,12.07914878573813,0,72.92350993326477,13185301.002617143,3974.6009142857147,1,2025-12-30 07:28:36,800543,0.5652345958168458,0.5539003949179261,0.2326386505815805,0.41133998267109173,0.0,0.0,0.38901953502622966,39.9,LOW,Routine (3+ months),"Frequent altitude changes, High flight hours, Extensive mileage",✅ Continue routine maintenance schedule | 📊 Monitor for changes | 🔧 Check pressurization system | 🕐 Review airframe hours for scheduled maintenance,37539.53,3
80053f,6,2.9997222222222217,1539.271683033504,7192.009999999999,132.10816666666665,AIC2584,0,20.527803359803915,1,69.01254617907509,12678791.029464,5023.492720555555,1,2025-12-30 09:08:33,80053f,0.28462408140192197,0.21568315871264584,0.3967259548382472,0.47075468177832946,0.0,0.0,0.37411088949100657,30.2,LOW,Routine (3+ months),"Frequent altitude changes, Declining fuel efficiency, High flight hours",✅ Continue routine maintenance schedule | 📊 Monitor for changes | 🔧 Check pressurization system | ⛽ Engine performance check needed | 🕐 Review airframe hours for scheduled maintenance,46015.39,3
80053e,2,0.8333333333333334,329.1220043774747,7383.78,118.71666666666667,AIC2892,0,29.63035759775105,1,55.29354638395305,11477488.335299999,10780.227449999998,0,2025-12-30 08:08:33,80053e,0.06418880723572641,0.04611666302213519,0.5735131075926844,0.6791714036173471,0.0,0.0,0.33884809362394686,27.6,LOW,Routine (3+ months),"Speed instability, Declining fuel efficiency",✅ Continue routine maintenance schedule | 📊 Monitor for changes | 🔧 Inspect throttle control system | ⛽ Engine performance check needed,54003.29,3
80052d,5,3.0355555555555553,2199.6144339893995,9474.707999999999,182.14992857142857,AIC2728,0,14.965653006319702,0,80.23139335838675,8840765.793087428,3431.752903095238,0,2025-12-30 10:08:34,80052d,0.28827020915771623,0.30821056107379585,0.28869949342093804,0.30031985512599424,0.0,0.0,0.26086084789221803,26.3,LOW,Routine (3+ months),"High flight hours, Extensive mileage",✅ Continue routine maintenance schedule | 📊 Monitor for changes | 🕐 Review airframe hours for scheduled maintenance,30522.0,3
80052b,6,4.368055555555555,3117.597768268492,9856.47,198.630376984127,AIC1769,0,13.303283394008256,0,72.18099286533327,12729080.555612857,4752.180659880952,1,2025-12-30 09:18:35,80052b,0.4238552854720182,0.4368386306766145,0.2564134358041787,0.4226201762361378,0.0,0.0,0.3755861837355378,34.6,LOW,Routine (3+ months),"Frequent altitude changes, High flight hours, Extensive mileage",✅ Continue routine maintenance schedule | 📊 Monitor for changes | 🔧 Check pressurization system | 🕐 Review airframe hours for scheduled maintenance,36031.18,3
800521,2,1.999722222222222,787.5041612859751,8359.14,134.0884523809524,AIC1895,0,19.802658441907376,1,68.76391037069087,12096587.21230714,4472.786385476191,0,2025-12-29 23:28:38,800521,0.18287167891464107,0.11034529308742895,0.3826424018026774,0.4745319148776155,0.0,0.0,0.35692246303166664,25.1,LOW,Routine (3+ months),Declining fuel efficiency,✅ Continue routine maintenance schedule | 📊 Monitor for changes | ⛽ Engine performance check needed,44007.88,3
800520,4,2.1683333333333334,957.109494765796,8517.255,124.87145833333334,AIC2581,0,23.725360694965634,1,61.83092356684922,14223919.939199999,8072.104392916666,1,2025-12-30 08:38:36,800520,0.2000282645562465,0.13411043764420255,0.45882798051975443,0.5798566764337468,0.0,0.0,0.41977460276992856,29.8,LOW,Routine (3+ months),"Frequent altitude changes, Speed instability, Declining fuel efficiency",✅ Continue routine maintenance schedule | 📊 Monitor for changes | 🔧 Check pressurization system | 🔧 Inspect throttle control system | ⛽ Engine performance check needed,45009.57,3
800739,2,0.9986111111111111,766.1381427493285,12039.599999999999,227.10375,AIC133,0,17.46004252206629,0,82.7029038105039,10341405.123599999,1634.3597291666665,0,2025-12-29 15:51:45,800739,0.08100621820237423,0.10735148087228111,0.33714479886179965,0.26277308684014034,0.0,0.0,0.3050694011948098,17.9,LOW,Routine (3+ months),Normal wear and tear,✅ Continue routine maintenance schedule | 📊 Monitor for changes,29007.66,3
800738,2,2.5222222222222226,2169.5332474832057,12801.599999999999,211.80462121212122,AIC314,0,29.005084263589236,0,67.9715410571399,18885445.308212727,4588.874972878788,0,2025-12-30 00:58:38,800738,0.2360373092142454,0.3039955771986336,0.5613692313190429,0.48656945531659435,0.0,0.0,0.5571642094282163,36.1,LOW,Routine (3+ months),"Frequent altitude changes, Declining fuel efficiency, Extensive mileage",✅ Continue routine maintenance schedule | 📊 Monitor for changes | 🔧 Check pressurization system | ⛽ Engine performance check needed,44021.7,3
800737,3,1.4983333333333335,339.4353931465082,6358.889999999999,70.12277777777778,AIC984,0,19.46663502125778,2,66.75893646439934,7606096.72326,3544.1050944444446,0,2025-12-30 03:38:37,800737,0.13185415488976826,0.04756177780677991,0.3761162529610918,0.5049911389582681,0.0,0.0,0.22444742423688824,21.6,LOW,Routine (3+ months),Declining fuel efficiency,✅ Continue routine maintenance schedule | 📊 Monitor for changes | ⛽ Engine performance check needed,44503.39,3
800735,2,1.6686111111111113,852.2469874998461,12192.0,163.95333333333335,AIC138,0,26.499826218242102,0,54.75665492150556,22076046.1704,6547.429053333333,0,2025-12-30 09:08:33,800735,0.1491803278688525,0.11941707516183982,0.5127128404671548,0.6873277678026173,0.0,0.0,0.651329197483174,33.2,LOW,Routine (3+ months),"Frequent altitude changes, Speed instability, Declining fuel efficiency",✅ Continue routine maintenance schedule | 📊 Monitor for changes | 🔧 Check pressurization system | 🔧 Inspect throttle control system | ⛽ Engine performance check needed,54008.52,3
800728,2,1.1658333333333333,825.6265988227776,10820.400000000001,205.38825,BDA486,0,8.934033376680642,0,78.69576898399025,12709880.064060004,2018.2677275,0,2025-12-30 05:28:36,800728,0.09802148106274733,0.11568701920140445,0.1715551366890254,0.3236488005934043,0.0,0.0,0.37493922539677677,16.8,LOW,Routine (3+ months),Frequent altitude changes,✅ Continue routine maintenance schedule | 📊 Monitor for changes | 🔧 Check pressurization system,34008.26,3
80067f,6,3.701388888888889,1944.7202528792131,9635.49,159.49699999999999,SEJ386,0,20.83414441366499,3,64.53383926825623,14040795.16720143,6087.73334123016,1,2025-12-30 10:08:34,80067f,0.3560203504804975,0.27249472044261236,0.402675621411847,0.538794438784705,0.0,0.0,0.41431478261580024,34.6,LOW,Routine (3+ months),"Frequent altitude changes, Speed instability, Declining fuel efficiency, High flight hours",✅ Continue routine maintenance schedule | 📊 Monitor for changes | 🔧 Check pressurization system | 🔧 Inspect throttle control system | ⛽ Engine performance check needed | 🕐 Review airframe hours for scheduled maintenance,46019.45,3
80067a,2,1.168611111111111,738.5672712016478,12184.38,186.6008333333333,VTUDR,0,27.61465044101459,0,62.14520250667973,22369548.16404,5670.568085,0,2025-12-30 08:38:36,80067a,0.098304126625212,0.1034882429985451,0.5343646312737399,0.5750822039969292,0.0,0.0,0.6599602168409346,30.4,LOW,Routine (3+ months),"Frequent altitude changes, Speed instability, Declining fuel efficiency",✅ Continue routine maintenance schedule | 📊 Monitor for changes | 🔧 Check pressurization system | 🔧 Inspect throttle control system | ⛽ Engine performance check needed,44007.39,3
800661,1,0.8330555555555554,757.4122983875006,10972.8,252.04666666666665,VTSNP,0,1.206210784197384,0,99.8880490287867,27870.911999999866,26.63602666666668,0,2025-12-30 08:38:36,800661,0.06416054267947993,0.10612881323333319,0.02146762087712973,0.0016992706574564531,0.0,0.0,0.0008228420944361734,4.2,LOW,Routine (3+ months),Normal wear and tear,✅ Continue routine maintenance schedule | 📊 Monitor for changes,18507.57,3
8005f5,1,0.33083333333333337,135.9711693274094,8839.2,131.76333333333332,VTSSF,0,9.497066571288014,0,67.87503719205533,15596465.581200002,4986.951033333335,0,2025-12-29 15:51:45,8005f5,0.013058224985867726,0.019052316506331362,0.18249020313069708,0.48803552569388764,0.0,0.0,0.4601670320846247,16.3,LOW,Routine (3+ months),"Frequent altitude changes, Declining fuel efficiency",✅ Continue routine maintenance schedule | 📊 Monitor for changes | 🔧 Check pressurization system | ⛽ Engine performance check needed,43501.36,3
8005f4,1,0.6669444444444445,539.7217238130211,12496.8,225.552,AIC170,0,15.21311226514342,0,83.68197868627169,12031541.74332,205.29412000000008,0,2025-12-29 09:54:04,8005f4,0.04725833804409272,0.07562595187122198,0.29350557494998747,0.24789914711495564,0.0,0.0,0.3548780675115242,15.8,LOW,Routine (3+ months),Normal wear and tear,✅ Continue routine maintenance schedule | 📊 Monitor for changes,28505.4,3
8005f1,1,1.091388888888889,1038.0691978985355,12496.8,284.86625000000004,AIC314,0,4.201080890864143,0,99.87818208290686,7.258049999998059,21.24456964285729,0,2025-12-28 23:48:41,8005f1,0.09044657998869421,0.14545453283712848,0.07963311434046774,0.0018491676284855263,0.0,0.0,8.406887666767867e-07,6.8,LOW,Routine (3+ months),Normal wear and tear,✅ Continue routine maintenance schedule | 📊 Monitor for changes,18510.38,3
8005ef,2,2.834166666666667,2791.372520731168,11868.150000000001,253.69666666666666,AIC308,0,19.14337752641479,1,78.94095268670858,12347228.208720002,2101.816897619048,0,2025-12-30 02:38:38,8005ef,0.2677784058790278,0.3911278619954152,0.3698380402060846,0.31992401129884673,0.0,0.0,0.3642452223202401,30.4,LOW,Routine (3+ months),Extensive mileage,✅ Continue routine maintenance schedule | 📊 Monitor for changes,34027.91,3
8005ee,2,0.8349999999999999,552.2965341880462,10820.4,189.85833333333332,AIC423,0,22.464837617819082,0,74.56094426596368,15000625.643849999,3216.5697166666664,0,2025-12-29 09:54:04,8005ee,0.06435839457320519,0.0773879376543639,0.4343464690709133,0.3864643575567077,0.0,0.0,0.44254043186161185,22.1,LOW,Routine (3+ months),Frequent altitude changes,✅ Continue routine maintenance schedule | 📊 Monitor for changes | 🔧 Check pressurization system,34005.52,3
8005ed,2,1.1672222222222222,573.2778979764114,10938.51,147.87375,AIC2028,0,39.61072818930595,1,42.93089129467254,20963096.783400003,12009.7049625,1,2025-12-30 08:18:37,8005ed,0.09816280384397966,0.08032785194360458,0.7673489534654389,0.8669827663560816,0.0,0.0,0.6186637097069733,38.6,LOW,Routine (3+ months),"Frequent altitude changes, Speed instability, Declining fuel efficiency",✅ Continue routine maintenance schedule | 📊 Monitor for changes | 🔧 Check pressurization system | 🔧 Inspect throttle control system | ⛽ Engine performance check needed,63005.73,3
8007ca,7,5.357222222222221,3635.0727667770275,10407.831428571428,204.1477380952381,IGO146,0,12.40791661721768,0,80.67102780564197,10452470.786919182,2262.117556428572,1,2025-12-30 08:18:37,8007ca,0.5245053702656869,0.5093473654655162,0.23902388348711145,0.2936410030469221,0.0,0.0,0.3083638143275709,35.6,LOW,Routine (3+ months),"High flight hours, Extensive mileage",✅ Continue routine maintenance schedule | 📊 Monitor for changes | 🕐 Review airframe hours for scheduled maintenance,31536.35,3
8007c9,5,4.5,3219.565451729051,10002.011999999999,187.7001316017316,IGO072,0,17.132375134151797,0,74.81437871290379,11328528.392751273,4167.0784727013,1,2025-12-30 07:48:33,8007c9,0.43728094968909,0.4511263696753874,0.3307809384501367,0.3826142243530377,0.0,0.0,0.3342594434548775,35.7,LOW,Routine (3+ months),"High flight hours, Extensive mileage",✅ Continue routine maintenance schedule | 📊 Monitor for changes | 🕐 Review airframe hours for scheduled maintenance,35532.2,3
8007b3,3,1.6908333333333332,1059.3191906109491,10314.94,177.77944444444447,IGO274H,0,27.799777025663435,0,68.48615443472688,12920225.772400001,6633.220541111113,0,2025-12-29 16:31:45,8007b3,0.15144149236856985,0.14843208748284353,0.5379601057904184,0.4787515360241603,0.0,0.0,0.38127952026699063,28.5,LOW,Routine (3+ months),"Frequent altitude changes, Speed instability, Declining fuel efficiency",✅ Continue routine maintenance schedule | 📊 Monitor for changes | 🔧 Check pressurization system | 🔧 Inspect throttle control system | ⛽ Engine performance check needed,44510.59,3
8007b2,3,2.0005555555555556,1301.9621780340349,9552.94,179.91488888888887,IGO239P,0,21.939003781086672,0,63.79577978200609,13163732.382160002,8051.487418888891,0,2025-12-30 08:18:37,8007b2,0.18295647258338046,0.18243128758749774,0.42413387770503863,0.5500069135236533,0.0,0.0,0.38850361387835425,28.8,LOW,Routine (3+ months),"Frequent altitude changes, Speed instability, Declining fuel efficiency",✅ Continue routine maintenance schedule | 📊 Monitor for changes | 🔧 Check pressurization system | 🔧 Inspect throttle control system | ⛽ Engine performance check needed,44513.02,3
8007b0,3,1.037222222222222,520.3048081834974,7553.959999999999,161.00083333333333,IGO2054,0,13.105821350428988,0,73.15821385298386,13722867.715499997,3605.227586111112,0,2025-12-29 18:23:08,8007b0,0.08493499152063312,0.07290524847519812,0.252578385603003,0.4077744004653092,0.0,0.0,0.4048642459514403,18.8,LOW,Routine (3+ months),Frequent altitude changes,✅ Continue routine maintenance schedule | 📊 Monitor for changes | 🔧 Check pressurization system,34505.2,3
800796,3,1.6652777777777776,1248.895438638393,8892.54,199.8077777777778,VUAUI,0,21.469729877556745,1,82.79218143908447,4216320.5996,4191.784996666666,0,2025-12-30 09:48:34,800796,0.14884115319389488,0.174995561911783,0.41501977686055674,0.2614167962241918,0.0,0.0,0.12448460512786848,20.7,LOW,Routine (3+ months),Normal wear and tear,✅ Continue routine maintenance schedule | 📊 Monitor for changes,29512.49,3
800756,8,3.8350000000000004,2116.492665653721,10326.052499999998,173.57385416666665,IGO2167,1,21.612669722292306,1,71.83806873687391,10776246.753915,5628.151349375,1,2025-12-30 09:28:35,800756,0.3696156020350482,0.29656351672806436,0.41779591282255024,0.4278298215280937,0.125,0.125,0.3180129135548492,34.4,LOW,Routine (3+ months),"Speed instability, High flight hours, Extensive mileage",✅ Continue routine maintenance schedule | 📊 Monitor for changes | 🔧 Inspect throttle control system | 🕐 Review airframe hours for scheduled maintenance,37021.16,3
80074c,2,0.8697222222222222,561.0444643170654,8686.8,197.59133333333335,VTAJM,0,7.243361493402464,0,96.26209188843299,2646226.965599999,11.666106666666632,0,2025-12-29 18:23:08,80074c,0.06789146410401357,0.0786136999569004,0.1387194006226904,0.056784197547680604,0.0,0.0,0.07805117983881851,7.7,LOW,Routine (3+ months),Normal wear and tear,✅ Continue routine maintenance schedule | 📊 Monitor for changes,29005.61,3
800740,1,1.166388888888889,545.4149934498203,11887.2,134.84375,AIC152,0,35.89864068106378,1,43.415497412506994,21643538.003160004,9985.863169642858,0,2025-12-29 08:24:06,800740,0.09807801017524027,0.07642369433098561,0.6952538728756803,0.8596207122726564,0.0,0.0,0.638673725485234,37.2,LOW,Routine (3+ months),"Frequent altitude changes, Speed instability, Declining fuel efficiency",✅ Continue routine maintenance schedule | 📊 Monitor for changes | 🔧 Check pressurization system | 🔧 Inspect throttle control system | ⛽ Engine performance check needed,62505.45,3
80073f,3,3.8302777777777783,2185.3731708838773,9144.0,134.95993055555553,AIC309,0,26.873378113528087,2,64.82018648189684,11447547.473522857,6718.525987638889,0,2025-12-29 15:51:45,80073f,0.36913510457885823,0.30621507148965466,0.5199678563942586,0.5344443004024643,0.0,0.0,0.337845183248976,37.1,LOW,Routine (3+ months),"Speed instability, Declining fuel efficiency, High flight hours, Extensive mileage",✅ Continue routine maintenance schedule | 📊 Monitor for changes | 🔧 Inspect throttle control system | ⛽ Engine performance check needed | 🕐 Review airframe hours for scheduled maintenance,44521.85,3
80073e,1,2.022777777777778,1229.1204344884047,12192.0,164.71461538461537,AIC357,0,16.846205105252448,0,65.53827356673112,15885343.009309089,5892.426410256411,0,2025-12-29 15:51:45,80073e,0.18521763708309782,0.17222468305677824,0.32522302763848077,0.523535243003884,0.0,0.0,0.4687142194936508,27.1,LOW,Routine (3+ months),"Frequent altitude changes, Speed instability, Declining fuel efficiency",✅ Continue routine maintenance schedule | 📊 Monitor for changes | 🔧 Check pressurization system | 🔧 Inspect throttle control system | ⛽ Engine performance check needed,43512.29,3
80073d,1,1.8338888888888887,1605.5842527806017,11887.2,260.33818181818185,AIC312,0,23.301290201655544,1,71.1418722167829,6087533.631360001,8899.22057636364,0,2025-12-30 01:28:36,80073d,0.16599773883550029,0.22497489366954454,0.4505918071205429,0.4384063211738398,0.0,0.0,0.179815142595391,26.0,LOW,Routine (3+ months),Speed instability,✅ Continue routine maintenance schedule | 📊 Monitor for changes | 🔧 Inspect throttle control system,33516.06,3
80073c,2,1.8327777777777778,850.8649073869503,11582.400000000001,146.3465476190476,AIC142,0,23.427046536603598,0,54.92362714177894,18011025.268200003,7392.462232142857,0,2025-12-30 08:48:37,80073c,0.16588468061051445,0.119223417727854,0.4530342099687037,0.6847911541057548,0.0,0.0,0.5314557598238593,31.2,LOW,Routine (3+ months),"Frequent altitude changes, Speed instability, Declining fuel efficiency",✅ Continue routine maintenance schedule | 📊 Monitor for changes | 🔧 Check pressurization system | 🔧 Inspect throttle control system | ⛽ Engine performance check needed,54008.51,3
80073b,4,2.999722222222222,2286.635651279317,11578.589999999998,215.18985714285714,AIC308,0,12.047081073445524,0,82.85809205774459,9485528.160242142,2120.7486135714285,1,2025-12-30 03:18:38,80073b,0.284624081401922,0.3204039972468826,0.23201584082913493,0.2604154932662016,0.0,0.0,0.27983953614760554,24.9,LOW,Routine (3+ months),"High flight hours, Extensive mileage",✅ Continue routine maintenance schedule | 📊 Monitor for changes | 🕐 Review airframe hours for scheduled maintenance,30022.87,3
8008d4,7,5.664722222222222,37.74961788304005,,6.973833333333333,FLW ME 1,0,30.794804603515047,7,,,15.627398299319728,1,2025-12-30 04:38:37,8008d4,0.5557942340305259,0.005289486524668461,0.5961286576131667,,0.0,0.0,,,LOW,Routine (3+ months),High flight hours,✅ Continue routine maintenance schedule | 📊 Monitor for changes | 🕐 Review airframe hours for scheduled maintenance,30500.38,3
8008c7,3,7.333611111111111,4.467217252265364,,7.79390522875817,FLW ME2,0,33.571703906154106,3,,,6.168879170218811,0,2025-12-30 06:18:36,8008c7,0.7256076879592992,0.0006259476726846591,0.6500607857132962,,0.0,0.0,,,LOW,Routine (3+ months),High flight hours,✅ Continue routine maintenance schedule | 📊 Monitor for changes | 🕐 Review airframe hours for scheduled maintenance,28500.04,3
8008c6,3,4.506666666666666,4.085495541271133,,4.2776430976430975,FLW ME 4,0,31.55195669780724,3,,,3.219599158249158,1,2025-12-30 07:18:12,8008c6,0.43795929903900516,0.0005724607247443328,0.6108338446906527,,0.0,0.0,,,LOW,Routine (3+ months),High flight hours,✅ Continue routine maintenance schedule | 📊 Monitor for changes | 🕐 Review airframe hours for scheduled maintenance,28500.04,3
8008c3,8,4.5247222222222225,3016.5746217459473,10223.1825,197.67520833333333,IGO5093,0,13.476046652682967,0,77.14065598958075,9482696.760375,4357.608112083333,0,2025-12-30 10:18:36,8008c3,0.4397964951950256,0.422683240445481,0.2597687934107672,0.3472738138760292,0.0,0.0,0.27982200009598973,32.7,LOW,Routine (3+ months),"High flight hours, Extensive mileage",✅ Continue routine maintenance schedule | 📊 Monitor for changes | 🕐 Review airframe hours for scheduled maintenance,37030.17,3
8008c2,4,3.5222222222222226,1978.399878247122,8770.619999999999,152.97338392857142,IGO204F,0,17.411573424294826,0,69.71997992228437,11406687.094414286,6212.865460863095,1,2025-12-30 08:38:36,8008c2,0.3377897117015264,0.2772139185306935,0.3362034461856605,0.46000746814177784,0.0,0.0,0.3366250861042541,31.0,LOW,Routine (3+ months),"Speed instability, Declining fuel efficiency, High flight hours",✅ Continue routine maintenance schedule | 📊 Monitor for changes | 🔧 Inspect throttle control system | ⛽ Engine performance check needed | 🕐 Review airframe hours for scheduled maintenance,45019.78,3
800892,7,7.021388888888889,16.135623342383397,,6.004666666666666,FOLOWME1,0,31.062110955464934,7,,,6.922817142857143,1,2025-12-30 08:58:35,800892,0.6938383267382704,0.0022609278457096137,0.6013202035945564,,0.0,0.0,,,LOW,Routine (3+ months),High flight hours,✅ Continue routine maintenance schedule | 📊 Monitor for changes | 🕐 Review airframe hours for scheduled maintenance,30500.16,3
80087f,2,1.3330555555555557,2.361646844742671,,11.86625,WILDLIF1,0,30.05331140685668,2,,,5.6830124999999985,0,2025-12-30 09:38:37,80087f,0.11503674392312042,0.0003309145856786127,0.5817275930770676,,0.0,0.0,,,LOW,Routine (3+ months),Normal wear and tear,✅ Continue routine maintenance schedule | 📊 Monitor for changes,28000.02,3
80087d,5,4.5375,13.019754046250492,,5.7601666666666675,FOLOWME6,0,31.01420808136536,5,,,13.186257666666668,1,2025-12-30 03:58:40,80087d,0.441096664782363,0.0018243314090095786,0.6003898479493778,,0.0,0.0,,,LOW,Routine (3+ months),High flight hours,✅ Continue routine maintenance schedule | 📊 Monitor for changes | 🕐 Review airframe hours for scheduled maintenance,29500.13,3
80087b,2,0.8699999999999999,3.7440533492520207,,5.916666666666667,FOLOWME4,0,30.13880330666299,2,,,14.640816666666666,0,2025-12-29 18:03:07,80087b,0.06791972866026004,0.0005246177537443597,0.583387991812987,,0.0,0.0,,,LOW,Routine (3+ months),Normal wear and tear,✅ Continue routine maintenance schedule | 📊 Monitor for changes,28000.04,3
80087a,2,0.8327777777777778,5.167607240185316,,7.3741666666666665,FOLOWME3,0,30.368435866549717,2,,,16.855666666666664,1,2025-12-30 09:48:34,80087a,0.06413227812323348,0.0007240865045688283,0.5878478483961919,,0.0,0.0,,,LOW,Routine (3+ months),Normal wear and tear,✅ Continue routine maintenance schedule | 📊 Monitor for changes,28000.05,3
800877,3,2.9997222222222226,6.019411751457903,,6.883722222222222,AGM00001,0,30.400470567788762,3,,,13.639881666666666,1,2025-12-30 07:58:34,800877,0.2846240814019221,0.000843441579843707,0.5884700170175861,,0.0,0.0,,,LOW,Routine (3+ months),High flight hours,✅ Continue routine maintenance schedule | 📊 Monitor for changes | 🕐 Review airframe hours for scheduled maintenance,28500.06,3
8007df,5,2.866944444444444,1213.5243699832888,8788.908,144.10273809523807,IGO150V,1,25.700193173759867,1,60.731179189127616,13483479.530682856,8831.126069761904,1,2025-12-30 09:38:37,8007df,0.2711136235161108,0.17003935833923364,0.49718260076882387,0.5965638067995571,0.2,0.2,0.3979575964516192,35.1,LOW,Routine (3+ months),"Frequent altitude changes, Speed instability, Declining fuel efficiency",✅ Continue routine maintenance schedule | 📊 Monitor for changes | 🔧 Check pressurization system | 🔧 Inspect throttle control system | ⛽ Engine performance check needed,45512.14,3
8007cf,4,2.3388888888888886,1494.126828618857,10822.305,175.8902083333333,IGO1426,0,26.8566800048393,0,65.2715119842475,15615584.010705,6570.118174583334,0,2025-12-30 07:38:20,8007cf,0.21738270209157717,0.20935744967304049,0.5196435505989503,0.5275878397940373,0.0,0.0,0.4607776285831517,32.5,LOW,Routine (3+ months),"Frequent altitude changes, Speed instability, Declining fuel efficiency",✅ Continue routine maintenance schedule | 📊 Monitor for changes | 🔧 Check pressurization system | 🔧 Inspect throttle control system | ⛽ Engine performance check needed,45014.94,3
8007ce,1,0.6663888888888888,355.14677541935504,7620.0,156.31,IGO738E,0,11.506793985693209,0,84.44635842171661,6032525.354280001,2627.79595,0,2025-12-30 09:28:35,8007ce,0.047201808931599774,0.04976326088069138,0.22152254263866353,0.23628681960706766,0.0,0.0,0.17800768919302426,11.9,LOW,Routine (3+ months),Normal wear and tear,✅ Continue routine maintenance schedule | 📊 Monitor for changes,28503.55,3
8007cd,4,1.8622222222222222,1305.4530925253337,8587.740000000002,169.5807142857143,IGO1006,0,12.70207155019035,0,81.76789914597964,8901296.022257142,2622.6117892857146,0,2025-12-30 06:58:37,8007cd,0.16888072357263995,0.18292043545695977,0.24473687477609704,0.2769775193785551,0.0,0.0,0.26262232976621486,19.6,LOW,Routine (3+ months),Normal wear and tear,✅ Continue routine maintenance schedule | 📊 Monitor for changes,30013.05,3
8007cc,4,1.6683333333333332,1350.5891465657337,10669.905,230.2191666666667,IGO17P,0,9.604346126276456,0,91.74776128041333,5994751.316925001,326.5056833333332,0,2025-12-30 02:58:37,8007cc,0.14915206331260603,0.18924491138577879,0.18457375534905188,0.1253651437297435,0.0,0.0,0.17682566178029585,14.9,LOW,Routine (3+ months),Normal wear and tear,✅ Continue routine maintenance schedule | 📊 Monitor for changes,30013.51,3
800b6a,1,0.33166666666666667,50.33826028380547,571.5,43.8,VTUPK,0,27.25712354446664,1,93.13778883547992,51116.0268,858.3876999999999,0,2025-12-29 16:41:44,800b6a,0.013143018654607123,0.0070534104549457724,0.5274208481968596,0.10424808048757539,0.0,0.0,0.0015329926502284077,12.6,LOW,Routine (3+ months),Normal wear and tear,✅ Continue routine maintenance schedule | 📊 Monitor for changes,28500.5,3
800b63,2,1.8330555555555554,658.135625559389,7197.09,131.66242857142856,AXB1197,0,28.587191997147357,1,66.06941768146618,3105090.5640000002,9299.493713571428,0,2025-12-30 09:48:34,800b63,0.16591294516676092,0.09221813936200533,0.5532530496395784,0.5154661915518585,0.0,0.0,0.09185937185342091,25.7,LOW,Routine (3+ months),"Speed instability, Declining fuel efficiency",✅ Continue routine maintenance schedule | 📊 Monitor for changes | 🔧 Inspect throttle control system | ⛽ Engine performance check needed,44006.58,3
800b61,3,2.1663888888888887,832.5911544967007,9436.099999999999,125.95333333333332,AXB174,0,31.4301788260142,1,53.52748832428699,16065160.450259997,9787.623637777777,1,2025-12-30 10:08:34,800b61,0.19983041266252122,0.11666289459971067,0.6084687103931786,0.7060010586118641,0.0,0.0,0.47413284954058676,34.8,LOW,Routine (3+ months),"Frequent altitude changes, Speed instability, Declining fuel efficiency",✅ Continue routine maintenance schedule | 📊 Monitor for changes | 🔧 Check pressurization system | 🔧 Inspect throttle control system | ⛽ Engine performance check needed,63508.33,3
800b54,4,2.4983333333333335,1017.3121957083063,4874.895,109.77145833333334,LLR638,0,14.152761608050596,1,90.249185744306,2383549.0635375,1143.2948023809524,0,2025-12-30 10:18:36,800b54,0.23360655737704925,0.14254605615485033,0.27291175384346106,0.14813124951937184,0.0,0.0,0.07033683579813844,17.1,LOW,Routine (3+ months),Normal wear and tear,✅ Continue routine maintenance schedule | 📊 Monitor for changes,30010.17,3
800b52,4,3.3561111111111113,1310.3685694393166,4648.2,111.28578869047618,LLR507,0,15.660508203945344,0,94.36932122626217,2481116.0055,583.2637296726191,1,2025-12-30 07:58:34,800b52,0.3208875070661391,0.18360919339298415,0.3021947683463817,0.08553884894311048,0.0,0.0,0.07319806824964423,19.8,LOW,Routine (3+ months),High flight hours,✅ Continue routine maintenance schedule | 📊 Monitor for changes | 🕐 Review airframe hours for scheduled maintenance,30013.1,3
800b45,3,1.3319444444444444,856.5831416830332,9956.800000000001,195.00138888888887,BDA481,0,11.613946364543954,0,74.40413656363496,11272846.809099996,4186.801941666667,0,2025-12-30 06:38:36,800b45,0.11492368569813455,0.12002465824233392,0.22360362487917543,0.38884655361812037,0.0,0.0,0.33261768907672046,18.9,LOW,Routine (3+ months),Normal wear and tear,✅ Continue routine maintenance schedule | 📊 Monitor for changes,34508.57,3
800b43,3,3.1647222222222227,2166.764903179131,9540.24,178.3741904761905,AXB2115,0,13.229316434404566,0,77.55779369968243,11684072.300011426,2903.67391031746,0,2025-12-30 07:08:35,800b43,0.30141322781232344,0.3036076760564972,0.2549768710944925,0.34093672841840417,0.0,0.0,0.3447089966048203,27.3,LOW,Routine (3+ months),"High flight hours, Extensive mileage",✅ Continue routine maintenance schedule | 📊 Monitor for changes | 🕐 Review airframe hours for scheduled maintenance,34521.67,3
800b30,2,1.1680555555555554,665.3146998784894,7319.01,152.66166666666666,AXB104W,0,23.876723692795963,0,73.44411436669701,8351431.6842,6063.330343333333,0,2025-12-30 00:38:34,800b30,0.09824759751271905,0.09322407317008065,0.4617677085037137,0.4034310482727266,0.0,0.0,0.24650548841902759,22.1,LOW,Routine (3+ months),Speed instability,✅ Continue routine maintenance schedule | 📊 Monitor for changes | 🔧 Inspect throttle control system,34006.65,3
800b14,4,2.3336111111111113,1617.1019010343377,9603.105,188.94333333333333,IGO138P,0,15.08793388363747,0,80.03162811200389,9461262.04518,2965.5691583333337,0,2025-12-30 08:08:33,800b14,0.21684567552289435,0.22658874961433223,0.2910743969449623,0.30335465492264446,0.0,0.0,0.2791487217786629,23.1,LOW,Routine (3+ months),Normal wear and tear,✅ Continue routine maintenance schedule | 📊 Monitor for changes,30016.17,3
800b12,3,1.5916666666666666,1131.3010678283558,9982.2,191.21927777777776,IGO2002,0,19.94598176464927,0,75.19424414153939,10506294.47124,4517.259398333333,1,2025-12-30 00:38:34,800b12,0.14135104578858115,0.15851820731434713,0.3854259855626308,0.3768433730841023,0.0,0.0,0.3100178671758409,23.2,LOW,Routine (3+ months),Normal wear and tear,✅ Continue routine maintenance schedule | 📊 Monitor for changes,34511.31,3
800b07,1,0.6663888888888888,72.33366216529672,297.18,59.01666666666667,VTHLH,0,26.34024544386531,1,87.86091812656126,7045.147200000001,836.3502333333333,0,2025-12-30 09:58:35,800b07,0.047201808931599774,0.010135412032214342,0.5096135092246327,0.18441340676101148,0.0,0.0,0.0002324658729555109,14.3,LOW,Routine (3+ months),Normal wear and tear,✅ Continue routine maintenance schedule | 📊 Monitor for changes,28500.72,3
800b05,3,1.5013888888888889,716.6314633846289,8823.960000000001,143.50833333333333,BDA154,0,22.042042921378478,1,61.540924260856805,16674988.26286,6472.833633333333,0,2025-12-30 05:48:34,800b05,0.1321650650084794,0.10041459175748267,0.4261350738262893,0.5842622967845847,0.0,0.0,0.4920220362654667,27.5,LOW,Routine (3+ months),"Frequent altitude changes, Speed instability, Declining fuel efficiency",✅ Continue routine maintenance schedule | 📊 Monitor for changes | 🔧 Check pressurization system | 🔧 Inspect throttle control system | ⛽ Engine performance check needed,44507.17,3
800af5,4,2.663888888888889,1471.769067333491,10359.39,209.653125,IGO1496,0,4.71479965070483,0,93.0116376866273,2542131.286695,1186.1850245833334,0,2025-12-29 23:28:38,800af5,0.25045223289994356,0.20622467419946863,0.08961041021750474,0.10616454737967629,0.0,0.0,0.0750155057801299,14.5,LOW,Routine (3+ months),Normal wear and tear,✅ Continue routine maintenance schedule | 📊 Monitor for changes,30014.72,3
800af4,5,3.057777777777777,2153.2129011349093,9387.84,194.83316666666667,IGO525,0,10.420806311965265,0,82.31883431842132,8640199.053878183,2620.2522246969697,1,2025-12-30 09:28:35,800af4,0.29053137365743353,0.3017087659160744,0.20043080687460654,0.26860780552908503,0.0,0.0,0.2549211684435214,23.9,LOW,Routine (3+ months),"High flight hours, Extensive mileage",✅ Continue routine maintenance schedule | 📊 Monitor for changes | 🕐 Review airframe hours for scheduled maintenance,30521.53,3
800af1,5,3.3341666666666665,1817.2556310681593,9267.444,164.18554285714285,IGO114H,1,26.480681536887374,1,66.15699781412737,13067616.104346856,8071.085549714286,1,2025-12-30 09:28:35,800af1,0.3186546071226682,0.2546343436427603,0.512341018051312,0.514135689006479,0.2,0.2,0.3856692288240628,36.9,LOW,Routine (3+ months),"Frequent altitude changes, Speed instability, Declining fuel efficiency, High flight hours",✅ Continue routine maintenance schedule | 📊 Monitor for changes | 🔧 Check pressurization system | 🔧 Inspect throttle control system | ⛽ Engine performance check needed | 🕐 Review airframe hours for scheduled maintenance,45518.17,3
800bd5,2,0.8325,474.73958800732146,11361.42,180.13083333333333,VTRSG,0,6.31693828324089,0,81.24663305728271,9007036.824600002,2619.4211999999998,0,2025-12-29 18:35:17,800bd5,0.06410401356698701,0.06652063767298609,0.12072667931735413,0.2848965055316629,0.0,0.0,0.26574107546504194,12.3,LOW,Routine (3+ months),Normal wear and tear,✅ Continue routine maintenance schedule | 📊 Monitor for changes,29004.75,3
800bd4,5,4.693055555555556,2535.5516820732328,9156.192,155.06302777777776,AIC1858,0,18.367959406302507,0,69.83533224673982,11033368.421698285,6269.250673484126,1,2025-12-30 08:38:36,800bd4,0.4569248162803846,0.3552821778615243,0.35477809570420327,0.4582550551613458,0.0,0.0,0.3256156625473976,35.8,LOW,Routine (3+ months),"Speed instability, Declining fuel efficiency, High flight hours, Extensive mileage",✅ Continue routine maintenance schedule | 📊 Monitor for changes | 🔧 Inspect throttle control system | ⛽ Engine performance check needed | 🕐 Review airframe hours for scheduled maintenance,45525.36,3
800bcc,6,3.287777777777777,1824.5379994858404,9916.16,159.12158333333332,SEJ487,0,12.744409678509157,0,72.0888519028656,15004005.63709,3160.2663913888887,1,2025-12-30 00:58:38,800bcc,0.3139344262295082,0.2556547510474747,0.2455591535522268,0.42401996613564863,0.0,0.0,0.4426384645621228,28.7,LOW,Routine (3+ months),"Frequent altitude changes, High flight hours",✅ Continue routine maintenance schedule | 📊 Monitor for changes | 🔧 Check pressurization system | 🕐 Review airframe hours for scheduled maintenance,36018.25,3
800bc5,1,1.0,739.4302765207157,13106.4,205.98666666666668,VTKZN,0,10.327316515584528,0,96.06064700649485,2905333.54416,51.74022666666665,0,2025-12-29 09:44:08,800bc5,0.08114754098360658,0.10360916753399524,0.19861507532479158,0.059844514083272626,0.0,0.0,0.08569474673055782,9.8,LOW,Routine (3+ months),Normal wear and tear,✅ Continue routine maintenance schedule | 📊 Monitor for changes,28507.39,3
800bc4,7,4.541388888888889,3442.5790895918567,10586.357142857143,212.07726190476188,IGO246W,0,11.679641087265248,0,83.02691459664739,8805377.919162858,2187.1402145238094,1,2025-12-30 09:08:33,800bc4,0.4414923685698136,0.48237510008498924,0.2248795286175429,0.2578507698420368,0.0,0.0,0.25978036755823497,31.6,LOW,Routine (3+ months),"High flight hours, Extensive mileage",✅ Continue routine maintenance schedule | 📊 Monitor for changes | 🕐 Review airframe hours for scheduled maintenance,31534.43,3
800bc1,4,2.7005555555555554,1784.7394170498346,10304.145,195.10279761904764,IGO201,0,6.253789917770833,0,87.2807606911942,5780382.874695,2154.641642619048,1,2025-12-30 09:48:34,800bc1,0.25418315432447713,0.2500781630632361,0.11950023018662467,0.1932270602806162,0.0,0.0,0.17055675561704695,18.4,LOW,Routine (3+ months),Normal wear and tear,✅ Continue routine maintenance schedule | 📊 Monitor for changes,30017.85,3
800bc0,2,1.0580555555555555,727.9741396519995,11738.61,221.07350000000002,IGO346K,0,21.28106400726996,0,73.73215092222678,8575236.075300002,6328.815568333333,0,2025-12-29 18:13:07,800bc0,0.08705483323911815,0.1020039305808801,0.4113555633707989,0.3990552456945632,0.0,0.0,0.25311446086918993,21.0,LOW,Routine (3+ months),Speed instability,✅ Continue routine maintenance schedule | 📊 Monitor for changes | 🔧 Inspect throttle control system,34007.28,3
800bb5,3,1.8680555555555556,1263.5439779685912,9276.08,190.06944444444446,IGO6552,0,9.97496180436322,0,91.04866178959219,5494006.523485713,643.5854984126983,0,2025-12-30 10:08:34,800bb5,0.16947427925381575,0.1770481191491364,0.1917717449223489,0.1359857448152597,0.0,0.0,0.16206547613248024,15.3,LOW,Routine (3+ months),Normal wear and tear,✅ Continue routine maintenance schedule | 📊 Monitor for changes,29512.64,3
800ba9,3,3.6683333333333334,2476.0210870068463,10421.62,195.79904761904763,BDA201,0,11.027369440585636,0,76.32031163712234,12693817.806216484,3046.7326065934067,0,2025-12-30 07:28:36,800ba9,0.35265686828716797,0.3469407350054731,0.21221129899489327,0.3597363463690557,0.0,0.0,0.37449580156331497,29.1,LOW,Routine (3+ months),"Frequent altitude changes, High flight hours, Extensive mileage",✅ Continue routine maintenance schedule | 📊 Monitor for changes | 🔧 Check pressurization system | 🕐 Review airframe hours for scheduled maintenance,34524.76,3
800ba0,2,1.3575000000000002,596.8177752216895,4419.6,120.19833333333332,LLR770,0,13.725053691735717,0,95.6286887307334,1693103.7105599996,326.87167,0,2025-12-29 16:51:45,800ba0,0.11752402487280955,0.08362626582072065,0.2646049354758626,0.06640675106482319,0.0,0.0,0.04994797269396085,11.4,LOW,Routine (3+ months),Normal wear and tear,✅ Continue routine maintenance schedule | 📊 Monitor for changes,29005.97,3
800b9a,2,0.6669444444444445,377.3597732598101,9121.14,150.05666666666667,AXB412,0,25.786848594192595,0,60.510827113910366,21843053.088000003,6181.465066666667,0,2025-12-30 02:08:35,800b9a,0.04725833804409272,0.05287575206175746,0.49886559706289435,0.5999113582138761,0.0,0.0,0.6444462396583184,27.7,LOW,Routine (3+ months),"Frequent altitude changes, Speed instability, Declining fuel efficiency",✅ Continue routine maintenance schedule | 📊 Monitor for changes | 🔧 Check pressurization system | 🔧 Inspect throttle control system | ⛽ Engine performance check needed,44003.77,3
800b94,1,0.5230555555555555,407.29588784307646,11887.2,245.29,VTOMM,0,10.151307143371026,0,93.82048689042504,3112847.0001000003,601.0290000000005,0,2025-12-29 16:51:45,800b94,0.03261729790842284,0.05707040842039201,0.19519667264810087,0.09387664723862033,0.0,0.0,0.09183158658725098,8.2,LOW,Routine (3+ months),Normal wear and tear,✅ Continue routine maintenance schedule | 📊 Monitor for changes,28504.07,3
800b85,1,0.33388888888888885,111.05406580012752,7620.0,115.73,VTFML,0,12.244135134718608,0,85.20718164804914,10073844.3684,654.5689,0,2025-12-29 08:54:06,800b85,0.013369135104578855,0.015560925315308465,0.23584296731698803,0.22472852198338866,0.0,0.0,0.2971487601003145,11.7,LOW,Routine (3+ months),Normal wear and tear,✅ Continue routine maintenance schedule | 📊 Monitor for changes,28501.11,3
800b81,5,3.4988888888888883,2457.167468000858,9936.48,188.81699523809525,SEJ121,0,10.134496599146907,0,79.95313069035129,10346153.851429714,2409.844687761905,1,2025-12-30 08:38:36,800b81,0.33541548897682305,0.34429896088255646,0.19487018316262816,0.3045471744603637,0.0,0.0,0.3052323386263181,26.8,LOW,Routine (3+ months),"High flight hours, Extensive mileage",✅ Continue routine maintenance schedule | 📊 Monitor for changes | 🕐 Review airframe hours for scheduled maintenance,35524.57,3
800b80,3,3.498888888888889,2400.531084618783,11277.6,197.47305555555556,SEJ160,0,15.385064860221183,0,76.60611552354916,14339570.503876626,1745.3410716450214,0,2025-12-29 16:31:45,800b80,0.33541548897682316,0.33636305573952624,0.2968451880847058,0.3553944621218449,0.0,0.0,0.42299912363437797,30.6,LOW,Routine (3+ months),"Frequent altitude changes, High flight hours, Extensive mileage",✅ Continue routine maintenance schedule | 📊 Monitor for changes | 🔧 Check pressurization system | 🕐 Review airframe hours for scheduled maintenance,34524.01,3
800c16,4,1.5252777777777777,1125.1581604867579,9829.800000000001,209.72770833333328,IGO415,0,8.088741376601977,0,87.86629283664605,5579519.4861,1581.8633729166668,1,2025-12-30 07:48:33,800c16,0.13459581684567554,0.15765746149947976,0.15513812207602456,0.18433175507550692,0.0,0.0,0.16461536760403198,14.0,LOW,Routine (3+ months),Normal wear and tear,✅ Continue routine maintenance schedule | 📊 Monitor for changes,30011.25,3
800c13,2,0.7002777777777778,560.0090837507603,11578.59,224.2375,VTPVK,0,4.691075351859936,0,99.22766700337124,253054.3326000002,52.79659999999993,0,2025-12-29 18:13:07,800c13,0.05065008479366875,0.07846862215583914,0.08914964380686373,0.011731682564586787,0.0,0.0,0.0074654302990563234,4.9,LOW,Routine (3+ months),Normal wear and tear,✅ Continue routine maintenance schedule | 📊 Monitor for changes,24005.6,3
800c12,5,3.8536111111111113,2319.4754806765095,10058.400000000001,198.5776205128205,IGO296Y,0,9.384701828370506,0,82.78501415128292,7805670.928216365,2939.2138542051275,0,2025-12-29 15:51:45,800c12,0.3715093273035614,0.32500552289959406,0.18030788787597904,0.26152568044683067,0.0,0.0,0.2303160520700659,25.6,LOW,Routine (3+ months),"High flight hours, Extensive mileage",✅ Continue routine maintenance schedule | 📊 Monitor for changes | 🕐 Review airframe hours for scheduled maintenance,30523.19,3
800c11,2,1.5022222222222221,1096.5726752848454,10214.61,205.94516666666664,IGO6566,0,10.343424301201082,0,85.81462272739259,6535245.961739998,1225.2021333333332,1,2025-12-30 07:58:34,800c11,0.13224985867721878,0.15365205568994023,0.1989279160376168,0.21550037996445448,0.0,0.0,0.19279413436485646,15.5,LOW,Routine (3+ months),Normal wear and tear,✅ Continue routine maintenance schedule | 📊 Monitor for changes,29010.97,3
800c0c,8,4.703333333333333,2469.386182218474,10345.102499999999,167.6473125,AIC2410,0,16.533974184693108,0,68.92375165724319,11937605.761837501,6419.155059791667,1,2025-12-30 07:48:33,800c0c,0.45797060486150376,0.34601105037716007,0.319158969792226,0.472103633118357,0.0,0.0,0.3522906912544156,35.4,LOW,Routine (3+ months),"Speed instability, Declining fuel efficiency, High flight hours, Extensive mileage",✅ Continue routine maintenance schedule | 📊 Monitor for changes | 🔧 Inspect throttle control system | ⛽ Engine performance check needed | 🕐 Review airframe hours for scheduled maintenance,47024.69,3
800c0b,5,3.6899999999999995,2318.9250741417845,11009.376,173.79659999999998,AIC2418,0,14.801249741092878,0,67.71473607689005,17320134.004824,4157.868836190477,1,2025-12-30 08:08:33,800c0b,0.35486150367439234,0.32492839978916843,0.28550650116808024,0.49047079309157116,0.0,0.0,0.5109824202585833,33.5,LOW,Routine (3+ months),"Frequent altitude changes, Declining fuel efficiency, High flight hours, Extensive mileage",✅ Continue routine maintenance schedule | 📊 Monitor for changes | 🔧 Check pressurization system | ⛽ Engine performance check needed | 🕐 Review airframe hours for scheduled maintenance,45523.19,3
800c09,2,2.9991666666666665,893.2337273667865,4575.8099999999995,116.21535714285713,LLR697,0,17.150755416502378,1,97.78778456432653,286656.86021934066,252.7879804945055,0,2025-12-30 08:18:37,800c09,0.2845675522894291,0.1251601480821534,0.33113791493153305,0.033606132762185714,0.0,0.0,0.008462440341102167,16.8,LOW,Routine (3+ months),Normal wear and tear,✅ Continue routine maintenance schedule | 📊 Monitor for changes,29008.93,3
800c08,4,2.3313888888888887,1381.1272947425264,9578.34,164.10625,AIC2337,0,23.513987722466453,1,66.50995949308563,10284359.269949999,9082.959859166665,0,2025-12-30 09:08:33,800c08,0.21661955907292257,0.19352392485208583,0.4547227563155865,0.5087735549470096,0.0,0.0,0.30360652324131837,29.0,LOW,Routine (3+ months),"Speed instability, Declining fuel efficiency",✅ Continue routine maintenance schedule | 📊 Monitor for changes | 🔧 Inspect throttle control system | ⛽ Engine performance check needed,45013.81,3
800bfb,4,3.7569444444444446,2634.513181714343,10517.505000000001,189.68792857142859,AIC2255,0,15.559461014428722,0,70.57310903833012,13195042.9647,4903.26094436508,1,2025-12-30 09:28:35,800bfb,0.3616732617297909,0.36914868958184055,0.30023225931193837,0.44704687507180096,0.0,0.0,0.3893342665230606,33.0,LOW,Routine (3+ months),"Frequent altitude changes, High flight hours, Extensive mileage",✅ Continue routine maintenance schedule | 📊 Monitor for changes | 🔧 Check pressurization system | 🕐 Review airframe hours for scheduled maintenance,35026.35,3
800bfa,6,3.1666666666666665,1823.6083233378695,9998.71,185.42694444444442,AIC2531,0,13.50399152664531,0,74.74180830687327,11993028.11067,3764.9695711111112,1,2025-12-30 09:48:34,800bfa,0.30161107970604867,0.2555244845776992,0.26031153059999357,0.3837167016730524,0.0,0.0,0.35384709563819416,27.2,LOW,Routine (3+ months),High flight hours,✅ Continue routine maintenance schedule | 📊 Monitor for changes | 🕐 Review airframe hours for scheduled maintenance,36018.24,3
800bf9,7,5.6525,3421.378282635797,9841.774285714286,178.71078571428572,AIC487,0,11.584044832274914,0,69.77468340945593,14320825.822260281,4851.320037993197,1,2025-12-30 09:18:35,800bf9,0.5545505935556813,0.4794044373605711,0.22302288604316814,0.45917642202764974,0.0,0.0,0.4225378579048419,39.0,LOW,Routine (3+ months),"Frequent altitude changes, Declining fuel efficiency, High flight hours, Extensive mileage",✅ Continue routine maintenance schedule | 📊 Monitor for changes | 🔧 Check pressurization system | ⛽ Engine performance check needed | 🕐 Review airframe hours for scheduled maintenance,46534.21,3
800bef,3,1.498888888888889,790.8972707973369,10190.480000000001,169.585,AIC2246,0,19.777919697708732,0,65.61839278703756,13977757.528300002,6219.267227777777,0,2025-12-30 10:18:36,800bef,0.13191068400226122,0.11082073649702001,0.3821619331303385,0.522318085375636,0.0,0.0,0.41245935821958496,25.1,LOW,Routine (3+ months),"Frequent altitude changes, Speed instability, Declining fuel efficiency",✅ Continue routine maintenance schedule | 📊 Monitor for changes | 🔧 Check pressurization system | 🔧 Inspect throttle control system | ⛽ Engine performance check needed,44507.91,3
800be7,2,1.8344444444444443,1534.6008891250613,10755.63,218.22475000000003,AIC2821,0,9.587139918307074,0,88.11870000274594,6009650.8839,1632.9218641666666,0,2025-12-29 09:54:04,800be7,0.16605426794799322,0.2150286858246087,0.18423958139775296,0.1804972281484113,0.0,0.0,0.1773036595279687,16.6,LOW,Routine (3+ months),Normal wear and tear,✅ Continue routine maintenance schedule | 📊 Monitor for changes,29015.35,3
800be6,6,4.499722222222222,2601.027907645128,8439.15,152.99175264550266,AIC432,0,19.768421685151832,2,75.1139406352179,8726966.474603571,4671.783941732804,1,2025-12-30 09:08:33,800be6,0.43725268513284354,0.36445672404956114,0.3819774655014877,0.37806333035428563,0.0,0.0,0.2575408959114513,34.1,LOW,Routine (3+ months),"High flight hours, Extensive mileage",✅ Continue routine maintenance schedule | 📊 Monitor for changes | 🕐 Review airframe hours for scheduled maintenance,36026.01,3
800be5,2,0.6672222222222222,189.8252939998324,5848.35,106.57666666666665,AIC2502,0,33.23963037963904,1,62.09257099959402,10217548.919699999,9771.577766666665,1,2025-12-30 09:18:35,800be5,0.04728660260033918,0.026598370817004995,0.6436113505632164,0.5758817729404431,0.0,0.0,0.3016562534657652,26.2,LOW,Routine (3+ months),"Speed instability, Declining fuel efficiency",✅ Continue routine maintenance schedule | 📊 Monitor for changes | 🔧 Inspect throttle control system | ⛽ Engine performance check needed,53001.9,3
800c74,6,4.535555555555556,3012.422569910034,10163.81,183.16454166666665,IGO146,0,17.862539248924765,0,71.02027124039013,13209536.818200715,4694.607723035714,0,2025-12-30 07:08:35,800c74,0.4408988128886378,0.42210145383498243,0.3449619728630982,0.44025366261641463,0.0,0.0,0.3897556105102129,36.9,LOW,Routine (3+ months),"Frequent altitude changes, High flight hours, Extensive mileage",✅ Continue routine maintenance schedule | 📊 Monitor for changes | 🔧 Check pressurization system | 🕐 Review airframe hours for scheduled maintenance,36030.12,3
800c71,6,3.5366666666666666,2286.355341051083,10618.470000000001,172.7270277777778,IGO263L,0,23.218850876368112,0,66.68633201366686,15692122.970530003,6004.710930833334,1,2025-12-30 07:48:33,800c71,0.3392594686263426,0.32036472010295064,0.44899069459634566,0.5060941334796301,0.0,0.0,0.46301847917933886,36.1,LOW,Routine (3+ months),"Frequent altitude changes, Speed instability, Declining fuel efficiency, High flight hours, Extensive mileage",✅ Continue routine maintenance schedule | 📊 Monitor for changes | 🔧 Check pressurization system | 🔧 Inspect throttle control system | ⛽ Engine performance check needed | 🕐 Review airframe hours for scheduled maintenance,46022.86,3
800c70,1,0.3333333333333333,225.37664718819497,9753.6,200.43,IGO6321,0,8.169543587429132,0,97.575887437501,1812306.0528000009,22.49129999999996,0,2025-12-30 10:08:34,800c70,0.013312605992085924,0.031579835906431986,0.15670743904079973,0.036825238032220486,0.0,0.0,0.053454884766512424,5.2,LOW,Routine (3+ months),Normal wear and tear,✅ Continue routine maintenance schedule | 📊 Monitor for changes,28502.25,3
800c6d,2,0.8358333333333332,323.70666059363725,4724.4,109.67791666666666,IGO7227,0,13.605611963501913,0,96.10721242952408,1886122.8406500001,534.0045624999999,0,2025-12-29 09:54:04,800c6d,0.0644431882419446,0.04535786360700457,0.2622851730770301,0.05913710006157036,0.0,0.0,0.05564720843971946,9.2,LOW,Routine (3+ months),Normal wear and tear,✅ Continue routine maintenance schedule | 📊 Monitor for changes,29003.24,3
800c63,9,5.057777777777777,3493.8877954926484,8735.906666666668,182.35093474426807,IGO260J,0,21.452374146752188,2,75.57523593127328,10320687.448701587,4469.265670546738,0,2025-12-30 06:18:36,800c63,0.49403617863199556,0.4895644896385811,0.41468269892037607,0.3710554103280891,0.0,0.0,0.30454194641459553,39.0,LOW,Routine (3+ months),"High flight hours, Extensive mileage",✅ Continue routine maintenance schedule | 📊 Monitor for changes | 🕐 Review airframe hours for scheduled maintenance,37534.94,3
800c50,1,0.4997222222222222,308.7716150387139,11628.12,166.6025,VTCVV,0,32.816535806983964,0,67.43410717759184,24378972.2097,1107.144625,0,2025-12-29 10:14:09,800c50,0.030243075183719617,0.043265161041038495,0.6353941312102434,0.4947340598106085,0.0,0.0,0.7190938622726682,28.9,LOW,Routine (3+ months),"Frequent altitude changes, Declining fuel efficiency",✅ Continue routine maintenance schedule | 📊 Monitor for changes | 🔧 Check pressurization system | ⛽ Engine performance check needed,52503.09,3
800c4b,7,3.666388888888889,2486.553938877649,10220.597142857145,187.35038095238096,AIC2275,0,17.238428569713925,0,70.62645248776555,14152193.815371428,4252.711333333333,1,2025-12-30 04:38:37,800c4b,0.35245901639344274,0.3484166010184632,0.3328406773347119,0.44623649042066393,0.0,0.0,0.4175463771465837,33.3,LOW,Routine (3+ months),"Frequent altitude changes, High flight hours, Extensive mileage",✅ Continue routine maintenance schedule | 📊 Monitor for changes | 🔧 Check pressurization system | 🕐 Review airframe hours for scheduled maintenance,36524.87,3
800c4a,5,3.000833333333333,2096.4879425215913,10681.716,206.43236666666672,AIC2728,0,15.851061414101844,0,74.14538375502534,10540891.17624,5050.193044333333,1,2025-12-30 07:48:33,800c4a,0.2847371396269079,0.29376044958802155,0.3058956372004609,0.3927774824717116,0.0,0.0,0.31105402079811006,28.1,LOW,Routine (3+ months),"High flight hours, Extensive mileage",✅ Continue routine maintenance schedule | 📊 Monitor for changes | 🕐 Review airframe hours for scheduled maintenance,35520.96,3
800c48,6,3.8580555555555547,2292.6469710332003,9819.64,186.51575000000003,AIC2883,0,15.955140434297482,1,72.31843743109563,14555022.5028,3211.848409722222,1,2025-12-30 07:58:34,800c48,0.3719615602035048,0.32124630497386825,0.30791702956582057,0.42053214166666686,0.0,0.0,0.42939716542082906,32.5,LOW,Routine (3+ months),"Frequent altitude changes, High flight hours, Extensive mileage",✅ Continue routine maintenance schedule | 📊 Monitor for changes | 🔧 Check pressurization system | 🕐 Review airframe hours for scheduled maintenance,36022.93,3
800c44,5,5.4991666666666665,3821.981893732423,10413.492,187.70525882352942,AIC2333,0,21.505673277540797,1,76.36306767600459,6450899.678820001,6817.041627127452,1,2025-12-30 09:58:35,800c44,0.5389485585076316,0.5355371221785844,0.4157178590886202,0.35908680386626857,0.0,0.0,0.1904712610029026,39.8,LOW,Routine (3+ months),"Speed instability, High flight hours, Extensive mileage",✅ Continue routine maintenance schedule | 📊 Monitor for changes | 🔧 Inspect throttle control system | 🕐 Review airframe hours for scheduled maintenance,35538.22,3
800c43,5,3.704166666666666,2410.8298138095897,10852.404,202.39517142857144,AIC2386,0,15.175200444067315,0,80.88151962994144,7585193.3457120005,4185.611582761905,0,2025-12-30 02:18:37,800c43,0.3563029960429621,0.33780611642016045,0.29276926262175773,0.2904432468949023,0.0,0.0,0.223849797506252,28.1,LOW,Routine (3+ months),"High flight hours, Extensive mileage",✅ Continue routine maintenance schedule | 📊 Monitor for changes | 🕐 Review airframe hours for scheduled maintenance,30524.11,3
800c42,4,3.4980555555555553,2257.071261457517,9525.0,174.82858333333334,AIC2376,0,16.425251191580262,0,78.92527438839014,8333168.270266072,4190.1334872619045,0,2025-12-29 23:28:38,800c42,0.3353306953080837,0.3162614270609546,0.3170473835397397,0.3201621933520826,0.0,0.0,0.24591155625762579,28.3,LOW,Routine (3+ months),"High flight hours, Extensive mileage",✅ Continue routine maintenance schedule | 📊 Monitor for changes | 🕐 Review airframe hours for scheduled maintenance,35022.57,3
800c3c,4,3.999722222222222,2342.2877216834254,10439.4,167.4577708333333,AIC2605,0,20.84902305571746,0,66.79980047002086,15071216.712345,5573.08402578373,1,2025-12-30 09:38:37,800c3c,0.386376483889203,0.32820198019294805,0.4029645900569711,0.5043703399043986,0.0,0.0,0.444692031054531,36.3,LOW,Routine (3+ months),"Frequent altitude changes, Speed instability, Declining fuel efficiency, High flight hours, Extensive mileage",✅ Continue routine maintenance schedule | 📊 Monitor for changes | 🔧 Check pressurization system | 🔧 Inspect throttle control system | ⛽ Engine performance check needed | 🕐 Review airframe hours for scheduled maintenance,45023.42,3
800c3a,1,0.33083333333333337,77.18153943434575,3657.6,110.26666666666668,LLR634,0,16.63217452015708,1,92.26550534591914,2030763.6804,208.03543333333343,0,2025-12-29 15:51:45,800c3a,0.013058224985867726,0.010814697887963416,0.32106618805782366,0.11749966355656838,0.0,0.0,0.05990379580311152,9.3,LOW,Routine (3+ months),Normal wear and tear,✅ Continue routine maintenance schedule | 📊 Monitor for changes,28500.77,3
800c38,5,3.1902777777777778,1620.0927128140102,9980.676,149.83733333333333,IGO142K,0,31.99438757789567,1,57.21152447358145,14101799.280216,10766.839603333332,1,2025-12-30 07:48:33,800c38,0.30401356698699833,0.22700782295847605,0.619426608165261,0.650033805252374,0.0,0.0,0.416252118386932,38.4,LOW,Routine (3+ months),"Frequent altitude changes, Speed instability, Declining fuel efficiency, High flight hours",✅ Continue routine maintenance schedule | 📊 Monitor for changes | 🔧 Check pressurization system | 🔧 Inspect throttle control system | ⛽ Engine performance check needed | 🕐 Review airframe hours for scheduled maintenance,64516.2,3
06a141,2,1.3319444444444446,1254.5456286173448,10820.4,262.02099999999996,QTR2J,0,7.757463278172196,0,98.42149251338483,1065417.8691599998,71.96488499999992,0,2025-12-29 09:14:08,06a141,0.11492368569813459,0.17578726803840078,0.14870413549815242,0.02397894890633201,0.0,0.0,0.031426772195463026,10.0,LOW,Routine (3+ months),Normal wear and tear,✅ Continue routine maintenance schedule | 📊 Monitor for changes,29012.55,3
06a13d,2,1.925,1767.031130890451,9906.0,250.85285714285718,QTR641D,0,8.508768699225786,0,88.80789379585687,6299583.714171428,1125.7738690476192,1,2025-12-30 08:28:35,06a13d,0.17526851328434148,0.24759687328421787,0.16329577019375544,0.17002711274516957,0.0,0.0,0.18584031064727904,17.0,LOW,Routine (3+ months),Normal wear and tear,✅ Continue routine maintenance schedule | 📊 Monitor for changes,29017.67,3
06a13c,1,0.8347222222222223,873.9418579054878,10668.0,309.33833333333337,QTR934,0,4.1077484085659535,0,99.9223474443068,0.0,1.586776666666657,0,2025-12-30 00:48:35,06a13c,0.06433013001695875,0.12245696618856798,0.0778204380988679,0.0011782149366513783,0.0,0.0,4.680220048566237e-08,5.6,LOW,Routine (3+ months),Normal wear and tear,✅ Continue routine maintenance schedule | 📊 Monitor for changes,18508.74,3
06a13b,1,0.9997222222222221,940.2947537743012,10668.0,285.0942857142857,QTR934,0,5.582579895770732,0,99.4518597114669,353916.3428571434,9.229961904761934,0,2025-12-29 00:54:10,06a13b,0.0811192764273601,0.13175435165239544,0.10646418496373983,0.008325784905916178,0.0,0.0,0.010439084443355874,7.0,LOW,Routine (3+ months),Normal wear and tear,✅ Continue routine maintenance schedule | 📊 Monitor for changes,18509.4,3
06a138,2,2.3330555555555557,2063.7906149622268,10210.8,250.2111904761905,QTR874,0,3.303351480634646,0,99.78723206175593,51612.80000000006,45.511797619047584,0,2025-12-30 01:48:39,06a138,0.2167891464104014,0.28917889133082836,0.062197675646044163,0.0032308649491755714,0.0,0.0,0.001523669156657023,12.5,LOW,Routine (3+ months),Normal wear and tear,✅ Continue routine maintenance schedule | 📊 Monitor for changes,19020.64,3
06a137,3,1.6669444444444443,1284.2328851440366,10769.6,242.23083333333332,QTR840,0,13.96424016939798,0,81.4267749777802,6156578.0094,5219.128370555555,1,2025-12-30 08:38:36,06a137,0.14901074053137367,0.17994705433978375,0.26925034546276433,0.28215981997903095,0.0,0.0,0.1817430713798748,18.8,LOW,Routine (3+ months),Speed instability,✅ Continue routine maintenance schedule | 📊 Monitor for changes | 🔧 Inspect throttle control system,29512.84,3
06a136,2,0.668611111111111,593.521523111056,11125.2,263.8266666666667,QTR842,0,1.588443035199748,0,99.97133296993428,2.481541837659083e-24,12.069433333333361,1,2025-12-30 07:18:12,06a136,0.04742792538157151,0.08316439409594911,0.02889122414047782,0.0004340351260742059,0.0,0.0,3.5598963009812827e-07,3.4,LOW,Routine (3+ months),Normal wear and tear,✅ Continue routine maintenance schedule | 📊 Monitor for changes,19005.94,3
06a12d,1,0.33277777777777773,295.4404896192043,12192.0,247.35,QTR945,0,2.7183433853556496,0,99.99990326771628,0.0,0.0421000000000052,0,2025-12-29 04:34:06,06a12d,0.013256076879592987,0.041397200192172745,0.05083581909466869,0.0,0.0,0.0,1.2417454086880372e-09,2.2,LOW,Routine (3+ months),Normal wear and tear,✅ Continue routine maintenance schedule | 📊 Monitor for changes,18502.95,3
06a12b,2,1.1669444444444441,674.9309201388876,11734.8,174.7615,QTR15P,0,30.478896067843408,0,53.83083600419374,22570977.438600004,7092.530368333333,0,2025-12-30 04:18:35,06a12b,0.09813453928773316,0.09457150051737766,0.5899931741991389,0.7013926520248099,0.0,0.0,0.665943342541573,33.3,LOW,Routine (3+ months),"Frequent altitude changes, Speed instability, Declining fuel efficiency",✅ Continue routine maintenance schedule | 📊 Monitor for changes | 🔧 Check pressurization system | 🔧 Inspect throttle control system | ⛽ Engine performance check needed,63006.75,3
06a126,1,1.0925,992.678567611542,11277.6,227.66800000000003,QTR54G,0,34.87812974988641,0,57.73017829408434,20692950.22692,6488.747870000001,0,2025-12-29 00:38:36,06a126,0.09055963821368007,0.13909438561674753,0.6754338073027105,0.6421545042353327,0.0,0.0,0.6105328577045254,34.3,LOW,Routine (3+ months),"Frequent altitude changes, Speed instability, Declining fuel efficiency",✅ Continue routine maintenance schedule | 📊 Monitor for changes | 🔧 Check pressurization system | 🔧 Inspect throttle control system | ⛽ Engine performance check needed,62509.93,3
06a124,2,2.4983333333333335,2411.894464363365,11887.2,273.2445238095238,QTR948,0,2.6184902454839287,0,99.6318856699105,55741.82400000006,109.56353428571464,0,2025-12-30 06:58:37,06a124,0.23360655737704925,0.33795529553967163,0.04889650054406665,0.005590861029170724,0.0,0.0,0.001647344514003493,13.7,LOW,Routine (3+ months),Extensive mileage,✅ Continue routine maintenance schedule | 📊 Monitor for changes,29024.12,3
06a123,2,1.6683333333333332,1374.9876613797373,11426.19,215.40380952380949,QTR23B,0,22.63086212382916,0,67.00418287443239,17645826.45942857,4313.897447619048,0,2025-12-30 04:08:35,06a123,0.14915206331260603,0.19266363778800227,0.43757094858926915,0.5012653970248038,0.0,0.0,0.5205933670035091,29.1,LOW,Routine (3+ months),"Frequent altitude changes, Declining fuel efficiency",✅ Continue routine maintenance schedule | 📊 Monitor for changes | 🔧 Check pressurization system | ⛽ Engine performance check needed,44013.75,3
06a122,1,0.6658333333333334,584.7190809128504,12192.0,246.7275,QTR945,0,4.447888714771961,0,99.33833016136276,495482.8800000006,4.475358333333289,0,2025-12-30 04:38:37,06a122,0.04714527981910686,0.08193099354774118,0.08442654389063563,0.010050506607054643,0.0,0.0,0.014614469087389857,4.8,LOW,Routine (3+ months),Normal wear and tear,✅ Continue routine maintenance schedule | 📊 Monitor for changes,18505.85,3
06a116,2,1.8333333333333333,1700.420047457858,11887.2,270.6398214285714,QTR838,0,2.732304921192528,0,99.7961249473538,106174.90285714265,28.156624404761967,1,2025-12-30 07:58:34,06a116,0.16594120972300738,0.23826331051010127,0.05110697597043782,0.0030957657370116465,0.0,0.0,0.0031324741448887816,10.0,LOW,Routine (3+ months),Normal wear and tear,✅ Continue routine maintenance schedule | 📊 Monitor for changes,19017.0,3
06a115,1,0.3319444444444445,343.3052413837193,11277.6,288.12333333333333,QTR16P,0,2.691864476367744,0,99.9903487529447,0.0,4.202233333333373,0,2025-12-29 07:34:07,06a115,0.013171283210853596,0.048104021973771505,0.05032155344948299,0.00014515057053676728,0.0,0.0,1.2394546194541322e-07,2.3,LOW,Routine (3+ months),Normal wear and tear,✅ Continue routine maintenance schedule | 📊 Monitor for changes,18503.43,3
06a114,1,0.3336111111111111,290.4212817478908,11582.4,261.57,QTR961,0,1.9753875396633531,0,99.99955808822264,0.0,0.1924000000000036,0,2025-12-30 03:08:38,06a114,0.01334087054833239,0.04069390744674471,0.036406347415758065,5.2439084178290685e-06,0.0,0.0,5.674865003124781e-09,1.9,LOW,Routine (3+ months),Normal wear and tear,✅ Continue routine maintenance schedule | 📊 Monitor for changes,18502.9,3
800cd5,1,0.6669444444444445,571.3418660470079,11277.6,201.77,AXB942,0,8.243936761465841,0,65.80212408454412,17746814.828880005,4764.26525,0,2025-12-29 05:54:05,800cd5,0.04725833804409272,0.08005657463336434,0.15815228156285663,0.519526870615274,0.0,0.0,0.5235853167956237,19.0,LOW,Routine (3+ months),"Frequent altitude changes, Declining fuel efficiency",✅ Continue routine maintenance schedule | 📊 Monitor for changes | 🔧 Check pressurization system | ⛽ Engine performance check needed,43505.71,3
800cc9,2,1.5327777777777778,508.9834460700093,7124.700000000001,134.35566666666665,AXB1017,0,31.290033445325918,1,66.64405625654514,5624190.364500001,8968.402826666668,0,2025-12-29 17:43:10,800cc9,0.13535895986433016,0.07131889619672667,0.6057468476966312,0.5067363796232377,0.0,0.0,0.1661508084498287,26.2,LOW,Routine (3+ months),"Speed instability, Declining fuel efficiency",✅ Continue routine maintenance schedule | 📊 Monitor for changes | 🔧 Inspect throttle control system | ⛽ Engine performance check needed,53005.09,3
800cbf,1,0.36972222222222223,178.55396856487377,4267.2,137.54,IGO7603,0,13.947625095194857,0,99.00397095505232,570245.6336999998,108.64806666666698,0,2025-12-29 18:03:07,800cbf,0.017015262860373095,0.02501902969127264,0.2689276523390114,0.015130035052028812,0.0,0.0,0.01682267958929296,6.7,LOW,Routine (3+ months),Normal wear and tear,✅ Continue routine maintenance schedule | 📊 Monitor for changes,28501.79,3
800cbe,2,0.8311111111111111,343.09490866144654,4114.8,113.27250000000001,IGO4FJ,0,14.842184931542576,0,95.96545508937568,1369903.7118000002,895.0593666666664,0,2025-12-29 18:35:17,800cbe,0.06396269078575467,0.04807455009663607,0.28630153249422097,0.06129065356922858,0.0,0.0,0.04043190214563424,9.6,LOW,Routine (3+ months),Normal wear and tear,✅ Continue routine maintenance schedule | 📊 Monitor for changes,29003.43,3
800cba,6,3.755,2248.902012512823,10110.470000000001,175.58333333333334,AIC2608,0,13.867635071197192,0,75.51027275025179,11227062.545830002,3948.589273333333,1,2025-12-30 07:28:36,800cba,0.36147540983606563,0.31511674972028586,0.26737410942988443,0.3720423199739038,0.0,0.0,0.3312602496897165,29.6,LOW,Routine (3+ months),"High flight hours, Extensive mileage",✅ Continue routine maintenance schedule | 📊 Monitor for changes | 🕐 Review airframe hours for scheduled maintenance,36022.49,3
800cb9,4,2.5008333333333335,1363.0177417815976,9532.619999999999,169.94525,AIC2571,0,21.15315842002436,0,72.89737336641511,11283886.383794999,5189.217157499999,0,2025-12-30 08:48:37,800cb9,0.23386093838326744,0.19098640946182704,0.408871418371556,0.41173704496894736,0.0,0.0,0.33297286925922037,27.3,LOW,Routine (3+ months),Speed instability,✅ Continue routine maintenance schedule | 📊 Monitor for changes | 🔧 Inspect throttle control system,35013.63,3
800c8e,6,3.0891666666666664,1872.9862922534737,9342.12,171.72227777777778,AIC2537,0,10.831702364062801,0,77.85055601168311,10662713.674530001,3106.453645555556,0,2025-12-29 17:53:07,800c8e,0.29372526851328434,0.2624433387500465,0.20841111012020905,0.33648913294815075,0.0,0.0,0.31458986161645636,25.0,LOW,Routine (3+ months),High flight hours,✅ Continue routine maintenance schedule | 📊 Monitor for changes | 🕐 Review airframe hours for scheduled maintenance,36018.73,3
800c89,2,1.3705555555555553,854.1292182468133,10306.05,180.736,AIC2246,1,32.49170573008683,1,63.906993384915964,15390099.864899997,7828.717225,0,2025-12-29 18:23:08,800c89,0.11885245901639344,0.1196808138360496,0.6290853762253787,0.5483173753001289,0.5,0.5,0.4541640646118207,35.7,LOW,Routine (3+ months),"Frequent altitude changes, Speed instability, Repeated high-risk operations, Declining fuel efficiency",✅ Continue routine maintenance schedule | 📊 Monitor for changes | 🔧 Check pressurization system | 🔧 Inspect throttle control system | ⛽ Engine performance check needed,53008.54,3
800c88,7,6.000277777777779,3597.9026661011276,9929.948571428571,172.3890566893424,AIC2290,0,15.842757722557687,1,74.63280949979438,8261136.367753471,4917.9126525736965,1,2025-12-30 06:48:37,800c88,0.589937817976258,0.5041390810464552,0.30573436532587844,0.3853725930933455,0.0,0.0,0.24380843113204356,39.2,LOW,Routine (3+ months),"High flight hours, Extensive mileage",✅ Continue routine maintenance schedule | 📊 Monitor for changes | 🕐 Review airframe hours for scheduled maintenance,36535.98,3
800c87,6,3.8316666666666657,2200.8639804229324,10617.2,178.59849999999997,AIC2422,0,18.24398012599809,0,70.01388281805586,14303589.941150002,4764.941107222222,1,2025-12-30 09:58:35,800c87,0.3692764273600904,0.30838564785328587,0.3523702062928785,0.4555425451160141,0.0,0.0,0.42202693541377134,33.5,LOW,Routine (3+ months),"Frequent altitude changes, High flight hours, Extensive mileage",✅ Continue routine maintenance schedule | 📊 Monitor for changes | 🔧 Check pressurization system | 🕐 Review airframe hours for scheduled maintenance,36022.01,3
800c85,6,4.0586111111111105,2099.4292074530567,10332.720000000001,144.83388888888888,AIC420,0,20.04512235279646,0,66.65569530958292,18927927.78923,4517.407691666667,1,2025-12-30 09:38:37,800c85,0.3923685698134539,0.29417258041458166,0.3873514651415248,0.5065595611003373,0.0,0.0,0.5584151282306996,36.6,LOW,Routine (3+ months),"Frequent altitude changes, Declining fuel efficiency, High flight hours, Extensive mileage",✅ Continue routine maintenance schedule | 📊 Monitor for changes | 🔧 Check pressurization system | ⛽ Engine performance check needed | 🕐 Review airframe hours for scheduled maintenance,46020.99,3
800d0f,5,3.0380555555555557,1781.113849926451,9329.928,164.79410000000001,IGO937E,0,16.94585116785036,0,74.24396935066702,7402398.291948,6145.923859666666,0,2025-12-30 08:18:37,800d0f,0.2885245901639345,0.2495701476310578,0.32715832439468534,0.3912797867962957,0.0,0.0,0.21851605142613653,26.8,LOW,Routine (3+ months),"Speed instability, High flight hours",✅ Continue routine maintenance schedule | 📊 Monitor for changes | 🔧 Inspect throttle control system | 🕐 Review airframe hours for scheduled maintenance,35517.81,3
800d09,3,2.203888888888889,1698.2838439836073,10975.340000000002,216.6455,IGO094,0,16.893009094282064,0,78.88278401253554,12256869.21893143,1706.9868945238095,0,2025-12-30 07:08:35,800d09,0.20364612775579424,0.23796398510961622,0.32613204105842847,0.32080769994713865,0.0,0.0,0.36156842566828773,24.8,LOW,Routine (3+ months),Normal wear and tear,✅ Continue routine maintenance schedule | 📊 Monitor for changes,34516.98,3
800d08,3,2.536111111111111,1320.8644444914949,6659.88,141.35,SEJ9495,0,16.00656003407154,1,85.9877061965235,4100385.808428571,2669.8640603174604,0,2025-12-29 18:03:07,800d08,0.2374505370265687,0.1850798782042877,0.30891568603105013,0.21287092520977058,0.0,0.0,0.12102020291933147,20.2,LOW,Routine (3+ months),Normal wear and tear,✅ Continue routine maintenance schedule | 📊 Monitor for changes,29513.21,3
800d06,1,0.33083333333333337,189.4996539833012,7315.2,153.56,VTSNB,0,13.851267347678895,0,94.6496374923625,2561878.7472,869.3617,0,2025-12-29 15:51:45,800d06,0.013058224985867726,0.026552742051048437,0.267056220278968,0.08128033169467697,0.0,0.0,0.07558861515083448,8.2,LOW,Routine (3+ months),Normal wear and tear,✅ Continue routine maintenance schedule | 📊 Monitor for changes,28501.89,3
800d03,5,3.0230555555555556,1314.2367352679375,6431.280000000001,130.672,SEJ1077,0,14.728115657126555,1,84.52623084859356,4098098.2554000006,3614.1832679999998,1,2025-12-30 10:08:34,800d03,0.28699830412662525,0.18415120182043543,0.284086112326033,0.23507341122281067,0.0,0.0,0.120980584049263,21.3,LOW,Routine (3+ months),High flight hours,✅ Continue routine maintenance schedule | 📊 Monitor for changes | 🕐 Review airframe hours for scheduled maintenance,30513.14,3
800d01,4,1.5233333333333334,903.2934520169636,9568.815,175.660625,IGO194,0,9.482941939555644,0,70.75227849204887,14851992.876600003,4232.69348125,0,2025-12-29 18:35:17,800d01,0.13439796495195028,0.12656971938281794,0.1822158786540287,0.44432496306980296,0.0,0.0,0.43818645824417896,20.6,LOW,Routine (3+ months),Frequent altitude changes,✅ Continue routine maintenance schedule | 📊 Monitor for changes | 🔧 Check pressurization system,35009.03,3
800cfe,5,3.3347222222222217,2218.5281835973183,10078.212,173.93826666666666,AIC2884,0,15.970140987279049,0,63.96720338899852,17522137.64689886,5630.830474714285,1,2025-12-30 08:38:36,800cfe,0.3187111362351611,0.3108607607126904,0.30820836592944234,0.5474026751135117,0.0,0.0,0.5169839912428231,33.7,LOW,Routine (3+ months),"Frequent altitude changes, Speed instability, Declining fuel efficiency, High flight hours, Extensive mileage",✅ Continue routine maintenance schedule | 📊 Monitor for changes | 🔧 Check pressurization system | 🔧 Inspect throttle control system | ⛽ Engine performance check needed | 🕐 Review airframe hours for scheduled maintenance,45522.19,3
800cfb,1,0.49916666666666665,237.45359382829807,4267.2,131.975,IGO7197,0,16.066733366972688,0,98.9435675670036,689863.1363999998,42.10909999999999,0,2025-12-29 17:43:10,800cfb,0.030186546071226686,0.03327206089026859,0.310084354947187,0.016047673095114234,0.0,0.0,0.020348852043451594,8.1,LOW,Routine (3+ months),Normal wear and tear,✅ Continue routine maintenance schedule | 📊 Monitor for changes,23502.37,3
800cf7,3,1.1702777777777778,433.2281798718153,3959.86,110.9538888888889,IGO7005,0,15.253185454373332,1,96.37087132996623,1071918.8239,420.4444444444445,1,2025-12-30 09:18:35,800cf7,0.0984737139626908,0.06070404809496492,0.2942838647399249,0.05513163869161164,0.0,0.0,0.03162879722143559,10.7,LOW,Routine (3+ months),Normal wear and tear,✅ Continue routine maintenance schedule | 📊 Monitor for changes,29504.33,3
800cf1,1,0.69,388.9565261062214,8229.6,175.702,VTARM,0,9.419499712250838,0,63.75273843960626,12703050.722880002,7402.27892,0,2025-12-29 16:41:44,800cf1,0.04960429621254946,0.05450069216316607,0.18098372222447842,0.5506607903091689,0.0,0.0,0.3748965951859449,18.0,LOW,Routine (3+ months),"Frequent altitude changes, Speed instability, Declining fuel efficiency",✅ Continue routine maintenance schedule | 📊 Monitor for changes | 🔧 Check pressurization system | 🔧 Inspect throttle control system | ⛽ Engine performance check needed,43503.89,3
800cee,2,1.3691666666666664,771.6602719266342,10515.599999999999,168.75333333333333,IGO397M,0,14.061999335855134,0,64.85393723890931,14946749.138699997,5382.232493333333,0,2025-12-29 18:03:07,800cee,0.11871113623516112,0.10812524308522155,0.2711489954726219,0.5339315646169718,0.0,0.0,0.44101521330825155,23.0,LOW,Routine (3+ months),"Frequent altitude changes, Speed instability, Declining fuel efficiency",✅ Continue routine maintenance schedule | 📊 Monitor for changes | 🔧 Check pressurization system | 🔧 Inspect throttle control system | ⛽ Engine performance check needed,44007.72,3
800ce8,1,1.166111111111111,407.2885475737468,11277.6,103.9925,AIC2546,0,12.50536267071896,0,67.2723678374158,13529934.230400002,4241.714078571429,0,2025-12-29 23:48:40,800ce8,0.0980497456189938,0.05706937989989607,0.2409164523084902,0.4971911764791197,0.0,0.0,0.3991924189888425,19.9,LOW,Routine (3+ months),"Frequent altitude changes, Declining fuel efficiency",✅ Continue routine maintenance schedule | 📊 Monitor for changes | 🔧 Check pressurization system | ⛽ Engine performance check needed,43504.07,3
800ce4,9,5.0375,3090.690466610292,9694.333333333332,178.60732275132276,AXB1584,0,16.95563480172143,0,70.99163944854428,13452252.020173334,4661.553019365079,1,2025-12-30 10:08:34,800ce4,0.4919728660260035,0.4330683723927503,0.32734833927737045,0.44068863194989416,0.0,0.0,0.39691355450407834,38.1,LOW,Routine (3+ months),"Frequent altitude changes, High flight hours, Extensive mileage",✅ Continue routine maintenance schedule | 📊 Monitor for changes | 🔧 Check pressurization system | 🕐 Review airframe hours for scheduled maintenance,37530.91,3
800cdc,4,3.0038888888888886,2372.361058374184,10900.41,226.60613095238097,IGO336,0,8.391290818236952,0,85.0723216851281,8107583.254847143,1753.5659109523813,1,2025-12-30 09:48:34,800cdc,0.28504804974561904,0.33241586414987817,0.16101414906316555,0.22677729170414684,0.0,0.0,0.23918602766460723,22.8,LOW,Routine (3+ months),"High flight hours, Extensive mileage",✅ Continue routine maintenance schedule | 📊 Monitor for changes | 🕐 Review airframe hours for scheduled maintenance,30023.72,3
800cd6,3,1.6666666666666667,1046.6764619498476,8636.0,170.57449999999997,AXB1530,0,10.755760297288115,0,88.27028063327828,5494902.88114,1795.7451072222223,1,2025-12-30 08:38:36,800cd6,0.14898247597512723,0.14666058497134446,0.20693618545528203,0.1781944408766254,0.0,0.0,0.1621258974366624,15.1,LOW,Routine (3+ months),Normal wear and tear,✅ Continue routine maintenance schedule | 📊 Monitor for changes,29510.47,3
800d7a,3,1.4983333333333335,304.62841169541423,6492.240000000001,106.05711111111111,SEJ251,0,26.97434158835459,2,68.28736537301353,9248028.2781,6154.365362222222,1,2025-12-30 03:48:37,800d7a,0.13185415488976826,0.04268461428368467,0.5219287395464141,0.4817715057886094,0.0,0.0,0.2729534158830954,24.5,LOW,Routine (3+ months),"Speed instability, Declining fuel efficiency",✅ Continue routine maintenance schedule | 📊 Monitor for changes | 🔧 Inspect throttle control system | ⛽ Engine performance check needed,44503.05,3
800d6a,3,1.0355555555555556,386.55106990318285,4097.0199999999995,108.5988888888889,IGO2KC,0,16.192174160744404,0,97.3627665739532,1497564.7468,290.16168888888893,0,2025-12-30 08:58:35,800d6a,0.08476540418315434,0.054163638998520156,0.3125206294466795,0.040062934103323844,0.0,0.0,0.04417944074813986,10.5,LOW,Routine (3+ months),Normal wear and tear,✅ Continue routine maintenance schedule | 📊 Monitor for changes,29503.87,3
800d52,1,1.0363888888888888,422.3999923695893,4274.82,113.0025,LLR771,0,16.21495635594587,0,97.64312357830067,525764.8470857141,233.5172214285713,0,2025-12-29 18:03:07,800d52,0.08485019785189374,0.05918679957454108,0.31296309859521504,0.0358037979663377,0.0,0.0,0.015514395578520931,10.3,LOW,Routine (3+ months),Normal wear and tear,✅ Continue routine maintenance schedule | 📊 Monitor for changes,28504.22,3
800d40,5,3.000555555555555,1421.7158006805305,8420.1,149.3654,AIC2758,0,14.520734691580216,0,70.10310084410327,13714528.312824002,4159.874433999999,1,2025-12-30 08:28:35,800d40,0.2847088750706614,0.19921119712807767,0.2800584197162418,0.4541871599716568,0.0,0.0,0.40463463348570855,27.6,LOW,Routine (3+ months),"Frequent altitude changes, High flight hours",✅ Continue routine maintenance schedule | 📊 Monitor for changes | 🔧 Check pressurization system | 🕐 Review airframe hours for scheduled maintenance,35514.22,3
800d3c,4,3.725277777777778,2144.48622035201,10822.305,174.81386309523805,AXB2430,0,13.287949667436447,0,65.96615565532741,16226701.210127143,4369.196437857143,0,2025-12-29 18:03:07,800d3c,0.35845110231769367,0.3004859810775829,0.2561156286402901,0.5170349307675226,0.0,0.0,0.47873769965420127,32.6,LOW,Routine (3+ months),"Frequent altitude changes, Declining fuel efficiency, High flight hours, Extensive mileage",✅ Continue routine maintenance schedule | 📊 Monitor for changes | 🔧 Check pressurization system | ⛽ Engine performance check needed | 🕐 Review airframe hours for scheduled maintenance,45021.44,3
800d37,1,0.33249999999999996,249.6258636196187,10370.82,235.09333333333333,IGO399,0,2.102179017226973,0,99.99615262814726,19.354799999994825,1.6612333333333047,0,2025-12-29 17:43:10,800d37,0.013227812323346522,0.03497764257947414,0.03886885450179721,5.6979081233921036e-05,0.0,0.0,6.198708527432713e-07,1.8,LOW,Routine (3+ months),Normal wear and tear,✅ Continue routine maintenance schedule | 📊 Monitor for changes,18502.5,3
800d2d,3,2.3288888888888892,1355.4145562733934,11173.46,179.68569444444447,IGO2774,1,26.255003024884854,1,64.04922852788162,17851779.503742855,7807.39346718254,0,2025-12-30 06:08:34,800d2d,0.2163651780667044,0.18992104908083446,0.5079579558325275,0.5461565630929776,0.3333333333333333,0.3333333333333333,0.5267710221062435,36.2,LOW,Routine (3+ months),"Frequent altitude changes, Speed instability, Repeated high-risk operations, Declining fuel efficiency",✅ Continue routine maintenance schedule | 📊 Monitor for changes | 🔧 Check pressurization system | 🔧 Inspect throttle control system | ⛽ Engine performance check needed,44513.55,3
800d2c,5,2.375,1291.6132744365716,9928.86,159.86003333333332,IGO239P,0,25.866787899988328,0,60.349485346507095,18478455.30108,7132.850624333334,1,2025-12-30 09:08:33,800d2c,0.2210570944036179,0.1809811964556225,0.5004181549379003,0.6023624350241448,0.0,0.0,0.5452350169661282,33.6,LOW,Routine (3+ months),"Frequent altitude changes, Speed instability, Declining fuel efficiency",✅ Continue routine maintenance schedule | 📊 Monitor for changes | 🔧 Check pressurization system | 🔧 Inspect throttle control system | ⛽ Engine performance check needed,45512.92,3
800d1b,7,3.2313888888888886,1778.3588653249842,10356.66857142857,181.0609523809524,SEJ937,0,12.420860313472017,0,69.8835234376056,14997212.632242858,4059.9567104761904,1,2025-12-30 07:18:12,800d1b,0.30819672131147546,0.24918411845401348,0.23927527217946146,0.4575229427499632,0.0,0.0,0.44246464042299777,28.8,LOW,Routine (3+ months),"Frequent altitude changes, Declining fuel efficiency, High flight hours",✅ Continue routine maintenance schedule | 📊 Monitor for changes | 🔧 Check pressurization system | ⛽ Engine performance check needed | 🕐 Review airframe hours for scheduled maintenance,46517.78,3
800d18,5,6.365833333333334,3595.433050125576,6827.5199999999995,154.31086904761906,SEJ2441,0,14.406881366722285,0,91.83888649650297,3279187.5951033626,1071.5293829542122,1,2025-12-30 08:58:35,800d18,0.6271339739966084,0.5037930377973749,0.2778471936573681,0.12398078487721065,0.0,0.0,0.09675170325742093,34.1,LOW,Routine (3+ months),"High flight hours, Extensive mileage",✅ Continue routine maintenance schedule | 📊 Monitor for changes | 🕐 Review airframe hours for scheduled maintenance,30535.95,3
800d17,1,0.5230555555555555,313.7504100514162,6400.8,168.26,SEJ2924,0,13.613280604502018,0,99.18982561500913,247368.8601,210.84766666666656,0,2025-12-29 16:51:45,800d17,0.03261729790842284,0.04396279112594082,0.2624341111852209,0.01230656252887341,0.0,0.0,0.007302398228112739,7.2,LOW,Routine (3+ months),Normal wear and tear,✅ Continue routine maintenance schedule | 📊 Monitor for changes,28503.14,3
800d10,4,4.5919444444444455,3298.6916442247457,9991.725,183.38139423076925,IGO1151,0,19.531852536441377,0,69.95487261253112,10785027.335432142,6529.5600423763735,1,2025-12-30 07:58:34,800d10,0.4466365178066707,0.46221355286889826,0.3773828885138867,0.45643901816610377,0.0,0.0,0.3182984852149538,38.0,LOW,Routine (3+ months),"Speed instability, Declining fuel efficiency, High flight hours, Extensive mileage",✅ Continue routine maintenance schedule | 📊 Monitor for changes | 🔧 Inspect throttle control system | ⛽ Engine performance check needed | 🕐 Review airframe hours for scheduled maintenance,45032.99,3
8013c3,1,0.8330555555555554,479.88641092451866,11879.58,171.14166666666665,AIC2026,0,33.65755226182199,0,54.99530087309801,22435518.999840003,5756.653296666666,0,2025-12-29 03:24:06,8013c3,0.06416054267947993,0.06724181187267515,0.6517281074309637,0.6837022989161218,0.0,0.0,0.6619085749971888,32.9,LOW,Routine (3+ months),"Frequent altitude changes, Speed instability, Declining fuel efficiency",✅ Continue routine maintenance schedule | 📊 Monitor for changes | 🔧 Check pressurization system | 🔧 Inspect throttle control system | ⛽ Engine performance check needed,62504.8,3
8013b2,5,3.5352777777777775,2193.7231652411606,9521.952000000001,168.98690476190478,AIC2437,0,16.053101083789727,1,76.36881962661501,10696620.145887429,3790.770063428572,0,2025-12-30 08:28:35,8013b2,0.33911814584511024,0.3073850749257358,0.3098195927204033,0.35899942120657724,0.0,0.0,0.3156101217566672,29.4,LOW,Routine (3+ months),"High flight hours, Extensive mileage",✅ Continue routine maintenance schedule | 📊 Monitor for changes | 🕐 Review airframe hours for scheduled maintenance,35521.94,3
8013ae,3,2.857222222222222,1126.2156376499063,9857.74,141.184,IGO063,0,20.44741520173397,0,66.58333608612155,7237616.169899999,9833.296516666667,0,2025-12-30 01:08:40,8013ae,0.27012436404748447,0.15780563548158333,0.39516467948532336,0.5076588301705212,0.0,0.0,0.21376453918338117,27.6,LOW,Routine (3+ months),"Speed instability, Declining fuel efficiency",✅ Continue routine maintenance schedule | 📊 Monitor for changes | 🔧 Inspect throttle control system | ⛽ Engine performance check needed,44511.26,3
8013a4,3,1.8691666666666669,1028.367246809358,9652.000000000002,182.91544444444443,AIC2428,0,26.40448420386924,1,73.75275119855975,9294327.862920001,7231.4612755555545,0,2025-12-29 18:13:07,8013a4,0.16958733747880164,0.1440950928632406,0.5108611356798782,0.3987422897847729,0.0,0.0,0.27435079773058924,26.1,LOW,Routine (3+ months),Speed instability,✅ Continue routine maintenance schedule | 📊 Monitor for changes | 🔧 Inspect throttle control system,34510.28,3
8013a3,4,2.704444444444444,1730.9555383371462,10974.705,179.72379166666667,AIC2204,0,14.05882193238758,0,77.95351997087798,11325664.92927,3263.086456250001,1,2025-12-30 08:48:37,8013a3,0.25457885811192765,0.24254195163517336,0.2710872848694772,0.33492492191502643,0.0,0.0,0.33414832182621396,25.0,LOW,Routine (3+ months),Normal wear and tear,✅ Continue routine maintenance schedule | 📊 Monitor for changes,35017.31,3
80139e,3,2.6694444444444443,1672.6678602635495,10485.12,170.77126984126983,AIC2284,0,13.917166220595703,0,57.49145376720165,17024078.855,8196.302622380952,0,2025-12-30 03:38:37,80139e,0.2510175240248728,0.23437466663960738,0.2683360889628723,0.6457811668243323,0.0,0.0,0.5023693462348289,31.0,LOW,Routine (3+ months),"Frequent altitude changes, Speed instability, Declining fuel efficiency",✅ Continue routine maintenance schedule | 📊 Monitor for changes | 🔧 Check pressurization system | 🔧 Inspect throttle control system | ⛽ Engine performance check needed,54516.73,3
80139b,6,4.704444444444444,2270.0040293738803,10186.67,156.90730555555555,AIC2472,0,16.31117259970375,0,65.58549864040684,15242071.28999,5921.111518214286,1,2025-12-30 09:08:33,80139b,0.4580836630864897,0.3180735699502474,0.3148317824105524,0.5228178076812595,0.0,0.0,0.4497416759211535,36.4,LOW,Routine (3+ months),"Frequent altitude changes, Speed instability, Declining fuel efficiency, High flight hours, Extensive mileage",✅ Continue routine maintenance schedule | 📊 Monitor for changes | 🔧 Check pressurization system | 🔧 Inspect throttle control system | ⛽ Engine performance check needed | 🕐 Review airframe hours for scheduled maintenance,46022.7,3
801396,4,3.3677777777777775,2365.7014847442424,9452.61,171.31152777777777,AIC2422,0,18.118173073994924,0,73.4844499119393,11063058.922224998,4636.040992777778,0,2025-12-30 03:08:38,801396,0.3220746184284907,0.3314827229169059,0.34992681843287,0.40281827749945376,0.0,0.0,0.32644321627871,31.0,LOW,Routine (3+ months),"High flight hours, Extensive mileage",✅ Continue routine maintenance schedule | 📊 Monitor for changes | 🕐 Review airframe hours for scheduled maintenance,35023.66,3
80138d,2,1.8305555555555557,1270.390808733259,9296.4,176.46916666666664,AXB2115,0,11.952470952385507,0,73.43451992140422,12486785.994120002,4303.155693333334,0,2025-12-29 07:04:08,80138d,0.16565856416054273,0.17800749890176346,0.23017835066025183,0.40357680546098007,0.0,0.0,0.3684264275841271,22.0,LOW,Routine (3+ months),Frequent altitude changes,✅ Continue routine maintenance schedule | 📊 Monitor for changes | 🔧 Check pressurization system,34012.7,3
800dba,6,3.2049999999999996,1906.416062239368,9319.26,171.4363888888889,IGO553W,1,28.376188827756817,1,64.74713405726432,13303279.038550004,8350.202845,1,2025-12-30 08:58:35,800dba,0.3055115884680611,0.26712752703536946,0.549155007643497,0.53555410046746,0.16666666666666666,0.16666666666666666,0.39262837274721196,37.6,LOW,Routine (3+ months),"Frequent altitude changes, Speed instability, Declining fuel efficiency, High flight hours",✅ Continue routine maintenance schedule | 📊 Monitor for changes | 🔧 Check pressurization system | 🔧 Inspect throttle control system | ⛽ Engine performance check needed | 🕐 Review airframe hours for scheduled maintenance,46019.06,3
800db2,2,1.6669444444444446,516.5809948349892,4876.8,101.372,IGO3EP,0,15.994328547150051,0,92.2187407175746,2960152.1442,1494.927555,1,2025-12-30 09:38:37,800db2,0.1490107405313737,0.0723834667557555,0.3086781296605768,0.11821010387168918,0.0,0.0,0.08735419604526572,14.0,LOW,Routine (3+ months),Normal wear and tear,✅ Continue routine maintenance schedule | 📊 Monitor for changes,29005.17,3
800db0,4,3.332222222222222,1195.9549876445496,8843.01,135.23089285714286,AIC1725,0,19.47980016585831,0,72.31920319438144,9754413.23307,6541.144234404763,0,2025-12-29 23:28:38,800db0,0.31845675522894296,0.1675775318006063,0.3763719425586144,0.42052050832049603,0.0,0.0,0.28790071929761624,28.0,LOW,Routine (3+ months),"Speed instability, High flight hours",✅ Continue routine maintenance schedule | 📊 Monitor for changes | 🔧 Inspect throttle control system | 🕐 Review airframe hours for scheduled maintenance,35011.96,3
800daf,5,3.1647222222222218,1414.047949294534,7313.676000000001,130.85726666666667,AIC1729,0,24.0945556137121,2,71.55554632501921,6956070.023315998,8537.715156,1,2025-12-30 09:58:35,800daf,0.3014132278123233,0.198136775747044,0.46599837651964837,0.4321218541692594,0.0,0.0,0.20542208272113321,29.4,LOW,Routine (3+ months),"Speed instability, High flight hours",✅ Continue routine maintenance schedule | 📊 Monitor for changes | 🔧 Inspect throttle control system | 🕐 Review airframe hours for scheduled maintenance,35514.14,3
800da2,3,1.501111111111111,761.2143658634574,9951.72,168.70000000000002,SEJ141,0,9.068526501269197,0,72.49753282069506,13968508.19196,3873.097773333333,0,2025-12-30 10:08:34,800da2,0.13213680045223294,0.10666155994198236,0.1741672229166402,0.4178113548342284,0.0,0.0,0.41211734714876147,19.3,LOW,Routine (3+ months),Frequent altitude changes,✅ Continue routine maintenance schedule | 📊 Monitor for changes | 🔧 Check pressurization system,34507.61,3
800da0,4,4.091944444444445,1547.4900207183478,10530.84,113.46795454545455,AIC1771,0,21.83285422511257,1,58.6125792388368,13338222.828109287,9323.28237909091,1,2025-12-30 09:28:35,800da0,0.39576031656303007,0.21683471438067517,0.422072271997865,0.628749218500264,0.0,0.0,0.3936877458420134,36.0,LOW,Routine (3+ months),"Frequent altitude changes, Speed instability, Declining fuel efficiency, High flight hours",✅ Continue routine maintenance schedule | 📊 Monitor for changes | 🔧 Check pressurization system | 🔧 Inspect throttle control system | ⛽ Engine performance check needed | 🕐 Review airframe hours for scheduled maintenance,55015.47,3
800d8b,3,1.5005555555555554,1076.5687642994408,11076.94,221.8186111111111,AXB2143,0,4.735513226117612,0,96.9681785117295,1214589.5063,622.6884416666666,1,2025-12-30 08:48:37,800d8b,0.13208027133973999,0.15084910234811308,0.09001270323602081,0.046057449128734995,0.0,0.0,0.035842854237576986,9.2,LOW,Routine (3+ months),Normal wear and tear,✅ Continue routine maintenance schedule | 📊 Monitor for changes,29510.77,3
8013e4,1,1.3330555555555557,541.4671402538834,5181.6,113.25444444444445,IGO7304,0,18.042607955106245,0,86.68048211183131,2936213.021571429,3011.8824277777776,0,2025-12-30 09:18:35,8013e4,0.11503674392312042,0.07587052008837535,0.3484592147398111,0.20234639081267725,0.0,0.0,0.08669285106038244,15.3,LOW,Routine (3+ months),Normal wear and tear,✅ Continue routine maintenance schedule | 📊 Monitor for changes,28505.41,3
8013df,5,4.029444444444445,2781.8047526864907,9817.607999999998,193.81907857142858,IGO257P,0,8.55125046942914,0,87.07869056852141,6910531.303333715,1653.109541452381,1,2025-12-30 09:38:37,8013df,0.389400791407575,0.389787223785506,0.16412083874065958,0.19629687536757656,0.0,0.0,0.20387584937509962,25.8,LOW,Routine (3+ months),"High flight hours, Extensive mileage",✅ Continue routine maintenance schedule | 📊 Monitor for changes | 🕐 Review airframe hours for scheduled maintenance,30527.82,3
8013db,3,1.5369444444444444,1100.2231564904155,11483.339999999998,225.2227777777778,IGO1496,0,5.733406430587205,0,99.28893481933888,500542.2247199999,21.8542355555556,0,2025-12-30 06:18:36,8013db,0.13578292820802715,0.1541635620899585,0.10939349391955613,0.010800912278931318,0.0,0.0,0.014764207762402382,9.0,LOW,Routine (3+ months),Normal wear and tear,✅ Continue routine maintenance schedule | 📊 Monitor for changes,24511.0,3
8013da,4,3.115,2016.0410741366968,10519.41,192.60708333333335,IGO1439,0,12.812703540793517,1,73.25481745029245,12997989.810419999,2581.953687083333,1,2025-12-30 10:08:34,8013da,0.29635387224420584,0.2824882129367241,0.24688553702089355,0.4063068149729564,0.0,0.0,0.3834536887980359,27.9,LOW,Routine (3+ months),"Frequent altitude changes, High flight hours",✅ Continue routine maintenance schedule | 📊 Monitor for changes | 🔧 Check pressurization system | 🕐 Review airframe hours for scheduled maintenance,35020.16,3
8013d8,5,2.9994444444444444,2211.096729710091,11300.460000000001,190.723,IGO907,0,27.17454503919613,1,64.1041968477589,21256344.53791714,3288.29095095238,1,2025-12-30 09:28:35,8013d8,0.2845958168456756,0.3098194634122257,0.5258170325596365,0.5453214936852286,0.0,0.0,0.6270558540531392,38.3,LOW,Routine (3+ months),"Frequent altitude changes, Declining fuel efficiency, Extensive mileage",✅ Continue routine maintenance schedule | 📊 Monitor for changes | 🔧 Check pressurization system | ⛽ Engine performance check needed,45522.11,3
8013d6,2,1.5005555555555554,679.9738127173624,9631.68,149.05683333333332,AIC2202,0,12.68195629781254,0,60.60610580830322,14380810.915739998,6677.172188333334,0,2025-12-30 08:58:35,8013d6,0.13208027133973999,0.09527811197028926,0.24434620221300643,0.5984639004222723,0.0,0.0,0.4243609804212975,23.3,LOW,Routine (3+ months),"Frequent altitude changes, Speed instability, Declining fuel efficiency",✅ Continue routine maintenance schedule | 📊 Monitor for changes | 🔧 Check pressurization system | 🔧 Inspect throttle control system | ⛽ Engine performance check needed,44006.8,3
8013cf,3,2.2016666666666667,1620.4432206145352,9570.72,194.95619047619047,IGO233P,0,11.613338602345996,0,76.83521385317663,11102974.015205713,3249.9758736507933,0,2025-12-29 18:13:07,8013cf,0.20342001130582252,0.22705693620495745,0.22359182109908027,0.3519140390915356,0.0,0.0,0.32757963536299345,22.7,LOW,Routine (3+ months),Normal wear and tear,✅ Continue routine maintenance schedule | 📊 Monitor for changes,34516.2,3
8013ce,5,3.331666666666666,1417.6025690546958,8650.224,141.64966666666663,IGO6676,0,20.28415465894102,1,69.61224492053269,9891759.442247998,7565.432460666665,0,2025-12-30 09:18:35,8013ce,0.31840022611644997,0.19863485001576775,0.39199388085418896,0.4616441600455411,0.0,0.0,0.2919819765386994,29.6,LOW,Routine (3+ months),"Speed instability, Declining fuel efficiency, High flight hours",✅ Continue routine maintenance schedule | 📊 Monitor for changes | 🔧 Inspect throttle control system | ⛽ Engine performance check needed | 🕐 Review airframe hours for scheduled maintenance,45514.18,3
8013cc,1,2.025277777777778,1307.8366029746528,10370.82,171.87461538461537,AIC2768,0,14.08507481240194,0,78.2146004422807,13696458.463107692,1621.0134435897437,0,2025-12-29 16:11:36,8013cc,0.18547201808931607,0.1832544135767421,0.2715971606458823,0.33095863160242744,0.0,0.0,0.40402677667100434,22.7,LOW,Routine (3+ months),Frequent altitude changes,✅ Continue routine maintenance schedule | 📊 Monitor for changes | 🔧 Check pressurization system,33513.08,3
8013cb,7,5.159444444444444,3146.7218098212807,11197.045714285714,186.08328231292515,IGO1131,0,15.866749967231739,0,68.96668133607047,15685772.815356737,4288.836624421769,1,2025-12-30 08:48:37,8013cb,0.5043810062182025,0.44091949914565853,0.3062003357022406,0.47145145270692757,0.0,0.0,0.46278057050777754,39.3,LOW,Routine (3+ months),"Frequent altitude changes, Declining fuel efficiency, High flight hours, Extensive mileage",✅ Continue routine maintenance schedule | 📊 Monitor for changes | 🔧 Check pressurization system | ⛽ Engine performance check needed | 🕐 Review airframe hours for scheduled maintenance,46531.47,3
8013c9,2,0.8338888888888889,509.5446260257362,11277.6,181.14208333333335,IGO104,0,17.288215567889722,0,77.2354093907539,12404965.5126,3199.8047791666672,0,2025-12-30 09:28:35,8013c9,0.06424533634821934,0.07139752888177606,0.33380762588800883,0.34583433625007076,0.0,0.0,0.36598057750821417,18.6,LOW,Routine (3+ months),Frequent altitude changes,✅ Continue routine maintenance schedule | 📊 Monitor for changes | 🔧 Check pressurization system,34005.1,3
8013c8,4,3.0,1728.4277736863173,10309.86,167.2677261904762,IGO1153,0,33.72336274436024,0,54.44697379438834,14439535.556355,12307.989256071429,1,2025-12-30 09:38:37,8013c8,0.2846523459581685,0.24218776057820643,0.6530062594227233,0.6920323910472455,0.0,0.0,0.4262591536778663,39.7,LOW,Routine (3+ months),"Frequent altitude changes, Speed instability, Declining fuel efficiency, High flight hours",✅ Continue routine maintenance schedule | 📊 Monitor for changes | 🔧 Check pressurization system | 🔧 Inspect throttle control system | ⛽ Engine performance check needed | 🕐 Review airframe hours for scheduled maintenance,64017.28,3
8013c6,6,5.172222222222222,3178.88232540997,10828.02,186.1654191919192,IGO6926,0,17.008245162699556,1,70.19229554312778,14021564.506738095,4357.32935939394,1,2025-12-30 08:58:35,8013c6,0.50568117580554,0.44542583916636613,0.3283701223593028,0.4528321292074813,0.0,0.0,0.413696533078128,39.0,LOW,Routine (3+ months),"Frequent altitude changes, High flight hours, Extensive mileage",✅ Continue routine maintenance schedule | 📊 Monitor for changes | 🔧 Check pressurization system | 🕐 Review airframe hours for scheduled maintenance,36031.79,3
801408,5,3.295,1960.708426532622,10712.196,174.03269999999998,AIC2439,0,15.724891856669625,0,69.02244848961634,12431640.878603999,5780.246674333333,1,2025-12-30 05:08:39,801408,0.3146693046919164,0.27473498759858167,0.3034452088657697,0.4706042475533524,0.0,0.0,0.36684348166821995,30.2,LOW,Routine (3+ months),"Frequent altitude changes, Speed instability, Declining fuel efficiency, High flight hours",✅ Continue routine maintenance schedule | 📊 Monitor for changes | 🔧 Check pressurization system | 🔧 Inspect throttle control system | ⛽ Engine performance check needed | 🕐 Review airframe hours for scheduled maintenance,45519.61,3
801406,2,1.4994444444444446,827.0397528670644,11883.39,169.28749999999997,AIC2030,0,23.733678692665926,0,57.309164957435854,19977444.88374,5241.67059,0,2025-12-30 08:58:35,801406,0.13196721311475415,0.11588503072294343,0.4589895302443276,0.648550467555194,0.0,0.0,0.5893921444676575,30.4,LOW,Routine (3+ months),"Frequent altitude changes, Speed instability, Declining fuel efficiency",✅ Continue routine maintenance schedule | 📊 Monitor for changes | 🔧 Check pressurization system | 🔧 Inspect throttle control system | ⛽ Engine performance check needed,54008.27,3
801404,2,1.7019444444444445,1492.918103547311,11129.01,230.99099999999999,IGO107Y,0,9.08472998347522,0,90.42527656595225,5163660.31782,1188.915953333334,0,2025-12-30 10:18:36,801404,0.1525720746184285,0.20918808279367812,0.17448192222070674,0.14545610757451244,0.0,0.0,0.15233795303095418,15.2,LOW,Routine (3+ months),Normal wear and tear,✅ Continue routine maintenance schedule | 📊 Monitor for changes,29014.93,3
801403,2,1.4991666666666668,1031.3652621103797,9380.220000000001,177.92380952380952,AXB198,0,16.218358023924722,0,60.43333467392338,16921001.6418,7214.011447619047,1,2025-12-30 08:18:37,801403,0.13193894855850768,0.1445151755667169,0.31302916479826937,0.6010886102403057,0.0,0.0,0.49930009654866025,26.5,LOW,Routine (3+ months),"Frequent altitude changes, Speed instability, Declining fuel efficiency",✅ Continue routine maintenance schedule | 📊 Monitor for changes | 🔧 Check pressurization system | 🔧 Inspect throttle control system | ⛽ Engine performance check needed,44010.31,3
801402,1,1.1675,1053.59755560866,10668.0,220.284,IGO93F,0,10.918221859012966,0,68.7835488423851,14948488.16748,5033.878729999999,0,2025-12-29 04:24:05,801402,0.09819106840022614,0.14763037046050312,0.21009146650921323,0.47423357054103366,0.0,0.0,0.4410562314630479,21.1,LOW,Routine (3+ months),"Frequent altitude changes, Declining fuel efficiency",✅ Continue routine maintenance schedule | 📊 Monitor for changes | 🔧 Check pressurization system | ⛽ Engine performance check needed,43510.54,3
8013fe,4,2.0036111111111112,948.6372170290329,7130.415,128.87166666666667,AIC2943,0,26.54975016394506,2,70.30357441384565,13747239.521595,4120.8714975,0,2025-12-30 08:58:35,8013fe,0.1832673827020916,0.1329232998283787,0.51368244877537,0.4511415994464697,0.0,0.0,0.4055983047823046,28.3,LOW,Routine (3+ months),Frequent altitude changes,✅ Continue routine maintenance schedule | 📊 Monitor for changes | 🔧 Check pressurization system,35009.49,3
8013fd,5,4.204722222222222,3553.5243629217907,10916.412,176.0131,IGO1425,0,21.38338400588988,1,75.01539159984192,7803220.006432,6544.286731222222,1,2025-12-30 06:08:34,8013fd,0.40723572639909567,0.4979207813703619,0.41334279253230655,0.3795604706123359,0.0,0.0,0.23035009391852748,36.4,LOW,Routine (3+ months),"Speed instability, High flight hours, Extensive mileage",✅ Continue routine maintenance schedule | 📊 Monitor for changes | 🔧 Inspect throttle control system | 🕐 Review airframe hours for scheduled maintenance,35535.54,3
8013fc,2,1.1675,937.3480187030593,10218.42,234.96775,IGO1273,0,1.562458324765129,0,99.97054950055707,39.677339999998175,6.227922500000029,0,2025-12-30 06:28:37,8013fc,0.09819106840022614,0.1313414543483911,0.02838655667541245,0.00044593746018739555,0.0,0.0,1.3539821601896638e-06,5.7,LOW,Routine (3+ months),Normal wear and tear,✅ Continue routine maintenance schedule | 📊 Monitor for changes,19009.37,3
8013fb,8,5.8475,3949.5649462026877,10320.3375,191.7641001984127,IGO1656,0,12.399412168846103,0,84.03318408908466,7662611.3567742845,2768.7341712400794,1,2025-12-30 08:48:37,8013fb,0.5743923120407012,0.5534140935139877,0.23885871257199728,0.2425636941052941,0.0,0.0,0.22609146160995527,36.1,LOW,Routine (3+ months),"High flight hours, Extensive mileage",✅ Continue routine maintenance schedule | 📊 Monitor for changes | 🕐 Review airframe hours for scheduled maintenance,32039.5,3
8013f8,4,4.187777777777778,2426.676875958323,11433.810000000001,171.33130952380952,IGO1440,0,15.20724134576087,0,69.44497592109487,14079187.244795,4898.890345238095,1,2025-12-30 07:48:33,8013f8,0.4055115884680611,0.34002661099446363,0.2933915516665705,0.4641852823612159,0.0,0.0,0.41541209724168815,33.9,LOW,Routine (3+ months),"Frequent altitude changes, Declining fuel efficiency, High flight hours, Extensive mileage",✅ Continue routine maintenance schedule | 📊 Monitor for changes | 🔧 Check pressurization system | ⛽ Engine performance check needed | 🕐 Review airframe hours for scheduled maintenance,45024.27,3
8013f6,4,2.4947222222222223,1086.7850723052957,9578.34,154.38791666666668,IGO55V,0,24.378456271325202,0,60.85417230734134,13760940.058710001,7567.518970833335,0,2025-12-30 07:08:35,8013f6,0.23323911814584516,0.15228061415033214,0.4715122122642681,0.5946953161741707,0.0,0.0,0.4061040633983257,31.3,LOW,Routine (3+ months),"Frequent altitude changes, Speed instability, Declining fuel efficiency",✅ Continue routine maintenance schedule | 📊 Monitor for changes | 🔧 Check pressurization system | 🔧 Inspect throttle control system | ⛽ Engine performance check needed,45010.87,3
8013f3,4,2.1622222222222223,1429.8890473639806,10784.205000000002,187.23041666666666,IGO211,0,16.341257942808124,0,69.8028837754062,17410940.82321,2952.7925683333333,0,2025-12-30 06:58:37,8013f3,0.19940644431882423,0.20035643463296704,0.31541609116697705,0.4587480068433223,0.0,0.0,0.5136252362178622,27.3,LOW,Routine (3+ months),"Frequent altitude changes, Declining fuel efficiency",✅ Continue routine maintenance schedule | 📊 Monitor for changes | 🔧 Check pressurization system | ⛽ Engine performance check needed,45014.3,3
8013ed,3,1.6675,542.6682962999773,5969.0,105.68841269841272,AIC2116,0,18.698646652037137,1,73.60550963700075,7523008.179759999,5354.7449380952385,0,2025-12-29 23:28:38,8013ed,0.1490672696438666,0.07603882639387288,0.3612006069134105,0.40097915865545364,0.0,0.0,0.22205012106128139,20.7,LOW,Routine (3+ months),Speed instability,✅ Continue routine maintenance schedule | 📊 Monitor for changes | 🔧 Inspect throttle control system,34505.43,3
8013ea,4,3.700555555555555,2384.559227175431,10325.1,172.50886111111112,AIC2596,0,11.221729751948216,1,76.26681673819493,11341636.187649999,2784.600296527778,0,2025-12-29 23:38:34,8013ea,0.35593555681175804,0.3341250748152612,0.2159861082578816,0.3605490318152297,0.0,0.0,0.33460528331724426,28.7,LOW,Routine (3+ months),"High flight hours, Extensive mileage",✅ Continue routine maintenance schedule | 📊 Monitor for changes | 🕐 Review airframe hours for scheduled maintenance,35023.85,3
8013e5,6,4.333055555555556,2192.264838544949,9883.14,170.70298611111113,IGO2262,0,14.058198877502791,0,76.69748690073921,6127391.4548700005,6027.926849305556,1,2025-12-29 23:58:37,8013e5,0.42029395138496345,0.30718073380016264,0.27107518407928005,0.35400636363155724,0.0,0.0,0.18090606548235694,29.2,LOW,Routine (3+ months),"Speed instability, High flight hours, Extensive mileage",✅ Continue routine maintenance schedule | 📊 Monitor for changes | 🔧 Inspect throttle control system | 🕐 Review airframe hours for scheduled maintenance,36021.92,3
801427,2,0.8697222222222222,509.28489366182333,10347.96,170.57466666666667,IGO6149,0,33.84740064289063,0,55.97550997221437,23011067.84874,5961.699831666667,0,2025-12-30 09:58:35,801427,0.06789146410401357,0.07136113511368034,0.6554152873001312,0.6688111282618845,0.0,0.0,0.6788905169494589,33.1,LOW,Routine (3+ months),"Frequent altitude changes, Speed instability, Declining fuel efficiency",✅ Continue routine maintenance schedule | 📊 Monitor for changes | 🔧 Check pressurization system | 🔧 Inspect throttle control system | ⛽ Engine performance check needed,63005.09,3
801424,3,1.5002777777777778,734.16788329322,7045.959999999999,154.36666666666667,AIC2571,0,14.587547279562413,1,82.5580331388799,5383697.297099999,3665.9150277777776,1,2025-12-30 09:28:35,801424,0.13205200678349352,0.10287179959160739,0.2813560343075712,0.26497393755239307,0.0,0.0,0.15890103405210632,16.5,LOW,Routine (3+ months),Normal wear and tear,✅ Continue routine maintenance schedule | 📊 Monitor for changes,29507.34,3
801422,4,3.6663888888888887,1522.156676873048,9909.81,126.70708333333334,IGO212K,0,30.97249994168373,0,53.95666301034997,14851772.231880002,10936.13153404762,1,2025-12-30 07:08:35,801422,0.3524590163934427,0.21328499948529053,0.5995798046287611,0.6994811094536654,0.0,0.0,0.43837766914338255,39.9,LOW,Routine (3+ months),"Frequent altitude changes, Speed instability, Declining fuel efficiency, High flight hours",✅ Continue routine maintenance schedule | 📊 Monitor for changes | 🔧 Check pressurization system | 🔧 Inspect throttle control system | ⛽ Engine performance check needed | 🕐 Review airframe hours for scheduled maintenance,64015.22,3
801421,1,0.4233333333333333,408.39773344698176,10683.24,268.52,IGO35N,0,1.775039438276474,0,99.99269023294764,53.22569999999964,3.1523999999999943,0,2025-12-29 00:28:46,801421,0.022470322215941207,0.057224799320246406,0.03251524504184553,0.00010957920281662314,0.0,0.0,1.6628799721032285e-06,2.4,LOW,Routine (3+ months),Normal wear and tear,✅ Continue routine maintenance schedule | 📊 Monitor for changes,18504.08,3
80141f,7,4.2572222222222225,2485.3910087503536,9493.43142857143,160.1596632653061,IGO413K,0,22.186670345243353,0,68.58545853251398,9934833.533848163,7296.772678877552,1,2025-12-30 09:08:33,80141f,0.4125777275296779,0.3482536509389016,0.42894398545778395,0.47724292498581566,0.0,0.0,0.2932445287578768,35.9,LOW,Routine (3+ months),"Speed instability, Declining fuel efficiency, High flight hours, Extensive mileage",✅ Continue routine maintenance schedule | 📊 Monitor for changes | 🔧 Inspect throttle control system | ⛽ Engine performance check needed | 🕐 Review airframe hours for scheduled maintenance,46524.85,3
80141e,7,3.6680555555555556,2022.8559680871942,9822.180000000002,172.14104761904764,AIC2757,0,20.37269225459492,1,70.92612698333492,15406409.18712,3803.973775714286,1,2025-12-30 10:18:36,80141e,0.3526286037309215,0.2834431176944328,0.3937134322062836,0.44168388622807997,0.0,0.0,0.45452639998678984,33.5,LOW,Routine (3+ months),"Frequent altitude changes, High flight hours",✅ Continue routine maintenance schedule | 📊 Monitor for changes | 🔧 Check pressurization system | 🕐 Review airframe hours for scheduled maintenance,36520.23,3
80141d,6,3.5225000000000004,1978.1418993371187,10990.58,179.29838888888887,AIC2183,0,23.203585578888887,0,63.06621429585616,15710362.288890002,6567.9259505555565,1,2025-12-30 10:08:34,80141d,0.3378179762577729,0.2771777704570272,0.44869421644232915,0.5610903488513747,0.0,0.0,0.46357306254028824,36.0,LOW,Routine (3+ months),"Frequent altitude changes, Speed instability, Declining fuel efficiency, High flight hours",✅ Continue routine maintenance schedule | 📊 Monitor for changes | 🔧 Check pressurization system | 🔧 Inspect throttle control system | ⛽ Engine performance check needed | 🕐 Review airframe hours for scheduled maintenance,46019.78,3
80141c,3,1.6700000000000002,1114.835071516941,10777.220000000001,179.38888888888889,IGO236,0,16.106703235094137,0,69.38207071801965,17629958.2884,2969.5225944444446,0,2025-12-30 07:38:20,80141c,0.14932165065008485,0.15621098752011447,0.3108606380646996,0.4651409275545497,0.0,0.0,0.5200856805469656,25.3,LOW,Routine (3+ months),"Frequent altitude changes, Declining fuel efficiency",✅ Continue routine maintenance schedule | 📊 Monitor for changes | 🔧 Check pressurization system | ⛽ Engine performance check needed,44511.15,3
801415,3,1.8330555555555554,774.4432726514676,4064.0,111.7938888888889,IGO7WP,0,15.371385465011953,0,95.06596981909223,999120.5824000002,1333.3510199999998,1,2025-12-30 08:48:37,801415,0.16591294516676092,0.1085151978889432,0.29657951086189277,0.07495548148486253,0.0,0.0,0.0295085291788128,13.7,LOW,Routine (3+ months),Normal wear and tear,✅ Continue routine maintenance schedule | 📊 Monitor for changes,29507.74,3
801414,4,3.3930555555555557,1343.8791249547019,4114.8,109.48928571428571,IGO7351,0,18.01772066877414,0,94.64417632787067,1332445.8834900002,1331.2488292857142,1,2025-12-30 09:48:34,801414,0.32464669304691923,0.18830470136824287,0.3479758611254931,0.08136329678089382,0.0,0.0,0.03933994371188516,20.5,LOW,Routine (3+ months),High flight hours,✅ Continue routine maintenance schedule | 📊 Monitor for changes | 🕐 Review airframe hours for scheduled maintenance,30013.44,3
801411,3,2.7022222222222214,1781.0691465559346,10848.34,183.7258888888889,IGO53V,0,17.781850566902957,0,63.97590769956195,19005843.81619333,4632.248805185185,0,2025-12-29 23:28:38,801411,0.2543527416619559,0.24956388378285976,0.34339486082165865,0.5472704407013395,0.0,0.0,0.5607166596361713,32.0,LOW,Routine (3+ months),"Frequent altitude changes, Declining fuel efficiency",✅ Continue routine maintenance schedule | 📊 Monitor for changes | 🔧 Check pressurization system | ⛽ Engine performance check needed,44517.81,3
801410,2,2.6672222222222217,2186.4999781468487,10820.4,228.1202597402597,IGO103Y,0,10.161613313768726,0,92.81724376053151,3859232.9769522077,821.9840016883113,0,2025-12-29 15:51:45,801410,0.25079140757490104,0.306372960023834,0.195396836082757,0.10911774698805488,0.0,0.0,0.11385286282772894,19.1,LOW,Routine (3+ months),Extensive mileage,✅ Continue routine maintenance schedule | 📊 Monitor for changes,29021.86,3
80140e,3,1.3697222222222223,860.1571580596216,7825.740000000001,155.24694444444447,AXB2024,0,19.415552245185875,1,69.71451045367597,11071614.9535,4797.09996388889,0,2025-12-29 23:48:40,80140e,0.11876766534765407,0.12052545037012395,0.3751241381875377,0.46009055938272747,0.0,0.0,0.32670032807895294,23.1,LOW,Routine (3+ months),Declining fuel efficiency,✅ Continue routine maintenance schedule | 📊 Monitor for changes | ⛽ Engine performance check needed,44508.6,3
80140b,2,1.1675,958.5868697590384,10972.8,170.51666666666665,IGO495,0,24.068557365024844,0,71.47414488185953,12105698.69178,5402.939923333333,0,2025-12-29 17:33:04,80140b,0.09819106840022614,0.13431744782223534,0.46549344611859006,0.43335849110997404,0.0,0.0,0.3572186424066497,24.5,LOW,Routine (3+ months),Speed instability,✅ Continue routine maintenance schedule | 📊 Monitor for changes | 🔧 Inspect throttle control system,34009.59,3
801409,4,2.0377777777777775,1301.4246574719748,7646.67,163.7110416666667,AIC2403,0,20.42637953939434,1,77.52308198099146,4641901.84521,6290.983187083333,0,2025-12-30 06:18:36,801409,0.186743923120407,0.18235597006299833,0.39475613098848233,0.3414640629709962,0.0,0.0,0.1370990998422334,22.7,LOW,Routine (3+ months),Speed instability,✅ Continue routine maintenance schedule | 📊 Monitor for changes | 🔧 Inspect throttle control system,35013.01,3
06a110,2,1.0075,962.5577805016108,11277.6,281.095,QTR16P,0,1.1713419489884018,0,99.98017885049387,0.0,8.630291666666677,0,2025-12-30 07:18:12,06a110,0.08191068400226119,0.13487385289442905,0.020790408532625225,0.0002996500064924579,0.0,0.0,2.5455166396011043e-07,5.2,LOW,Routine (3+ months),Normal wear and tear,✅ Continue routine maintenance schedule | 📊 Monitor for changes,19009.63,3
06a10f,3,1.3316666666666668,1313.0172418485467,11582.4,273.8891111111111,QTR838,0,1.8389007244378643,0,99.94936432524274,3.308722450212111e-24,21.255032222222276,1,2025-12-30 05:08:39,06a10f,0.11489542114188812,0.18398032607730141,0.03375554031024865,0.0007677790562611309,0.0,0.0,6.269201585144308e-07,7.2,LOW,Routine (3+ months),Normal wear and tear,✅ Continue routine maintenance schedule | 📊 Monitor for changes,19513.13,3
06a109,1,0.6652777777777776,673.1783866340438,11285.22,266.96,QTR74A,0,0.3518421365616178,0,99.96905892651326,11.612879999996895,9.06264999999996,0,2025-12-29 02:04:07,06a109,0.0470887507066139,0.09432593505532126,0.004874322263371635,0.000468582008660956,0.0,0.0,6.098276591374037e-07,3.2,LOW,Routine (3+ months),Normal wear and tear,✅ Continue routine maintenance schedule | 📊 Monitor for changes,18506.73,3
06a106,2,0.9997222222222223,894.3333893309867,12344.4,250.5125,QTR1B,0,6.892905640981123,0,99.67372287025347,217407.62969999952,18.144650000000006,0,2025-12-30 04:28:41,06a106,0.08111927642736011,0.12531423300983,0.1319129493018718,0.004955277365884747,0.0,0.0,0.006413003729917334,7.3,LOW,Routine (3+ months),Normal wear and tear,✅ Continue routine maintenance schedule | 📊 Monitor for changes,19008.94,3
06a103,1,1.1669444444444443,1152.909553651005,11894.82,294.28,QTR802,0,3.5340681883317018,0,99.876007866797,7.258049999998059,13.412571428571477,0,2025-12-29 06:54:07,06a103,0.09813453928773319,0.1615459941102697,0.06667858823172286,0.0018821979514650478,0.0,0.0,6.096828801342424e-07,7.0,LOW,Routine (3+ months),Normal wear and tear,✅ Continue routine maintenance schedule | 📊 Monitor for changes,18511.53,3
06a101,2,1.0008333333333332,686.9082293851422,11430.0,192.59875,QTR578,0,22.551236436649855,0,63.63986211530484,18904924.28685,5398.683979166667,0,2025-12-29 06:14:08,06a101,0.08123233465234596,0.09624976428301736,0.4360244817235337,0.5523755883145238,0.0,0.0,0.5577626300672717,26.5,LOW,Routine (3+ months),"Frequent altitude changes, Speed instability, Declining fuel efficiency",✅ Continue routine maintenance schedule | 📊 Monitor for changes | 🔧 Check pressurization system | 🔧 Inspect throttle control system | ⛽ Engine performance check needed,44006.87,3
06a100,1,1.5,1374.1638321811608,11887.2,266.85,QTR958,0,2.9119267460763925,0,99.69874285485986,0.0,121.4104571428572,0,2025-12-29 23:28:38,06a100,0.13202374222724705,0.1925482026210027,0.0545955386489653,0.004575177996397173,0.0,0.0,3.5810184732503564e-06,8.3,LOW,Routine (3+ months),Normal wear and tear,✅ Continue routine maintenance schedule | 📊 Monitor for changes,28513.74,3
06a0ff,2,1.6675,1638.3784744322288,11887.2,290.204375,QTR802,0,2.841801383622422,0,99.88630095578151,0.0,23.32487351190479,0,2025-12-30 07:08:35,06a0ff,0.1490672696438666,0.22957002875278482,0.05323358431834147,0.0017258270865487813,0.0,0.0,6.879704178535251e-07,9.4,LOW,Routine (3+ months),Normal wear and tear,✅ Continue routine maintenance schedule | 📊 Monitor for changes,19016.38,3
06a0fd,1,0.6680555555555556,386.0743419928896,11887.2,160.564,QTR1L,0,37.4528484296624,0,40.38729075007059,20353986.711300004,13287.214080000002,0,2025-12-29 07:44:01,06a0fd,0.04737139626907859,0.05409683975659822,0.725439242331452,0.9056247151198955,0.0,0.0,0.6007356029531845,36.4,LOW,Routine (3+ months),"Frequent altitude changes, Speed instability, Declining fuel efficiency",✅ Continue routine maintenance schedule | 📊 Monitor for changes | 🔧 Check pressurization system | 🔧 Inspect throttle control system | ⛽ Engine performance check needed,62503.86,3
06a0fc,1,0.4997222222222222,387.1277125202938,11582.4,247.94,QTR955,0,0.4158536166938802,0,99.9631146427998,0.0,9.895066666666652,0,2025-12-29 02:54:07,06a0fc,0.030243075183719617,0.05424443831580618,0.006117534555258187,0.0005588865602859094,0.0,0.0,2.918563800948655e-07,2.0,LOW,Routine (3+ months),Normal wear and tear,✅ Continue routine maintenance schedule | 📊 Monitor for changes,18503.87,3
06a0fb,1,1.5002777777777778,1137.277120048694,11582.4,216.4533333333333,QTR891,0,4.339383876358148,0,99.82802592183944,96025.61440000014,15.534775000000032,0,2025-12-29 02:04:07,06a0fb,0.13205200678349352,0.15935557334512743,0.08231919457506764,0.002611131534441591,0.0,0.0,0.002832747174184431,8.2,LOW,Routine (3+ months),Normal wear and tear,✅ Continue routine maintenance schedule | 📊 Monitor for changes,18511.37,3
06a0fa,1,1.0,1119.102313285635,12496.8,298.53428571428566,QTR890,0,5.03666110726386,0,99.8893847251667,3.8601761919141294e-24,5.503695238095225,0,2025-12-30 08:28:35,06a0fa,0.08114754098360658,0.15680891457471255,0.09586150952425268,0.001678978984225754,0.0,0.0,1.6233226348508584e-07,7.1,LOW,Routine (3+ months),Normal wear and tear,✅ Continue routine maintenance schedule | 📊 Monitor for changes,18511.19,3
06a0f9,1,0.4997222222222222,410.19819336546175,12192.0,253.565,QTR955,0,2.149047130486508,0,99.99670615358384,0.0,1.4341666666666628,0,2025-12-30 02:48:39,06a0f9,0.030243075183719617,0.05747708024416231,0.03977911332383026,4.857001653024717e-05,0.0,0.0,4.2300947117019834e-08,2.7,LOW,Routine (3+ months),Normal wear and tear,✅ Continue routine maintenance schedule | 📊 Monitor for changes,18504.1,3
06a0f6,1,0.6672222222222222,581.0167399107315,11887.2,275.144,QTR956,0,1.050069434218841,0,99.9764139428486,0.0,10.24262999999998,0,2025-12-30 07:58:34,06a0f6,0.04728660260033918,0.08141222053920077,0.018435089131824133,0.0003568458459248802,0.0,0.0,3.0210780939165685e-07,3.2,LOW,Routine (3+ months),Normal wear and tear,✅ Continue routine maintenance schedule | 📊 Monitor for changes,18505.81,3
06a0f4,2,0.8330555555555555,377.2379096646655,7098.03,149.73708333333335,QTR15P,0,16.598924906957375,1,77.28858992146976,6235913.334599998,2708.9044958333334,0,2025-12-29 04:54:04,06a0f4,0.06416054267947995,0.052858676502307765,0.32042042377077806,0.34502642663253436,0.0,0.0,0.18400903852578082,16.1,LOW,Routine (3+ months),Normal wear and tear,✅ Continue routine maintenance schedule | 📊 Monitor for changes,34003.77,3
06a0ea,1,1.2591666666666665,1256.2135202995937,11277.6,276.2616666666667,QTR942,0,2.0124807077314246,0,99.86904297404286,0.0,56.95453666666674,0,2025-12-29 00:38:36,06a0ea,0.10751837196156022,0.17602097346570328,0.03712676010410641,0.001988007422815463,0.0,0.0,1.6798820524888158e-06,7.0,LOW,Routine (3+ months),Normal wear and tear,✅ Continue routine maintenance schedule | 📊 Monitor for changes,23512.56,3
801454,5,1.998888888888889,1689.47738078341,11157.204000000002,239.80466666666666,IGO213C,0,4.462451165139408,0,96.91218207441806,1909501.9874399998,209.2772133333333,1,2025-12-30 10:18:36,801454,0.1827868852459017,0.2367300211375369,0.08470937155310164,0.04690813752245193,0.0,0.0,0.0563272017767888,12.3,LOW,Routine (3+ months),Normal wear and tear,✅ Continue routine maintenance schedule | 📊 Monitor for changes,30516.89,3
801446,3,2.5163888888888892,1121.5629921084194,4770.12,123.70171428571429,IGO7517,0,15.212796122364049,0,94.42290975769474,2558020.1374057145,793.077777936508,0,2025-12-30 08:08:33,801446,0.2354437535330696,0.15715370554756378,0.29349943491716063,0.08472474104777294,0.0,0.0,0.07547255490841284,16.9,LOW,Routine (3+ months),Normal wear and tear,✅ Continue routine maintenance schedule | 📊 Monitor for changes,29511.22,3
801444,5,2.8697222222222223,1663.497750772246,10695.432,181.88209999999998,AXB135,0,16.3924944755602,0,68.73352470338808,14544831.232860003,4933.733695,1,2025-12-30 08:28:35,801444,0.2713962690785755,0.23308974845224273,0.31641119215791513,0.47499352879005163,0.0,0.0,0.4291473597317695,29.2,LOW,Routine (3+ months),"Frequent altitude changes, Declining fuel efficiency",✅ Continue routine maintenance schedule | 📊 Monitor for changes | 🔧 Check pressurization system | ⛽ Engine performance check needed,45516.63,3
801441,5,3.5161111111111105,1739.0689756410663,9326.88,171.8967777777778,AIC1729,0,17.441796385253234,1,71.66231751722206,12145957.256424,5041.095196222222,1,2025-12-30 10:08:34,801441,0.33716789146410403,0.24367880863385333,0.3367904277158964,0.4304998042969592,0.0,0.0,0.3583954017600583,30.1,LOW,Routine (3+ months),High flight hours,✅ Continue routine maintenance schedule | 📊 Monitor for changes | 🕐 Review airframe hours for scheduled maintenance,35517.39,3
80143d,2,0.8344444444444444,414.47578541851607,6880.860000000001,154.01458333333335,VTSSK,0,14.281649005598183,0,79.2419536086415,8442292.792800002,3534.6946624999996,0,2025-12-29 23:28:38,80143d,0.06430186546071227,0.058076457583365125,0.27541496727594766,0.3153512562615527,0.0,0.0,0.2491108671051422,15.5,LOW,Routine (3+ months),Normal wear and tear,✅ Continue routine maintenance schedule | 📊 Monitor for changes,34004.14,3
80143a,2,0.6680555555555555,488.5933928501004,9326.880000000001,226.46999999999997,AIC2105,0,11.58586226037856,0,80.60733393724226,8229515.799,3504.1208833333335,0,2025-12-30 01:28:36,80143a,0.04737139626907858,0.06846183650202611,0.22305818360156554,0.2946086295103202,0.0,0.0,0.24283407803209067,13.9,LOW,Routine (3+ months),Normal wear and tear,✅ Continue routine maintenance schedule | 📊 Monitor for changes,29004.89,3
801435,2,1.835277777777778,1442.2324357659604,10668.0,216.83946428571429,AXB1507,0,9.870560977926065,0,76.16347689614656,12960156.568114284,2954.4281196428574,0,2025-12-30 04:18:35,801435,0.1661390616167327,0.2020859935075313,0.18974410253005294,0.3621189531970159,0.0,0.0,0.38234877819204033,21.2,LOW,Routine (3+ months),Frequent altitude changes,✅ Continue routine maintenance schedule | 📊 Monitor for changes | 🔧 Check pressurization system,34014.42,3
801434,1,0.5011111111111111,483.2165120940033,11285.22,269.7775,IGO63W,0,1.13843622020392,0,99.85535826593406,91374.01079999976,10.896425000000056,0,2025-12-29 02:44:02,801434,0.03038439796495195,0.06770842653659963,0.020151323068364344,0.002195903191162474,0.0,0.0,0.002695410664370823,2.6,LOW,Routine (3+ months),Normal wear and tear,✅ Continue routine maintenance schedule | 📊 Monitor for changes,18504.83,3
801432,2,1.166388888888889,729.7668896795412,10976.61,200.227,IGO2116,0,17.848264912305243,0,73.78737061625985,13614905.67336,4679.50659,0,2025-12-30 08:28:35,801432,0.09807801017524027,0.1022551311928217,0.3446847408617877,0.39821635745320483,0.0,0.0,0.40171157637616284,21.4,LOW,Routine (3+ months),Frequent altitude changes,✅ Continue routine maintenance schedule | 📊 Monitor for changes | 🔧 Check pressurization system,34007.3,3
801431,5,3.9916666666666663,3244.782606053251,10268.712,214.51441666666665,IGO36H,0,9.820955420319489,0,88.20883822206552,7143832.1823531445,933.567569642857,1,2025-12-30 08:48:37,801431,0.38555681175805545,0.4546598040640907,0.1887806778625565,0.17912786358368016,0.0,0.0,0.21073586855384954,27.3,LOW,Routine (3+ months),"High flight hours, Extensive mileage",✅ Continue routine maintenance schedule | 📊 Monitor for changes | 🕐 Review airframe hours for scheduled maintenance,30532.45,3
80142a,4,3.6652777777777783,2612.099281444396,10595.61,196.61985119047617,IGO22Q,0,8.514528550452262,0,82.06811869388437,10666360.499033572,1692.8073589880955,1,2025-12-30 09:38:37,80142a,0.3523459581684569,0.36600804789877833,0.16340763634384908,0.27241663484318657,0.0,0.0,0.3146557295213909,26.6,LOW,Routine (3+ months),"High flight hours, Extensive mileage",✅ Continue routine maintenance schedule | 📊 Monitor for changes | 🕐 Review airframe hours for scheduled maintenance,30026.12,3
80148d,5,3.372222222222222,1995.6759296338018,10294.619999999999,167.65219047619047,IGO963H,0,24.743054108713096,0,60.52894434142361,17792201.17128686,7366.508258571428,0,2025-12-30 08:38:36,80148d,0.32252685132843417,0.27963464345809413,0.4785933250912066,0.5996361243612987,0.0,0.0,0.5250007468575958,37.5,LOW,Routine (3+ months),"Frequent altitude changes, Speed instability, Declining fuel efficiency, High flight hours",✅ Continue routine maintenance schedule | 📊 Monitor for changes | 🔧 Check pressurization system | 🔧 Inspect throttle control system | ⛽ Engine performance check needed | 🕐 Review airframe hours for scheduled maintenance,45519.96,3
801470,2,1.1663888888888887,802.9854707639447,9578.34,179.08083333333332,IGO1502,0,24.480438094174886,1,72.1080502969804,8310193.37958,8206.190918333334,1,2025-12-30 08:38:36,801470,0.09807801017524025,0.11251453829996744,0.47349287347462843,0.42372830738313505,0.0,0.0,0.2453523628099185,23.0,LOW,Routine (3+ months),Speed instability,✅ Continue routine maintenance schedule | 📊 Monitor for changes | 🔧 Inspect throttle control system,34008.03,3
80146f,1,0.3330555555555555,315.8211994460421,10058.4,255.83,IGO423H,0,10.441769140971576,0,96.74126690309934,1994337.946799999,282.1372000000004,0,2025-12-29 09:44:08,80146f,0.013284341435839453,0.04425295068814452,0.20083794082369683,0.04950465186393227,0.0,0.0,0.05883159932027648,6.6,LOW,Routine (3+ months),Normal wear and tear,✅ Continue routine maintenance schedule | 📊 Monitor for changes,28503.16,3
80146e,2,1.3344444444444443,558.449036457201,4114.8,126.70825,IGO4HC,0,12.729718808720726,0,99.38484341819063,21788.666100000017,145.8153025,0,2025-12-29 08:24:06,80146e,0.11517806670435274,0.07825002791303928,0.24527383176523257,0.009343885085450254,0.0,0.0,0.0006469606074466547,9.5,LOW,Routine (3+ months),Normal wear and tear,✅ Continue routine maintenance schedule | 📊 Monitor for changes,29005.58,3
801467,1,0.4994444444444444,58.93843417442709,137.16,53.23333333333333,VTHLU,0,26.395252974202077,1,90.63668265772552,58.06439999999997,505.99643333333336,0,2025-12-29 10:04:07,801467,0.03021481062747315,0.008258469113955043,0.5106818494304785,0.14224446202584418,0.0,0.0,1.6637053444473355e-05,13.3,LOW,Routine (3+ months),Normal wear and tear,✅ Continue routine maintenance schedule | 📊 Monitor for changes,28500.59,3
801462,3,1.6666666666666667,1073.1605912359037,10670.54,205.56944444444443,IGO058,0,8.914681015178665,0,79.96905491802808,7028214.975800001,3966.7757277777782,1,2025-12-30 09:28:35,801462,0.14898247597512723,0.1503715482295741,0.1711792807699531,0.3043052562899593,0.0,0.0,0.20741518772015058,16.8,LOW,Routine (3+ months),Normal wear and tear,✅ Continue routine maintenance schedule | 📊 Monitor for changes,34510.73,3
801461,8,4.9575000000000005,2662.610817210892,10103.1675,164.1008511904762,IGO49FP,0,11.624432938257687,0,71.72197232822327,10892244.425145,5522.087809642857,1,2025-12-30 04:58:38,801461,0.4838326738270211,0.373085737760567,0.2238072920544032,0.42959353850962256,0.0,0.0,0.32143115278893103,33.7,LOW,Routine (3+ months),"Speed instability, High flight hours, Extensive mileage",✅ Continue routine maintenance schedule | 📊 Monitor for changes | 🔧 Inspect throttle control system | 🕐 Review airframe hours for scheduled maintenance,37026.63,3
801460,5,2.5013888888888887,1485.0599742097986,9180.576000000001,161.86933333333332,IGO177V,0,22.12923665143658,0,68.07501373955016,12975091.533636,6400.217144,1,2025-12-30 10:08:34,801460,0.23391746749576034,0.2080869996153356,0.4278285250128529,0.4849975158465243,0.0,0.0,0.38289092112709505,29.7,LOW,Routine (3+ months),"Frequent altitude changes, Speed instability, Declining fuel efficiency",✅ Continue routine maintenance schedule | 📊 Monitor for changes | 🔧 Check pressurization system | 🔧 Inspect throttle control system | ⛽ Engine performance check needed,45514.85,3
80145f,7,3.9197222222222217,2065.3080420203346,9707.880000000001,164.28880952380953,IGO5142,0,18.253082932423588,0,68.24719868005762,14170792.257437142,5446.760907142858,1,2025-12-30 06:58:37,80145f,0.3782362916902205,0.289391513614871,0.35254699834354597,0.4823817113865394,0.0,0.0,0.41813015946534554,33.7,LOW,Routine (3+ months),"Frequent altitude changes, Speed instability, Declining fuel efficiency, High flight hours",✅ Continue routine maintenance schedule | 📊 Monitor for changes | 🔧 Check pressurization system | 🔧 Inspect throttle control system | ⛽ Engine performance check needed | 🕐 Review airframe hours for scheduled maintenance,46520.65,3
80145e,4,3.367222222222222,2423.5112070664427,9246.869999999999,173.3744523809524,IGO1202,0,19.365195761463678,1,69.6865032991842,12711629.73798,4941.0180067857145,1,2025-12-30 04:48:37,80145e,0.32201808931599774,0.3395830366251271,0.3741461292521051,0.46051603933129404,0.0,0.0,0.3750770392043041,33.0,LOW,Routine (3+ months),"Frequent altitude changes, Declining fuel efficiency, High flight hours, Extensive mileage",✅ Continue routine maintenance schedule | 📊 Monitor for changes | 🔧 Check pressurization system | ⛽ Engine performance check needed | 🕐 Review airframe hours for scheduled maintenance,45024.24,3
80145d,2,0.8341666666666666,396.88567435981406,8576.31,153.65875,IGO423C,0,11.15244862821229,0,73.95827294316089,12819610.651049998,3308.6570458333326,0,2025-12-30 09:58:35,80145d,0.06427360090446581,0.05561172653096876,0.21464055048533442,0.3956200382419428,0.0,0.0,0.37821380467466065,16.7,LOW,Routine (3+ months),Frequent altitude changes,✅ Continue routine maintenance schedule | 📊 Monitor for changes | 🔧 Check pressurization system,34003.97,3
80145c,4,2.7022222222222223,1366.9088948998638,11504.295,148.18087500000001,IGO5127,0,26.76676606774693,0,58.17749520703124,19374027.542190004,6920.994396488096,0,2025-12-30 09:48:34,80145c,0.254352741661956,0.19153163887443356,0.517897268344983,0.6353589414383501,0.0,0.0,0.5716437971810555,35.8,LOW,Routine (3+ months),"Frequent altitude changes, Speed instability, Declining fuel efficiency",✅ Continue routine maintenance schedule | 📊 Monitor for changes | 🔧 Check pressurization system | 🔧 Inspect throttle control system | ⛽ Engine performance check needed,55013.67,3
80145b,5,3.8502777777777775,2101.0637103602116,8008.620000000001,153.34703333333331,IGO2294,0,13.275827853013643,0,74.64016997542028,10351887.296184001,4494.923785888889,1,2025-12-30 06:48:37,80145b,0.37117015262860376,0.29440160739781407,0.25588020229708947,0.3852607739939917,0.0,0.0,0.30546294708466615,29.1,LOW,Routine (3+ months),"High flight hours, Extensive mileage",✅ Continue routine maintenance schedule | 📊 Monitor for changes | 🕐 Review airframe hours for scheduled maintenance,35521.01,3
80145a,4,2.4991666666666665,1258.202970210149,10627.995,170.0535833333333,AIC2204,0,20.292043030382544,0,66.89977228885778,15618574.327305,4858.244994999999,1,2025-12-30 09:48:34,80145a,0.23369135104578861,0.17629973571770777,0.392147086502907,0.5028515849609307,0.0,0.0,0.46081533645126505,29.4,LOW,Routine (3+ months),"Frequent altitude changes, Declining fuel efficiency",✅ Continue routine maintenance schedule | 📊 Monitor for changes | 🔧 Check pressurization system | ⛽ Engine performance check needed,45012.58,3
801458,2,1.1908333333333332,801.2247879355202,10367.01,201.65916666666666,IGO217C,0,21.446454443050868,0,66.24463336673242,16840745.99586,4665.841211666666,0,2025-12-30 04:48:37,801458,0.10056529112492935,0.11226783095251769,0.4145677281621527,0.5128043445306966,0.0,0.0,0.49685778636912753,25.7,LOW,Routine (3+ months),"Frequent altitude changes, Declining fuel efficiency",✅ Continue routine maintenance schedule | 📊 Monitor for changes | 🔧 Check pressurization system | ⛽ Engine performance check needed,44008.01,3
801455,2,1.998611111111111,1538.2096138196835,8957.31,195.441625,IGO1272,0,14.947302511883326,0,75.50748913165117,10923754.592539284,4176.272005535714,0,2025-12-29 09:14:08,801455,0.18275862068965518,0.21553434129117752,0.28834309547172077,0.37208460823633216,0.0,0.0,0.3223208545726163,23.5,LOW,Routine (3+ months),Normal wear and tear,✅ Continue routine maintenance schedule | 📊 Monitor for changes,34015.38,3
8014ad,5,4.035833333333333,2499.2501218738644,10335.768,170.05066666666667,IGO084,0,10.172778944264248,0,64.3221675334213,14270082.427519998,6318.738708,1,2025-12-30 08:58:35,8014ad,0.3900508762012436,0.3501955935656534,0.19561369170068704,0.5420101199377845,0.0,0.0,0.42108445607482103,33.0,LOW,Routine (3+ months),"Frequent altitude changes, Speed instability, Declining fuel efficiency, High flight hours, Extensive mileage",✅ Continue routine maintenance schedule | 📊 Monitor for changes | 🔧 Check pressurization system | 🔧 Inspect throttle control system | ⛽ Engine performance check needed | 🕐 Review airframe hours for scheduled maintenance,45524.99,3
8014a4,4,2.3586111111111108,1476.8330085810323,9584.055,182.69191666666666,IGO110W,0,16.009741059873562,0,77.5499733528055,12556930.69254,3116.7508241666665,0,2025-12-30 03:48:37,8014a4,0.21938948558507632,0.206934234997503,0.308977466986118,0.3410555338039335,0.0,0.0,0.37046036213062816,24.6,LOW,Routine (3+ months),Frequent altitude changes,✅ Continue routine maintenance schedule | 📊 Monitor for changes | 🔧 Check pressurization system,35014.77,3
8014a3,5,3.6708333333333334,2281.69414385939,10093.452,178.7617222222222,IGO709M,0,11.645699940952943,0,76.28872484002514,10626338.097511714,4038.532915222222,0,2025-12-30 07:38:20,8014a3,0.3529112492933862,0.31971159190942366,0.224220333576138,0.3602162076419405,0.0,0.0,0.31354445067590553,28.2,LOW,Routine (3+ months),"High flight hours, Extensive mileage",✅ Continue routine maintenance schedule | 📊 Monitor for changes | 🕐 Review airframe hours for scheduled maintenance,35522.82,3
80149f,3,2.3694444444444445,851.6154227797978,3962.4,93.13833333333334,IGO1YE,0,19.709703151652377,0,90.20225471797444,2258097.6036114288,2663.530788650794,1,2025-12-30 10:08:34,80149f,0.22049180327868856,0.11932858014484382,0.3808370512748952,0.14884421772453527,0.0,0.0,0.06668146695442542,18.4,LOW,Routine (3+ months),Normal wear and tear,✅ Continue routine maintenance schedule | 📊 Monitor for changes,29508.52,3
80149e,3,1.5008333333333332,1202.7979892766755,10464.800000000001,224.97833333333332,IGO1313,0,1.9277449959379094,0,99.88522410107254,73036.95070000018,2.3209499999999985,0,2025-12-30 04:28:41,80149e,0.13210853589598645,0.1685363750141604,0.03548104783115493,0.00174218648094282,0.0,0.0,0.002154303568296789,7.4,LOW,Routine (3+ months),Normal wear and tear,✅ Continue routine maintenance schedule | 📊 Monitor for changes,19512.03,3
80149d,2,0.6669444444444445,251.29422357080978,4114.8,112.24666666666664,IGO7227,0,14.863702725216228,0,96.79607454535869,1067407.5425999998,660.6552333333331,0,2025-12-30 09:58:35,80149d,0.04725833804409272,0.035211413620745695,0.2867194448051703,0.0486720234433472,0.0,0.0,0.0315028213972704,8.7,LOW,Routine (3+ months),Normal wear and tear,✅ Continue routine maintenance schedule | 📊 Monitor for changes,29002.51,3
80149c,6,4.00111111111111,2319.2653737711876,10113.01,175.93088888888892,IGO966,0,15.417912130727743,0,72.150306003902,11605713.078850001,5185.129653888888,1,2025-12-30 09:48:34,80149c,0.3865178066704353,0.32497608266399,0.29748313818934796,0.42308636583877235,0.0,0.0,0.34246507223639144,31.9,LOW,Routine (3+ months),"Speed instability, High flight hours, Extensive mileage",✅ Continue routine maintenance schedule | 📊 Monitor for changes | 🔧 Inspect throttle control system | 🕐 Review airframe hours for scheduled maintenance,36023.19,3
80149b,2,1.333888888888889,949.651185626791,10046.97,207.34375,IGO125C,0,8.137886448138323,0,76.19899343149676,12698972.18265,2992.546495833333,0,2025-12-30 09:58:35,80149b,0.11512153759185985,0.13306537737869711,0.15609260331741107,0.3615793920060172,0.0,0.0,0.3746462323926906,17.8,LOW,Routine (3+ months),Frequent altitude changes,✅ Continue routine maintenance schedule | 📊 Monitor for changes | 🔧 Check pressurization system,34009.5,3
80149a,6,3.8544444444444443,2225.536127432335,9498.33,168.45208333333335,IGO327F,0,16.116707402733752,0,71.8845784742228,12999601.420100002,4626.356053611112,1,2025-12-30 02:18:37,80149a,0.37159412097230077,0.31184271567169963,0.31105493608989704,0.42712325347381774,0.0,0.0,0.3835615233864655,32.0,LOW,Routine (3+ months),"Frequent altitude changes, High flight hours, Extensive mileage",✅ Continue routine maintenance schedule | 📊 Monitor for changes | 🔧 Check pressurization system | 🕐 Review airframe hours for scheduled maintenance,36022.26,3
801499,4,2.258888888888889,1519.3287205212891,11174.73,214.47791666666666,IGO1273,0,4.880047690636513,0,92.55894396267955,4969268.44854,404.00415583333313,1,2025-12-30 08:28:35,801499,0.2092425098925947,0.21288874548713552,0.09281980943821866,0.1130417937789242,0.0,0.0,0.14658118648023052,14.5,LOW,Routine (3+ months),Normal wear and tear,✅ Continue routine maintenance schedule | 📊 Monitor for changes,30015.19,3
801493,2,2.6911111111111112,1282.3119121676648,9898.380000000001,140.47412500000002,AIC1804,0,16.097283061610682,1,67.41900229375533,10815216.157542856,6306.811654424602,0,2025-12-29 23:58:37,801493,0.2532221594120973,0.1796778870940582,0.3106776822036238,0.4949635306481316,0.0,0.0,0.3191823387651116,26.8,LOW,Routine (3+ months),"Speed instability, Declining fuel efficiency",✅ Continue routine maintenance schedule | 📊 Monitor for changes | 🔧 Inspect throttle control system | ⛽ Engine performance check needed,44012.82,3
801492,9,5.756388888888889,3047.4861626961383,9540.24,168.39371296296295,IGO542,0,14.348781148214433,1,76.49801523546637,7452939.395166667,4970.01777212963,1,2025-12-30 09:08:33,801492,0.56512153759186,0.4270145738067713,0.2767187881641502,0.3570367033936962,0.0,0.0,0.21997208484386938,35.8,LOW,Routine (3+ months),"High flight hours, Extensive mileage",✅ Continue routine maintenance schedule | 📊 Monitor for changes | 🕐 Review airframe hours for scheduled maintenance,37530.47,3
80148f,4,4.498055555555555,3704.466408815124,10671.81,222.9007083333333,IGO207,0,14.262714167958102,0,73.45150625289806,10426122.454165,5108.913534305556,1,2025-12-30 08:38:36,80148f,0.4370830977953647,0.5190708210934759,0.2750472203835092,0.40331875198923384,0.0,0.0,0.3076706332019394,35.9,LOW,Routine (3+ months),"High flight hours, Extensive mileage",✅ Continue routine maintenance schedule | 📊 Monitor for changes | 🕐 Review airframe hours for scheduled maintenance,35037.04,3
80148e,7,4.858055555555556,3561.6532877612412,10375.174285714285,201.34357142857138,IGO243H,0,13.884055987104475,0,76.74756018082569,13017294.61052,2709.944399047619,1,2025-12-30 10:08:34,80148e,0.47371396269078586,0.4990598084866505,0.2676930316678609,0.3532456588394294,0.0,0.0,0.38402686169040523,36.3,LOW,Routine (3+ months),"Frequent altitude changes, High flight hours, Extensive mileage",✅ Continue routine maintenance schedule | 📊 Monitor for changes | 🔧 Check pressurization system | 🕐 Review airframe hours for scheduled maintenance,36535.62,3
8014d8,1,0.8330555555555554,545.4051780960112,10370.82,182.8683333333333,IGO464Y,0,12.110530667920225,0,64.26628520286255,20245515.63792,3853.181056666666,0,2025-12-29 17:23:08,8014d8,0.06416054267947993,0.07642231900099238,0.23324814034170951,0.5428590748410362,0.0,0.0,0.5972579752919684,21.9,LOW,Routine (3+ months),"Frequent altitude changes, Declining fuel efficiency",✅ Continue routine maintenance schedule | 📊 Monitor for changes | 🔧 Check pressurization system | ⛽ Engine performance check needed,43505.45,3
8014d6,2,0.8338888888888889,419.0649791129149,9144.0,158.0054166666667,IGO324,0,11.999613591692057,0,75.1956731677868,13152564.0174,3281.7809125000003,0,2025-12-29 23:28:38,8014d6,0.06424533634821934,0.05871949662764965,0.2310939412470775,0.3768216635593298,0.0,0.0,0.3880335182294616,16.9,LOW,Routine (3+ months),Frequent altitude changes,✅ Continue routine maintenance schedule | 📊 Monitor for changes | 🔧 Check pressurization system,34004.19,3
8014d3,3,2.5,1507.2643717729907,10363.2,162.64388888888888,IGO1167,0,12.087409593384912,0,65.0570506591347,14435157.581239998,6289.229094444444,0,2025-12-30 05:18:34,8014d3,0.233776144714528,0.21119828572325813,0.2327990895776195,0.5308458999302546,0.0,0.0,0.425952500511712,26.9,LOW,Routine (3+ months),"Frequent altitude changes, Speed instability, Declining fuel efficiency",✅ Continue routine maintenance schedule | 📊 Monitor for changes | 🔧 Check pressurization system | 🔧 Inspect throttle control system | ⛽ Engine performance check needed,44515.07,3
8014d0,5,4.833055555555556,2981.210854413014,10037.064,164.23958333333334,AIC2442,0,16.171844651134368,0,72.16973707532172,12977480.330701714,3973.559364261905,1,2025-12-30 09:28:35,8014d0,0.4711701526286039,0.4177280599361413,0.31212579564213383,0.4227911722920419,0.0,0.0,0.3828898044200212,36.5,LOW,Routine (3+ months),"Frequent altitude changes, High flight hours, Extensive mileage",✅ Continue routine maintenance schedule | 📊 Monitor for changes | 🔧 Check pressurization system | 🕐 Review airframe hours for scheduled maintenance,35529.81,3
8014cf,2,1.499722222222222,485.52991454814196,4114.799999999999,93.42433333333335,IGO8415,0,22.88636021994482,1,81.82501855796363,3413655.9146099994,5635.485063333334,0,2025-12-30 08:38:36,8014cf,0.1319954776710006,0.06803258110540121,0.4425331580708853,0.276109770943767,0.0,0.0,0.10085247972708619,18.7,LOW,Routine (3+ months),Speed instability,✅ Continue routine maintenance schedule | 📊 Monitor for changes | 🔧 Inspect throttle control system,29004.86,3
8014c8,6,3.524722222222222,1819.10389266445,10357.104,151.1487103174603,IGO2275,0,20.949849647352163,1,71.78533293164597,11465143.843859999,4472.91658154762,0,2025-12-29 23:28:38,8014c8,0.33804409270774455,0.25489332255051855,0.4049228147037109,0.4286309749513233,0.0,0.0,0.33829795609709945,31.5,LOW,Routine (3+ months),High flight hours,✅ Continue routine maintenance schedule | 📊 Monitor for changes | 🕐 Review airframe hours for scheduled maintenance,36018.19,3
8014c4,8,4.0183333333333335,2043.7758173980155,9682.162499999999,171.2772232142857,AIC2404,0,17.275865784906983,0,72.45127372271517,14714751.4978575,2975.4697354464283,1,2025-12-30 10:18:36,8014c4,0.3882702091577163,0.28637441255867563,0.33356777200594656,0.41851411521765114,0.0,0.0,0.43410142252566253,32.7,LOW,Routine (3+ months),"Frequent altitude changes, High flight hours",✅ Continue routine maintenance schedule | 📊 Monitor for changes | 🔧 Check pressurization system | 🕐 Review airframe hours for scheduled maintenance,37020.44,3
8014c1,2,0.9988888888888888,587.063710974847,10664.19,176.21699999999998,IGO390J,0,18.921576967640583,0,76.34640430237309,12310898.765250001,3078.16759,0,2025-12-30 08:58:35,8014c1,0.0810344827586207,0.08225952373728346,0.3655302944635139,0.3593399510168569,0.0,0.0,0.3632024778869971,20.0,LOW,Routine (3+ months),Normal wear and tear,✅ Continue routine maintenance schedule | 📊 Monitor for changes,34005.87,3
8014c0,2,1.1661111111111109,822.959224110197,10664.19,197.9,IGO1167,0,9.234994565095562,0,77.34733385722791,11816133.46446,2789.4814749999996,0,2025-12-30 09:58:35,8014c0,0.09804974561899378,0.11531326594535428,0.1774003170854967,0.34413399870765116,0.0,0.0,0.3486007910629611,17.0,LOW,Routine (3+ months),Normal wear and tear,✅ Continue routine maintenance schedule | 📊 Monitor for changes,34008.23,3
8014bd,4,3.0055555555555555,1775.5738704027613,10166.984999999999,165.54645833333333,IGO829,0,18.971123309535066,0,65.4670802774625,19365242.00100536,4074.9933303571424,1,2025-12-30 09:08:33,8014bd,0.28521763708309783,0.24879388422282178,0.36649256906072625,0.5246167993992401,0.0,0.0,0.5713007232098949,33.0,LOW,Routine (3+ months),"Frequent altitude changes, Declining fuel efficiency, High flight hours",✅ Continue routine maintenance schedule | 📊 Monitor for changes | 🔧 Check pressurization system | ⛽ Engine performance check needed | 🕐 Review airframe hours for scheduled maintenance,45017.76,3
8014bc,5,3.292777777777778,2194.901158570325,10974.323999999999,194.25439999999998,IGO460,0,14.870422740168873,0,79.58881712796801,11669562.951149998,2193.929405190476,1,2025-12-30 06:58:37,8014bc,0.31444318824194467,0.30755013566516026,0.28684995897502746,0.310081764410603,0.0,0.0,0.344260107309991,27.8,LOW,Routine (3+ months),"High flight hours, Extensive mileage",✅ Continue routine maintenance schedule | 📊 Monitor for changes | 🕐 Review airframe hours for scheduled maintenance,35521.95,3
8014bb,2,1.036388888888889,801.6135978962802,10363.2,205.436,IGO1419,0,5.507912803996305,0,93.12366101292763,4471472.669940001,431.07218499999993,0,2025-12-30 00:28:37,8014bb,0.08485019785189375,0.11232231110790546,0.10501402249129603,0.10446270797551516,0.0,0.0,0.13189942850066239,9.4,LOW,Routine (3+ months),Normal wear and tear,✅ Continue routine maintenance schedule | 📊 Monitor for changes,29008.02,3
8014b4,7,4.333333333333333,2482.813286835451,9763.397142857142,168.70914285714284,IGO255Y,0,23.250698424267927,1,64.76743654494649,13308884.244587755,7261.39838557823,1,2025-12-30 09:48:34,8014b4,0.42032221594120983,0.34789245985677025,0.4496092283801871,0.5352456685124278,0.0,0.0,0.39276158464563665,38.4,LOW,Routine (3+ months),"Frequent altitude changes, Speed instability, Declining fuel efficiency, High flight hours, Extensive mileage",✅ Continue routine maintenance schedule | 📊 Monitor for changes | 🔧 Check pressurization system | 🔧 Inspect throttle control system | ⛽ Engine performance check needed | 🕐 Review airframe hours for scheduled maintenance,46524.83,3
8014b3,4,2.8930555555555553,1632.2039352061447,9100.185000000001,161.19504166666667,IGO6701,0,15.061438851147734,1,67.12195935985167,13262349.684925003,5590.24534625,0,2025-12-30 09:18:35,8014b3,0.2737704918032787,0.2287048506698278,0.2905598181538281,0.49947615660149414,0.0,0.0,0.391339750383871,28.6,LOW,Routine (3+ months),"Frequent altitude changes, Speed instability, Declining fuel efficiency",✅ Continue routine maintenance schedule | 📊 Monitor for changes | 🔧 Check pressurization system | 🔧 Inspect throttle control system | ⛽ Engine performance check needed,45016.32,3
8014b2,3,4.033888888888889,2957.02248645658,9992.36,193.2529487179487,IGO3457,0,15.553696289207295,1,71.83304158885569,11414145.11887818,5497.367693900545,0,2025-12-29 17:13:08,8014b2,0.38985302430751845,0.41433877936764146,0.30012029850053673,0.4279061931095357,0.0,0.0,0.3368239578754862,33.8,LOW,Routine (3+ months),"Speed instability, High flight hours, Extensive mileage",✅ Continue routine maintenance schedule | 📊 Monitor for changes | 🔧 Inspect throttle control system | 🕐 Review airframe hours for scheduled maintenance,34529.57,3
8014af,3,4.203055555555555,2598.4048131734526,11483.340000000002,172.7503067765568,IGO162,0,25.709162298146612,0,67.34846802035075,15675118.0648022,5841.471277426739,0,2025-12-30 06:08:34,8014af,0.4070661390616168,0.36408917535267504,0.4973567964859362,0.4960350753860727,0.0,0.0,0.4625121023217901,39.5,LOW,Routine (3+ months),"Frequent altitude changes, Speed instability, Declining fuel efficiency, High flight hours, Extensive mileage",✅ Continue routine maintenance schedule | 📊 Monitor for changes | 🔧 Check pressurization system | 🔧 Inspect throttle control system | ⛽ Engine performance check needed | 🕐 Review airframe hours for scheduled maintenance,44525.98,3
8014f2,5,3.356666666666667,2517.766066143915,11001.756,212.37361111111113,AKJ781Z,0,12.686082383677078,0,78.42300540924995,10851390.942336002,3041.7568515555568,1,2025-12-30 10:08:34,8014f2,0.3209440361786321,0.3527900526145209,0.24442633784888884,0.3277925786335991,0.0,0.0,0.3201530158700186,28.1,LOW,Routine (3+ months),"High flight hours, Extensive mileage",✅ Continue routine maintenance schedule | 📊 Monitor for changes | 🕐 Review airframe hours for scheduled maintenance,35525.18,3
8014f1,1,0.3330555555555555,168.8609551825084,4876.8,157.25666666666666,VTGKD,0,16.466243787362757,0,97.30796686813608,964004.5236000002,605.4625333333332,0,2025-12-29 02:14:08,8014f1,0.013284341435839453,0.02366084207124676,0.31784352977550606,0.04089544195482231,0.0,0.0,0.028451306922934683,8.1,LOW,Routine (3+ months),Normal wear and tear,✅ Continue routine maintenance schedule | 📊 Monitor for changes,28501.69,3
8014ed,8,4.4880555555555555,2862.8303361548797,10788.967499999999,189.721125,AIC2473,0,16.25065094795847,0,68.59007184178589,16217249.01705,4301.727610416667,1,2025-12-30 06:48:37,8014ed,0.43606557377049193,0.4011405501486318,0.31365634854744623,0.47717284037253205,0.0,0.0,0.47845691589025163,37.1,LOW,Routine (3+ months),"Frequent altitude changes, Declining fuel efficiency, High flight hours, Extensive mileage",✅ Continue routine maintenance schedule | 📊 Monitor for changes | 🔧 Check pressurization system | ⛽ Engine performance check needed | 🕐 Review airframe hours for scheduled maintenance,47028.63,3
8014ea,3,2.6661111111111113,1270.207963764315,5486.400000000001,137.73785185185187,LLR613,0,14.460314374952233,0,94.86401633590388,2182404.8824933334,727.5905842592592,0,2025-12-30 07:28:36,8014ea,0.2506783493499153,0.17798187861595474,0.2788849539542194,0.07802352460452588,0.0,0.0,0.06439179869362294,17.2,LOW,Routine (3+ months),Normal wear and tear,✅ Continue routine maintenance schedule | 📊 Monitor for changes,29512.7,3
8014e8,5,2.328333333333333,1742.7056553278906,10547.603999999998,215.44299999999998,IGO1234,0,6.923869834126199,0,86.78310436437853,7336227.908159999,1569.4213233333335,1,2025-12-30 07:08:35,8014e8,0.21630864895421142,0.2441883811613844,0.13251432682738393,0.2007873709290825,0.0,0.0,0.21642936208475397,18.1,LOW,Routine (3+ months),Normal wear and tear,✅ Continue routine maintenance schedule | 📊 Monitor for changes,30517.43,3
8014e6,6,4.868611111111111,3083.866599335206,10769.6,199.48159722222223,AKJ1359,0,14.589773623941158,0,82.29742007687099,9785282.52617,1961.9688297817459,1,2025-12-30 09:28:35,8014e6,0.4747880158281516,0.4321122102904073,0.28139927371856294,0.2689331270606281,0.0,0.0,0.28867615000883,33.1,LOW,Routine (3+ months),"High flight hours, Extensive mileage",✅ Continue routine maintenance schedule | 📊 Monitor for changes | 🕐 Review airframe hours for scheduled maintenance,31030.84,3
8014e5,5,3.2022222222222223,1561.4362635864607,8961.119999999999,156.46053333333333,IGO73VC,0,10.39987523627524,0,76.27249627582015,7720651.01028,5634.859466666668,0,2025-12-30 09:48:34,8014e5,0.30522894290559643,0.21878886565047595,0.2000242896291612,0.3604627492413478,0.0,0.0,0.22788788610375285,23.7,LOW,Routine (3+ months),"Speed instability, High flight hours",✅ Continue routine maintenance schedule | 📊 Monitor for changes | 🔧 Inspect throttle control system | 🕐 Review airframe hours for scheduled maintenance,35515.61,3
8014e4,6,4.203333333333333,2297.0269944566644,9705.34,169.04861111111111,IGO082,0,21.864591339908486,1,70.57472722336453,10542338.281640714,5870.115689761905,1,2025-12-30 09:18:35,8014e4,0.4070944036178633,0.32186003502400884,0.42268866098218116,0.4470222918787665,0.0,0.0,0.3111208871085059,34.9,LOW,Routine (3+ months),"Speed instability, High flight hours, Extensive mileage",✅ Continue routine maintenance schedule | 📊 Monitor for changes | 🔧 Inspect throttle control system | 🕐 Review airframe hours for scheduled maintenance,36022.97,3
8014e3,2,1.6666666666666667,1293.9782855710241,12496.8,200.67257142857142,VTVRV,0,27.765357563334977,0,65.23483349668297,23124058.820914287,3143.5070969047615,0,2025-12-29 15:51:45,8014e3,0.14898247597512723,0.18131258244647244,0.5372916210348956,0.528145053166322,0.0,0.0,0.682140078541654,32.8,LOW,Routine (3+ months),"Frequent altitude changes, Declining fuel efficiency",✅ Continue routine maintenance schedule | 📊 Monitor for changes | 🔧 Check pressurization system | ⛽ Engine performance check needed,44012.94,3
8014df,3,2.0008333333333335,1452.656127832762,10012.68,195.45977777777776,IGO102H,0,11.481339799383965,0,85.03412463908194,8241251.259399999,1799.9130544444445,1,2025-12-30 08:08:33,8014df,0.18298473713962696,0.20354656401967444,0.22102817885838166,0.22735757475974594,0.0,0.0,0.24312995123455064,18.9,LOW,Routine (3+ months),Normal wear and tear,✅ Continue routine maintenance schedule | 📊 Monitor for changes,29514.53,3
8014de,7,4.366666666666666,1804.0942061067803,8801.099999999999,128.97245238095238,IGO232H,0,17.946967026470357,2,63.95020902362116,11899676.66142857,7842.48199595238,1,2025-12-30 08:48:37,8014de,0.4237139626907858,0.2527901612673427,0.34660170452692585,0.5476608506346559,0.0,0.0,0.3512139483422918,34.3,LOW,Routine (3+ months),"Speed instability, Declining fuel efficiency, High flight hours",✅ Continue routine maintenance schedule | 📊 Monitor for changes | 🔧 Inspect throttle control system | ⛽ Engine performance check needed | 🕐 Review airframe hours for scheduled maintenance,46518.04,3
8014dd,8,6.521111111111111,4101.600516818929,10207.942500000001,185.5216121482684,AIC2383,0,11.684219581073467,0,79.30662562558979,9754439.054132726,3175.301264038149,1,2025-12-30 09:18:35,8014dd,0.6429338609383835,0.5747173582128918,0.22496845078851824,0.31436876993103513,0.0,0.0,0.2878022048826821,39.7,LOW,Routine (3+ months),"High flight hours, Extensive mileage",✅ Continue routine maintenance schedule | 📊 Monitor for changes | 🕐 Review airframe hours for scheduled maintenance,37041.02,3
8014dc,1,0.8336111111111111,666.3541239578946,10058.4,204.536,IGO054,0,15.395144260703546,0,59.98710241040053,17618434.440479998,7362.604030000002,0,2025-12-29 08:44:04,8014dc,0.06421707179197288,0.0933697175492758,0.297040947260226,0.6078676952269025,0.0,0.0,0.5198753575887116,23.7,LOW,Routine (3+ months),"Frequent altitude changes, Speed instability, Declining fuel efficiency",✅ Continue routine maintenance schedule | 📊 Monitor for changes | 🔧 Check pressurization system | 🔧 Inspect throttle control system | ⛽ Engine performance check needed,53506.66,3
8014db,6,4.057222222222221,1964.5863725006955,9960.609999999999,158.95299206349208,AIC2941,0,17.79799208875414,0,68.79728497432244,15662348.83653,3873.089276428571,1,2025-12-30 08:38:36,8014db,0.39222724703222156,0.27527836642178116,0.34370835674979033,0.4740248935505912,0.0,0.0,0.462077414438375,33.9,LOW,Routine (3+ months),"Frequent altitude changes, Declining fuel efficiency, High flight hours",✅ Continue routine maintenance schedule | 📊 Monitor for changes | 🔧 Check pressurization system | ⛽ Engine performance check needed | 🕐 Review airframe hours for scheduled maintenance,46019.65,3
8014da,5,4.498888888888888,2835.0023075926906,9904.476,182.48750303030303,AIC2451,0,17.720565877371946,1,74.43955842650708,9278343.443276,5417.902525939394,1,2025-12-30 08:08:33,8014da,0.437167891464104,0.3972412793654454,0.342204607461293,0.3883084306753777,0.0,0.0,0.27382584385994313,34.3,LOW,Routine (3+ months),"Speed instability, High flight hours, Extensive mileage",✅ Continue routine maintenance schedule | 📊 Monitor for changes | 🔧 Inspect throttle control system | 🕐 Review airframe hours for scheduled maintenance,35528.35,3
8014d9,1,0.3344444444444444,196.60199197568667,10058.4,202.13666666666668,IGO6117,0,10.824026060119236,0,85.75547226599721,9586606.633199995,721.5264333333334,0,2025-12-30 00:38:34,8014d9,0.013425664217071786,0.027547923544560773,0.20826202318456596,0.21639898375798117,0.0,0.0,0.28277958963916255,11.1,LOW,Routine (3+ months),Normal wear and tear,✅ Continue routine maintenance schedule | 📊 Monitor for changes,28501.97,3
801524,2,1.0227777777777776,853.5846801774009,11277.6,254.52124999999998,AKJ1822,0,5.002432566471049,0,92.99557030669004,4280546.2776,594.1849458333336,0,2025-12-29 16:51:45,801524,0.08346523459581684,0.1196045130165486,0.09519673279109424,0.10640864029498165,0.0,0.0,0.126272838796062,9.2,LOW,Routine (3+ months),Normal wear and tear,✅ Continue routine maintenance schedule | 📊 Monitor for changes,29008.54,3
801523,2,0.8322222222222222,485.11044751186205,8229.6,166.92166666666668,IGO322K,0,10.7591214148086,0,77.57523597445496,10734653.530650001,3495.5793499999995,0,2025-12-30 09:18:35,801523,0.06407574901074053,0.0679738052724161,0.2070014640991645,0.3406717483335735,0.0,0.0,0.31672321508666,15.4,LOW,Routine (3+ months),Normal wear and tear,✅ Continue routine maintenance schedule | 📊 Monitor for changes,34004.85,3
801521,1,0.8344444444444445,202.4746516591162,4572.0,93.006,VUMAD,0,16.078402433888296,0,85.19608352513438,2652976.9521000003,3182.89143,0,2025-12-29 09:54:04,801521,0.06430186546071229,0.02837080218549717,0.31031098816039115,0.22489712278745622,0.0,0.0,0.07834380737397875,12.5,LOW,Routine (3+ months),Normal wear and tear,✅ Continue routine maintenance schedule | 📊 Monitor for changes,28502.02,3
801509,7,3.7583333333333333,1850.180226743002,9206.048571428571,143.5062380952381,AKJ1172,0,21.949580550995417,0,62.95655177073672,13354964.488174286,8082.685452857144,0,2025-12-29 23:28:38,801509,0.3618145845110232,0.25924774676890106,0.42433929664445136,0.5627563233637519,0.0,0.0,0.39414495187484816,35.1,LOW,Routine (3+ months),"Frequent altitude changes, Speed instability, Declining fuel efficiency, High flight hours",✅ Continue routine maintenance schedule | 📊 Monitor for changes | 🔧 Check pressurization system | 🔧 Inspect throttle control system | ⛽ Engine performance check needed | 🕐 Review airframe hours for scheduled maintenance,46518.5,3
801508,5,3.7077777777777774,1911.2499956234371,9916.668,152.33014285714285,AKJ1325,0,14.648712661768542,0,74.014723450432,10027046.784576,5248.577112380952,1,2025-12-30 08:58:35,801508,0.3566704352741662,0.26780485907023666,0.2825439705158807,0.3947624516942866,0.0,0.0,0.2959039597144251,28.8,LOW,Routine (3+ months),"Speed instability, High flight hours",✅ Continue routine maintenance schedule | 📊 Monitor for changes | 🔧 Inspect throttle control system | 🕐 Review airframe hours for scheduled maintenance,35519.11,3
801506,3,3.6683333333333334,2906.0705133926635,11516.36,217.2161428571429,IGO1607,0,15.980291945401873,1,80.15122702894995,7036168.713558182,4435.985194395604,0,2025-12-30 00:28:37,801506,0.35265686828716797,0.40719937531428446,0.30840551487657875,0.3015377284281737,0.0,0.0,0.20766362373069724,29.7,LOW,Routine (3+ months),"High flight hours, Extensive mileage",✅ Continue routine maintenance schedule | 📊 Monitor for changes | 🕐 Review airframe hours for scheduled maintenance,29529.06,3
801503,8,5.444444444444445,3919.093218331791,10198.4175,198.16228869047617,IGO511H,0,16.5124954793192,1,78.96715822287237,9865158.875633571,4610.4570069345245,1,2025-12-30 09:48:34,801503,0.5333804409270776,0.5491443868786555,0.3187418166428303,0.31952590123084945,0.0,0.0,0.2911102316773118,38.4,LOW,Routine (3+ months),"High flight hours, Extensive mileage",✅ Continue routine maintenance schedule | 📊 Monitor for changes | 🕐 Review airframe hours for scheduled maintenance,37039.19,3
801502,1,0.3330555555555555,190.56474120108496,10675.62,204.7133333333333,IGO449F,0,8.841937135195009,0,76.6972071389662,14416055.038800005,1918.1150333333328,0,2025-12-29 09:34:05,801502,0.013284341435839453,0.026701982356036928,0.16976647035581582,0.3540106137250404,0.0,0.0,0.42526014171871057,13.8,LOW,Routine (3+ months),Frequent altitude changes,✅ Continue routine maintenance schedule | 📊 Monitor for changes | 🔧 Check pressurization system,33501.91,3
8014fe,6,2.8338888888888887,1431.3639136690108,9458.960000000001,174.52353174603175,AKJ1607,0,8.67839377289202,0,75.88309462541048,12402946.645669997,2934.9763039682534,1,2025-12-30 10:08:34,8014fe,0.26775014132278124,0.20056309329293853,0.16659017888666955,0.36637847317669936,0.0,0.0,0.3659132195917237,23.2,LOW,Routine (3+ months),Frequent altitude changes,✅ Continue routine maintenance schedule | 📊 Monitor for changes | 🔧 Check pressurization system,36014.31,3
8014fd,5,4.368611111111111,2897.7905212247647,10002.011999999999,182.05306666666667,AKJ1325,0,11.121089913704136,0,76.76828595312966,10323677.122189714,3884.223857714286,1,2025-12-30 08:28:35,8014fd,0.42391181458451116,0.4060391806036477,0.21403151068100953,0.3529307964160978,0.0,0.0,0.3046128713633457,31.3,LOW,Routine (3+ months),"High flight hours, Extensive mileage",✅ Continue routine maintenance schedule | 📊 Monitor for changes | 🕐 Review airframe hours for scheduled maintenance,35528.98,3
8014fa,5,2.6661111111111113,1665.9016944021696,10125.456,172.87126666666663,IGO1501,0,23.451934394605786,1,67.28938725466602,13993483.625880003,5746.3779939999995,1,2025-12-30 08:18:37,8014fa,0.2506783493499153,0.2334265896747404,0.45351757468583126,0.49693262037416486,0.0,0.0,0.4129092537405275,31.6,LOW,Routine (3+ months),"Frequent altitude changes, Speed instability, Declining fuel efficiency",✅ Continue routine maintenance schedule | 📊 Monitor for changes | 🔧 Check pressurization system | 🔧 Inspect throttle control system | ⛽ Engine performance check needed,45516.66,3
8014f8,6,3.8380555555555556,2741.3701256528534,10285.730000000001,201.20777777777778,AKJ590,0,10.698702258203772,0,76.77973377986446,12347182.58669143,2891.471933333333,1,2025-12-30 10:18:36,8014f8,0.36992651215375927,0.3841215130626298,0.20582802086677338,0.35275688297081187,0.0,0.0,0.3642671676782099,30.0,LOW,Routine (3+ months),"High flight hours, Extensive mileage",✅ Continue routine maintenance schedule | 📊 Monitor for changes | 🕐 Review airframe hours for scheduled maintenance,36027.41,3
8014f7,4,1.6638888888888888,904.2327179063236,8486.775,157.16166666666666,IGO1443,0,30.535646938096956,1,65.46656088053216,8872956.4476,9532.100633333333,1,2025-12-30 10:08:34,8014f7,0.14869983041266252,0.12670132956971425,0.5910953730442319,0.524624689989456,0.0,0.0,0.26199024637746904,28.6,LOW,Routine (3+ months),"Speed instability, Declining fuel efficiency",✅ Continue routine maintenance schedule | 📊 Monitor for changes | 🔧 Inspect throttle control system | ⛽ Engine performance check needed,54009.04,3
8014f5,1,0.8555555555555556,146.02918015148546,2324.1,50.6,VTFTO,0,21.75412834148977,1,80.11468043222771,34639.28556,11.987960000000005,0,2025-12-29 16:41:44,8014f5,0.06644997173544377,0.02046164766522561,0.4205432808542879,0.30209293813711535,0.0,0.0,0.0010220441757398584,15.0,LOW,Routine (3+ months),Normal wear and tear,✅ Continue routine maintenance schedule | 📊 Monitor for changes,18501.46,3
8014f4,1,0.33249999999999996,253.4193920331273,7658.1,200.42666666666665,IGO8791,0,10.708708619750514,0,85.0462708224626,7645475.031600001,2153.1129333333333,0,2025-12-30 07:28:36,8014f4,0.013227812323346522,0.03550919279241592,0.20602236150139497,0.2271730519985492,0.0,0.0,0.22556786545906193,10.8,LOW,Routine (3+ months),Normal wear and tear,✅ Continue routine maintenance schedule | 📊 Monitor for changes,28502.53,3
8014f3,7,4.260277777777778,1981.9457432700956,9375.865714285716,154.38611904761905,AIC2591,0,15.247437186136606,1,73.95069179514086,9133520.027854288,6079.004952142856,1,2025-12-30 10:08:34,8014f3,0.412888637648389,0.27771076608330775,0.2941722235512788,0.3957352097589417,0.0,0.0,0.2695737562051213,30.4,LOW,Routine (3+ months),"Speed instability, High flight hours",✅ Continue routine maintenance schedule | 📊 Monitor for changes | 🔧 Inspect throttle control system | 🕐 Review airframe hours for scheduled maintenance,36519.82,3
80153d,3,1.833888888888889,1080.955546130652,10099.04,160.1237777777778,AIC887,0,15.905374470905505,0,57.90259569380763,16473601.56886,8042.641097777778,0,2025-12-29 09:44:08,80153d,0.16599773883550034,0.15146377938814948,0.30695048954395815,0.6395351682943035,0.0,0.0,0.4861284091530241,27.8,LOW,Routine (3+ months),"Frequent altitude changes, Speed instability, Declining fuel efficiency",✅ Continue routine maintenance schedule | 📊 Monitor for changes | 🔧 Check pressurization system | 🔧 Inspect throttle control system | ⛽ Engine performance check needed,54510.81,3
80153b,7,3.4980555555555557,1944.3803869457338,8952.41142857143,162.71011904761903,AIC887,1,22.97927281143388,2,67.69863315895559,13913647.287857145,4798.875210714286,1,2025-12-30 10:08:34,80153b,0.33533069530808374,0.27244709833737935,0.4443376793156927,0.4907154258941123,0.14285714285714285,0.14285714285714285,0.4105265230180286,35.6,LOW,Routine (3+ months),"Frequent altitude changes, Declining fuel efficiency, High flight hours",✅ Continue routine maintenance schedule | 📊 Monitor for changes | 🔧 Check pressurization system | ⛽ Engine performance check needed | 🕐 Review airframe hours for scheduled maintenance,46519.44,3
801539,6,3.203333333333333,2108.709611952574,10502.9,194.24844444444443,AKJ1637,0,15.727381700915009,0,75.71193043087824,9912901.141900001,4504.367059444446,1,2025-12-30 10:08:34,801539,0.3053420011305823,0.2954729531679102,0.30349356589429566,0.3689787706366723,0.0,0.0,0.29251526738352296,28.1,LOW,Routine (3+ months),"High flight hours, Extensive mileage",✅ Continue routine maintenance schedule | 📊 Monitor for changes | 🕐 Review airframe hours for scheduled maintenance,36021.09,3
801538,2,0.8327777777777777,454.8565552568888,9486.900000000001,156.54416666666665,AIC128,0,43.7182100401552,1,46.02384241391001,22547318.61495,11173.647299999999,0,2025-12-30 02:48:39,801538,0.06413227812323347,0.06373462182167847,0.847123267621674,0.8199951766843478,0.0,0.0,0.6653658953342064,38.8,LOW,Routine (3+ months),"Frequent altitude changes, Speed instability, Declining fuel efficiency",✅ Continue routine maintenance schedule | 📊 Monitor for changes | 🔧 Check pressurization system | 🔧 Inspect throttle control system | ⛽ Engine performance check needed,63004.55,3
801536,6,2.667777777777778,1720.3768854888845,10055.859999999999,188.5786111111111,IGO1131,0,16.85343037733988,0,67.34605604476155,16736336.688550003,4469.033227777778,1,2025-12-30 10:08:34,801536,0.250847936687394,0.24105966797700779,0.3253633547650018,0.49607171771080216,0.0,0.0,0.49377241431718316,30.0,LOW,Routine (3+ months),"Frequent altitude changes, Declining fuel efficiency",✅ Continue routine maintenance schedule | 📊 Monitor for changes | 🔧 Check pressurization system | ⛽ Engine performance check needed,46017.2,3
801535,2,2.0380555555555557,620.6894235698734,4130.04,98.13425,VTCNS,0,21.41909765629996,1,89.08056125771475,454849.41287999996,145.4646397222222,0,2025-12-29 17:43:10,801535,0.18677218767665352,0.08697116755325109,0.41403641263117336,0.16588479483560947,0.0,0.0,0.013420137770466056,17.3,LOW,Routine (3+ months),Normal wear and tear,✅ Continue routine maintenance schedule | 📊 Monitor for changes,29006.21,3
801532,4,1.8316666666666666,1146.715490461822,8574.405,179.04016666666666,IGO495V,0,8.82000738858949,1,86.92192969162645,5285601.606195,1410.1712033333333,1,2025-12-30 07:58:34,801532,0.16577162238552856,0.1606780803243967,0.16934055721521032,0.19867836006492856,0.0,0.0,0.15594115440054981,15.3,LOW,Routine (3+ months),Normal wear and tear,✅ Continue routine maintenance schedule | 📊 Monitor for changes,30011.47,3
801531,5,2.9980555555555553,1429.3476296311474,9922.764000000001,166.6036,IGO829F,0,20.58601498652725,1,73.46973470395962,7859640.345204,7555.159231333336,1,2025-12-30 05:48:34,801531,0.28445449406444323,0.2002805710358596,0.3978565240693231,0.4030418284473438,0.0,0.0,0.23204403555540462,27.4,LOW,Routine (3+ months),Speed instability,✅ Continue routine maintenance schedule | 📊 Monitor for changes | 🔧 Inspect throttle control system,35514.29,3
80152f,6,4.19,2713.4817269234186,9936.48,159.03343434343432,IGO1611,0,20.277442454056903,1,79.62682060081272,9089275.000299271,2870.913583080808,1,2025-12-30 07:08:35,80152f,0.4057377049180329,0.3802137831955097,0.3918635183692042,0.3095044220863026,0.0,0.0,0.26817411980246353,32.9,LOW,Routine (3+ months),"High flight hours, Extensive mileage",✅ Continue routine maintenance schedule | 📊 Monitor for changes | 🕐 Review airframe hours for scheduled maintenance,36027.13,3
80152e,5,4.158888888888889,3345.316938705204,10732.008,235.62986666666666,IGO71W,0,4.933790678977118,0,97.89680326757185,1509612.4646400004,28.70630733333336,1,2025-12-30 06:38:36,80152e,0.40257207461842853,0.46874670156532217,0.09386359007834295,0.03194993908270105,0.0,0.0,0.04452707821354043,22.2,LOW,Routine (3+ months),"High flight hours, Extensive mileage",✅ Continue routine maintenance schedule | 📊 Monitor for changes | 🕐 Review airframe hours for scheduled maintenance,30533.45,3
80152d,2,0.8363888888888888,577.1071651514704,10058.4,184.72416666666663,IGO633,0,8.235327552452748,0,74.77028428967415,13769157.13905,2775.1504999999997,0,2025-12-29 16:11:36,80152d,0.06449971735443755,0.08086440988134545,0.15798507601712666,0.3832840993642008,0.0,0.0,0.4062050757555612,16.2,LOW,Routine (3+ months),Frequent altitude changes,✅ Continue routine maintenance schedule | 📊 Monitor for changes | 🔧 Check pressurization system,34005.77,3
80152c,8,3.705,1596.409082777231,7356.1575,138.7121875,IGO241,0,21.053967671177944,2,71.54971759897307,7221598.2583874995,6826.237265625001,1,2025-12-30 09:48:34,80152c,0.3563877897117016,0.22368926640187953,0.4069449645861959,0.4322104031883697,0.0,0.0,0.21320339500057717,30.1,LOW,Routine (3+ months),"Speed instability, High flight hours",✅ Continue routine maintenance schedule | 📊 Monitor for changes | 🔧 Inspect throttle control system | 🕐 Review airframe hours for scheduled maintenance,37015.96,3
801527,8,5.701666666666666,4041.575475827819,10322.242499999998,201.34334375,IGO1066,0,16.68888627160266,0,80.8287054101859,8520660.689059285,3345.168419598215,0,2025-12-30 09:48:34,801527,0.5595534200113059,0.5663066334620118,0.3221676271488411,0.29124559157835717,0.0,0.0,0.2514167491010221,38.6,LOW,Routine (3+ months),"High flight hours, Extensive mileage",✅ Continue routine maintenance schedule | 📊 Monitor for changes | 🕐 Review airframe hours for scheduled maintenance,32040.42,3
801526,4,3.536388888888889,2137.077416393802,10858.5,167.4928173076923,AKJ1831,0,16.6834312916079,0,69.56359784810834,17965704.068520002,2677.57717150641,1,2025-12-30 09:48:34,801526,0.33923120407009616,0.29944785749121255,0.32206168211886416,0.4623831981323666,0.0,0.0,0.5299799384819257,33.1,LOW,Routine (3+ months),"Frequent altitude changes, Declining fuel efficiency, High flight hours, Extensive mileage",✅ Continue routine maintenance schedule | 📊 Monitor for changes | 🔧 Check pressurization system | ⛽ Engine performance check needed | 🕐 Review airframe hours for scheduled maintenance,45021.37,3
80155a,3,2.592222222222222,2202.823911010353,10977.88,222.82727777777777,IGO088,0,12.045408229870398,0,87.24788947212191,7758645.773000002,812.2426183333332,1,2025-12-30 06:18:36,80155a,0.24315997738835501,0.30866027384986067,0.23198335134926815,0.1937264342746543,0.0,0.0,0.2288663032019113,22.1,LOW,Routine (3+ months),Extensive mileage,✅ Continue routine maintenance schedule | 📊 Monitor for changes,29522.03,3
801554,5,3.7022222222222223,2318.776674053408,9802.367999999999,168.69925000000003,IGO191J,0,23.51040156424014,1,68.50986667925591,15874583.384410286,5028.097859214286,1,2025-12-30 09:38:37,801554,0.35610514414923694,0.3249076059292105,0.45465310699677075,0.47839130362048743,0.0,0.0,0.46837136935523876,36.4,LOW,Routine (3+ months),"Frequent altitude changes, Declining fuel efficiency, High flight hours, Extensive mileage",✅ Continue routine maintenance schedule | 📊 Monitor for changes | 🔧 Check pressurization system | ⛽ Engine performance check needed | 🕐 Review airframe hours for scheduled maintenance,45523.19,3
801553,6,3.195,1748.427647216206,9471.660000000002,172.84327777777779,AIC2410,0,10.194413791123042,0,80.36162713439948,8728927.380819999,3204.349083333334,0,2025-12-30 09:58:35,801553,0.3044940644431883,0.24499014819068998,0.19603387738444814,0.2983413656533913,0.0,0.0,0.25755545091841453,23.5,LOW,Routine (3+ months),High flight hours,✅ Continue routine maintenance schedule | 📊 Monitor for changes | 🕐 Review airframe hours for scheduled maintenance,31017.48,3
801552,5,3.0022222222222226,1240.8653265645974,8705.088,150.0039809523809,AIC2469,0,13.305097378807778,1,74.42366954515106,8274884.224391999,4528.812206857143,0,2025-12-29 23:28:38,801552,0.2848784624081403,0.17387038046656889,0.25644866648772796,0.3885498118704622,0.0,0.0,0.244202449520837,24.0,LOW,Routine (3+ months),High flight hours,✅ Continue routine maintenance schedule | 📊 Monitor for changes | 🕐 Review airframe hours for scheduled maintenance,35512.41,3
801551,5,4.104444444444444,2292.3002818309274,8214.36,157.82318333333333,IGO086,0,21.660088762143232,2,69.30819716708062,11273653.80633393,5195.398704944444,1,2025-12-30 06:48:37,801551,0.397032221594121,0.32119772679039227,0.4187168715801094,0.46626320203135185,0.0,0.0,0.33267124027648476,35.0,LOW,Routine (3+ months),"Speed instability, Declining fuel efficiency, High flight hours, Extensive mileage",✅ Continue routine maintenance schedule | 📊 Monitor for changes | 🔧 Inspect throttle control system | ⛽ Engine performance check needed | 🕐 Review airframe hours for scheduled maintenance,45522.92,3
80154f,1,0.6663888888888888,61.1262469861673,297.18,39.02,VTRRK,0,27.865016934164885,1,87.00933468352274,9522.5616,561.5196,0,2025-12-29 08:54:06,80154f,0.047201808931599774,0.008565026028572079,0.5392271762596994,0.19735051822839256,0.0,0.0,0.0002974313902835108,15.1,LOW,Routine (3+ months),Normal wear and tear,✅ Continue routine maintenance schedule | 📊 Monitor for changes,28500.61,3
80154e,3,1.6655555555555555,1100.995624308191,11582.4,205.74516666666668,FQA322,0,20.066017792381455,0,66.59716636567788,20524390.56404,3005.0606816666664,1,2025-12-30 05:38:33,80154e,0.14886941775014134,0.1542718004865834,0.387757290272935,0.507448722905393,0.0,0.0,0.6054584149481683,28.2,LOW,Routine (3+ months),"Frequent altitude changes, Declining fuel efficiency",✅ Continue routine maintenance schedule | 📊 Monitor for changes | 🔧 Check pressurization system | ⛽ Engine performance check needed,44511.01,3
80154a,7,4.831944444444445,3022.4111129014736,10884.625714285712,190.054,AKJ1925,0,21.54977378262941,1,70.68840265829294,12600411.793859389,5941.548782380952,1,2025-12-30 08:28:35,80154a,0.47105709440361804,0.42350105114264236,0.4165743662322026,0.44529535392008035,0.0,0.0,0.3718261611288022,39.0,LOW,Routine (3+ months),"Frequent altitude changes, Speed instability, High flight hours, Extensive mileage",✅ Continue routine maintenance schedule | 📊 Monitor for changes | 🔧 Check pressurization system | 🔧 Inspect throttle control system | 🕐 Review airframe hours for scheduled maintenance,36530.22,3
801548,5,2.3319444444444444,1832.1307000983397,9724.644,201.65733333333336,AKJ589,0,10.197043119994902,0,76.94490129868106,12652972.500456002,2711.6714233333328,1,2025-12-30 03:48:37,801548,0.2166760881854155,0.2567186422820851,0.19608494344269511,0.35024768599288925,0.0,0.0,0.37328118086069084,23.5,LOW,Routine (3+ months),Frequent altitude changes,✅ Continue routine maintenance schedule | 📊 Monitor for changes | 🔧 Check pressurization system,35518.32,3
801546,6,3.701111111111111,2111.6374242096117,8877.300000000001,170.5153888888889,AKJ1446,0,16.765686989004493,0,71.24444706426588,12130055.463342855,4716.775287222222,1,2025-12-30 09:08:33,801546,0.355992085924251,0.29588319900214205,0.3236592282757387,0.43684802145995383,0.0,0.0,0.35791681028009714,31.4,LOW,Routine (3+ months),"High flight hours, Extensive mileage",✅ Continue routine maintenance schedule | 📊 Monitor for changes | 🕐 Review airframe hours for scheduled maintenance,36021.12,3
801540,1,2.165833333333333,1797.4056480615632,11285.22,232.4985714285714,IGO1707,0,24.443379530485743,1,68.64336315727917,4879693.4664,10576.713228571429,0,2025-12-30 01:38:40,801540,0.19977388355002826,0.25185295873037256,0.47277313286243183,0.47636324773141636,0.0,0.0,0.14423920529209147,28.1,LOW,Routine (3+ months),"Speed instability, Declining fuel efficiency",✅ Continue routine maintenance schedule | 📊 Monitor for changes | 🔧 Inspect throttle control system | ⛽ Engine performance check needed,43517.97,3
80153e,2,0.6647222222222222,323.4253451187194,8515.349999999999,169.30833333333334,IGO306,0,9.077415142604963,0,91.67265739890792,3167606.5679999995,1797.539333333333,1,2025-12-30 08:48:37,80153e,0.04703222159412098,0.045318445607639146,0.1743398555154172,0.12650610918017746,0.0,0.0,0.09348201896811607,8.4,LOW,Routine (3+ months),Normal wear and tear,✅ Continue routine maintenance schedule | 📊 Monitor for changes,29003.23,3
801580,4,1.5313888888888887,1165.434177572352,10287.0,215.0975,SDG107,0,3.579926062104815,0,99.66274472810443,114713.48025000005,29.86770416666664,1,2025-12-30 08:48:37,801580,0.1352176370830978,0.16330094775413875,0.0675692264771863,0.0051220554424760145,0.0,0.0,0.0033843711520086177,8.1,LOW,Routine (3+ months),Normal wear and tear,✅ Continue routine maintenance schedule | 📊 Monitor for changes,20011.65,3
80157c,2,1.1905555555555556,343.7281765544759,7829.55,121.60333333333332,AKJ1542,0,27.342001997876878,0,67.40121737670745,10770806.84544,7276.732069999999,0,2025-12-29 18:45:15,80157c,0.1005370265686829,0.048163283762684354,0.5290693327558464,0.49523371609638966,0.0,0.0,0.31790108781062526,24.7,LOW,Routine (3+ months),"Speed instability, Declining fuel efficiency",✅ Continue routine maintenance schedule | 📊 Monitor for changes | 🔧 Inspect throttle control system | ⛽ Engine performance check needed,44003.44,3
80157a,2,0.6644444444444445,205.7969612844177,5855.969999999999,126.23333333333335,AKJ193Q,0,15.226098332007648,0,83.95124222923002,6597093.2574,2719.9714166666668,0,2025-12-29 18:03:07,80157a,0.04700395703787452,0.028836325096172878,0.2937577865519612,0.24380854096492943,0.0,0.0,0.19466241746034804,13.2,LOW,Routine (3+ months),Normal wear and tear,✅ Continue routine maintenance schedule | 📊 Monitor for changes,29002.06,3
801571,4,1.8319444444444446,749.3990608788945,4648.2,118.39458333333333,IGO7236,0,13.540510051578668,0,96.7477076577516,1869547.8738,339.47352916666676,0,2025-12-29 17:23:08,801571,0.16579988694177508,0.10500599625669345,0.2610207827370307,0.049406805009872934,0.0,0.0,0.055152589746070284,12.8,LOW,Routine (3+ months),Normal wear and tear,✅ Continue routine maintenance schedule | 📊 Monitor for changes,30007.49,3
80156f,1,0.5019444444444444,61.06842548659138,312.42,50.715,VTHLV,0,25.61583685132672,1,91.03366865917816,6633.857700000003,403.4953666666666,0,2025-12-29 16:21:38,80156f,0.030469191633691352,0.008556924064631925,0.49554425688534326,0.1362135179137116,0.0,0.0,0.00020756771638596048,12.9,LOW,Routine (3+ months),Normal wear and tear,✅ Continue routine maintenance schedule | 📊 Monitor for changes,28500.61,3
80156d,2,0.6683333333333332,272.01747202517214,7014.21,150.26833333333332,IGO73AJ,0,13.454734854126182,0,79.44350925747962,8532486.160799999,3936.7051333333325,0,2025-12-29 17:23:08,80156d,0.04739966082532504,0.03811516072055286,0.2593548818768789,0.3122892569739725,0.0,0.0,0.2517829905080993,14.3,LOW,Routine (3+ months),Normal wear and tear,✅ Continue routine maintenance schedule | 📊 Monitor for changes,34002.72,3
80156c,2,1.6666666666666667,1051.149721859301,10210.8,172.3975,IGO257P,0,12.661582443323377,0,67.45003450548006,16350452.137739997,4822.486261666667,0,2025-12-29 07:44:01,80156c,0.14898247597512723,0.14728737934276573,0.24395050715515587,0.4944920945423169,0.0,0.0,0.4824011204794185,23.8,LOW,Routine (3+ months),"Frequent altitude changes, Declining fuel efficiency",✅ Continue routine maintenance schedule | 📊 Monitor for changes | 🔧 Check pressurization system | ⛽ Engine performance check needed,44010.51,3
801566,2,1.3327777777777778,434.9988555745947,3592.83,98.90675,IGO4WY,0,19.23628877058472,1,94.45448333070861,1789990.9361400004,640.4526608333335,0,2025-12-29 10:04:07,801566,0.11500847936687396,0.060952155646634136,0.37164253528365293,0.08424508067292291,0.0,0.0,0.052814924125792015,13.3,LOW,Routine (3+ months),Normal wear and tear,✅ Continue routine maintenance schedule | 📊 Monitor for changes,29004.35,3
801560,1,0.5,493.8656345838209,10058.4,275.54,IGO068,0,1.0404795310296096,0,99.98008484524138,0.0,8.67120000000009,0,2025-12-29 08:24:06,801560,0.030271339739966086,0.06920058441973255,0.018248836829921095,0.00030107811837043474,0.0,0.0,2.5575826099321823e-07,2.5,LOW,Routine (3+ months),Normal wear and tear,✅ Continue routine maintenance schedule | 📊 Monitor for changes,18504.94,3
80155f,4,2.188611111111111,1645.2880516610162,8945.88,201.48333333333332,AIC2651,0,8.344935204395519,0,86.36182949591014,7508542.24095,1527.2320633333334,1,2025-12-30 10:18:36,80155f,0.20209157716223855,0.23053820055669721,0.16011384385531005,0.2071873073960664,0.0,0.0,0.22151055313637388,18.2,LOW,Routine (3+ months),Normal wear and tear,✅ Continue routine maintenance schedule | 📊 Monitor for changes,30016.45,3
80155e,2,0.6663888888888889,251.02750874949413,3482.34,100.16833333333334,IGO4WY,0,17.31831996611153,0,96.5461554827163,1014356.0358,439.0914666666665,0,2025-12-30 09:18:35,80155e,0.04720180893159979,0.03517404146885665,0.334392304727365,0.05246875152402897,0.0,0.0,0.029931524704090735,9.7,LOW,Routine (3+ months),Normal wear and tear,✅ Continue routine maintenance schedule | 📊 Monitor for changes,29002.51,3
80155d,4,4.460277777777778,3206.0588643847573,10925.175000000001,179.52035164835166,AKJ1324,0,17.929332887235507,0,71.83416307325095,12827046.523275,5079.829521117216,0,2025-12-29 23:28:38,80155d,0.43323911814584526,0.4492338230548295,0.3462592194194372,0.4278891557085047,0.0,0.0,0.37848536775029396,36.9,LOW,Routine (3+ months),"Frequent altitude changes, High flight hours, Extensive mileage",✅ Continue routine maintenance schedule | 📊 Monitor for changes | 🔧 Check pressurization system | 🕐 Review airframe hours for scheduled maintenance,35032.06,3
80155c,4,3.0374999999999996,1981.4213117591858,9755.505,185.74464583333332,IGO305F,0,21.40276750750675,0,71.97133435148021,11520217.961822145,5323.941270327381,0,2025-12-30 09:38:37,80155c,0.2884680610514415,0.2776372826001461,0.41371925324560516,0.4258052728769608,0.0,0.0,0.33994747602861974,30.8,LOW,Routine (3+ months),"Speed instability, High flight hours",✅ Continue routine maintenance schedule | 📊 Monitor for changes | 🔧 Inspect throttle control system | 🕐 Review airframe hours for scheduled maintenance,35019.81,3
80155b,5,2.357222222222222,1268.7530007934738,10134.6,187.7624,IGO42PW,0,9.154932822724474,0,82.00946860698863,7688716.55802,3328.123112,1,2025-12-30 09:08:33,80155b,0.219248162803844,0.17777800881647754,0.17584538128304483,0.27330763703204364,0.0,0.0,0.22687793743985077,18.9,LOW,Routine (3+ months),Normal wear and tear,✅ Continue routine maintenance schedule | 📊 Monitor for changes,30512.69,3
80159d,4,2.1694444444444443,1185.4402526960735,8829.675,172.15129166666668,AIC2608,0,23.63322201592868,1,68.91125282635085,9933773.6808,6602.15466375,1,2025-12-30 09:08:33,80159d,0.20014132278123234,0.166104204335604,0.45703848997680424,0.472293513240837,0.0,0.0,0.29319278038762703,27.5,LOW,Routine (3+ months),"Speed instability, Declining fuel efficiency",✅ Continue routine maintenance schedule | 📊 Monitor for changes | 🔧 Inspect throttle control system | ⛽ Engine performance check needed,45011.85,3
80159c,7,4.330277777777778,2454.4901415081545,9239.794285714286,169.65002380952382,AIC2577,0,14.510127212680377,1,75.29335714853796,11720749.711844083,3458.404228401361,1,2025-12-30 08:38:36,80159c,0.42001130582249874,0.34392381318042153,0.2798524043557633,0.3753376650646594,0.0,0.0,0.34580716386304583,32.1,LOW,Routine (3+ months),"High flight hours, Extensive mileage",✅ Continue routine maintenance schedule | 📊 Monitor for changes | 🕐 Review airframe hours for scheduled maintenance,36524.54,3
80159b,1,0.5,334.0578324883284,9144.0,180.34,SDG228,0,10.281245318845988,0,84.56943272049261,10114508.8032,953.4614,0,2025-12-30 10:08:34,80159b,0.030271339739966086,0.04680827257329227,0.19772029398293023,0.23441709570032543,0.0,0.0,0.29835697918818516,12.1,LOW,Routine (3+ months),Normal wear and tear,✅ Continue routine maintenance schedule | 📊 Monitor for changes,28503.34,3
80159a,4,2.8316666666666666,2165.985987601437,8841.105,157.69216666666665,IGO1015,0,25.67067553175463,1,71.41630350259437,7683509.425577142,6599.365546369048,0,2025-12-30 10:08:34,80159a,0.2675240248728095,0.303498534198033,0.4966093177375208,0.4342372075494464,0.0,0.0,0.2268208380923504,31.5,LOW,Routine (3+ months),"Speed instability, Extensive mileage",✅ Continue routine maintenance schedule | 📊 Monitor for changes | 🔧 Inspect throttle control system,35021.66,3
801596,7,3.9991666666666665,2966.6094204328115,10233.66,192.96078571428572,IGO71L,0,16.158819080195745,0,72.87632343998493,14909941.700794285,3246.55007547619,1,2025-12-30 09:08:33,801596,0.38631995477671005,0.41568210311299114,0.3118728168035524,0.4120568318868749,0.0,0.0,0.43986658050868455,34.8,LOW,Routine (3+ months),"Frequent altitude changes, High flight hours, Extensive mileage",✅ Continue routine maintenance schedule | 📊 Monitor for changes | 🔧 Check pressurization system | 🕐 Review airframe hours for scheduled maintenance,36529.67,3
801595,5,3.6627777777777775,1292.8052054582288,7150.608,112.35116666666666,AXB1049,0,17.515594576720513,1,71.13585617967193,8220364.607625,6420.163745666667,0,2025-12-30 09:18:35,801595,0.3520915771622386,0.18114821014823587,0.33822371466007495,0.43849771579092955,0.0,0.0,0.24265017145161347,28.2,LOW,Routine (3+ months),"Speed instability, High flight hours",✅ Continue routine maintenance schedule | 📊 Monitor for changes | 🔧 Inspect throttle control system | 🕐 Review airframe hours for scheduled maintenance,35512.93,3
801594,9,4.505277777777778,2754.608652123671,9359.053333333333,182.33942328042326,AXB1108,0,11.87203537146943,0,81.01297266998318,8146393.70718,3211.9336152380947,1,2025-12-30 09:28:35,801594,0.43781797625777286,0.385976498922111,0.22861615427464596,0.2884462345696295,0.0,0.0,0.2403737621632866,30.0,LOW,Routine (3+ months),"High flight hours, Extensive mileage",✅ Continue routine maintenance schedule | 📊 Monitor for changes | 🕐 Review airframe hours for scheduled maintenance,32527.55,3
801593,2,1.1883333333333332,186.4629666277078,5265.42,83.1125,VTPRI,1,34.42676243707858,1,81.82748133511478,2907534.18492,8184.809724999999,0,2025-12-29 16:31:45,801593,0.10031091011871114,0.02612724060897268,0.6666674830390152,0.2760723568503105,0.5,0.5,0.08599954096495203,26.4,LOW,Routine (3+ months),"Speed instability, Repeated high-risk operations",✅ Continue routine maintenance schedule | 📊 Monitor for changes | 🔧 Inspect throttle control system,38001.86,3
801591,8,6.001666666666667,3698.2473999923914,9354.5025,187.61363541666668,AXB1042,0,10.76182291528023,0,87.21328556550847,5577674.507071071,2197.1869035416667,1,2025-12-30 08:38:36,801591,0.5900791407574902,0.5181994119187776,0.20705393185316626,0.1942521309644204,0.0,0.0,0.16457909874252874,33.8,LOW,Routine (3+ months),"High flight hours, Extensive mileage",✅ Continue routine maintenance schedule | 📊 Monitor for changes | 🕐 Review airframe hours for scheduled maintenance,32036.98,3
801590,6,5.200555555555555,4009.4340801088847,9988.550000000001,211.98629629629633,AXB1057,0,15.281101001138007,0,82.37353485912084,9317283.419927381,2276.528472486772,1,2025-12-30 09:08:33,801590,0.5085641605426795,0.5618029725225532,0.2948260323448743,0.26777680417726135,0.0,0.0,0.27488172866786287,36.6,LOW,Routine (3+ months),"High flight hours, Extensive mileage",✅ Continue routine maintenance schedule | 📊 Monitor for changes | 🕐 Review airframe hours for scheduled maintenance,31040.09,3
80158c,1,0.3330555555555555,236.59437363137656,10355.58,224.54,AIC2025,0,6.1931190098881705,0,89.17746184154026,7559191.333199999,393.1333000000004,0,2025-12-30 05:18:34,80158c,0.013284341435839453,0.033151666727143,0.11832189751436349,0.16441269757438048,0.0,0.0,0.22297100481863702,8.1,LOW,Routine (3+ months),Normal wear and tear,✅ Continue routine maintenance schedule | 📊 Monitor for changes,28502.37,3
80158b,6,4.524444444444445,2485.2131118337943,10718.800000000001,167.80851785714285,AIC1854,0,20.082928838263033,0,62.287491737855305,15526424.016214283,6816.296883432539,1,2025-12-30 09:48:34,80158b,0.4397682306387791,0.3482287239755126,0.38808573167227767,0.5729205700908516,0.0,0.0,0.458155103107711,38.9,LOW,Routine (3+ months),"Frequent altitude changes, Speed instability, Declining fuel efficiency, High flight hours, Extensive mileage",✅ Continue routine maintenance schedule | 📊 Monitor for changes | 🔧 Check pressurization system | 🔧 Inspect throttle control system | ⛽ Engine performance check needed | 🕐 Review airframe hours for scheduled maintenance,46024.85,3
80158a,1,0.8333333333333334,510.22031290669145,9151.62,168.10500000000002,IGO1704,0,9.488326336070704,0,80.62043247351306,11752908.10704,1679.9878700000002,0,2025-12-30 09:48:34,80158a,0.06418880723572641,0.07149220630772461,0.1823204528322555,0.29440963876527915,0.0,0.0,0.3467032256026544,14.6,LOW,Routine (3+ months),Normal wear and tear,✅ Continue routine maintenance schedule | 📊 Monitor for changes,28505.1,3
801587,1,0.5361111111111111,408.7047812505785,11582.4,214.686,AKJ624,0,0.4600004888284104,0,99.9021603421293,0.0,39.86757999999999,0,2025-12-29 18:03:07,801587,0.03394573205200679,0.057267822940368494,0.0069749422260789356,0.0014848939746346934,0.0,0.0,1.1758998674702349e-06,2.2,LOW,Routine (3+ months),Normal wear and tear,✅ Continue routine maintenance schedule | 📊 Monitor for changes,18504.09,3
801584,3,3.025,1708.3757346115653,10162.54,154.83481481481482,AIC1725,0,22.88270452539756,0,60.05293845831732,11952999.941878572,10809.267387037036,0,2025-12-30 08:28:35,801584,0.28719615602035053,0.23937806351566535,0.4424621582379312,0.6068675251350177,0.0,0.0,0.3528742317345223,33.4,LOW,Routine (3+ months),"Speed instability, Declining fuel efficiency, High flight hours",✅ Continue routine maintenance schedule | 📊 Monitor for changes | 🔧 Inspect throttle control system | ⛽ Engine performance check needed | 🕐 Review airframe hours for scheduled maintenance,44517.08,3
8015c9,1,0.36944444444444446,120.61860564076304,6294.12,120.32500000000002,IGO6319,0,13.737965732662492,0,83.36857884585336,4641372.9753,1850.635633333333,0,2025-12-29 18:13:07,8015c9,0.01698699830412663,0.01690111118840642,0.26485570936767605,0.2526602644223619,0.0,0.0,0.136952532075716,11.2,LOW,Routine (3+ months),Normal wear and tear,✅ Continue routine maintenance schedule | 📊 Monitor for changes,28501.21,3
8015c7,4,3.0013888888888887,1908.589985927353,10521.314999999999,186.52908333333335,IGO345,0,17.68486632281944,1,69.56403620335891,12335736.29622,6482.821541666668,1,2025-12-30 09:08:33,8015c7,0.2847936687394008,0.267432137802262,0.3415112611280595,0.46237653871362705,0.0,0.0,0.36403548509502076,29.9,LOW,Routine (3+ months),"Speed instability, Declining fuel efficiency, High flight hours",✅ Continue routine maintenance schedule | 📊 Monitor for changes | 🔧 Inspect throttle control system | ⛽ Engine performance check needed | 🕐 Review airframe hours for scheduled maintenance,45019.09,3
8015c5,5,2.999722222222222,1739.7048051515292,8929.115999999998,172.6903333333333,AIC2147,0,15.795166443578632,1,83.9798886568962,5500874.15952,4304.111154666667,0,2025-12-30 01:58:37,8015c5,0.284624081401922,0.24376790123441952,0.30481006139022326,0.24337334928654586,0.0,0.0,0.16237600573915847,23.4,LOW,Routine (3+ months),High flight hours,✅ Continue routine maintenance schedule | 📊 Monitor for changes | 🕐 Review airframe hours for scheduled maintenance,30517.4,3
8015c2,3,2.293611111111111,1267.697318477667,10165.08,180.68823412698416,IGO449F,0,9.403338523910321,0,71.75190590084459,14677410.85249286,3298.7304057539677,1,2025-12-30 09:38:37,8015c2,0.21277557942340306,0.17763008632886212,0.18066984433952857,0.4291387927430337,0.0,0.0,0.4330095895687546,23.3,LOW,Routine (3+ months),Frequent altitude changes,✅ Continue routine maintenance schedule | 📊 Monitor for changes | 🔧 Check pressurization system,34512.68,3
8015c1,3,3.3561111111111113,1874.8275165680252,6212.84,140.155,AIC2145,0,20.20551149367824,3,75.76454406999534,2943309.9491454544,5890.33521,1,2025-12-29 23:58:37,8015c1,0.3208875070661391,0.26270133159201076,0.39046649624246715,0.3681794731403121,0.0,0.0,0.08698707630402344,27.5,LOW,Routine (3+ months),"Speed instability, High flight hours",✅ Continue routine maintenance schedule | 📊 Monitor for changes | 🔧 Inspect throttle control system | 🕐 Review airframe hours for scheduled maintenance,34518.75,3
8015c0,3,3.8933333333333335,2309.2980718010517,11488.42,170.93800653594772,IGO158,0,23.842189729729142,0,72.79462835172065,12508902.069432354,4550.811880261438,0,2025-12-29 15:51:45,8015c0,0.3755511588468062,0.32357946165389967,0.46109699994825587,0.4132979298342957,0.0,0.0,0.369086048983423,35.0,LOW,Routine (3+ months),"Frequent altitude changes, High flight hours, Extensive mileage",✅ Continue routine maintenance schedule | 📊 Monitor for changes | 🔧 Check pressurization system | 🕐 Review airframe hours for scheduled maintenance,34523.09,3
8015bf,1,0.5,133.96180009494617,9182.1,110.55333333333331,VTHNA,0,28.585278018564797,0,51.452129947091535,20193520.9032,9153.668233333334,0,2025-12-30 10:08:34,8015bf,0.030271339739966086,0.01877076315362914,0.553215876905948,0.7375295516562344,0.0,0.0,0.5958807219071924,29.2,LOW,Routine (3+ months),"Frequent altitude changes, Speed instability, Declining fuel efficiency",✅ Continue routine maintenance schedule | 📊 Monitor for changes | 🔧 Check pressurization system | 🔧 Inspect throttle control system | ⛽ Engine performance check needed,53501.34,3
8015bc,5,4.124999999999999,2741.594775451294,10364.723999999998,182.96113333333332,IGO552N,0,10.728816468196792,0,69.62166963263391,14303150.038804,4771.013241555555,0,2025-12-30 00:08:41,8015bc,0.3991237987563595,0.3841529910522959,0.20641289026748744,0.4615009814151929,0.0,0.0,0.4220141395307906,32.9,LOW,Routine (3+ months),"Frequent altitude changes, Declining fuel efficiency, High flight hours, Extensive mileage",✅ Continue routine maintenance schedule | 📊 Monitor for changes | 🔧 Check pressurization system | ⛽ Engine performance check needed | 🕐 Review airframe hours for scheduled maintenance,45527.42,3
8015b8,5,3.2016666666666667,1884.917860328212,10613.135999999999,177.01177142857145,IGO2774,1,25.64935188356454,1,68.38387034717383,13931530.708311427,6127.4938187619055,0,2025-12-29 17:53:07,8015b8,0.3051724137931035,0.2641151932505353,0.49619517606351166,0.4803054185624255,0.2,0.2,0.41109318480656026,36.2,LOW,Routine (3+ months),"Frequent altitude changes, Speed instability, Declining fuel efficiency, High flight hours",✅ Continue routine maintenance schedule | 📊 Monitor for changes | 🔧 Check pressurization system | 🔧 Inspect throttle control system | ⛽ Engine performance check needed | 🕐 Review airframe hours for scheduled maintenance,45518.85,3
8015b2,4,3.8325,2943.194067703027,10224.135,205.1055,IGO103Y,0,12.089776407094872,0,82.2339665711474,7177926.127989999,3499.800564166667,1,2025-12-30 07:28:36,8015b2,0.3693612210288299,0.41240113764419367,0.2328450571429804,0.2698971019749514,0.0,0.0,0.2118171656677971,28.3,LOW,Routine (3+ months),"High flight hours, Extensive mileage",✅ Continue routine maintenance schedule | 📊 Monitor for changes | 🕐 Review airframe hours for scheduled maintenance,30029.43,3
8015ab,6,4.3575,2596.142575979888,10024.109999999999,170.8533253968254,AKJ1128,0,14.051450188398219,0,70.62995925686131,13363835.852920001,4565.586761428571,1,2025-12-30 09:48:34,8015ab,0.4227812323346525,0.3637721900738296,0.2709441130084098,0.446183216178365,0.0,0.0,0.39430287670358455,33.9,LOW,Routine (3+ months),"Frequent altitude changes, High flight hours, Extensive mileage",✅ Continue routine maintenance schedule | 📊 Monitor for changes | 🔧 Check pressurization system | 🕐 Review airframe hours for scheduled maintenance,36025.96,3
8015a6,2,1.0,354.03040772182794,8568.69,164.89166666666665,AIC129,0,28.13323914424445,0,65.0036512610153,11024944.0791,8042.4901666666665,0,2025-12-30 06:28:37,8015a6,0.08114754098360658,0.04960683514120601,0.5444365097704835,0.5316571345443245,0.0,0.0,0.3254194873278377,25.1,LOW,Routine (3+ months),"Speed instability, Declining fuel efficiency",✅ Continue routine maintenance schedule | 📊 Monitor for changes | 🔧 Inspect throttle control system | ⛽ Engine performance check needed,44003.54,3
8015a4,1,0.3344444444444444,71.07691330974838,3124.2,68.95,IGO2279,0,24.45594743691995,1,84.62809147457348,3258138.645,4802.994299999999,0,2025-12-28 23:48:41,8015a4,0.013425664217071786,0.009959316047430824,0.47301722307453137,0.23352596184105956,0.0,0.0,0.09624092160136084,14.5,LOW,Routine (3+ months),Normal wear and tear,✅ Continue routine maintenance schedule | 📊 Monitor for changes,28500.71,3
06a0e8,2,1.1672222222222222,727.5772849598724,11925.3,187.23325,QTR578,0,25.51934333150427,0,64.98415079054952,17951844.58011,4551.038810833333,0,2025-12-30 04:38:37,06a0e8,0.09816280384397966,0.10194832319558784,0.49367018789517464,0.5319533823896115,0.0,0.0,0.5296264089400992,27.6,LOW,Routine (3+ months),"Frequent altitude changes, Declining fuel efficiency",✅ Continue routine maintenance schedule | 📊 Monitor for changes | 🔧 Check pressurization system | ⛽ Engine performance check needed,44007.28,3
06a0e6,1,1.166388888888889,1231.4282022898792,11277.6,294.32125,QTR808,0,2.9712124308025354,0,99.8651973898716,0.0,19.75695535714284,0,2025-12-29 02:04:07,06a0e6,0.09807801017524027,0.1725480480965459,0.0557469679212171,0.0020464288863695224,0.0,0.0,5.827341711255014e-07,7.0,LOW,Routine (3+ months),Normal wear and tear,✅ Continue routine maintenance schedule | 📊 Monitor for changes,18512.31,3
06a0e5,1,0.6666666666666666,552.0236766759743,11887.2,253.284,QTR74A,0,1.892976335146244,0,99.74595909238964,74322.43200000009,64.80953000000012,0,2025-12-30 02:38:38,06a0e5,0.04723007348784625,0.07734970478700799,0.03480578104495783,0.0038578769110054756,0.0,0.0,0.002194062129093451,3.5,LOW,Routine (3+ months),Normal wear and tear,✅ Continue routine maintenance schedule | 📊 Monitor for changes,23505.52,3
06a0df,1,1.1655555555555557,821.4568228275738,10363.2,203.17875,QTR8031,0,2.606479061654403,0,99.91748677277184,46451.520000000055,7.710926785714283,0,2025-12-30 04:48:37,06a0df,0.09799321650650088,0.11510274907697954,0.048663222835972395,0.0012520574355493475,0.0,0.0,0.001370321536686612,5.8,LOW,Routine (3+ months),Normal wear and tear,✅ Continue routine maintenance schedule | 📊 Monitor for changes,18508.21,3
06a0dc,1,0.8338888888888889,801.4777797511483,10668.0,290.6233333333333,QTR932,0,2.3819024966357576,0,99.86766144279888,0.0,12.525386666666735,0,2025-12-29 08:54:06,06a0dc,0.06424533634821934,0.11230328023319021,0.04430156231001743,0.002008995411538206,0.0,0.0,3.694380376573362e-07,4.8,LOW,Routine (3+ months),Normal wear and tear,✅ Continue routine maintenance schedule | 📊 Monitor for changes,18508.01,3
06a0db,1,0.5,442.2156846028448,10058.4,259.44249999999994,QTR920,0,2.292009561412425,0,99.87375286762703,92903.04000000012,1.81609166666665,0,2025-12-29 05:54:05,06a0db,0.030271339739966086,0.06196337965462378,0.04255568794822334,0.0019164555170143593,0.0,0.0,0.0027402417695162897,2.9,LOW,Routine (3+ months),Normal wear and tear,✅ Continue routine maintenance schedule | 📊 Monitor for changes,18504.42,3
06a0c2,1,0.6658333333333334,590.2505243569572,12496.8,248.484,QTR66U,0,14.743496706854058,0,89.56624594046315,7856374.609799998,64.38933000000007,0,2025-12-29 07:14:05,06a0c2,0.04714527981910686,0.08270606087822967,0.28438483858644503,0.1585063553766457,0.0,0.0,0.23172677092176025,13.2,LOW,Routine (3+ months),Normal wear and tear,✅ Continue routine maintenance schedule | 📊 Monitor for changes,28505.9,3
06a0c1,1,1.3330555555555557,1302.9026260182836,12496.8,273.69625,QTR832,0,3.5022852186907247,0,99.94014270991184,12.442371428568103,24.08642678571433,0,2025-12-29 07:14:05,06a0c1,0.11503674392312042,0.18256306340984507,0.06606130866798403,0.0009078722748651069,0.0,0.0,1.0774220301062083e-06,7.9,LOW,Routine (3+ months),Normal wear and tear,✅ Continue routine maintenance schedule | 📊 Monitor for changes,18513.03,3
06a0be,2,1.87,1654.3958673616494,12344.4,246.17069444444445,QTR5G,0,13.791598176621793,0,78.27147897081376,8666593.9571,4324.014284722223,0,2025-12-29 17:33:04,06a0be,0.169672131147541,0.23181439012150093,0.26589734304707785,0.3300945426282368,0.0,0.0,0.25574994251962563,21.7,LOW,Routine (3+ months),Normal wear and tear,✅ Continue routine maintenance schedule | 📊 Monitor for changes,34016.54,3
06a0bc,2,0.9986111111111112,571.7304002145033,11559.54,176.07166666666666,QTR1L,0,34.3178545048177,0,55.452379241227774,23508800.72424,5449.121641666667,0,2025-12-30 10:18:36,06a0bc,0.08100621820237425,0.08011101614452633,0.6645523049523515,0.6767584417449157,0.0,0.0,0.6935560994029296,34.0,LOW,Routine (3+ months),"Frequent altitude changes, Speed instability, Declining fuel efficiency",✅ Continue routine maintenance schedule | 📊 Monitor for changes | 🔧 Check pressurization system | 🔧 Inspect throttle control system | ⛽ Engine performance check needed,63005.72,3
06a0bb,1,1.3702777777777777,944.88600058732,12192.0,196.633,QTR647,0,13.08674211516775,0,92.71365680984964,5204103.140159999,193.3881344444445,0,2025-12-29 17:33:04,06a0bb,0.118824194460147,0.13239767838020852,0.25220783426209425,0.11069142240235819,0.0,0.0,0.15350145651923794,13.9,LOW,Routine (3+ months),Normal wear and tear,✅ Continue routine maintenance schedule | 📊 Monitor for changes,28509.45,3
06a0ba,2,0.6652777777777779,581.5014530666936,11883.39,269.96833333333336,QTR974,0,2.5783465655703086,0,99.98456564452133,2.481541837659083e-24,6.6973833333333195,0,2025-12-29 03:24:06,06a0ba,0.047088750706613926,0.08148013867587528,0.04811684170463578,0.00023300657444658146,0.0,0.0,1.9754026138692171e-07,3.8,LOW,Routine (3+ months),Normal wear and tear,✅ Continue routine maintenance schedule | 📊 Monitor for changes,19005.82,3
06a0b8,1,0.5008333333333334,287.5737780939112,12161.52,177.96750000000003,QTR55P,0,39.29554085031667,0,54.35256253550226,27724241.3256,6713.631424999999,0,2025-12-29 01:24:06,06a0b8,0.03035613340870549,0.04029491447538973,0.7612274769229679,0.693466670905514,0.0,0.0,0.8179284084659454,35.4,LOW,Routine (3+ months),"Frequent altitude changes, Speed instability, Declining fuel efficiency",✅ Continue routine maintenance schedule | 📊 Monitor for changes | 🔧 Check pressurization system | 🔧 Inspect throttle control system | ⛽ Engine performance check needed,62502.88,3
06a0b7,1,0.3344444444444444,324.8494232304324,12496.8,268.86,QTR850,0,3.342325003094487,0,99.9526482535673,19.354799999994825,20.417700000000043,0,2025-12-29 01:34:05,06a0b7,0.013425664217071786,0.045517987812419065,0.06295460802879922,0.0007178901732244336,0.0,0.0,1.173095469525712e-06,2.5,LOW,Routine (3+ months),Normal wear and tear,✅ Continue routine maintenance schedule | 📊 Monitor for changes,18503.25,3
06a0b3,2,1.423888888888889,1203.6719688741587,12344.4,248.49566666666664,QTR1B,0,4.577896874181923,0,99.87470282299947,19621.896239999995,11.880818333333336,0,2025-12-29 04:34:06,06a0b3,0.12427925381571511,0.16865883726842867,0.08695152443303289,0.0019020239558530383,0.0,0.0,0.0005791010099141785,8.3,LOW,Routine (3+ months),Normal wear and tear,✅ Continue routine maintenance schedule | 📊 Monitor for changes,19012.04,3
8015e6,2,0.8313888888888888,589.0829926336842,9906.0,228.62,IGO1419,0,8.560565528443513,0,94.31974146535757,4165240.0566,95.18823333333329,1,2025-12-30 09:28:35,8015e6,0.06399095534200114,0.08254246602181259,0.16430175309918385,0.08629205627539538,0.0,0.0,0.12285714764649912,9.1,LOW,Routine (3+ months),Normal wear and tear,✅ Continue routine maintenance schedule | 📊 Monitor for changes,29005.89,3
8015e5,7,5.034722222222222,3290.5872883132115,10279.380000000001,203.17532142857144,IGO5140,0,20.80564767007105,0,74.48691835346112,6881308.887124286,7529.728731207483,1,2025-12-30 09:28:35,8015e5,0.4916902204635389,0.4610779683573412,0.40212216597164274,0.38758894668458366,0.0,0.0,0.20318726181544786,37.4,LOW,Routine (3+ months),"Speed instability, High flight hours, Extensive mileage",✅ Continue routine maintenance schedule | 📊 Monitor for changes | 🔧 Inspect throttle control system | 🕐 Review airframe hours for scheduled maintenance,36532.91,3
8015e4,4,2.998888888888889,1913.890580156739,9965.055,171.88738095238097,IGO062,0,23.70902045265148,0,64.99518173273856,12541820.538428571,7557.628039285713,1,2025-12-30 10:18:36,8015e4,0.28453928773318266,0.26817485847922196,0.45851062510076734,0.5317858021837534,0.0,0.0,0.3701456703111504,33.3,LOW,Routine (3+ months),"Frequent altitude changes, Speed instability, Declining fuel efficiency",✅ Continue routine maintenance schedule | 📊 Monitor for changes | 🔧 Check pressurization system | 🔧 Inspect throttle control system | ⛽ Engine performance check needed,45019.14,3
8015e3,1,1.3333333333333333,1156.2037483517654,11292.84,210.0828571428572,IGO1238,0,34.99085519986583,0,55.91535401932418,23299482.4332,5680.284223809523,0,2025-12-29 08:34:04,8015e3,0.1150650084793669,0.16200757755022116,0.6776231281047492,0.6697250073119398,0.0,0.0,0.6873890452039207,36.6,LOW,Routine (3+ months),"Frequent altitude changes, Speed instability, Declining fuel efficiency",✅ Continue routine maintenance schedule | 📊 Monitor for changes | 🔧 Check pressurization system | 🔧 Inspect throttle control system | ⛽ Engine performance check needed,62511.56,3
8015e2,4,5.528888888888888,3567.7116837400495,11129.01,191.72755208333334,IGO1156,0,14.819020410678087,0,76.55105409608419,11681127.876176786,3136.893912187499,1,2025-12-30 07:38:20,8015e2,0.5419728660260035,0.4999087125468267,0.28585163792820106,0.35623094600430016,0.0,0.0,0.34462902926725825,38.1,LOW,Routine (3+ months),"High flight hours, Extensive mileage",✅ Continue routine maintenance schedule | 📊 Monitor for changes | 🕐 Review airframe hours for scheduled maintenance,35035.68,3
8015dd,2,0.8697222222222222,441.92118490347036,8686.8,166.84066666666666,SDG159,0,8.001806149135167,0,80.65400176791961,9360683.85924,3010.248851666667,0,2025-12-30 06:28:37,8015dd,0.06789146410401357,0.061922114278211586,0.15344969145137136,0.2938996597289685,0.0,0.0,0.27618347190215237,13.2,LOW,Routine (3+ months),Normal wear and tear,✅ Continue routine maintenance schedule | 📊 Monitor for changes,29004.42,3
8015db,4,2.357222222222222,1407.3929017304235,10170.795,208.45879166666668,IGO1234,0,15.307024187273623,0,79.77255897807429,8225502.58122,4458.40529375,0,2025-12-29 23:38:34,8015db,0.219248162803844,0.19720426870762295,0.29532950490295407,0.3072903893369331,0.0,0.0,0.24274385436303691,22.4,LOW,Routine (3+ months),Normal wear and tear,✅ Continue routine maintenance schedule | 📊 Monitor for changes,35014.07,3
8015da,5,3.1680555555555556,2440.0647129422878,8477.25,123.42973333333335,IGO1015,0,22.852066404749632,3,84.23400991071397,916741.7840242856,3419.5856523333337,1,2025-12-30 08:48:37,8015da,0.301752402487281,0.34190251828286444,0.4418671135973276,0.2395127822290879,0.0,0.0,0.02714028874223031,27.1,LOW,Routine (3+ months),"High flight hours, Extensive mileage",✅ Continue routine maintenance schedule | 📊 Monitor for changes | 🕐 Review airframe hours for scheduled maintenance,30524.4,3
8015d9,1,1.356111111111111,1004.368961880408,11292.84,197.3611111111111,IGO49U,0,10.577433523827034,0,64.94171070849177,13608134.534828572,7270.34156111111,0,2025-12-29 16:51:45,8015d9,0.1173827020915772,0.14073244677924235,0.20347277488765877,0.5325981249298222,0.0,0.0,0.40158827773595035,21.8,LOW,Routine (3+ months),"Frequent altitude changes, Speed instability, Declining fuel efficiency",✅ Continue routine maintenance schedule | 📊 Monitor for changes | 🔧 Check pressurization system | 🔧 Inspect throttle control system | ⛽ Engine performance check needed,43510.04,3
8015d8,2,1.0008333333333332,802.7219916569873,11582.400000000001,236.93625000000003,IGO2115,0,9.944959705238626,0,98.0138228005915,1504397.7976500005,5.498912500000012,0,2025-12-30 09:48:34,8015d8,0.08123233465234596,0.11247761953723716,0.19118905290621327,0.030172198152071505,0.0,0.0,0.04437258637342997,9.0,LOW,Routine (3+ months),Normal wear and tear,✅ Continue routine maintenance schedule | 📊 Monitor for changes,29008.03,3
8015d0,1,0.33277777777777773,198.1050397599908,8221.98,151.67333333333335,VTBNB,0,10.317036564752698,0,74.94644156395077,11891143.959599998,3502.794633333333,0,2025-12-30 10:18:36,8015d0,0.013256076879592987,0.027758531000923434,0.19841542111889424,0.3806079478822332,0.0,0.0,0.3508342754164721,14.1,LOW,Routine (3+ months),Normal wear and tear,✅ Continue routine maintenance schedule | 📊 Monitor for changes,33501.98,3
8015ce,4,2.853888888888889,1588.3097367055154,9220.2,178.11966666666666,IGO068,0,9.405823227145248,0,85.46200801170454,4664179.703880001,3512.4098299999996,1,2025-12-30 08:18:37,8015ce,0.26978518937252693,0.22255438387041385,0.1807181015208493,0.2208572430166742,0.0,0.0,0.13767423399924078,19.5,LOW,Routine (3+ months),Normal wear and tear,✅ Continue routine maintenance schedule | 📊 Monitor for changes,30015.88,3
8015cd,2,2.6666666666666665,2388.485414530255,11734.8,236.05642857142857,AIC2380,0,10.150992719446903,0,94.4328746844495,2834080.004220779,754.2163352380954,0,2025-12-30 09:38:37,8015cd,0.25073487846240816,0.33467521323443705,0.1951905659983792,0.08457335556788315,0.0,0.0,0.08361383320110996,19.0,LOW,Routine (3+ months),Extensive mileage,✅ Continue routine maintenance schedule | 📊 Monitor for changes,29023.88,3
8015cb,6,3.3686111111111114,2436.201516342984,11200.13,201.32555555555555,IGO196F,0,18.13294948501402,0,77.20610142278487,9012658.91013,4499.8052238888895,1,2025-12-30 08:18:37,8015cb,0.32215941209723015,0.34136120614515025,0.3502138015766897,0.34627957793671627,0.0,0.0,0.2659623618574971,29.7,LOW,Routine (3+ months),"High flight hours, Extensive mileage",✅ Continue routine maintenance schedule | 📊 Monitor for changes | 🕐 Review airframe hours for scheduled maintenance,36024.36,3
8015ca,5,2.3313888888888887,1432.7356771844843,10277.856,199.45216666666667,IGO060,0,16.007071718407975,0,71.53625398164425,13686224.240400001,4117.882345,1,2025-12-30 08:48:37,8015ca,0.21661955907292257,0.20075530516254236,0.3089256238149493,0.43241494018302484,0.0,0.0,0.4037985623345592,26.1,LOW,Routine (3+ months),Frequent altitude changes,✅ Continue routine maintenance schedule | 📊 Monitor for changes | 🔧 Check pressurization system,35514.33,3
801607,3,2.4997222222222226,968.1948753237259,10093.96,139.47650000000002,AXB1023,0,33.11901848901375,0,48.12613638736159,19207555.1332,10243.065101507937,0,2025-12-30 04:38:37,801607,0.2337478801582816,0.1356637241241787,0.6412688616118093,0.7880574826226794,0.0,0.0,0.5668316550553725,38.9,LOW,Routine (3+ months),"Frequent altitude changes, Speed instability, Declining fuel efficiency",✅ Continue routine maintenance schedule | 📊 Monitor for changes | 🔧 Check pressurization system | 🔧 Inspect throttle control system | ⛽ Engine performance check needed,63509.68,3
801606,4,3.524166666666667,2934.3600851792808,11127.105,228.39855158730157,AXB2651,0,11.057897601396514,0,88.78953169740339,5581638.548682143,1557.0489355158732,0,2025-12-30 08:58:35,801606,0.3379875635952516,0.41116331765715997,0.21280420802762232,0.170306066635607,0.0,0.0,0.16467713774698653,25.1,LOW,Routine (3+ months),"High flight hours, Extensive mileage",✅ Continue routine maintenance schedule | 📊 Monitor for changes | 🕐 Review airframe hours for scheduled maintenance,30029.34,3
801605,7,3.198888888888889,1741.6628076632257,8809.808571428572,153.33657142857143,AXB2367,0,17.510904177664028,0,70.5468528073279,13091570.544917146,4515.8314257142865,1,2025-12-30 10:18:36,801605,0.30488976823063885,0.24404225706850965,0.338132619098016,0.44744575528719943,0.0,0.0,0.386270905691299,29.8,LOW,Routine (3+ months),"Frequent altitude changes, High flight hours",✅ Continue routine maintenance schedule | 📊 Monitor for changes | 🔧 Check pressurization system | 🕐 Review airframe hours for scheduled maintenance,36517.42,3
801604,3,1.666111111111111,1074.8168255043684,10668.0,181.16566666666668,AXB1228,0,9.192708307604073,0,77.3157077049781,13857406.156099997,1957.7291399999997,0,2025-12-30 07:28:36,801604,0.1489259468626343,0.15060362021694843,0.17657904572944189,0.34461445785735034,0.0,0.0,0.4087838829413643,19.5,LOW,Routine (3+ months),Frequent altitude changes,✅ Continue routine maintenance schedule | 📊 Monitor for changes | 🔧 Check pressurization system,34510.75,3
801603,5,3.2019444444444445,2162.3777990609674,10607.039999999999,186.2781142857143,AIC2808,0,15.034252838404242,0,67.865243093647,16940652.183144003,4291.071756190477,1,2025-12-30 06:48:37,801603,0.30520067834935,0.30299295385752706,0.2900318193457977,0.4881843159784651,0.0,0.0,0.4997934795071031,31.8,LOW,Routine (3+ months),"Frequent altitude changes, Declining fuel efficiency, High flight hours, Extensive mileage",✅ Continue routine maintenance schedule | 📊 Monitor for changes | 🔧 Check pressurization system | ⛽ Engine performance check needed | 🕐 Review airframe hours for scheduled maintenance,45521.62,3
801600,1,0.6666666666666666,338.90753115136835,10363.2,165.645,AIC101,0,28.948678623741188,0,61.50038863700112,7668236.276400002,12342.697233333334,0,2025-12-29 03:24:06,801600,0.04723007348784625,0.04748781364325307,0.5602737374381651,0.5848781071182727,0.0,0.0,0.22653975478797844,24.4,LOW,Routine (3+ months),"Speed instability, Declining fuel efficiency",✅ Continue routine maintenance schedule | 📊 Monitor for changes | 🔧 Inspect throttle control system | ⛽ Engine performance check needed,43503.39,3
8015fc,4,3.1166666666666667,1811.4694880254838,11277.599999999999,182.5178125,IGO6472,0,24.56233285653292,1,70.918746576198,16678290.272385001,4460.995724851191,0,2025-12-29 17:01:38,8015fc,0.29652345958168463,0.2538235877365982,0.4750834096564862,0.4417960081235742,0.0,0.0,0.49206009005837004,33.5,LOW,Routine (3+ months),"Frequent altitude changes, High flight hours",✅ Continue routine maintenance schedule | 📊 Monitor for changes | 🔧 Check pressurization system | 🕐 Review airframe hours for scheduled maintenance,35018.11,3
8015f7,3,2.668055555555555,379.64389763800136,10325.1,55.473365079365074,AIC105,0,27.41693547679651,2,56.88006597853865,15644349.3564,3275.1438392063496,1,2025-12-30 04:08:35,8015f7,0.25087620124364046,0.05319580417874955,0.5305246689217065,0.6550692665829498,0.0,0.0,0.46152888076114196,32.4,LOW,Routine (3+ months),"Frequent altitude changes, Declining fuel efficiency",✅ Continue routine maintenance schedule | 📊 Monitor for changes | 🔧 Check pressurization system | ⛽ Engine performance check needed,54503.8,3
8015f3,5,2.668055555555555,1096.9987066228525,9214.104,131.89809999999997,IGO123F,0,33.84075050329899,1,59.9649875423939,10948472.29656,11448.324329,1,2025-12-30 00:58:38,8015f3,0.25087620124364046,0.15371175131463388,0.6552861302291495,0.6082036605569321,0.0,0.0,0.3232643969257144,34.8,LOW,Routine (3+ months),"Speed instability, Declining fuel efficiency",✅ Continue routine maintenance schedule | 📊 Monitor for changes | 🔧 Inspect throttle control system | ⛽ Engine performance check needed,64510.97,3
8015f0,5,2.8711111111111105,1317.6477235300522,9624.060000000001,159.06126666666665,AXB1243,0,17.659500796921257,1,71.35379848203473,12710597.740044,4734.381887333333,1,2025-12-30 08:38:36,8015f0,0.2715375918598078,0.1846291504053498,0.3410186192844148,0.43518677323776667,0.0,0.0,0.3750405055189976,27.6,LOW,Routine (3+ months),Frequent altitude changes,✅ Continue routine maintenance schedule | 📊 Monitor for changes | 🔧 Check pressurization system,35513.18,3
8015ef,5,4.060555555555555,2601.228316154253,10363.199999999999,197.55210000000002,AXB1275,0,8.030539816782193,0,89.16070446547397,6727794.075176728,782.2506206363637,0,2025-12-29 23:28:38,8015ef,0.39256642170717926,0.3644848053433038,0.15400774836141243,0.1646672727940406,0.0,0.0,0.19846030307755028,24.6,LOW,Routine (3+ months),"High flight hours, Extensive mileage",✅ Continue routine maintenance schedule | 📊 Monitor for changes | 🕐 Review airframe hours for scheduled maintenance,30526.01,3
8015ee,4,2.188611111111111,1547.9166682913592,8662.035,196.95333333333332,AXB1513,0,10.575822140344286,0,88.69117962730213,6342778.44345,1285.59231,0,2025-12-29 16:41:44,8015ee,0.20209157716223855,0.21689449635238198,0.2034414790677753,0.17180021463055584,0.0,0.0,0.18711905911702867,17.9,LOW,Routine (3+ months),Normal wear and tear,✅ Continue routine maintenance schedule | 📊 Monitor for changes,30015.48,3
8015ed,2,0.8322222222222222,322.67964761792854,5021.58,114.51666666666668,IGO2KC,0,13.59327640869531,0,94.82204373728251,2844129.7956,498.41213333333326,0,2025-12-29 09:44:08,8015ed,0.06407574901074053,0.0452139582749691,0.2620455955304537,0.07866116521553024,0.0,0.0,0.08390270822748004,9.8,LOW,Routine (3+ months),Normal wear and tear,✅ Continue routine maintenance schedule | 📊 Monitor for changes,29003.23,3
8015e8,1,0.5025,103.82036840256954,472.44,67.085,VTRRN,0,25.684297996321067,0,99.96040459133222,26027.3673,2.4046999999999943,0,2025-12-29 16:01:36,8015e8,0.030525720746184284,0.014547337706913027,0.4968738892699989,0.0006000572032862639,0.0,0.0,0.0007677517783893689,11.0,LOW,Routine (3+ months),Normal wear and tear,✅ Continue routine maintenance schedule | 📊 Monitor for changes,18501.04,3
8015e7,5,2.5030555555555556,1379.6253050802006,10488.168000000001,190.37933333333334,IGO542,0,7.839234373169482,0,82.54521422297574,8840249.158176001,2455.4100733333335,1,2025-12-30 08:38:36,8015e7,0.23408705483323916,0.19331346566005697,0.15029226984860952,0.26516868035217245,0.0,0.0,0.2608168123042039,19.3,LOW,Routine (3+ months),Normal wear and tear,✅ Continue routine maintenance schedule | 📊 Monitor for changes,30513.8,3
80161c,5,3.1694444444444443,1985.7508159168274,9633.204000000002,164.7368,AXB2660,0,16.79059412681644,0,72.26213649455296,11253238.977348,5539.685080666667,0,2025-12-30 00:48:35,80161c,0.3018937252685133,0.27824393387728735,0.32414296743970655,0.42138745596114346,0.0,0.0,0.33207925680531847,29.2,LOW,Routine (3+ months),"Speed instability, High flight hours",✅ Continue routine maintenance schedule | 📊 Monitor for changes | 🔧 Inspect throttle control system | 🕐 Review airframe hours for scheduled maintenance,35519.86,3
80161a,3,2.5355555555555553,1583.4101854610049,10066.019999999999,157.4745740740741,IGO073,0,14.714639910924832,0,66.71010971170277,13764401.5034,6258.685502592593,0,2025-12-30 05:18:34,80161a,0.23739400791407578,0.22186785744344292,0.28382439031482953,0.5057329067173639,0.0,0.0,0.406167554968428,27.7,LOW,Routine (3+ months),"Frequent altitude changes, Speed instability, Declining fuel efficiency",✅ Continue routine maintenance schedule | 📊 Monitor for changes | 🔧 Check pressurization system | 🔧 Inspect throttle control system | ⛽ Engine performance check needed,44515.83,3
801619,2,1.8575000000000002,1233.150417470747,10519.41,206.8323611111111,IGO394,0,11.574690618924492,0,85.91860214872997,6408241.042939285,2332.410830555555,0,2025-12-29 16:11:36,801619,0.16840022611645003,0.17278936534696163,0.22284121124055234,0.21392074220240986,0.0,0.0,0.18908076373575128,17.2,LOW,Routine (3+ months),Normal wear and tear,✅ Continue routine maintenance schedule | 📊 Monitor for changes,29012.33,3
801618,6,3.3716666666666666,1495.9836715533124,7744.46,142.8911388888889,SDG164,0,13.552025102164663,0,78.38247628959512,7148731.025090001,4832.0085025,1,2025-12-30 09:48:34,801618,0.32247032221594124,0.20961763100019085,0.26124442469001513,0.32840829015656925,0.0,0.0,0.21099534567037664,24.5,LOW,Routine (3+ months),High flight hours,✅ Continue routine maintenance schedule | 📊 Monitor for changes | 🕐 Review airframe hours for scheduled maintenance,36014.96,3
801616,7,4.189722222222222,2799.2166725901534,10163.99142857143,197.34992176870747,IGO1425,0,11.275038497731765,0,79.65893598611044,10179650.167321224,2782.159507176871,1,2025-12-30 06:48:37,801616,0.40570944036178636,0.3922269866457391,0.2170214551657523,0.3090165305909819,0.0,0.0,0.3003322705727851,30.0,LOW,Routine (3+ months),"High flight hours, Extensive mileage",✅ Continue routine maintenance schedule | 📊 Monitor for changes | 🕐 Review airframe hours for scheduled maintenance,36527.99,3
801615,4,3.0600000000000005,2022.808651951974,10315.574999999999,181.55383928571428,AXB1186,0,12.761789163127618,0,72.96154646160457,14433634.312397143,3374.928610535714,0,2025-12-30 09:08:33,801615,0.2907574901074054,0.28343648774494773,0.24589669283205098,0.4107621381733072,0.0,0.0,0.42582161378161126,28.3,LOW,Routine (3+ months),"Frequent altitude changes, High flight hours",✅ Continue routine maintenance schedule | 📊 Monitor for changes | 🔧 Check pressurization system | 🕐 Review airframe hours for scheduled maintenance,35020.23,3
801613,2,1.166111111111111,801.310289962479,10165.08,184.27666666666664,AXB2649,0,9.33937938478455,0,80.02685426725355,10039915.404000001,2854.1461633333333,0,2025-12-30 09:08:33,801613,0.0980497456189938,0.11227981151933646,0.1794276485993997,0.3034271783637328,0.0,0.0,0.2962128973735345,15.8,LOW,Routine (3+ months),Normal wear and tear,✅ Continue routine maintenance schedule | 📊 Monitor for changes,29008.01,3
801612,3,2.1891666666666665,1089.0390491419573,11480.800000000001,176.3863095238095,AIC111,0,21.098383794524143,0,64.86673642344319,17625888.296540003,4983.673190873015,0,2025-12-30 08:48:37,801612,0.2021481062747315,0.1525964419857655,0.4078076015754961,0.5337371215728286,0.0,0.0,0.5200250432203615,29.5,LOW,Routine (3+ months),"Frequent altitude changes, Declining fuel efficiency",✅ Continue routine maintenance schedule | 📊 Monitor for changes | 🔧 Check pressurization system | ⛽ Engine performance check needed,44510.89,3
80160f,4,2.334166666666667,1259.2068996661428,9208.77,154.43083333333334,IGO322K,0,24.57214691763858,0,58.704795839535464,16535939.83128,7791.894098333333,1,2025-12-30 09:38:37,80160f,0.21690220463538729,0.17644040658080498,0.4752740154880445,0.6273482795175558,0.0,0.0,0.4879596891342667,32.7,LOW,Routine (3+ months),"Frequent altitude changes, Speed instability, Declining fuel efficiency",✅ Continue routine maintenance schedule | 📊 Monitor for changes | 🔧 Check pressurization system | 🔧 Inspect throttle control system | ⛽ Engine performance check needed,55012.59,3
80160e,6,3.032777777777777,1129.8574262112845,8751.570000000002,131.55505555555555,IGO731L,0,23.649133884995944,1,68.99755008358406,11054953.37392,5581.91864,0,2025-12-29 18:23:08,80160e,0.2879875635952515,0.15831592386597929,0.45734752565556747,0.470982499921729,0.0,0.0,0.3262320407878071,29.8,LOW,Routine (3+ months),"Speed instability, Declining fuel efficiency, High flight hours",✅ Continue routine maintenance schedule | 📊 Monitor for changes | 🔧 Inspect throttle control system | ⛽ Engine performance check needed | 🕐 Review airframe hours for scheduled maintenance,46011.3,3
80160d,3,4.189166666666667,2957.317422585689,12344.4,192.68795604395606,AXB1979,0,15.80733809253372,0,80.04729344265645,9082738.321548352,3259.044096959707,0,2025-12-30 08:48:37,80160d,0.4056529112492935,0.4143801058967045,0.30504645560517074,0.3031166698719928,0.0,0.0,0.26799276750927015,31.8,LOW,Routine (3+ months),"High flight hours, Extensive mileage",✅ Continue routine maintenance schedule | 📊 Monitor for changes | 🕐 Review airframe hours for scheduled maintenance,29529.57,3
80160b,3,1.0025,674.2587206837296,9334.5,209.53333333333333,IGO092,0,10.2684258849878,0,84.84283077734301,6632231.8968,2291.218666666667,0,2025-12-29 17:23:08,80160b,0.08140192198982477,0.09447731175046181,0.1974713186785849,0.23026367871535125,0.0,0.0,0.19568619043858357,13.3,LOW,Routine (3+ months),Normal wear and tear,✅ Continue routine maintenance schedule | 📊 Monitor for changes,29506.74,3
80160a,2,0.9175,331.9238080829674,7719.0599999999995,128.10500000000002,IGO2046,0,17.509208785448354,0,65.44162662644418,12146424.0942,6788.4364,1,2025-12-30 06:38:36,80160a,0.0727529677784059,0.046509252504521134,0.338099691685031,0.5250034869554248,0.0,0.0,0.3584607092798244,21.0,LOW,Routine (3+ months),"Speed instability, Declining fuel efficiency",✅ Continue routine maintenance schedule | 📊 Monitor for changes | 🔧 Inspect throttle control system | ⛽ Engine performance check needed,44003.32,3
801608,3,2.869444444444445,1929.3960897597156,10972.800000000001,173.36458333333334,IGO529H,0,25.653748373429156,0,55.657369370944615,20935538.49750286,7606.582450992064,0,2025-12-29 17:13:08,801608,0.27136800452232906,0.27034749461973007,0.4962805634069936,0.6736442664053892,0.0,0.0,0.6177210034802123,38.4,LOW,Routine (3+ months),"Frequent altitude changes, Speed instability, Declining fuel efficiency",✅ Continue routine maintenance schedule | 📊 Monitor for changes | 🔧 Check pressurization system | 🔧 Inspect throttle control system | ⛽ Engine performance check needed,54519.29,3
801638,1,0.49805555555555553,335.3175995388106,8275.32,168.3175,AXB1168,0,12.314946983384573,0,85.82783318042655,7376365.892399999,1940.3538250000004,0,2025-12-29 15:51:45,801638,0.030073487846240816,0.0469847914683548,0.23721825438254,0.2152996889988983,0.0,0.0,0.21762417826943056,11.8,LOW,Routine (3+ months),Normal wear and tear,✅ Continue routine maintenance schedule | 📊 Monitor for changes,28503.35,3
801633,4,3.690555555555555,2361.779707323799,10967.085000000001,177.492,AKJ1141,0,13.466243432142148,0,70.32068109520654,15394088.0424075,4061.0927405555562,1,2025-12-30 08:18:37,801633,0.3549180327868853,0.3309332024189115,0.2595783981214966,0.45088171763992224,0.0,0.0,0.45417056985419013,32.0,LOW,Routine (3+ months),"Frequent altitude changes, High flight hours, Extensive mileage",✅ Continue routine maintenance schedule | 📊 Monitor for changes | 🔧 Check pressurization system | 🕐 Review airframe hours for scheduled maintenance,35023.62,3
801631,2,1.8566666666666667,650.2370425411295,4572.0,92.00555555555555,IGO2JP,0,18.29654955850915,0,88.3573747882312,3983898.4837999996,2224.8755097222224,0,2025-12-29 18:35:17,801631,0.1683154324477106,0.09111138780312851,0.3533911944740643,0.17687132122229887,0.0,0.0,0.11757126793079264,16.9,LOW,Routine (3+ months),Normal wear and tear,✅ Continue routine maintenance schedule | 📊 Monitor for changes,29006.5,3
80162e,4,2.334166666666667,1016.6933908180692,8966.835,135.17458333333332,AIC2943,0,21.508870542613394,1,67.98671190557552,14921576.28582,5751.146334166667,1,2025-12-30 08:18:37,80162e,0.21690220463538729,0.14245934904861024,0.41577995543806345,0.48633898235605155,0.0,0.0,0.44028361764508633,28.3,LOW,Routine (3+ months),"Frequent altitude changes, Speed instability, Declining fuel efficiency",✅ Continue routine maintenance schedule | 📊 Monitor for changes | 🔧 Check pressurization system | 🔧 Inspect throttle control system | ⛽ Engine performance check needed,45010.17,3
80162d,4,2.330277777777778,1653.5961095821972,10744.2,208.16433333333333,AXB522,0,17.592007440939348,0,76.33131613348877,12347004.418845,3223.6715783333334,0,2025-12-30 05:28:36,80162d,0.21650650084793674,0.2317023278481683,0.3397077830156079,0.35956916792365656,0.0,0.0,0.3642717108677269,25.9,LOW,Routine (3+ months),Normal wear and tear,✅ Continue routine maintenance schedule | 📊 Monitor for changes,35016.54,3
80162c,5,3.8702777777777775,1973.0480352917723,9503.664,138.60942857142857,AXB1131,0,22.461838156793128,0,69.0540693398172,10784553.59214,7040.0272987619055,0,2025-12-30 06:08:34,80162c,0.3732052006783494,0.2764640168685847,0.43428821441395493,0.47012386895148295,0.0,0.0,0.3182995683934333,33.8,LOW,Routine (3+ months),"Speed instability, Declining fuel efficiency, High flight hours",✅ Continue routine maintenance schedule | 📊 Monitor for changes | 🔧 Inspect throttle control system | ⛽ Engine performance check needed | 🕐 Review airframe hours for scheduled maintenance,45519.73,3
801629,3,2.523333333333333,899.26204129288,6299.2,98.75863095238095,IGO5CK,0,15.35016361199095,0,89.66989177099019,3911532.269085714,1754.2111136904762,1,2025-12-30 07:08:35,801629,0.2361503674392312,0.12600483703708104,0.296167346223959,0.15693178546970477,0.0,0.0,0.11542293395885937,17.9,LOW,Routine (3+ months),Normal wear and tear,✅ Continue routine maintenance schedule | 📊 Monitor for changes,29508.99,3
801627,6,3.855277777777778,2749.182646980028,10618.47,200.43151190476192,AXB1538,0,9.131336082551753,0,80.65888788788526,10300297.486921426,2424.243929325397,1,2025-12-30 08:08:33,801627,0.3716789146410402,0.3852162056344013,0.17538709227971971,0.29382543062182076,0.0,0.0,0.3038802234269075,28.0,LOW,Routine (3+ months),"High flight hours, Extensive mileage",✅ Continue routine maintenance schedule | 📊 Monitor for changes | 🕐 Review airframe hours for scheduled maintenance,31027.49,3
801626,3,2.331666666666666,1269.2755442967996,9753.6,156.82801587301586,AXB1519,0,29.51157829464832,0,51.92384348561844,17220870.71948,10861.341810634922,0,2025-12-30 08:48:37,801626,0.216647823629169,0.17785122775151307,0.5712062106214861,0.7303633594545391,0.0,0.0,0.5082523556020772,36.4,LOW,Routine (3+ months),"Frequent altitude changes, Speed instability, Declining fuel efficiency",✅ Continue routine maintenance schedule | 📊 Monitor for changes | 🔧 Check pressurization system | 🔧 Inspect throttle control system | ⛽ Engine performance check needed,54512.69,3
801625,4,3.025,1619.6314994691081,9208.77,145.67380952380952,AIC2429,0,19.665461810470422,1,68.18963911983819,12521122.86093,6199.286126904761,1,2025-12-30 07:38:20,801625,0.28719615602035053,0.2269431976215941,0.37997780885379656,0.48325614647878967,0.0,0.0,0.3694951249230867,30.3,LOW,Routine (3+ months),"Frequent altitude changes, Speed instability, Declining fuel efficiency, High flight hours",✅ Continue routine maintenance schedule | 📊 Monitor for changes | 🔧 Check pressurization system | 🔧 Inspect throttle control system | ⛽ Engine performance check needed | 🕐 Review airframe hours for scheduled maintenance,45016.2,3
801623,3,1.8713888888888888,1034.9117494142283,8737.6,149.8777777777778,AXB1085,0,14.258362133111078,1,75.6365747899349,10300093.593319999,2579.395851111111,0,2025-12-29 23:38:34,801623,0.16981345392877334,0.14501211031349331,0.2749626964324092,0.37012356077385666,0.0,0.0,0.30387878578422567,21.2,LOW,Routine (3+ months),Normal wear and tear,✅ Continue routine maintenance schedule | 📊 Monitor for changes,34510.35,3
801621,2,1.4986111111111111,1103.9507640557083,11273.79,217.25833333333333,IGO115P,0,5.046740429370996,0,95.9226456041697,2915847.624514285,96.21125000000004,0,2025-12-29 15:51:45,801621,0.13188241944601473,0.1546858754560688,0.09605726717759212,0.06194100801951574,0.0,0.0,0.08600617268532156,10.1,LOW,Routine (3+ months),Normal wear and tear,✅ Continue routine maintenance schedule | 📊 Monitor for changes,29011.04,3
80161e,3,1.8580555555555553,937.4310906915687,10071.1,145.36311111111112,AKJ1629,0,18.21148116962655,0,62.53494817130232,17148080.2199,5810.501468888889,0,2025-12-29 18:45:15,80161e,0.16845675522894293,0.13135309441757428,0.3517390210437466,0.5691612538559072,0.0,0.0,0.5059564143561404,27.5,LOW,Routine (3+ months),"Frequent altitude changes, Speed instability, Declining fuel efficiency",✅ Continue routine maintenance schedule | 📊 Monitor for changes | 🔧 Check pressurization system | 🔧 Inspect throttle control system | ⛽ Engine performance check needed,44509.37,3
801659,3,2.163611111111111,1247.947749392355,11988.799999999997,180.11666666666667,AIC112,0,35.9543095010621,0,58.00464594773404,19004816.829,7382.892883333334,0,2025-12-30 02:38:38,801659,0.19954776710005653,0.1748627714419027,0.6963350564564025,0.6379848381168991,0.0,0.0,0.5607674991379024,37.6,LOW,Routine (3+ months),"Frequent altitude changes, Speed instability, Declining fuel efficiency",✅ Continue routine maintenance schedule | 📊 Monitor for changes | 🔧 Check pressurization system | 🔧 Inspect throttle control system | ⛽ Engine performance check needed,63512.48,3
801657,4,4.0344444444444445,2111.9291345810616,11361.42,154.60875000000001,AIC1740,0,26.64102851936825,0,61.099052058475785,12282936.298133573,10137.678721250002,1,2025-12-30 09:28:35,801657,0.3899095534200114,0.2959240735371816,0.5154552303640916,0.5909751444606073,0.0,0.0,0.3625859422665078,38.5,LOW,Routine (3+ months),"Speed instability, Declining fuel efficiency, High flight hours, Extensive mileage",✅ Continue routine maintenance schedule | 📊 Monitor for changes | 🔧 Inspect throttle control system | ⛽ Engine performance check needed | 🕐 Review airframe hours for scheduled maintenance,45021.12,3
801650,4,1.4972222222222222,844.8675497795116,8974.455,171.27020833333333,AXB2920,0,8.515679737417667,0,84.1791691344007,7964484.474225,2274.036364583333,1,2025-12-30 08:08:33,801650,0.13174109666478237,0.11838306638055156,0.16342999436123432,0.24034591401660954,0.0,0.0,0.23498066039548068,14.9,LOW,Routine (3+ months),Normal wear and tear,✅ Continue routine maintenance schedule | 📊 Monitor for changes,30008.45,3
80164e,3,1.6677777777777778,989.7399041113927,11076.94,185.54250000000002,AIC2414,0,17.403398939527,0,74.1303292211169,16103623.599139998,2553.1745538888886,0,2025-12-29 10:04:07,80164e,0.14909553420011307,0.13868261930343714,0.33604468372739205,0.39300618840165313,0.0,0.0,0.47505394442398613,23.9,LOW,Routine (3+ months),Frequent altitude changes,✅ Continue routine maintenance schedule | 📊 Monitor for changes | 🔧 Check pressurization system,34509.9,3
80164c,5,3.5372222222222214,1765.0657898911202,9755.124,166.2116,IGO1346,0,12.429576589056563,0,75.28560868591023,10906804.619526856,3610.8755587619044,1,2025-12-30 09:58:35,80164c,0.3393159977388355,0.2473214891792834,0.23944455714090568,0.37545537839684695,0.0,0.0,0.3218042362921546,27.1,LOW,Routine (3+ months),High flight hours,✅ Continue routine maintenance schedule | 📊 Monitor for changes | 🕐 Review airframe hours for scheduled maintenance,35517.65,3
80164b,5,3.7816666666666667,2718.2046689782787,10916.412,206.14335714285713,IGO1861,0,15.935154723454186,0,71.17232829758595,13902138.12193543,4444.227522714285,1,2025-12-30 03:28:39,80164b,0.36418880723572644,0.3808755630957295,0.30752887292061976,0.43794363755143073,0.0,0.0,0.41017659817053714,33.5,LOW,Routine (3+ months),"Frequent altitude changes, High flight hours, Extensive mileage",✅ Continue routine maintenance schedule | 📊 Monitor for changes | 🔧 Check pressurization system | 🕐 Review airframe hours for scheduled maintenance,35527.18,3
801649,3,2.0005555555555556,877.023747325728,10214.61,119.13644444444445,IGO265C,0,24.472061881049243,1,80.70417305170349,4959018.14646,3701.4354577777776,0,2025-12-30 09:38:37,801649,0.18295647258338046,0.12288880135599632,0.4733301931070484,0.2931374660812647,0.0,0.0,0.14637611058080416,22.4,LOW,Routine (3+ months),Normal wear and tear,✅ Continue routine maintenance schedule | 📊 Monitor for changes,29508.77,3
801648,3,1.8588888888888888,708.8705082082017,9141.460000000001,130.57888888888888,IGO1816,0,27.588979323029264,1,60.389557971345575,8834149.42844,10003.126055555556,1,2025-12-30 08:08:33,801648,0.16854154889768233,0.09932712464850536,0.5338660543097347,0.601753658493126,0.0,0.0,0.2608595208617595,28.5,LOW,Routine (3+ months),"Speed instability, Declining fuel efficiency",✅ Continue routine maintenance schedule | 📊 Monitor for changes | 🔧 Inspect throttle control system | ⛽ Engine performance check needed,44507.09,3
801647,5,4.5377777777777775,2955.473996572309,10671.047999999999,179.88932857142856,IGO1232,0,16.403670917412782,0,67.41654429105171,13133486.254969094,6181.941732428572,1,2025-12-30 09:28:35,801647,0.4411249293386095,0.41412180455211317,0.3166282577508678,0.4950008722089895,0.0,0.0,0.3875563575994375,36.9,LOW,Routine (3+ months),"Frequent altitude changes, Speed instability, Declining fuel efficiency, High flight hours, Extensive mileage",✅ Continue routine maintenance schedule | 📊 Monitor for changes | 🔧 Check pressurization system | 🔧 Inspect throttle control system | ⛽ Engine performance check needed | 🕐 Review airframe hours for scheduled maintenance,45529.55,3
801645,1,1.0002777777777778,380.1190075120059,11224.26,120.98571428571428,AIC1882,0,19.09290179786841,0,52.12504639192841,17373002.02812,9873.438895238096,0,2025-12-29 01:24:06,801645,0.08117580553985304,0.05326237670099521,0.3688577153324662,0.7273067189717165,0.0,0.0,0.5127103515667322,26.5,LOW,Routine (3+ months),"Frequent altitude changes, Speed instability, Declining fuel efficiency",✅ Continue routine maintenance schedule | 📊 Monitor for changes | 🔧 Check pressurization system | 🔧 Inspect throttle control system | ⛽ Engine performance check needed,53503.8,3
801643,3,2.2041666666666666,1017.6796296177716,10160.0,152.40605555555555,AXB1091,0,12.550672280380512,0,65.03333170952261,15450457.808700003,6084.238421666666,0,2025-12-30 09:48:34,801643,0.20367439231204074,0.14259754109223025,0.24179644232833405,0.5312062341964141,0.0,0.0,0.4558928769882318,25.3,LOW,Routine (3+ months),"Frequent altitude changes, Speed instability, Declining fuel efficiency",✅ Continue routine maintenance schedule | 📊 Monitor for changes | 🔧 Check pressurization system | 🔧 Inspect throttle control system | ⛽ Engine performance check needed,44510.18,3
801641,1,1.8336111111111113,1183.39750392312,10363.2,188.13916666666668,AXB2807,0,12.94162143597639,0,88.592105962847,6695294.673900002,473.7234083333335,0,2025-12-29 08:44:04,801641,0.16596947427925385,0.1658179738327868,0.24938934276955504,0.1733053249647406,0.0,0.0,0.19749262862221031,17.0,LOW,Routine (3+ months),Normal wear and tear,✅ Continue routine maintenance schedule | 📊 Monitor for changes,28511.83,3
80163d,5,4.188888888888889,2449.5263244299435,10425.684,170.0427333333333,IGO1808,0,20.917436238647145,0,61.62498587228271,14997202.263600001,7831.829032,1,2025-12-30 09:18:35,80163d,0.405624646693047,0.3432282818076944,0.40429329093639976,0.5829852470180178,0.0,0.0,0.44257558650192286,38.3,LOW,Routine (3+ months),"Frequent altitude changes, Speed instability, Declining fuel efficiency, High flight hours, Extensive mileage",✅ Continue routine maintenance schedule | 📊 Monitor for changes | 🔧 Check pressurization system | 🔧 Inspect throttle control system | ⛽ Engine performance check needed | 🕐 Review airframe hours for scheduled maintenance,45524.5,3
801670,1,0.335,137.43323607446234,9311.64,155.14333333333337,AXB2882,0,9.88211247412773,0,69.89431253069256,15304924.2288,4284.787033333334,0,2025-12-29 16:21:38,801670,0.01348219332956473,0.01925718168882575,0.18996845231915202,0.45735903667471134,0.0,0.0,0.4515472685523562,15.9,LOW,Routine (3+ months),"Frequent altitude changes, Declining fuel efficiency",✅ Continue routine maintenance schedule | 📊 Monitor for changes | 🔧 Check pressurization system | ⛽ Engine performance check needed,43501.37,3
80166d,9,4.2027777777777775,2035.0439025702913,9670.868571428571,152.3112037037037,AXB1176,0,17.114199244363537,2,76.46476452446487,12322891.206702856,2155.8128527777785,1,2025-12-30 09:08:33,80166d,0.4070378745053704,0.2851508943244275,0.3304279316214545,0.3575418425648633,0.0,0.0,0.363528991648349,31.5,LOW,Routine (3+ months),High flight hours,✅ Continue routine maintenance schedule | 📊 Monitor for changes | 🕐 Review airframe hours for scheduled maintenance,37520.35,3
80166c,3,4.593055555555556,3843.735325421302,11478.26,228.4895202020202,AIC2015,0,15.824096578093204,0,86.38437907008053,8282901.000147272,1185.5725162409815,0,2025-12-29 16:01:36,80166c,0.44674957603165644,0.5385852188279368,0.30537193402244694,0.20684473808360604,0.0,0.0,0.24434029612298963,33.6,LOW,Routine (3+ months),"High flight hours, Extensive mileage",✅ Continue routine maintenance schedule | 📊 Monitor for changes | 🕐 Review airframe hours for scheduled maintenance,29538.44,3
80166a,8,4.8341666666666665,2401.6523302048427,9592.627499999999,159.01860416666668,AKJ1378,0,15.970999833097135,0,70.8912230147121,10450853.735347502,6103.915889107143,1,2025-12-30 09:08:33,80166a,0.4712832108535897,0.3365201649700536,0.30822504618235436,0.442214141409083,0.0,0.0,0.3084294335455272,34.4,LOW,Routine (3+ months),"Speed instability, High flight hours, Extensive mileage",✅ Continue routine maintenance schedule | 📊 Monitor for changes | 🔧 Inspect throttle control system | 🕐 Review airframe hours for scheduled maintenance,37024.02,3
801669,5,3.6891666666666665,2156.9138171232385,10791.444,195.644,IGO5237,0,14.02448061266646,0,83.01428501318809,8004698.5067,2975.3709711111114,1,2025-12-30 08:38:36,801669,0.354776710005653,0.3022273392513025,0.2704203177768762,0.2580426363353736,0.0,0.0,0.23618746488997633,26.6,LOW,Routine (3+ months),"High flight hours, Extensive mileage",✅ Continue routine maintenance schedule | 📊 Monitor for changes | 🕐 Review airframe hours for scheduled maintenance,30521.57,3
801667,5,5.254166666666666,3484.867246463083,10919.460000000001,211.87345897435898,AIC2239,0,9.711622507541225,0,86.94208629561848,5167306.784472461,2669.6173804395594,1,2025-12-30 08:48:37,801667,0.5140192198982477,0.4883005279029993,0.18665724592827146,0.19837214435021433,0.0,0.0,0.1524891795730533,30.9,LOW,Routine (3+ months),"High flight hours, Extensive mileage",✅ Continue routine maintenance schedule | 📊 Monitor for changes | 🕐 Review airframe hours for scheduled maintenance,30534.85,3
801666,1,0.8327777777777778,313.24702693069025,10187.94,129.14,AIC105,0,38.26380985053719,0,46.1441746625601,19447291.7505,12160.9946,0,2025-12-29 04:04:06,801666,0.06413227812323348,0.04389225694882477,0.7411894984510442,0.8181671095388052,0.0,0.0,0.5739592898291392,35.3,LOW,Routine (3+ months),"Frequent altitude changes, Speed instability, Declining fuel efficiency",✅ Continue routine maintenance schedule | 📊 Monitor for changes | 🔧 Check pressurization system | 🔧 Inspect throttle control system | ⛽ Engine performance check needed,62503.13,3
801663,4,1.8358333333333332,1069.7741457756729,9227.82,174.04633333333334,IGO1085,0,18.663499425863247,0,76.8325911229201,9711423.319050003,4390.420438333334,1,2025-12-30 04:18:35,801663,0.16619559072922557,0.14989703858860468,0.3605179877408056,0.3519538831654838,0.0,0.0,0.2865692898497933,22.5,LOW,Routine (3+ months),Normal wear and tear,✅ Continue routine maintenance schedule | 📊 Monitor for changes,35010.7,3
801662,6,4.499722222222222,2204.7004273137727,9441.18,144.78986904761908,IGO2026,0,22.225093070955584,1,65.57482348847589,11778263.21762,7944.636489484127,1,2025-12-30 09:58:35,801662,0.43725268513284354,0.30892321181471666,0.42969022042680094,0.522979982781763,0.0,0.0,0.347635854838041,37.0,LOW,Routine (3+ months),"Speed instability, Declining fuel efficiency, High flight hours, Extensive mileage",✅ Continue routine maintenance schedule | 📊 Monitor for changes | 🔧 Inspect throttle control system | ⛽ Engine performance check needed | 🕐 Review airframe hours for scheduled maintenance,46022.05,3
801661,3,2.9991666666666665,2300.506218914135,11054.08,197.4608333333333,IGO062,1,25.492265962381897,1,66.68393920336415,14243297.504131429,6570.305050952381,1,2025-12-30 08:58:35,801661,0.2845675522894291,0.3223475448828134,0.49314429913185703,0.5061304846485726,0.3333333333333333,0.3333333333333333,0.4203018509848336,38.6,LOW,Routine (3+ months),"Frequent altitude changes, Speed instability, Repeated high-risk operations, Declining fuel efficiency, Extensive mileage",✅ Continue routine maintenance schedule | 📊 Monitor for changes | 🔧 Check pressurization system | 🔧 Inspect throttle control system | ⛽ Engine performance check needed,44523.01,3
801660,1,0.33083333333333337,269.9740287683982,10058.4,224.11,VTZTT,0,4.230414976221527,0,99.32762875091024,498599.0027999994,8.381700000000013,0,2025-12-29 15:51:45,801660,0.013058224985867726,0.03782883290647752,0.08020283238810853,0.010213080622571646,0.0,0.0,0.01470649478481588,3.0,LOW,Routine (3+ months),Normal wear and tear,✅ Continue routine maintenance schedule | 📊 Monitor for changes,18502.7,3
80165e,5,2.188611111111111,1291.0900891304252,7648.956,170.4794,AXB2653,0,12.206030057479607,1,86.47064344246016,5175311.520324,2217.0562039999995,1,2025-12-30 09:58:35,80165e,0.20209157716223855,0.1809078875910046,0.23510290162394468,0.2055342243456253,0.0,0.0,0.15271193202503464,18.0,LOW,Routine (3+ months),Normal wear and tear,✅ Continue routine maintenance schedule | 📊 Monitor for changes,30512.91,3
80165d,2,1.3333333333333333,668.4385199571649,8602.98,136.20291666666668,AXB1131,0,23.853188434362,0,64.28984792825588,12965332.940249998,7735.028559166667,0,2025-12-30 09:38:37,80165d,0.1150650084793669,0.09366178367255083,0.46131061358078157,0.5425011139067546,0.0,0.0,0.3826424604955969,25.9,LOW,Routine (3+ months),"Frequent altitude changes, Speed instability, Declining fuel efficiency",✅ Continue routine maintenance schedule | 📊 Monitor for changes | 🔧 Check pressurization system | 🔧 Inspect throttle control system | ⛽ Engine performance check needed,44006.68,3
80165c,1,0.5005555555555555,408.9222925588699,11277.6,261.73,AXB842,0,0.1008692458040911,0,99.96284902307774,0.0,9.351299999999888,0,2025-12-29 06:24:05,80165c,0.030327868852459017,0.05729830068289122,0.0,0.0005629218101258493,0.0,0.0,2.7581790594448617e-07,1.9,LOW,Routine (3+ months),Normal wear and tear,✅ Continue routine maintenance schedule | 📊 Monitor for changes,18504.09,3
80165a,3,4.203611111111111,2083.934872411004,10058.400000000001,131.92240079365078,AIC1832,0,20.479698452400548,0,59.684467574370125,16166783.618158242,7717.11196452381,0,2025-12-30 00:38:34,80165a,0.40712266817410975,0.29200151005653024,0.39579167536118526,0.6124652724104938,0.0,0.0,0.4770691691080467,37.9,LOW,Routine (3+ months),"Frequent altitude changes, Speed instability, Declining fuel efficiency, High flight hours",✅ Continue routine maintenance schedule | 📊 Monitor for changes | 🔧 Check pressurization system | 🔧 Inspect throttle control system | ⛽ Engine performance check needed | 🕐 Review airframe hours for scheduled maintenance,54520.84,3
801686,3,4.8566666666666665,3277.052928766542,10363.2,169.1140972222222,AXB102,0,24.07560513799152,1,79.77941839575017,5445311.455396364,6163.9819354166675,0,2025-12-30 08:08:33,801686,0.4735726399095535,0.4591815302883803,0.46563032590897285,0.3071861822251114,0.0,0.0,0.16079203313257748,36.6,LOW,Routine (3+ months),"Speed instability, High flight hours, Extensive mileage",✅ Continue routine maintenance schedule | 📊 Monitor for changes | 🔧 Inspect throttle control system | 🕐 Review airframe hours for scheduled maintenance,34532.77,3
801685,3,1.5258333333333334,1160.6806604036678,11074.4,223.00733333333335,AXB1226,0,6.729415721037358,0,89.91794565085219,6832913.7535,493.4679455555559,0,2025-12-29 17:01:38,801685,0.13465234595816847,0.16263488366081635,0.12873769577463465,0.15316339292998993,0.0,0.0,0.20155230505759256,13.5,LOW,Routine (3+ months),Normal wear and tear,✅ Continue routine maintenance schedule | 📊 Monitor for changes,29511.61,3
801681,1,1.0,763.9697701850363,11582.4,212.09333333333328,AXB2893,0,1.3880154934632287,0,99.83705919016847,0.0,70.94590666666667,0,2025-12-29 15:51:45,801681,0.08114754098360658,0.10704764793032072,0.024998578899271165,0.0024738996515970557,0.0,0.0,2.092559474311935e-06,4.7,LOW,Routine (3+ months),Normal wear and tear,✅ Continue routine maintenance schedule | 📊 Monitor for changes,23507.64,3
801680,5,3.0372222222222214,2049.1933839166268,10546.080000000002,190.60123333333334,AXB2835,0,22.248409476381216,0,67.12978845255205,18430965.976703998,4083.1456816666664,1,2025-12-30 09:38:37,801680,0.28843979649519497,0.2871335234239955,0.4301430648504553,0.4993572183508961,0.0,0.0,0.543744361203278,34.5,LOW,Routine (3+ months),"Frequent altitude changes, Declining fuel efficiency, High flight hours",✅ Continue routine maintenance schedule | 📊 Monitor for changes | 🔧 Check pressurization system | ⛽ Engine performance check needed | 🕐 Review airframe hours for scheduled maintenance,45520.49,3
80167d,3,1.496111111111111,800.0840175458801,7713.9800000000005,148.11277777777775,AXB1059,0,14.204947893022279,0,74.83415544789203,12522941.40568,3718.1231877777777,0,2025-12-29 17:53:07,80167d,0.13162803843979648,0.11210798590130584,0.27392530064491977,0.38231377954390566,0.0,0.0,0.36947558090660076,20.4,LOW,Routine (3+ months),Frequent altitude changes,✅ Continue routine maintenance schedule | 📊 Monitor for changes | 🔧 Check pressurization system,34508.0,3
80167c,5,2.7566666666666664,2024.960470059502,10418.064,199.39066666666665,AXB1583,0,5.8382950940920075,0,86.68221892102659,5807481.28824,2371.66328,1,2025-12-30 09:08:33,80167c,0.2598925946862634,0.28373800107201164,0.11143061094105429,0.20232000550147777,0.0,0.0,0.171362428211442,19.1,LOW,Routine (3+ months),Normal wear and tear,✅ Continue routine maintenance schedule | 📊 Monitor for changes,30520.25,3
80167a,1,0.8286111111111112,215.1038238501064,5181.6,120.634,VTVSG,0,43.85858619246276,1,70.66232822471746,959359.3716000002,12005.91148,0,2025-12-30 06:48:37,80167a,0.06370830977953648,0.03014040516078908,0.8498496122972838,0.4456914722997559,0.0,0.0,0.028650555354474982,26.2,LOW,Routine (3+ months),Speed instability,✅ Continue routine maintenance schedule | 📊 Monitor for changes | 🔧 Inspect throttle control system,42502.15,3
801678,2,1.1641666666666666,831.8250859297009,10058.400000000001,210.3,IGO86U,0,1.3213697880115802,0,99.98086512786931,0.0,2.470274999999988,0,2025-12-30 05:08:39,801678,0.09785189372526852,0.11655555286781097,0.023704205451762328,0.0002892241968127651,0.0,0.0,7.286110782533129e-08,5.3,LOW,Routine (3+ months),Normal wear and tear,✅ Continue routine maintenance schedule | 📊 Monitor for changes,19008.32,3
801675,4,3.6902777777777778,209.81964306721915,144.78,42.758854166666666,VTHLX,0,27.386561633991786,4,76.32158559383493,639.1404267857142,301.3448203869048,1,2025-12-30 09:08:33,801675,0.35488976823063884,0.02939998434032955,0.5299347570082709,0.35971699263439816,0.0,0.0,2.7739744361408293e-05,25.5,LOW,Routine (3+ months),High flight hours,✅ Continue routine maintenance schedule | 📊 Monitor for changes | 🕐 Review airframe hours for scheduled maintenance,35002.1,3
801674,2,1.9244444444444444,889.0846037627929,10363.2,113.37541666666667,AIC1843,0,27.717635894794974,0,51.6809345625456,18273223.29219,10112.50137833333,0,2025-12-29 17:23:08,801674,0.17521198417184855,0.12457877177629234,0.5363647847112286,0.7340535906819124,0.0,0.0,0.5392695552770148,34.0,LOW,Routine (3+ months),"Frequent altitude changes, Speed instability, Declining fuel efficiency",✅ Continue routine maintenance schedule | 📊 Monitor for changes | 🔧 Check pressurization system | 🔧 Inspect throttle control system | ⛽ Engine performance check needed,54008.89,3
801673,3,1.3919444444444444,1024.17942387597,10464.8,211.322,AXB1782,0,7.209947539387557,0,90.93312693085612,5395000.5003,792.2321988888888,0,2025-12-30 08:48:37,801673,0.12102882984737141,0.14350829399702467,0.13807044455627807,0.13774093082557415,0.0,0.0,0.15914966393852603,12.3,LOW,Routine (3+ months),Normal wear and tear,✅ Continue routine maintenance schedule | 📊 Monitor for changes,29510.24,3
801672,5,4.163333333333333,2115.382497241252,10546.08,138.30410952380953,AIC2402,0,22.76228510451616,0,58.00217090166458,17639177.753832,7867.068419380953,1,2025-12-30 09:58:35,801672,0.403024307518372,0.2964079596340546,0.44012340737773725,0.638022438597685,0.0,0.0,0.5205020637752956,39.6,LOW,Routine (3+ months),"Frequent altitude changes, Speed instability, Declining fuel efficiency, High flight hours, Extensive mileage",✅ Continue routine maintenance schedule | 📊 Monitor for changes | 🔧 Check pressurization system | 🔧 Inspect throttle control system | ⛽ Engine performance check needed | 🕐 Review airframe hours for scheduled maintenance,55521.15,3
801671,2,2.524166666666667,1528.3145126132688,10527.029999999999,177.96516666666668,AIC1755,0,13.781432961685223,0,68.53396979806736,9618317.053650001,7845.4023050000005,0,2025-12-29 15:51:45,801671,0.23623516110797066,0.21414783707135399,0.2656999172082642,0.478025133120903,0.0,0.0,0.2839250126595203,25.5,LOW,Routine (3+ months),"Speed instability, Declining fuel efficiency",✅ Continue routine maintenance schedule | 📊 Monitor for changes | 🔧 Inspect throttle control system | ⛽ Engine performance check needed,44015.28,3
06a0b2,1,1.166388888888889,1186.4068207332236,12496.8,290.9375,QTR926,0,5.321291336808679,0,99.6755322585382,100219.1543999998,41.507707142857065,0,2025-12-29 08:24:06,06a0b2,0.09807801017524027,0.16623964010672945,0.10138951480207883,0.00492778944544825,0.0,0.0,0.0029572023003218923,7.9,LOW,Routine (3+ months),Normal wear and tear,✅ Continue routine maintenance schedule | 📊 Monitor for changes,18511.86,3
06a0ad,1,0.4997222222222222,319.2587348865935,12192.0,204.97,QTR2C,0,12.205381240744735,0,87.4912691163326,9538122.8592,9.813099999999986,0,2025-12-30 09:58:35,06a0ad,0.030243075183719617,0.04473461907078095,0.23509030049461122,0.19002905193146236,0.0,0.0,0.28132856183573446,12.0,LOW,Routine (3+ months),Normal wear and tear,✅ Continue routine maintenance schedule | 📊 Monitor for changes,28503.19,3
06a0aa,2,1.8347222222222221,1677.0602666737109,12039.6,237.15775,QTR648,0,13.290643060334762,0,74.9528402748501,12831487.516697142,3358.4067099999997,0,2025-12-30 08:58:35,06a0aa,0.1660825325042397,0.2349901317971462,0.2561679389313683,0.3805107397497489,0.0,0.0,0.3785655818671549,23.5,LOW,Routine (3+ months),Frequent altitude changes,✅ Continue routine maintenance schedule | 📊 Monitor for changes | 🔧 Check pressurization system,34016.77,3
06a0a9,1,0.6713888888888888,557.9557526877261,12496.8,235.91800000000003,QTR66U,0,13.766161995218608,0,89.42991258054228,7347933.691199998,413.57762,0,2025-12-30 07:38:20,06a0a9,0.047710570944036176,0.07818090885971378,0.26540332895282853,0.16057750869513399,0.0,0.0,0.2167405340261611,12.6,LOW,Routine (3+ months),Normal wear and tear,✅ Continue routine maintenance schedule | 📊 Monitor for changes,28505.58,3
06a0a8,2,0.8336111111111111,822.4325694420634,12344.4,270.03208333333333,QTR850,0,3.4408781909424877,0,99.91122850493616,7.25804999999806,37.307329166666726,0,2025-12-30 09:28:35,06a0a8,0.06421707179197288,0.11523947095280951,0.0648686792904554,0.001347131980791727,0.0,0.0,1.3144621132218684e-06,5.2,LOW,Routine (3+ months),Normal wear and tear,✅ Continue routine maintenance schedule | 📊 Monitor for changes,19008.22,3
06a0a6,2,1.1677777777777778,1039.4859620954162,12496.8,262.63599999999997,QTR936,0,4.195305685172315,0,99.76900858158675,115261.70495999997,34.36913500000007,0,2025-12-30 01:48:39,06a0a6,0.0982193329564726,0.14565305021421163,0.07952094998042766,0.003507712974110233,0.0,0.0,0.0034006738871069898,7.0,LOW,Routine (3+ months),Normal wear and tear,✅ Continue routine maintenance schedule | 📊 Monitor for changes,19010.39,3
06a0a5,1,1.1672222222222222,1137.6089881408875,12496.8,272.31166666666667,QTR974,0,3.2556628820610456,0,99.86337535819848,9.677399999997412,59.32525666666677,0,2025-12-30 02:18:37,06a0a5,0.09816280384397966,0.15940207479070664,0.061271481597616556,0.002074108883021508,0.0,0.0,2.0352430428288985e-06,6.9,LOW,Routine (3+ months),Normal wear and tear,✅ Continue routine maintenance schedule | 📊 Monitor for changes,23511.38,3
06a093,1,0.998611111111111,731.0939971583081,9761.22,219.6828571428572,QTR6Y,0,1.7851934186962808,0,99.80410055169924,90046.82451428572,18.520190476190493,0,2025-12-30 04:28:41,06a093,0.08100621820237423,0.10244108584665351,0.03271245268715222,0.0029746017063108088,0.0,0.0,0.002656489982637285,4.8,LOW,Routine (3+ months),Normal wear and tear,✅ Continue routine maintenance schedule | 📊 Monitor for changes,18507.31,3
06a08d,1,0.4986111111111111,342.5512861513267,10058.4,191.845,QTR55P,0,8.477361182562754,0,67.96541030175612,17635242.148799997,3822.2975000000006,0,2025-12-30 01:38:40,06a08d,0.030130016958733755,0.04799837756554729,0.16268578256821647,0.4866625927142594,0.0,0.0,0.5202666814665726,17.5,LOW,Routine (3+ months),"Frequent altitude changes, Declining fuel efficiency",✅ Continue routine maintenance schedule | 📊 Monitor for changes | 🔧 Check pressurization system | ⛽ Engine performance check needed,43503.43,3
06a07f,1,1.5008333333333332,1104.7380534767458,10363.2,214.306,QTR8906,0,5.371716334964901,0,99.10540904932056,594579.4560000007,38.86520444444438,0,2025-12-30 05:58:33,06a07f,0.13210853589598645,0.15479619065969533,0.10236885440486011,0.013589004700494067,0.0,0.0,0.01753835083794102,8.8,LOW,Routine (3+ months),Normal wear and tear,✅ Continue routine maintenance schedule | 📊 Monitor for changes,23511.05,3
06a07d,2,1.0,902.0461171063426,10515.599999999999,250.398,QTR85N,0,1.1599545068765196,0,99.9943326679721,2.481541837659083e-24,1.4979649999999944,0,2025-12-30 00:48:35,06a07d,0.08114754098360658,0.12639494248250813,0.020569244954195435,8.462760803973346e-05,0.0,0.0,4.4182687912711136e-08,5.0,LOW,Routine (3+ months),Normal wear and tear,✅ Continue routine maintenance schedule | 📊 Monitor for changes,19009.02,3
06a07c,2,0.6672222222222222,621.22669354956,10515.6,264.72333333333336,QTR840,0,2.5924218524680103,0,99.84350864580603,0.0,66.82266666666672,0,2025-12-30 01:58:37,06a07c,0.04728660260033918,0.08704644996608149,0.04839020782032154,0.002375920613642446,0.0,0.0,1.9709439318198168e-06,3.9,LOW,Routine (3+ months),Normal wear and tear,✅ Continue routine maintenance schedule | 📊 Monitor for changes,24006.21,3
06a07b,1,1.0016666666666667,975.135316303948,10668.0,276.31800000000004,QTR52U,0,2.709026034680892,0,99.86922760198578,74322.43200000009,13.882869999999988,0,2025-12-30 00:38:34,06a07b,0.08131712832108538,0.13663622056517274,0.05065486022818502,0.0019852025863695832,0.0,0.0,0.002192560040109251,5.8,LOW,Routine (3+ months),Normal wear and tear,✅ Continue routine maintenance schedule | 📊 Monitor for changes,18509.75,3
06a07a,2,1.0,921.0787030486704,10210.8,257.54125,QTR31J,0,1.3206080895710557,0,99.88314179281957,46451.51999999978,24.403295833333267,0,2025-12-30 05:18:34,06a07a,0.08114754098360658,0.1290617935002708,0.023689411966874706,0.0017738205553230468,0.0,0.0,0.0013708138804544186,5.1,LOW,Routine (3+ months),Normal wear and tear,✅ Continue routine maintenance schedule | 📊 Monitor for changes,19009.21,3
06a079,1,1.3341666666666667,1220.5427676455054,11277.6,270.96714285714285,QTR970,0,2.2203418386541443,0,99.6587787134688,3.8601761919141294e-24,148.15575714285703,0,2025-12-29 08:54:06,06a079,0.11514980214810631,0.17102277809129787,0.04116377834575024,0.0051823064652521955,0.0,0.0,4.3698748504232746e-06,7.2,LOW,Routine (3+ months),Normal wear and tear,✅ Continue routine maintenance schedule | 📊 Monitor for changes,28512.21,3
8016ad,4,1.5944444444444443,763.0555159673434,8980.17,155.59229166666665,AXB2967,0,10.071382617038266,0,70.6382165532742,13441729.5681,4968.9134979166665,1,2025-12-30 10:08:34,8016ad,0.1416336913510458,0.10691954238552841,0.19364440181551285,0.44605777272947444,0.0,0.0,0.3966122589438136,20.2,LOW,Routine (3+ months),Frequent altitude changes,✅ Continue routine maintenance schedule | 📊 Monitor for changes | 🔧 Check pressurization system,35007.63,3
8016a9,5,4.558333333333334,2346.122912466956,9395.460000000001,148.6718154761905,IGO6346,0,20.21970612712222,1,68.00805347561695,12588158.888148,6635.411636964285,0,2025-12-30 05:48:34,8016a9,0.4432165065008481,0.3287393681482877,0.3907421802719555,0.4860147648377662,0.0,0.0,0.371485225537442,36.5,LOW,Routine (3+ months),"Frequent altitude changes, Speed instability, Declining fuel efficiency, High flight hours, Extensive mileage",✅ Continue routine maintenance schedule | 📊 Monitor for changes | 🔧 Check pressurization system | 🔧 Inspect throttle control system | ⛽ Engine performance check needed | 🕐 Review airframe hours for scheduled maintenance,45523.46,3
8016a7,3,2.689722222222222,1041.8572345490618,8923.019999999999,118.64005952380954,AIC1828,0,30.34636583515875,1,61.8724443342282,14023616.468839997,7920.942431150794,0,2025-12-29 23:28:38,8016a7,0.25308083663086495,0.14598531354277663,0.5874192106854111,0.5792258999664679,0.0,0.0,0.41386216525601477,33.8,LOW,Routine (3+ months),"Frequent altitude changes, Speed instability, Declining fuel efficiency",✅ Continue routine maintenance schedule | 📊 Monitor for changes | 🔧 Check pressurization system | 🔧 Inspect throttle control system | ⛽ Engine performance check needed,53510.42,3
8016a6,5,3.1658333333333335,1822.1461801622418,9881.616,176.14640000000003,AIC1705,0,17.372783826670005,0,70.33053115730084,10319874.456983998,7118.361680666667,1,2025-12-30 08:48:37,8016a6,0.3015262860373093,0.25531960868601256,0.33545008593739145,0.45073207716450403,0.0,0.0,0.3045961025683989,29.2,LOW,Routine (3+ months),"Speed instability, High flight hours",✅ Continue routine maintenance schedule | 📊 Monitor for changes | 🔧 Inspect throttle control system | 🕐 Review airframe hours for scheduled maintenance,35518.22,3
8016a5,4,3.000555555555555,1835.1590087607683,10685.145,188.533625,IGO072,0,23.185057874126326,0,61.73898135212047,13948847.102250002,8866.439281250001,1,2025-12-30 09:08:33,8016a5,0.2847088750706614,0.25714296969944017,0.4483343767658576,0.5812534469912622,0.0,0.0,0.411684719856939,34.1,LOW,Routine (3+ months),"Frequent altitude changes, Speed instability, Declining fuel efficiency, High flight hours",✅ Continue routine maintenance schedule | 📊 Monitor for changes | 🔧 Check pressurization system | 🔧 Inspect throttle control system | ⛽ Engine performance check needed | 🕐 Review airframe hours for scheduled maintenance,45018.35,3
8016a4,7,4.6658333333333335,2779.6486716871577,10319.657142857144,190.63071428571428,IGO6004,0,12.74948194373379,0,76.51162919388844,9542742.158717142,4100.907400986394,1,2025-12-30 09:38:37,8016a4,0.45415488976823076,0.38948511314090556,0.2456576656075947,0.3568298824426098,0.0,0.0,0.2815854761238942,32.2,LOW,Routine (3+ months),"High flight hours, Extensive mileage",✅ Continue routine maintenance schedule | 📊 Monitor for changes | 🕐 Review airframe hours for scheduled maintenance,36527.8,3
8016a2,5,3.1991666666666663,1623.8204665637866,11135.868,164.70401666666666,AKJ359M,1,21.46454623822867,1,66.38343473876611,13206938.811876003,6661.466489833333,1,2025-12-30 09:28:35,8016a2,0.30491803278688523,0.22753015680799518,0.41491910172984503,0.5106956975901006,0.2,0.2,0.38973699472441137,34.0,LOW,Routine (3+ months),"Frequent altitude changes, Speed instability, Declining fuel efficiency, High flight hours",✅ Continue routine maintenance schedule | 📊 Monitor for changes | 🔧 Check pressurization system | 🔧 Inspect throttle control system | ⛽ Engine performance check needed | 🕐 Review airframe hours for scheduled maintenance,45516.24,3
80169e,6,3.6663888888888883,1909.4694758698802,10434.32,177.85474603174603,AKJ471G,0,16.293431055802703,0,73.95498522226802,13497443.327640003,4076.7201870634913,1,2025-12-30 09:28:35,80169e,0.3524590163934426,0.26755537216754727,0.314487211320972,0.395669984741035,0.0,0.0,0.3982292287338878,30.4,LOW,Routine (3+ months),"Frequent altitude changes, High flight hours",✅ Continue routine maintenance schedule | 📊 Monitor for changes | 🔧 Check pressurization system | 🕐 Review airframe hours for scheduled maintenance,36019.09,3
80169c,3,2.1669444444444443,1597.2477744730347,10360.659999999998,191.23194444444445,IGO078,0,18.4105932141462,0,69.93024340162553,16460281.595500002,4655.033310555555,1,2025-12-30 09:28:35,80169c,0.19988694177501415,0.22380678410595403,0.35560611708180134,0.45681318096769885,0.0,0.0,0.48563561670219646,28.3,LOW,Routine (3+ months),"Frequent altitude changes, Declining fuel efficiency",✅ Continue routine maintenance schedule | 📊 Monitor for changes | 🔧 Check pressurization system | ⛽ Engine performance check needed,44515.97,3
801699,3,3.791944444444445,2294.364059139791,11684.0,200.67848484848483,AXB1221,0,19.258449755664568,1,73.52189438622243,7422774.75363879,4512.280365050505,0,2025-12-29 17:23:08,801699,0.36523459581684575,0.321486903817269,0.3720729394704434,0.40224942738664515,0.0,0.0,0.21906887347936624,31.2,LOW,Routine (3+ months),"High flight hours, Extensive mileage",✅ Continue routine maintenance schedule | 📊 Monitor for changes | 🕐 Review airframe hours for scheduled maintenance,34522.94,3
801698,4,1.3344444444444443,831.030602010233,8745.855,183.30666666666664,AXB1089,0,8.918787249367574,0,88.81387949029768,4645548.773400001,2204.8500499999996,0,2025-12-30 07:58:34,801698,0.11517806670435274,0.11644422956914577,0.17125903085238312,0.1699361790887869,0.0,0.0,0.1370861454306773,12.6,LOW,Routine (3+ months),Normal wear and tear,✅ Continue routine maintenance schedule | 📊 Monitor for changes,30008.31,3
801697,1,1.2025000000000001,1036.8930682432388,10668.0,218.1911111111112,AXB2883,0,12.360598035041244,0,70.69186503525515,15232745.3409,4064.154536111111,0,2025-12-29 17:23:08,801697,0.10175240248728097,0.14528973323618335,0.23810487578919792,0.44524275407555747,0.0,0.0,0.44941183453704847,21.4,LOW,Routine (3+ months),Frequent altitude changes,✅ Continue routine maintenance schedule | 📊 Monitor for changes | 🔧 Check pressurization system,33510.37,3
80168a,6,3.000833333333333,1906.5185225472924,11113.769999999999,194.27566666666667,AXB1176,0,15.99236019331888,0,68.52268953654077,15382968.91142,4652.586969444445,1,2025-12-30 08:08:33,80168a,0.2847371396269079,0.2671418838010394,0.30863990086673176,0.47819650094391986,0.0,0.0,0.4538600557304529,30.3,LOW,Routine (3+ months),"Frequent altitude changes, Declining fuel efficiency, High flight hours",✅ Continue routine maintenance schedule | 📊 Monitor for changes | 🔧 Check pressurization system | ⛽ Engine performance check needed | 🕐 Review airframe hours for scheduled maintenance,46019.07,3
801689,3,1.6677777777777778,888.8607542615073,10342.88,166.63166666666666,AXB1237,0,31.341194894610435,1,56.96677914089687,18823884.287639998,7644.756616666668,1,2025-12-30 08:38:36,801689,0.14909553420011307,0.12454740592447704,0.6067404904383679,0.6537519349036083,0.0,0.0,0.5554385921443763,33.7,LOW,Routine (3+ months),"Frequent altitude changes, Speed instability, Declining fuel efficiency",✅ Continue routine maintenance schedule | 📊 Monitor for changes | 🔧 Check pressurization system | 🔧 Inspect throttle control system | ⛽ Engine performance check needed,63508.89,3
8016c8,2,1.1669444444444443,743.1120086851797,10134.599999999999,185.51274999999998,AXB1891,0,5.789657846729074,0,87.73090258876294,6722594.6193,1392.9315891666668,0,2025-12-30 07:58:34,8016c8,0.09813453928773319,0.10412505282670757,0.11048599251260695,0.18638858079561538,0.0,0.0,0.1983249565176036,11.5,LOW,Routine (3+ months),Normal wear and tear,✅ Continue routine maintenance schedule | 📊 Monitor for changes,29007.43,3
8016c7,4,3.3361111111111112,1665.3466272693856,9675.495,181.41025,AXB1348,0,10.734346143653744,2,77.92515584295919,7247557.389020456,2885.900821893939,0,2025-12-29 18:45:15,8016c7,0.31885245901639353,0.23334881352007192,0.20652028601093878,0.33535582494344973,0.0,0.0,0.21385284242550148,23.9,LOW,Routine (3+ months),High flight hours,✅ Continue routine maintenance schedule | 📊 Monitor for changes | 🕐 Review airframe hours for scheduled maintenance,35016.65,3
8016c6,4,2.9936111111111106,1692.2428841784954,10287.0,156.98433333333335,AXB1254,0,12.35267288459259,0,67.1715642887961,13432448.9415,6473.641004166667,0,2025-12-30 06:38:36,8016c6,0.2840022611644997,0.2371175242107482,0.23795095582933354,0.49872256692061,0.0,0.0,0.3963829077087047,28.0,LOW,Routine (3+ months),"Frequent altitude changes, Speed instability, Declining fuel efficiency",✅ Continue routine maintenance schedule | 📊 Monitor for changes | 🔧 Check pressurization system | 🔧 Inspect throttle control system | ⛽ Engine performance check needed,45016.92,3
8016c5,4,3.1672222222222217,2336.8190204385464,10978.515,213.368,IGO077,0,9.322886024765861,0,78.28023528418917,13273862.484480001,1879.0556141666666,0,2025-12-30 00:58:38,8016c5,0.30166760881854154,0.32743570431614716,0.1791073193730269,0.32996151819815056,0.0,0.0,0.39156985996054505,26.5,LOW,Routine (3+ months),"Frequent altitude changes, High flight hours, Extensive mileage",✅ Continue routine maintenance schedule | 📊 Monitor for changes | 🔧 Check pressurization system | 🕐 Review airframe hours for scheduled maintenance,35023.37,3
8016bf,4,2.8638888888888885,1639.846514285211,9229.725,191.53210416666667,IGO193J,0,13.32348321130089,1,74.56314001508292,11623956.216326786,2261.7366837202385,0,2025-12-30 06:58:37,8016bf,0.27080271339739964,0.2297757308884749,0.2568057507623733,0.3864310001078961,0.0,0.0,0.3429169302507231,25.7,LOW,Routine (3+ months),Normal wear and tear,✅ Continue routine maintenance schedule | 📊 Monitor for changes,35016.4,3
8016be,3,1.6963888888888887,1504.3317315018255,10568.94,251.90722222222223,IGO058,0,0.5120764889110035,0,99.93453525482236,8.064499999999384,11.780914444444496,0,2025-12-30 06:48:37,8016be,0.15200678349349916,0.21078736338639925,0.007986347106597149,0.0009930597830699606,0.0,0.0,5.853432843205796e-07,8.2,LOW,Routine (3+ months),Normal wear and tear,✅ Continue routine maintenance schedule | 📊 Monitor for changes,19515.04,3
8016bc,3,1.8583333333333334,1008.7667446473629,10495.28,169.1168253968254,IGO145Y,0,16.879433636475937,1,81.3226409372038,11613271.704285717,2096.698941269841,0,2025-12-30 08:28:35,8016bc,0.1684850197851894,0.14134866527332882,0.32586838247753497,0.28374180669037274,0.0,0.0,0.342596921257136,21.2,LOW,Routine (3+ months),Normal wear and tear,✅ Continue routine maintenance schedule | 📊 Monitor for changes,29510.09,3
8016ba,1,0.4994444444444444,326.7165028955904,10668.0,190.4325,IGO505L,0,32.09658346336284,0,51.54327900567908,22658911.1337,8009.802691666667,0,2025-12-29 10:04:07,8016ba,0.03021481062747315,0.04577960351300534,0.6214114268373258,0.7361448305925105,0.0,0.0,0.6685640142958579,31.8,LOW,Routine (3+ months),"Frequent altitude changes, Speed instability, Declining fuel efficiency",✅ Continue routine maintenance schedule | 📊 Monitor for changes | 🔧 Check pressurization system | 🔧 Inspect throttle control system | ⛽ Engine performance check needed,62503.27,3
8016b9,5,2.3577777777777778,972.6529101358017,7892.795999999999,155.52276190476186,IGO1607,0,14.747233457129772,1,76.59232273687624,10735163.875251427,2899.7526314285715,0,2025-12-30 01:58:37,8016b9,0.21930469191633695,0.13628838515089528,0.28445741266010927,0.3556039998014371,0.0,0.0,0.3167206937796175,22.4,LOW,Routine (3+ months),Normal wear and tear,✅ Continue routine maintenance schedule | 📊 Monitor for changes,35509.73,3
8016b8,6,4.165,3197.0647267423333,10924.54,215.67758333333327,IGO35U,0,12.346918266878035,0,89.62045271491274,5679459.124929999,1248.068309722222,1,2025-12-30 09:28:35,8016b8,0.40319389485585083,0.4479735620898572,0.23783919132298154,0.157682855238081,0.0,0.0,0.16755325594550258,27.8,LOW,Routine (3+ months),"High flight hours, Extensive mileage",✅ Continue routine maintenance schedule | 📊 Monitor for changes | 🕐 Review airframe hours for scheduled maintenance,31031.97,3
8016b7,5,4.001666666666666,2020.9184078332228,10361.676000000001,157.23430714285718,IGO2471,0,16.477589019604,0,64.14398369219364,14745792.701903999,5962.412600595238,1,2025-12-30 05:48:34,8016b7,0.3865743357829282,0.28317162623494657,0.31806387356614296,0.544717058681712,0.0,0.0,0.4351050874946339,34.2,LOW,Routine (3+ months),"Frequent altitude changes, Speed instability, Declining fuel efficiency, High flight hours",✅ Continue routine maintenance schedule | 📊 Monitor for changes | 🔧 Check pressurization system | 🔧 Inspect throttle control system | ⛽ Engine performance check needed | 🕐 Review airframe hours for scheduled maintenance,45520.21,3
8016b5,5,2.8566666666666665,1646.334262103537,9852.66,176.69786666666664,IGO5264,0,14.537354018009134,0,74.25535866115436,10681811.539560001,4938.17722,1,2025-12-30 06:38:36,8016b5,0.27006783493499154,0.23068479584290189,0.28038119542548356,0.39110676231993236,0.0,0.0,0.3152071827697888,26.0,LOW,Routine (3+ months),Normal wear and tear,✅ Continue routine maintenance schedule | 📊 Monitor for changes,35516.46,3
8016b4,1,0.5002777777777777,53.09025063266533,10066.02,101.425,VTFLX,0,43.27720791854321,1,37.12545982004215,17213191.380000003,13497.400166666666,0,2025-12-29 07:34:07,8016b4,0.03029960429621255,0.007439020076516321,0.8385582530773572,0.9551778982806213,0.0,0.0,0.5081036033175069,37.1,LOW,Routine (3+ months),"Frequent altitude changes, Speed instability, Declining fuel efficiency",✅ Continue routine maintenance schedule | 📊 Monitor for changes | 🔧 Check pressurization system | 🔧 Inspect throttle control system | ⛽ Engine performance check needed,62500.53,3
8016af,4,2.5361111111111114,1859.4071980887575,10515.6,211.9673333333333,AXB550,0,6.676451791289537,0,87.35202937210693,7150963.27869,1389.6068625,0,2025-12-30 09:38:37,8016af,0.23745053702656876,0.2605406324544752,0.12770904578321038,0.19214435854816903,0.0,0.0,0.2109596521840939,18.7,LOW,Routine (3+ months),Normal wear and tear,✅ Continue routine maintenance schedule | 📊 Monitor for changes,30018.59,3
8016ae,3,2.1994444444444445,1356.1361957463007,8315.960000000001,145.9598888888889,AXB1081,0,26.794188347001647,1,64.2194351808965,7987039.402233335,8414.074185555555,0,2025-12-30 10:08:34,8016ae,0.2031938948558508,0.19002216539622177,0.518429855852264,0.5435708124415952,0.0,0.0,0.23582702243992248,29.8,LOW,Routine (3+ months),"Speed instability, Declining fuel efficiency",✅ Continue routine maintenance schedule | 📊 Monitor for changes | 🔧 Inspect throttle control system | ⛽ Engine performance check needed,44513.56,3
8016e0,2,1.035277777777778,453.09989140353923,10130.79,159.8995,IGO6794,0,10.482740417211652,0,74.39087445754274,12081302.45025,3371.771673333333,0,2025-12-29 23:58:37,8016e0,0.08473713962690789,0.06348847761408798,0.20163367299753027,0.38904802928819116,0.0,0.0,0.35643916224613115,16.8,LOW,Routine (3+ months),Normal wear and tear,✅ Continue routine maintenance schedule | 📊 Monitor for changes,34004.53,3
8016df,4,1.831111111111111,1215.9427175389565,9204.96,187.21041666666667,IGO263V,0,16.247435961242367,0,77.856688341606,12147478.9308,2779.9331541666666,1,2025-12-30 06:08:34,8016df,0.1657150932730356,0.17037821784364776,0.3135939080134131,0.3363959716303542,0.0,0.0,0.3583735904675617,22.5,LOW,Routine (3+ months),Normal wear and tear,✅ Continue routine maintenance schedule | 📊 Monitor for changes,35012.16,3
8016de,4,2.7269444444444435,1753.9234772322657,9928.86,205.93499999999997,IGO275E,0,9.598074176747506,0,85.95898227560248,6347659.724009999,1584.0047150000003,0,2025-12-30 07:08:35,8016de,0.2568682871678914,0.2457602253581433,0.1844519433751314,0.21330729415255978,0.0,0.0,0.18727183488799543,20.1,LOW,Routine (3+ months),Normal wear and tear,✅ Continue routine maintenance schedule | 📊 Monitor for changes,30017.54,3
8016dd,7,4.56,2177.9537062714335,10057.31142857143,170.13820238095238,IGO238C,0,20.975657557736383,1,71.31720833731752,8676812.020929797,7563.62621712585,1,2025-12-30 00:28:37,8016dd,0.44338609383832683,0.3051754541295698,0.4054240484097785,0.43574264452047395,0.0,0.0,0.2561468785550014,34.4,LOW,Routine (3+ months),"Speed instability, High flight hours, Extensive mileage",✅ Continue routine maintenance schedule | 📊 Monitor for changes | 🔧 Inspect throttle control system | 🕐 Review airframe hours for scheduled maintenance,36521.78,3
8016db,3,0.9941666666666665,623.47450910136,9956.800000000001,192.98555555555552,IGO265P,0,9.959019698361315,0,84.06350185012799,10158018.3936,1112.8557888888886,0,2025-12-30 06:58:37,8016db,0.08055398530243076,0.08736141448063697,0.19146212199066268,0.24210311181325284,0.0,0.0,0.29964500202342653,14.2,LOW,Routine (3+ months),Normal wear and tear,✅ Continue routine maintenance schedule | 📊 Monitor for changes,29506.23,3
8016da,3,2.1888888888888887,815.7872249353809,10243.82,143.63305555555556,IGO092,0,26.297381785246472,1,56.537845979501164,15932424.26412,8302.129092777779,0,2025-12-30 05:28:36,8016da,0.20211984171848502,0.11430832350838283,0.5087810237523384,0.6602682148599595,0.0,0.0,0.47017396223092006,32.1,LOW,Routine (3+ months),"Frequent altitude changes, Speed instability, Declining fuel efficiency",✅ Continue routine maintenance schedule | 📊 Monitor for changes | 🔧 Check pressurization system | 🔧 Inspect throttle control system | ⛽ Engine performance check needed,54508.16,3
8016d7,3,1.8322222222222222,1352.1526405964853,9857.74,212.50699999999998,IGO086,0,6.938910587892903,0,88.1181527456602,6607787.7521399995,1241.7462055555557,1,2025-12-30 07:28:36,8016d7,0.1658281514980215,0.18946398858631322,0.1328064439589261,0.18050554198539048,0.0,0.0,0.19493425262359573,15.2,LOW,Routine (3+ months),Normal wear and tear,✅ Continue routine maintenance schedule | 📊 Monitor for changes,29513.52,3
8016d6,4,1.7033333333333331,1351.0464535110125,10056.495,222.5992083333333,IGO419,0,6.80439895225839,0,97.52816310218748,1322543.7258749995,279.86576375,0,2025-12-29 18:03:07,8016d6,0.15271339739966083,0.1893089893569038,0.13019399821517727,0.03755025805310619,0.0,0.0,0.03901686749219556,11.2,LOW,Routine (3+ months),Normal wear and tear,✅ Continue routine maintenance schedule | 📊 Monitor for changes,30013.51,3
8016d4,3,3.499166666666667,2486.628403564019,10568.94,201.86969841269834,IGO1412,0,18.00700947736615,0,85.74830961051605,3074726.2929314277,5963.6769280952385,1,2025-12-30 08:18:37,8016d4,0.3354437535330696,0.34842703503017525,0.3477678314909393,0.2165077976071933,0.0,0.0,0.09086538303239614,26.5,LOW,Routine (3+ months),"Speed instability, High flight hours, Extensive mileage",✅ Continue routine maintenance schedule | 📊 Monitor for changes | 🔧 Inspect throttle control system | 🕐 Review airframe hours for scheduled maintenance,29524.87,3
8016d3,3,1.6658333333333333,913.7932559751171,7924.799999999999,165.3138888888889,IGO293P,0,13.604071395112769,0,77.48531720257398,10567815.315939998,3240.7356277777776,0,2025-12-30 09:48:34,8016d3,0.14889768230638784,0.12804095471347451,0.26225525260723437,0.34203777908997646,0.0,0.0,0.31179478187687776,19.8,LOW,Routine (3+ months),Normal wear and tear,✅ Continue routine maintenance schedule | 📊 Monitor for changes,34509.14,3
8016d2,9,4.868333333333333,2137.2212044295748,8611.446666666667,153.4575,IGO316J,0,17.995070801482985,1,71.6311357873372,8596984.311373334,7186.290353148148,1,2025-12-30 10:18:36,8016d2,0.4747597512719052,0.29946800510912974,0.3475359620110252,0.43097351185734456,0.0,0.0,0.25378121948363713,33.8,LOW,Routine (3+ months),"Speed instability, High flight hours, Extensive mileage",✅ Continue routine maintenance schedule | 📊 Monitor for changes | 🔧 Inspect throttle control system | 🕐 Review airframe hours for scheduled maintenance,37521.37,3
8016ce,3,1.0366666666666666,717.3432149623809,10325.1,193.715,IGO625L,0,8.05374972888679,0,81.45316597525574,9207896.100300001,2779.873366666667,1,2025-12-30 07:38:20,8016ce,0.0848784624081402,0.10051432257836396,0.1544585245028549,0.2817588924141897,0.0,0.0,0.2716701805513631,14.2,LOW,Routine (3+ months),Normal wear and tear,✅ Continue routine maintenance schedule | 📊 Monitor for changes,29507.17,3
8016cc,1,1.3330555555555557,792.8240080184883,10972.8,164.36666666666667,AXB2807,0,12.687747723849547,0,71.12566924907793,17674263.038499996,2125.8636,0,2025-12-30 08:28:35,8016cc,0.11503674392312042,0.11109071143026128,0.24445868159985834,0.43865247391555306,0.0,0.0,0.5213675715288393,21.8,LOW,Routine (3+ months),Frequent altitude changes,✅ Continue routine maintenance schedule | 📊 Monitor for changes | 🔧 Check pressurization system,33507.93,3
8016cb,1,0.6663888888888888,459.7195118486828,8229.6,181.734,AXB2171,0,11.07672554015203,0,81.91786135395046,9678795.48108,2287.1597300000003,0,2025-12-29 06:34:06,8016cb,0.047201808931599774,0.06441602059615187,0.2131698787611123,0.27469931890827504,0.0,0.0,0.285544891219805,13.7,LOW,Routine (3+ months),Normal wear and tear,✅ Continue routine maintenance schedule | 📊 Monitor for changes,28504.6,3
8016ca,2,3.2286111111111118,2180.8647530079784,10820.400000000001,199.38035714285718,AXB1032,0,14.198388531135553,0,76.21617029248225,7995662.608430112,5536.803767124542,0,2025-12-29 17:01:38,8016ca,0.30791407574901086,0.30558335077459925,0.2737979066320386,0.36131844404249636,0.0,0.0,0.23599649962214042,27.1,LOW,Routine (3+ months),"Speed instability, High flight hours, Extensive mileage",✅ Continue routine maintenance schedule | 📊 Monitor for changes | 🔧 Inspect throttle control system | 🕐 Review airframe hours for scheduled maintenance,34021.81,3
8016c9,4,2.727222222222222,1676.413502833925,8532.495,167.82916666666665,AXB2959,0,18.394409643289485,0,83.05342795158231,8196269.252590001,2495.426498888889,0,2025-12-30 08:18:37,8016c9,0.25689655172413794,0.23489950707543936,0.35529180449015196,0.2574479834433916,0.0,0.0,0.24182371489717386,24.5,LOW,Routine (3+ months),Normal wear and tear,✅ Continue routine maintenance schedule | 📊 Monitor for changes,30016.76,3
801739,1,0.3336111111111111,139.8032820067374,8534.4,133.32000000000002,VTJMR,0,35.56202720392203,1,68.79207102179012,2700720.4049999984,12044.700400000002,0,2025-12-30 09:58:35,801739,0.01334087054833239,0.019589273156889228,0.6887162641290521,0.4741041030345796,0.0,0.0,0.0800133875173195,22.4,LOW,Routine (3+ months),"Speed instability, Declining fuel efficiency",✅ Continue routine maintenance schedule | 📊 Monitor for changes | 🔧 Inspect throttle control system | ⛽ Engine performance check needed,52501.4,3
801738,1,0.335,197.6208860092292,8229.6,201.3333333333333,IGO848,0,14.399221829875888,0,98.31525778852908,915927.2004000004,211.2965333333333,0,2025-12-29 16:21:38,801738,0.01348219332956473,0.02769069124825479,0.27769843236739444,0.025592848857535322,0.0,0.0,0.02702163354606143,7.1,LOW,Routine (3+ months),Normal wear and tear,✅ Continue routine maintenance schedule | 📊 Monitor for changes,28501.98,3
801736,4,3.023888888888889,1834.5755354285536,9220.199999999999,151.07166666666666,IGO5040,0,13.397490778600254,0,76.74579955543831,11305894.13931857,3114.85224672619,1,2025-12-30 09:38:37,801736,0.2870830977953647,0.2570612132605323,0.2582431041428776,0.35327240596218634,0.0,0.0,0.3335608074129739,26.1,LOW,Routine (3+ months),High flight hours,✅ Continue routine maintenance schedule | 📊 Monitor for changes | 🕐 Review airframe hours for scheduled maintenance,35018.35,3
801735,2,0.9983333333333333,749.677011486395,8534.400000000001,205.9075,VTKJR,0,11.764230855414533,0,93.66543110178745,3752486.84985,572.1890916666666,0,2025-12-29 15:51:45,801735,0.08097795364612777,0.10504494276993903,0.226522406415615,0.09623222852389035,0.0,0.0,0.11069700309122033,11.2,LOW,Routine (3+ months),Normal wear and tear,✅ Continue routine maintenance schedule | 📊 Monitor for changes,29007.5,3
801733,5,3.0230555555555556,1862.5995214514833,10797.539999999999,189.17533333333333,IGO770,0,12.970810680487215,0,76.86189841272243,12022787.954375999,3010.081352,1,2025-12-30 06:08:34,801733,0.28699830412662525,0.26098794165537464,0.24995624776053102,0.3515086517814322,0.0,0.0,0.3547026008710929,26.2,LOW,Routine (3+ months),High flight hours,✅ Continue routine maintenance schedule | 📊 Monitor for changes | 🕐 Review airframe hours for scheduled maintenance,35518.63,3
801731,1,0.33277777777777773,259.39929312581387,10363.2,215.65666666666667,VTDBI,0,5.034375162542256,0,99.97448666628912,8535.466800000046,6.2436333333333325,0,2025-12-30 09:38:37,801731,0.013256076879592987,0.03634709812821606,0.09581711257279024,0.00038612470506926844,0.0,0.0,0.00025193894805066786,3.0,LOW,Routine (3+ months),Normal wear and tear,✅ Continue routine maintenance schedule | 📊 Monitor for changes,18502.59,3
80172d,1,0.3330555555555555,162.33302787749807,8816.34,180.5433333333333,IGO1853,0,13.237977612141924,0,70.66461368039262,17964370.522800002,2456.646033333333,0,2025-12-29 02:14:08,80172d,0.013284341435839453,0.022746147156430665,0.2551450859616234,0.4456567520441367,0.0,0.0,0.5299340889688248,17.9,LOW,Routine (3+ months),Frequent altitude changes,✅ Continue routine maintenance schedule | 📊 Monitor for changes | 🔧 Check pressurization system,33501.62,3
801726,6,4.189722222222222,2814.2553356093454,11181.08,198.1892361111111,IGO770,0,13.668349765727305,0,81.02091138181255,11361454.258612858,1447.1140077579364,1,2025-12-30 10:08:34,801726,0.40570944036178636,0.3943342081184307,0.2635036483682028,0.2883256310037857,0.0,0.0,0.3351503707559359,31.0,LOW,Routine (3+ months),"High flight hours, Extensive mileage",✅ Continue routine maintenance schedule | 📊 Monitor for changes | 🕐 Review airframe hours for scheduled maintenance,31028.14,3
801725,4,3.665833333333333,966.9454762453971,9857.74,130.18108333333333,IGO5103,0,17.202244615155553,1,69.91734860079026,11343879.570260001,4497.7521275,1,2025-12-30 09:18:35,801725,0.3524024872809497,0.1354886579921392,0.3321379231258874,0.457009076598502,0.0,0.0,0.334721981855876,28.4,LOW,Routine (3+ months),"Declining fuel efficiency, High flight hours",✅ Continue routine maintenance schedule | 📊 Monitor for changes | ⛽ Engine performance check needed | 🕐 Review airframe hours for scheduled maintenance,45009.67,3
801723,3,2.828888888888889,1675.6000786576947,10571.480000000001,173.38325925925926,IGO1151,0,24.938468525582977,0,62.87747143892985,16016827.689782856,6513.460679814813,0,2025-12-30 06:58:37,801723,0.26724137931034486,0.2347855298629457,0.48238860688382423,0.5639576983738304,0.0,0.0,0.47261069609089434,34.2,LOW,Routine (3+ months),"Frequent altitude changes, Speed instability, Declining fuel efficiency",✅ Continue routine maintenance schedule | 📊 Monitor for changes | 🔧 Check pressurization system | 🔧 Inspect throttle control system | ⛽ Engine performance check needed,44516.76,3
80171b,3,3.5247222222222225,1570.9805551203285,10271.76,134.88464285714284,IGO345P,0,23.092411601670147,1,65.40321946229966,11489098.081665715,8535.320480158729,0,2025-12-29 17:01:38,80171b,0.3380440927077446,0.2201262143254299,0.4465350278916087,0.5255869620895944,0.0,0.0,0.3391243108762729,33.1,LOW,Routine (3+ months),"Speed instability, Declining fuel efficiency, High flight hours",✅ Continue routine maintenance schedule | 📊 Monitor for changes | 🔧 Inspect throttle control system | ⛽ Engine performance check needed | 🕐 Review airframe hours for scheduled maintenance,44515.71,3
80171a,4,3.8330555555555557,2785.505839009785,9833.61,190.79241071428572,IGO242,0,11.244318464842028,0,75.92267501985003,12554430.363439286,3232.3935752976195,0,2025-12-30 06:28:37,80171a,0.36941775014132283,0.39030582098811495,0.216424819649486,0.36577717452655134,0.0,0.0,0.3703900254720592,30.6,LOW,Routine (3+ months),"Frequent altitude changes, High flight hours, Extensive mileage",✅ Continue routine maintenance schedule | 📊 Monitor for changes | 🔧 Check pressurization system | 🕐 Review airframe hours for scheduled maintenance,35027.86,3
8016fa,1,0.33222222222222225,125.95599718764598,5791.2,122.21,VUBCD,0,14.614690631190795,0,94.32300615842016,1338752.1612,1203.8457000000003,0,2025-12-29 10:14:09,8016fa,0.013199547767100061,0.01764898791530703,0.2818832045638702,0.08624245961120136,0.0,0.0,0.03952219048484145,8.0,LOW,Routine (3+ months),Normal wear and tear,✅ Continue routine maintenance schedule | 📊 Monitor for changes,28501.26,3
801752,5,2.8597222222222225,1470.2978914068267,7530.084,147.47279999999998,IGO456V,0,14.317784953957988,1,76.15113305689651,9046226.423640002,4631.800441333335,1,2025-12-30 08:28:35,801752,0.27037874505370274,0.2060185326362979,0.2761167891223893,0.36230647871271127,0.0,0.0,0.26695633359710147,24.5,LOW,Routine (3+ months),Normal wear and tear,✅ Continue routine maintenance schedule | 📊 Monitor for changes,35514.7,3
801751,4,3.693611111111111,1458.2747472856306,4572.0,100.216875,IGO1YE,0,17.924199354352588,0,89.44247885122371,2994095.4864514293,2501.318678333334,0,2025-12-30 09:18:35,801751,0.3552289429055964,0.20433384647575836,0.34615951744148477,0.16038660403879756,0.0,0.0,0.08838504333631031,23.2,LOW,Routine (3+ months),High flight hours,✅ Continue routine maintenance schedule | 📊 Monitor for changes | 🕐 Review airframe hours for scheduled maintenance,30014.58,3
801750,1,0.69,429.1932526033402,10058.4,203.522,SDG186,0,7.444357716572262,0,80.88414830259568,11546030.456279997,1695.86677,0,2025-12-29 16:41:44,801750,0.04960429621254946,0.06013867301009009,0.1426230906287823,0.29040331254505425,0.0,0.0,0.3406018086088254,13.1,LOW,Routine (3+ months),Normal wear and tear,✅ Continue routine maintenance schedule | 📊 Monitor for changes,28504.29,3
80174d,5,3.193055555555555,1747.9895404516938,10977.372,173.3306714285714,IGO262J,0,11.165443050676508,0,72.11974393856528,13856951.189268002,4096.459667095238,1,2025-12-30 06:38:36,80174d,0.304296212549463,0.24492876055401422,0.21489292436733343,0.4235506595602705,0.0,0.0,0.4088335457878656,27.2,LOW,Routine (3+ months),"Frequent altitude changes, High flight hours",✅ Continue routine maintenance schedule | 📊 Monitor for changes | 🔧 Check pressurization system | 🕐 Review airframe hours for scheduled maintenance,35517.48,3
80174c,2,0.6672222222222222,259.8864448564949,5501.639999999999,99.14333333333335,IGO3CA,0,14.566829327728549,0,93.07334737614542,3553241.2805999997,979.3602166666665,0,2025-12-29 17:53:07,80174c,0.04728660260033918,0.036415357958630504,0.2809536562914817,0.1052270642258647,0.0,0.0,0.10483223663177679,10.2,LOW,Routine (3+ months),Normal wear and tear,✅ Continue routine maintenance schedule | 📊 Monitor for changes,29002.6,3
80174b,4,2.876111111111111,1531.3386231226866,10216.515,147.53742857142856,IGO439J,0,11.382787010975354,0,64.65098961542824,17063025.71259,5288.885587976191,1,2025-12-30 07:38:20,80174b,0.27204635387224424,0.21457157624238968,0.21911411535452077,0.5370147105476235,0.0,0.0,0.5034323345921112,28.6,LOW,Routine (3+ months),"Frequent altitude changes, Speed instability, Declining fuel efficiency",✅ Continue routine maintenance schedule | 📊 Monitor for changes | 🔧 Check pressurization system | 🔧 Inspect throttle control system | ⛽ Engine performance check needed,45015.31,3
80174a,6,3.499444444444444,2079.8676852588155,9441.179999999998,163.71236111111114,IGO492H,0,13.324888649049266,1,74.37866893744372,10069517.76415,4997.1958419444445,1,2025-12-30 08:38:36,80174a,0.335472018089316,0.2914316147081466,0.25683304676428814,0.3892334534827656,0.0,0.0,0.2971492326918621,28.2,LOW,Routine (3+ months),High flight hours,✅ Continue routine maintenance schedule | 📊 Monitor for changes | 🕐 Review airframe hours for scheduled maintenance,36020.8,3
801749,2,1.0344444444444445,667.3930003641397,10668.0,190.60999999999999,IGO412W,0,22.55416265074392,0,66.04371030566217,14302788.32985,6587.214908333333,0,2025-12-29 23:58:37,801749,0.08465234595816848,0.09351528518836172,0.4360813137999505,0.5158567336520237,0.0,0.0,0.4220570399974904,24.7,LOW,Routine (3+ months),"Frequent altitude changes, Speed instability, Declining fuel efficiency",✅ Continue routine maintenance schedule | 📊 Monitor for changes | 🔧 Check pressurization system | 🔧 Inspect throttle control system | ⛽ Engine performance check needed,44006.67,3
801746,4,3.854722222222222,2801.5450714871527,10443.210000000001,190.70325,IGO478,0,20.90680987657226,0,68.85258921724437,11537433.249972144,6883.220763333333,1,2025-12-30 07:48:33,801746,0.37162238552854726,0.3925532425201135,0.4040869088324047,0.47318472085682994,0.0,0.0,0.3405012345362397,35.7,LOW,Routine (3+ months),"Speed instability, Declining fuel efficiency, High flight hours, Extensive mileage",✅ Continue routine maintenance schedule | 📊 Monitor for changes | 🔧 Inspect throttle control system | ⛽ Engine performance check needed | 🕐 Review airframe hours for scheduled maintenance,45028.02,3
801745,4,3.3549999999999995,1294.7690167411747,9986.01,140.2255,IGO2051,0,16.893927561047406,1,72.44423815594048,7878181.4210250005,7699.506849642858,0,2025-12-29 23:28:38,801745,0.3207744488411532,0.18142337990890253,0.32614987925198374,0.4186209983567545,0.0,0.0,0.23259516474222533,26.8,LOW,Routine (3+ months),"Speed instability, High flight hours",✅ Continue routine maintenance schedule | 📊 Monitor for changes | 🔧 Inspect throttle control system | 🕐 Review airframe hours for scheduled maintenance,35012.95,3
801744,3,1.1669444444444443,806.1317518413362,10241.28,203.3611111111111,IGO1011,0,10.43386845480031,0,76.26943528985295,11660047.6476,3616.3110666666676,1,2025-12-30 05:08:39,801744,0.09813453928773319,0.1129553960435675,0.20068449600189048,0.3605092512218424,0.0,0.0,0.34402140544305654,17.6,LOW,Routine (3+ months),Normal wear and tear,✅ Continue routine maintenance schedule | 📊 Monitor for changes,34508.06,3
801743,2,1.4972222222222225,1079.8234535313716,8945.880000000001,178.13339285714284,VTPVV,0,13.187615217335836,0,83.93661469351244,8615533.805764284,1999.0624601190475,0,2025-12-30 09:38:37,801743,0.13174109666478243,0.15130515027123698,0.25416696222284396,0.24403076001065938,0.0,0.0,0.2541753414093725,17.6,LOW,Routine (3+ months),Normal wear and tear,✅ Continue routine maintenance schedule | 📊 Monitor for changes,29010.8,3
801741,5,3.6919444444444443,2283.0948030524883,9272.016,167.5672,IGO2106,0,13.646522756071821,0,65.93795777512787,14646273.444721714,6433.939120666667,1,2025-12-30 10:08:34,801741,0.35505935556811763,0.31990785264908206,0.26307973055466755,0.517463308188746,0.0,0.0,0.43218366077751375,32.6,LOW,Routine (3+ months),"Frequent altitude changes, Speed instability, Declining fuel efficiency, High flight hours, Extensive mileage",✅ Continue routine maintenance schedule | 📊 Monitor for changes | 🔧 Check pressurization system | 🔧 Inspect throttle control system | ⛽ Engine performance check needed | 🕐 Review airframe hours for scheduled maintenance,45522.83,3
80173c,4,4.026944444444444,3098.8894591541302,10671.81,209.78441558441557,IGO244F,0,10.35387206766594,0,80.53174498449576,11444514.630824415,1786.0054141774892,1,2025-12-30 09:08:33,80173c,0.3891464104013567,0.4342172174144631,0.19913082950977887,0.29575696408091123,0.0,0.0,0.3376102437413414,30.2,LOW,Routine (3+ months),"High flight hours, Extensive mileage",✅ Continue routine maintenance schedule | 📊 Monitor for changes | 🕐 Review airframe hours for scheduled maintenance,30030.99,3
801783,2,1.8319444444444446,1542.92027054979,10820.400000000001,226.4963888888889,AXB1032,0,12.137484631289475,0,76.04436035348962,12938539.44545,2843.327126388889,1,2025-12-30 09:18:35,801783,0.16579988694177508,0.21619439976841662,0.23377163235449336,0.3639285515429671,0.0,0.0,0.3817079011857294,22.4,LOW,Routine (3+ months),Frequent altitude changes,✅ Continue routine maintenance schedule | 📊 Monitor for changes | 🔧 Check pressurization system,34015.43,3
80177d,5,5.504999999999999,3378.637421755556,9566.148000000001,162.3412787878788,IGO2062,0,13.39771570597414,0,72.24966599532625,11401154.67159046,5300.327107601732,1,2025-12-30 09:58:35,80177d,0.5395421141888073,0.4734155765360928,0.258247472616711,0.4215769056737566,0.0,0.0,0.33643499106979285,37.8,LOW,Routine (3+ months),"Speed instability, High flight hours, Extensive mileage",✅ Continue routine maintenance schedule | 📊 Monitor for changes | 🔧 Inspect throttle control system | 🕐 Review airframe hours for scheduled maintenance,35533.79,3
80177c,4,1.998888888888889,1020.2236663384759,10178.414999999999,172.7205,AXB1230,0,12.535314775670031,0,72.84398583261097,13874946.846825,3792.7272924999997,0,2025-12-29 16:41:44,80177c,0.1827868852459017,0.1429540121959675,0.2414981733523734,0.41254809934234893,0.0,0.0,0.40935537160416247,22.5,LOW,Routine (3+ months),Frequent altitude changes,✅ Continue routine maintenance schedule | 📊 Monitor for changes | 🔧 Check pressurization system,35010.2,3
80177b,1,0.49583333333333335,372.80734978204,11894.82,248.4633333333333,AXB816,0,0.9735496135876928,0,99.92631632905406,0.0,20.59373333333336,0,2025-12-30 07:08:35,80177b,0.029847371396269085,0.052237865270032664,0.01694894350005564,0.0011179203116251646,0.0,0.0,6.074150549740933e-07,2.1,LOW,Routine (3+ months),Normal wear and tear,✅ Continue routine maintenance schedule | 📊 Monitor for changes,18503.73,3
801776,1,0.35638888888888887,160.62174653542775,4876.8,123.73333333333332,GOA5206,0,13.766068009181204,0,98.73344364603108,526934.4300000002,235.2408333333332,0,2025-12-29 16:51:45,801776,0.01565856416054268,0.022506361958423024,0.26540150358343034,0.01923984012208846,0.0,0.0,0.01554894342890249,6.6,LOW,Routine (3+ months),Normal wear and tear,✅ Continue routine maintenance schedule | 📊 Monitor for changes,28501.61,3
801772,5,4.169999999999999,2660.834107300904,10753.344000000001,198.17028095238098,IGO2137,0,21.004757453080884,0,73.81219578536609,12535429.797125453,4160.9803598424905,1,2025-12-30 08:38:36,801772,0.40370265686828716,0.3728367846941746,0.40598921808731364,0.3978392176878073,0.0,0.0,0.3698569898994607,35.3,LOW,Routine (3+ months),"Frequent altitude changes, High flight hours, Extensive mileage",✅ Continue routine maintenance schedule | 📊 Monitor for changes | 🔧 Check pressurization system | 🕐 Review airframe hours for scheduled maintenance,35526.61,3
801768,3,5.059722222222222,4118.419333381919,10574.020000000002,240.81921568627453,IGO1053,0,14.27794745738467,0,84.1298709741659,8808006.310490504,1873.6085172058827,0,2025-12-30 09:28:35,801768,0.49423403052572085,0.5770740152748638,0.2753430768864653,0.24109484331920228,0.0,0.0,0.2598486446679194,35.6,LOW,Routine (3+ months),"High flight hours, Extensive mileage",✅ Continue routine maintenance schedule | 📊 Monitor for changes | 🕐 Review airframe hours for scheduled maintenance,29541.18,3
80175f,5,2.665833333333333,1640.3565838581314,10910.316,181.92366666666663,IGO651,0,19.44351542397476,0,70.1076724576957,16164254.703683998,3806.8708133333334,0,2025-12-30 01:28:36,80175f,0.25065008479366874,0.22984720197305555,0.37566723088776477,0.45411770879207536,0.0,0.0,0.4768792453091462,30.0,LOW,Routine (3+ months),Frequent altitude changes,✅ Continue routine maintenance schedule | 📊 Monitor for changes | 🔧 Check pressurization system,35516.4,3
801759,4,3.0866666666666664,1625.9402793792501,10517.505000000001,164.17654761904762,IGO430L,0,17.852572489919066,0,62.18170975988664,16300016.91603,6637.33550904762,1,2025-12-30 01:08:40,801759,0.2934708875070662,0.227827185545,0.3447684013774748,0.5745275919880104,0.0,0.0,0.4809670557698188,32.2,LOW,Routine (3+ months),"Frequent altitude changes, Speed instability, Declining fuel efficiency, High flight hours",✅ Continue routine maintenance schedule | 📊 Monitor for changes | 🔧 Check pressurization system | 🔧 Inspect throttle control system | ⛽ Engine performance check needed | 🕐 Review airframe hours for scheduled maintenance,45016.26,3
801755,3,1.5005555555555554,567.6313507890335,4775.2,113.8181111111111,IGO7236,0,15.175874025664518,0,96.19386921654886,1286746.78134,496.13786555555544,0,2025-12-30 10:08:34,801755,0.13208027133973999,0.07953665624591359,0.2927823447270223,0.057820624826748324,0.0,0.0,0.03796741056507095,12.0,LOW,Routine (3+ months),Normal wear and tear,✅ Continue routine maintenance schedule | 📊 Monitor for changes,29505.68,3
801753,2,1.166111111111111,555.3776603098554,4419.6,128.38025,IGO4HC,0,12.962939724977206,0,98.76162322726881,577189.1681999998,97.86573916666663,0,2025-12-30 08:18:37,801753,0.0980497456189938,0.07781966586821255,0.24980338035895372,0.018811740695594215,0.0,0.0,0.017027162087624857,9.5,LOW,Routine (3+ months),Normal wear and tear,✅ Continue routine maintenance schedule | 📊 Monitor for changes,24005.55,3
8017ef,1,0.35638888888888887,133.58237380688544,4572.0,133.61333333333334,VTRRR,0,14.341870227332665,0,84.34083787926038,3387264.1932,4306.694933333334,0,2025-12-29 16:51:45,8017ef,0.01565856416054268,0.01871759784096239,0.2765845662750341,0.23788986982019045,0.0,0.0,0.10003485934867114,10.9,LOW,Routine (3+ months),Normal wear and tear,✅ Continue routine maintenance schedule | 📊 Monitor for changes,28501.34,3
8017ee,5,4.002222222222222,2033.7750387775295,10363.2,156.13677142857142,IGO12W,0,12.537411201328709,0,63.04132735494907,13605063.564012002,7642.841234761904,1,2025-12-30 07:58:34,8017ee,0.38663086489542114,0.28497310079141086,0.24153888951988756,0.561468427043511,0.0,0.0,0.4015086859508626,32.6,LOW,Routine (3+ months),"Frequent altitude changes, Speed instability, Declining fuel efficiency, High flight hours",✅ Continue routine maintenance schedule | 📊 Monitor for changes | 🔧 Check pressurization system | 🔧 Inspect throttle control system | ⛽ Engine performance check needed | 🕐 Review airframe hours for scheduled maintenance,45520.34,3
8017e5,9,4.663055555555555,2867.196133900959,10230.273333333333,186.16407407407408,IGO357F,0,18.268519979249575,1,71.76697729385597,13003344.745946664,4508.53981074074,1,2025-12-30 10:18:36,8017e5,0.45387224420576605,0.4017522868930636,0.35284681216326774,0.42890983069245503,0.0,0.0,0.38366845830106555,36.7,LOW,Routine (3+ months),"Frequent altitude changes, High flight hours, Extensive mileage",✅ Continue routine maintenance schedule | 📊 Monitor for changes | 🔧 Check pressurization system | 🕐 Review airframe hours for scheduled maintenance,37528.67,3
8017a2,3,1.7555555555555558,1091.8368763100664,9977.12,173.38388888888892,AXB241,0,17.629648283177257,0,68.96089315184774,16218326.272960002,4197.041634444445,0,2025-12-29 16:21:38,8017a2,0.15802713397399668,0.1529884742746728,0.34043883247189977,0.47153938582152155,0.0,0.0,0.4784856019769549,25.7,LOW,Routine (3+ months),"Frequent altitude changes, Declining fuel efficiency",✅ Continue routine maintenance schedule | 📊 Monitor for changes | 🔧 Check pressurization system | ⛽ Engine performance check needed,44510.92,3
8017a1,3,3.2802777777777776,1693.5849044484194,9839.96,146.2515995115995,AXB1036,0,19.71200937025944,0,68.41234082463963,14763807.77437818,5257.331451404151,0,2025-12-29 15:51:45,8017a1,0.31317128321085363,0.2373055684488538,0.3808818419798462,0.4798728998896922,0.0,0.0,0.4356156481182024,31.7,LOW,Routine (3+ months),"Frequent altitude changes, Speed instability, Declining fuel efficiency, High flight hours",✅ Continue routine maintenance schedule | 📊 Monitor for changes | 🔧 Check pressurization system | 🔧 Inspect throttle control system | ⛽ Engine performance check needed | 🕐 Review airframe hours for scheduled maintenance,44516.94,3
80179b,7,4.855,2265.4520102862934,9322.525714285714,151.32468877551023,AKJ1304,0,19.223804861261122,2,75.23415007493931,8535286.958358368,5703.656743758504,1,2025-12-30 05:48:34,80179b,0.47340305257207477,0.3174357398217829,0.3714000764389297,0.3762371289011922,0.0,0.0,0.2519177169109114,33.8,LOW,Routine (3+ months),"Speed instability, High flight hours, Extensive mileage",✅ Continue routine maintenance schedule | 📊 Monitor for changes | 🔧 Inspect throttle control system | 🕐 Review airframe hours for scheduled maintenance,36522.65,3
80179a,1,0.6675,482.8376444991321,11582.4,207.72000000000003,AXB2176,0,7.942479296547237,0,96.62262877473768,2130402.1908,255.18010000000024,0,2025-12-29 17:33:04,80179a,0.04731486715658565,0.06765533950817158,0.1522974626289186,0.051306982220919894,0.0,0.0,0.06284403819007298,7.0,LOW,Routine (3+ months),Normal wear and tear,✅ Continue routine maintenance schedule | 📊 Monitor for changes,28504.83,3
801798,10,5.498888888888889,2771.6402651929166,8207.501999999999,151.46860476190474,IGO276Y,0,20.902295876176208,2,71.1735345916437,10684380.211842,5997.540188857143,1,2025-12-30 09:28:35,801798,0.5389202939513851,0.388362973087287,0.40399923923366465,0.43792531173636806,0.0,0.0,0.3153141921787035,39.0,LOW,Routine (3+ months),"Speed instability, High flight hours, Extensive mileage",✅ Continue routine maintenance schedule | 📊 Monitor for changes | 🔧 Inspect throttle control system | 🕐 Review airframe hours for scheduled maintenance,38027.72,3
801793,6,4.171111111111111,2095.9063997765243,9428.480000000001,142.83019444444446,IGO115,0,21.808378496766522,2,62.19417325085237,14400161.36091,7352.125871388889,1,2025-12-30 09:58:35,801793,0.40381571509327313,0.29367896366349955,0.4215969115426809,0.5743382487437112,0.0,0.0,0.42495163237101075,37.3,LOW,Routine (3+ months),"Frequent altitude changes, Speed instability, Declining fuel efficiency, High flight hours, Extensive mileage",✅ Continue routine maintenance schedule | 📊 Monitor for changes | 🔧 Check pressurization system | 🔧 Inspect throttle control system | ⛽ Engine performance check needed | 🕐 Review airframe hours for scheduled maintenance,46020.96,3
801792,5,2.6638888888888888,1534.5419000783095,11094.72,172.3521,IGO29DY,0,18.512681728194647,0,67.22975884873361,19390759.863564,3536.0580390000005,0,2025-12-30 08:48:37,801792,0.2504522328999435,0.21502042026364693,0.3575888504174971,0.4978384850201677,0.0,0.0,0.5720374801754079,30.9,LOW,Routine (3+ months),"Frequent altitude changes, Declining fuel efficiency",✅ Continue routine maintenance schedule | 📊 Monitor for changes | 🔧 Check pressurization system | ⛽ Engine performance check needed,45515.35,3
801786,5,3.033611111111111,2059.851702091997,8884.92,177.59333333333333,AKJ1914,0,14.873735564382898,0,78.24082696275363,12005501.518902857,2547.555177142857,0,2025-12-30 08:58:35,801786,0.288072357263991,0.28862696980904035,0.28691429968040133,0.33056020274435893,0.0,0.0,0.3541790927562383,27.2,LOW,Routine (3+ months),High flight hours,✅ Continue routine maintenance schedule | 📊 Monitor for changes | 🕐 Review airframe hours for scheduled maintenance,35520.6,3
801784,6,2.872222222222222,1447.993678151025,7780.02,158.1105,AXB1217,0,12.722688116082416,1,81.33885906260228,7483226.646419999,2402.6007922222225,1,2025-12-30 09:58:35,801784,0.27165065008479367,0.20289326032690855,0.24513728370400412,0.28349542367554625,0.0,0.0,0.22078968524621176,22.2,LOW,Routine (3+ months),Normal wear and tear,✅ Continue routine maintenance schedule | 📊 Monitor for changes,31014.48,3
06a070,1,0.5,429.67773466439473,10058.4,262.05,QTR5M,0,0.6708696803669967,0,99.99104214121144,0.0,3.900333333333271,0,2025-12-29 02:24:07,06a070,0.030271339739966086,0.06020655876568452,0.011070382143407472,0.00013461673340031677,0.0,0.0,1.1504087907408309e-07,2.2,LOW,Routine (3+ months),Normal wear and tear,✅ Continue routine maintenance schedule | 📊 Monitor for changes,18504.3,3
06a064,1,0.6663888888888888,564.0241114098827,10058.4,263.646,VOZ008,0,2.03225656707466,0,99.80448861875246,111483.64800000012,15.001079999999886,0,2025-12-29 08:14:07,06a064,0.047201808931599774,0.07903120890214474,0.03751084107469685,0.002968706257349907,0.0,0.0,0.003288668303325218,3.6,LOW,Routine (3+ months),Normal wear and tear,✅ Continue routine maintenance schedule | 📊 Monitor for changes,18505.64,3
06a063,1,0.6666666666666666,610.0484236518962,10058.4,262.27200000000005,QTR53R,0,0.851155307558173,0,99.96311425275306,0.0,5.301719999999979,0,2025-12-29 08:44:04,06a063,0.04723007348784625,0.08548014780705052,0.014571836996684349,0.0005588924858098698,0.0,0.0,1.5637497549046795e-07,3.2,LOW,Routine (3+ months),Normal wear and tear,✅ Continue routine maintenance schedule | 📊 Monitor for changes,18506.1,3
06a062,1,0.4997222222222222,463.009813560398,10058.4,256.8275,QTR5M,0,2.484250207113883,0,99.83667705404524,123870.72000000016,0.5036916666666746,0,2025-12-30 03:08:38,06a062,0.030243075183719617,0.06487705854944013,0.046289329683150256,0.002479704998873844,0.0,0.0,0.0036535991279733277,3.1,LOW,Routine (3+ months),Normal wear and tear,✅ Continue routine maintenance schedule | 📊 Monitor for changes,18504.63,3
06a060,1,0.4994444444444444,222.6220609879768,9753.6,143.07,QTR21Y,0,42.02062701976564,1,50.99857300726819,28702529.6916,8214.9601,0,2025-12-30 01:48:39,06a060,0.03021481062747315,0.03119386255347686,0.8141533054666744,0.7444199118848953,0.0,0.0,0.8468274430227716,37.3,LOW,Routine (3+ months),"Frequent altitude changes, Speed instability, Declining fuel efficiency",✅ Continue routine maintenance schedule | 📊 Monitor for changes | 🔧 Check pressurization system | 🔧 Inspect throttle control system | ⛽ Engine performance check needed,62502.23,3
06a053,2,2.002222222222222,2018.8045636141437,10972.8,291.9312857142857,QTR834,0,3.1384546032616214,0,99.78342504298243,1.9300880959570647e-24,84.0355138095238,0,2025-12-30 07:48:33,06a053,0.18312605992085926,0.28287543381925884,0.058995096602093414,0.003288700533737199,0.0,0.0,2.4786392741022193e-06,11.5,LOW,Routine (3+ months),Normal wear and tear,✅ Continue routine maintenance schedule | 📊 Monitor for changes,24020.19,3
06a052,1,1.333611111111111,1340.6524016415538,11277.6,280.86,QTR834,0,2.80216414983492,0,99.8319699362116,0.0,70.8814285714284,0,2025-12-30 07:58:34,06a052,0.11509327303561337,0.18785257203711664,0.05246376152781725,0.002551214735942553,0.0,0.0,2.0906576838434535e-06,7.7,LOW,Routine (3+ months),Normal wear and tear,✅ Continue routine maintenance schedule | 📊 Monitor for changes,23513.41,3
06a04c,2,1.0005555555555554,861.1728734199164,11430.0,241.55100000000002,QTR12H,0,10.28968898022557,0,95.1903132619398,3501608.4806399993,98.01068499999997,0,2025-12-29 04:44:07,06a04c,0.08120407009609949,0.12066777267727484,0.1978842843108204,0.0730664769562902,0.0,0.0,0.10328332442221798,10.5,LOW,Routine (3+ months),Normal wear and tear,✅ Continue routine maintenance schedule | 📊 Monitor for changes,29008.61,3
06a041,1,1.0002777777777778,1060.6004815646131,12496.8,289.83,QTR860,0,4.777552242453345,0,99.96885392071157,3.8601761919141294e-24,3.062833333333342,0,2025-12-30 07:58:34,06a041,0.08117580553985304,0.1486116223129598,0.09082917274648074,0.0004716964220864428,0.0,0.0,9.033869903189748e-08,6.8,LOW,Routine (3+ months),Normal wear and tear,✅ Continue routine maintenance schedule | 📊 Monitor for changes,18510.61,3
06a040,3,2.8344444444444443,2333.5931498804566,11684.0,231.86791666666667,QTR881,0,3.6557857280884813,0,99.67798337719694,152963.40374999982,26.126015277777743,0,2025-12-30 03:48:37,06a040,0.2678066704352742,0.32698369447328707,0.06904255077799042,0.0048905524658344746,0.0,0.0,0.004512447652336147,14.7,LOW,Routine (3+ months),Extensive mileage,✅ Continue routine maintenance schedule | 📊 Monitor for changes,19523.34,3
06a03d,2,0.9997222222222223,820.7543803524391,11430.0,244.62633333333332,QTR12H,0,9.98580433223971,0,92.88757591860097,5036190.572760001,224.69715666666673,0,2025-12-30 04:48:37,06a03d,0.08111927642736011,0.11500432265003949,0.1919823253354767,0.10804927275206044,0.0,0.0,0.14854977524143873,11.3,LOW,Routine (3+ months),Normal wear and tear,✅ Continue routine maintenance schedule | 📊 Monitor for changes,29008.21,3
060046,2,1.6649999999999996,1416.6459597684725,12039.599999999999,236.05466666666666,MAU746,0,6.95810571041233,0,95.14080105328722,2569282.9259399995,648.5160583333333,0,2025-12-30 04:58:38,060046,0.14881288863764836,0.1985008096674779,0.13317924602835352,0.07381865804620102,0.0,0.0,0.07580048856874257,12.2,LOW,Routine (3+ months),Normal wear and tear,✅ Continue routine maintenance schedule | 📊 Monitor for changes,29014.17,3
05a0af,1,0.6663888888888888,451.86669516952384,11582.4,213.21,DQA707,0,37.234261356049856,0,55.96036539393555,25719016.3038,5969.4087500000005,0,2025-12-29 17:23:08,05a0af,0.047201808931599774,0.06331568182891456,0.7211939079601621,0.6690412021306537,0.0,0.0,0.7587620640646169,34.5,LOW,Routine (3+ months),"Frequent altitude changes, Speed instability, Declining fuel efficiency",✅ Continue routine maintenance schedule | 📊 Monitor for changes | 🔧 Check pressurization system | 🔧 Inspect throttle control system | ⛽ Engine performance check needed,62504.52,3
05a054,1,0.3344444444444444,221.21041010798763,10043.16,177.58,DQA700,0,29.13807843458318,0,63.38950122423158,22241045.840400003,3263.4559,0,2025-12-29 09:24:04,05a054,0.013425664217071786,0.030996061655720122,0.5639522053072603,0.5561790285779122,0.0,0.0,0.6560990246582835,27.1,LOW,Routine (3+ months),"Frequent altitude changes, Declining fuel efficiency",✅ Continue routine maintenance schedule | 📊 Monitor for changes | 🔧 Check pressurization system | ⛽ Engine performance check needed,43502.21,3
04c14b,2,0.9986111111111112,425.1009369522437,6926.58,117.89166666666667,KQA204,0,19.71261258086534,1,63.15674005149051,11430775.5255,6763.200416666667,0,2025-12-29 09:04:08,04c14b,0.08100621820237425,0.05956525664973827,0.38089355736024827,0.5597150969005715,0.0,0.0,0.3373518099666719,22.6,LOW,Routine (3+ months),"Speed instability, Declining fuel efficiency",✅ Continue routine maintenance schedule | 📊 Monitor for changes | 🔧 Inspect throttle control system | ⛽ Engine performance check needed,44004.25,3
04c147,4,2.6669444444444443,1254.6603476437526,9551.67,150.15800000000002,KQA202,0,12.643067264592545,0,63.53946186759987,11501723.690055,8375.618645833332,1,2025-12-30 05:58:33,04c147,0.25076314301865466,0.17580334249897378,0.2435909107556181,0.5539008518768089,0.0,0.0,0.33949199453968754,26.4,LOW,Routine (3+ months),"Speed instability, Declining fuel efficiency",✅ Continue routine maintenance schedule | 📊 Monitor for changes | 🔧 Inspect throttle control system | ⛽ Engine performance check needed,45012.55,3
801828,3,1.165,659.4060380992242,9796.78,173.88833333333332,IGO245J,0,26.95608220523722,0,64.89052503295089,13204733.2679,7235.1242666666685,0,2025-12-30 07:28:36,801828,0.09793668739400793,0.0923961499058749,0.5215741111346529,0.5333757290453305,0.0,0.0,0.3896888620119335,26.6,LOW,Routine (3+ months),"Frequent altitude changes, Speed instability, Declining fuel efficiency",✅ Continue routine maintenance schedule | 📊 Monitor for changes | 🔧 Check pressurization system | 🔧 Inspect throttle control system | ⛽ Engine performance check needed,44506.59,3
801824,5,4.225833333333333,3071.5968957525906,10137.648,186.23493333333334,IGO125C,0,14.968757675867971,0,68.98232603895826,14507712.532904,5055.630719,0,2025-12-30 04:38:37,801824,0.4093838326738271,0.43039297615238237,0.2887597914071224,0.4712137810297853,0.0,0.0,0.42805613383683017,36.0,LOW,Routine (3+ months),"Frequent altitude changes, Declining fuel efficiency, High flight hours, Extensive mileage",✅ Continue routine maintenance schedule | 📊 Monitor for changes | 🔧 Check pressurization system | ⛽ Engine performance check needed | 🕐 Review airframe hours for scheduled maintenance,45530.72,3
801823,6,3.870277777777778,2367.06058502552,9630.41,169.07197222222223,IGO5107,0,22.460337693328796,0,67.92189743522133,12820066.617880002,5869.859871944445,1,2025-12-30 07:28:36,801823,0.37320520067834945,0.33167316041075723,0.4342590728503084,0.4873236328145898,0.0,0.0,0.3783027965171241,35.7,LOW,Routine (3+ months),"Frequent altitude changes, Speed instability, Declining fuel efficiency, High flight hours, Extensive mileage",✅ Continue routine maintenance schedule | 📊 Monitor for changes | 🔧 Check pressurization system | 🔧 Inspect throttle control system | ⛽ Engine performance check needed | 🕐 Review airframe hours for scheduled maintenance,46023.67,3
801822,3,1.3325,607.4577214578061,9753.599999999999,143.84055555555557,IGO1013,0,25.787936198390465,1,70.39136830926877,8791192.094999999,5113.308633333333,1,2025-12-30 10:18:36,801822,0.11498021481062749,0.0851171379247379,0.4988867201943187,0.44980784945340757,0.0,0.0,0.2594482624317841,23.9,LOW,Routine (3+ months),Normal wear and tear,✅ Continue routine maintenance schedule | 📊 Monitor for changes,34506.07,3
80181c,1,0.33472222222222214,179.67492914248965,12199.62,154.22,VTSRE,0,14.264695553108078,0,77.08297349487404,17143107.649200007,199.98790000000008,0,2025-12-29 09:54:04,80181c,0.013453928773318252,0.02517609898634086,0.27508570226782625,0.3481501165681936,0.0,0.0,0.5056442648003057,16.6,LOW,Routine (3+ months),Frequent altitude changes,✅ Continue routine maintenance schedule | 📊 Monitor for changes | 🔧 Check pressurization system,33501.8,3
80180b,3,3.8569444444444447,2968.2835011021893,10165.080000000002,203.3184259259259,IGO1063,0,20.619261098851215,1,68.03457031585849,12177920.834725454,6781.6075049663295,0,2025-12-29 15:51:45,80180b,0.37184850197851904,0.4159166757428206,0.39850222036338145,0.485611925490933,0.0,0.0,0.35938950864293745,36.5,LOW,Routine (3+ months),"Speed instability, Declining fuel efficiency, High flight hours, Extensive mileage",✅ Continue routine maintenance schedule | 📊 Monitor for changes | 🔧 Inspect throttle control system | ⛽ Engine performance check needed | 🕐 Review airframe hours for scheduled maintenance,44529.68,3
801806,6,2.9230555555555555,1918.805883808266,10753.09,196.31124999999997,IGO1071,0,18.845556376248584,0,69.5317870316744,15693812.160699999,4196.503550277779,1,2025-12-30 05:08:39,801806,0.2768230638778972,0.2688635921376648,0.3640538447163789,0.4628664626690818,0.0,0.0,0.46301496875000947,31.2,LOW,Routine (3+ months),"Frequent altitude changes, Declining fuel efficiency",✅ Continue routine maintenance schedule | 📊 Monitor for changes | 🔧 Check pressurization system | ⛽ Engine performance check needed,46019.19,3
801805,3,1.8530555555555557,785.70106163064,9855.199999999999,162.20055555555552,IGO1021,0,17.18290445768309,0,57.3331515740075,17200921.08196,7542.688226666666,0,2025-12-29 23:28:38,801805,0.16794799321650652,0.11009264228288095,0.3317623042299158,0.6481860669379091,0.0,0.0,0.507566054090287,27.8,LOW,Routine (3+ months),"Frequent altitude changes, Speed instability, Declining fuel efficiency",✅ Continue routine maintenance schedule | 📊 Monitor for changes | 🔧 Check pressurization system | 🔧 Inspect throttle control system | ⛽ Engine performance check needed,54507.86,3
801804,4,2.5594444444444444,1950.1462673924075,10292.715,218.49066666666667,IGO1059,0,8.738651358112637,0,78.58826503435023,10751576.158095002,3078.5840958333333,0,2025-12-30 09:08:33,801804,0.23982475975127193,0.2732550150431861,0.1677604841267747,0.3252819823926114,0.0,0.0,0.3172100510246757,22.9,LOW,Routine (3+ months),Normal wear and tear,✅ Continue routine maintenance schedule | 📊 Monitor for changes,35019.5,3
8017ff,5,3.5369444444444444,1674.250970141245,10325.100000000002,155.64025,IGO1060,0,14.038203074724809,0,65.54192763634349,15485794.447703999,5900.6913141666655,1,2025-12-30 07:38:20,8017ff,0.3392877331825891,0.23459649241784664,0.2706868314314681,0.5234797309970793,0.0,0.0,0.45692972236741597,31.0,LOW,Routine (3+ months),"Frequent altitude changes, Speed instability, Declining fuel efficiency, High flight hours",✅ Continue routine maintenance schedule | 📊 Monitor for changes | 🔧 Check pressurization system | 🔧 Inspect throttle control system | ⛽ Engine performance check needed | 🕐 Review airframe hours for scheduled maintenance,45516.74,3
8017f3,8,4.607777777777778,2697.8907491406126,9821.2275,173.1169464285714,IGO792Y,0,10.337444417712575,0,74.64539417902608,11879893.031641074,3731.8797476190475,1,2025-12-30 08:28:35,8017f3,0.4482475975127192,0.37802917123085167,0.19881177648512402,0.38518140877743057,0.0,0.0,0.35050918461486624,32.0,LOW,Routine (3+ months),"High flight hours, Extensive mileage",✅ Continue routine maintenance schedule | 📊 Monitor for changes | 🕐 Review airframe hours for scheduled maintenance,37026.98,3
86d9da,2,1.3324999999999998,1128.7991455089175,10938.509999999998,220.4557142857143,JAL753,0,8.180843101228126,0,79.99307336514227,8321799.485399998,3535.6390571428565,0,2025-12-30 04:18:35,86d9da,0.11498021481062749,0.15816763729174613,0.15692689490118952,0.30394037210846214,0.0,0.0,0.24555692794733075,16.2,LOW,Routine (3+ months),Normal wear and tear,✅ Continue routine maintenance schedule | 📊 Monitor for changes,34011.29,3
801864,4,3.332222222222222,1456.7526567378459,9795.509999999998,141.89426785714286,IGO2207,0,14.192766446074254,0,64.75965891442951,9517249.917075,8927.149064940475,0,2025-12-29 15:51:45,801864,0.31845675522894296,0.20412057074229856,0.273688716136212,0.5353638249582497,0.0,0.0,0.28097592955408757,28.4,LOW,Routine (3+ months),"Speed instability, Declining fuel efficiency, High flight hours",✅ Continue routine maintenance schedule | 📊 Monitor for changes | 🔧 Inspect throttle control system | ⛽ Engine performance check needed | 🕐 Review airframe hours for scheduled maintenance,45014.57,3
801862,5,4.335277777777777,2186.9763012824333,8549.64,128.47313333333335,IGO123F,0,19.510251236416885,2,66.99384618892337,11182601.441204,7460.56683088889,1,2025-12-30 07:48:33,801862,0.420520067834935,0.30643970254861586,0.3769633543669541,0.501422430200738,0.0,0.0,0.3300524494396685,35.0,LOW,Routine (3+ months),"Speed instability, Declining fuel efficiency, High flight hours, Extensive mileage",✅ Continue routine maintenance schedule | 📊 Monitor for changes | 🔧 Inspect throttle control system | ⛽ Engine performance check needed | 🕐 Review airframe hours for scheduled maintenance,45521.87,3
80185f,3,1.8683333333333334,1151.558458712164,10363.199999999999,186.29866666666666,IGO205L,0,15.732613509158824,0,75.51130977704827,8159551.4228,6422.485076666665,0,2025-12-30 05:28:36,80185f,0.16950254381006225,0.16135667832713546,0.30359517654763574,0.3720265656384122,0.0,0.0,0.2408565464981213,21.5,LOW,Routine (3+ months),Speed instability,✅ Continue routine maintenance schedule | 📊 Monitor for changes | 🔧 Inspect throttle control system,34511.52,3
801851,2,4.229166666666667,2605.2378692240354,11830.05,165.6653846153846,IGO2602,0,19.42590492042468,0,73.94181350900315,14749370.664262418,2839.7178681318683,0,2025-12-30 01:28:36,801851,0.40972300734878475,0.3650466249886911,0.3753252048256501,0.39587008717857886,0.0,0.0,0.43511851567715776,35.3,LOW,Routine (3+ months),"Frequent altitude changes, High flight hours, Extensive mileage",✅ Continue routine maintenance schedule | 📊 Monitor for changes | 🔧 Check pressurization system | 🕐 Review airframe hours for scheduled maintenance,34026.05,3
801850,5,1.702777777777778,1016.4459896880901,8473.44,188.59866666666665,IGO109,0,11.706908704074005,0,86.42464101931614,5756872.3571999995,2621.2453800000003,1,2025-12-30 08:58:35,801850,0.15265686828716793,0.14242468313630177,0.225409112315921,0.20623308536840457,0.0,0.0,0.16987707214657846,16.0,LOW,Routine (3+ months),Normal wear and tear,✅ Continue routine maintenance schedule | 📊 Monitor for changes,30510.16,3
80184e,5,3.356388888888889,1723.7829155342897,10913.364000000001,168.51986666666664,IGO424F,0,16.377872843778782,0,65.37697717885892,17589181.59576,4874.545589238094,1,2025-12-30 10:18:36,80184e,0.3209157716223856,0.2415369218152746,0.31612721509129305,0.5259856304160007,0.0,0.0,0.5189391551951847,32.3,LOW,Routine (3+ months),"Frequent altitude changes, Declining fuel efficiency, High flight hours",✅ Continue routine maintenance schedule | 📊 Monitor for changes | 🔧 Check pressurization system | ⛽ Engine performance check needed | 🕐 Review airframe hours for scheduled maintenance,45517.24,3
80184b,5,3.0608333333333335,2474.5776289106097,11030.712,218.18733333333336,IGO492E,0,10.946280141821585,0,87.47845360787586,7954861.8966959985,860.6680760000002,0,2025-12-30 09:48:34,80184b,0.2908422837761448,0.3467384772720936,0.21063640629196517,0.19022374296587752,0.0,0.0,0.2346551536247084,23.6,LOW,Routine (3+ months),"High flight hours, Extensive mileage",✅ Continue routine maintenance schedule | 📊 Monitor for changes | 🕐 Review airframe hours for scheduled maintenance,30524.75,3
801849,1,0.8555555555555556,560.6915248855282,9144.0,189.15,SDG619,0,9.078724026780868,0,96.84846572718352,1942292.8896000008,265.12712000000005,0,2025-12-29 16:41:44,801849,0.06644997173544377,0.07856424598963313,0.17436527628201687,0.04787610548050236,0.0,0.0,0.05729602133900005,8.0,LOW,Routine (3+ months),Normal wear and tear,✅ Continue routine maintenance schedule | 📊 Monitor for changes,28505.61,3
801848,1,0.7027777777777776,397.0010890112608,12496.8,168.466,AXB001,0,38.42283027872641,0,57.59214881098276,31222087.23312,4794.880279999999,0,2025-12-29 18:13:07,801848,0.05090446579988694,0.055627898462707735,0.7442779468133912,0.6442514247699764,0.0,0.0,0.92104127059269,36.1,LOW,Routine (3+ months),"Frequent altitude changes, Declining fuel efficiency",✅ Continue routine maintenance schedule | 📊 Monitor for changes | 🔧 Check pressurization system | ⛽ Engine performance check needed,62503.97,3
80183a,5,3.706666666666666,2106.009272283562,9636.251999999999,161.7873761904762,IGO324P,0,18.11583056414721,0,68.46532910779646,13423351.21776,6100.736692714285,1,2025-12-30 09:18:35,80183a,0.35655737704918034,0.2950945808533739,0.34988132289003104,0.47906791086451905,0.0,0.0,0.396103570205135,33.0,LOW,Routine (3+ months),"Frequent altitude changes, Speed instability, Declining fuel efficiency, High flight hours, Extensive mileage",✅ Continue routine maintenance schedule | 📊 Monitor for changes | 🔧 Check pressurization system | 🔧 Inspect throttle control system | ⛽ Engine performance check needed | 🕐 Review airframe hours for scheduled maintenance,45521.06,3
801839,2,0.8319444444444444,503.4934853611162,10069.83,176.45,IGO6075,0,9.784524531208408,0,71.13713263965609,16287886.779,3155.7897833333327,0,2025-12-29 09:34:05,801839,0.06404748445449407,0.07054964143815876,0.18807312776289203,0.43847832402699416,0.0,0.0,0.48050658699585674,18.2,LOW,Routine (3+ months),Frequent altitude changes,✅ Continue routine maintenance schedule | 📊 Monitor for changes | 🔧 Check pressurization system,34005.03,3
80182f,5,3.4458333333333333,1464.2869511035697,8296.655999999999,134.25813333333332,IGO1021,0,24.048815501811664,1,65.9331450125733,8785503.332184,8700.132135333333,1,2025-12-30 02:18:37,80182f,0.3300169587337479,0.20517627807803523,0.4651100254109192,0.5175364228625262,0.0,0.0,0.2593862654367129,32.0,LOW,Routine (3+ months),"Speed instability, Declining fuel efficiency, High flight hours",✅ Continue routine maintenance schedule | 📊 Monitor for changes | 🔧 Inspect throttle control system | ⛽ Engine performance check needed | 🕐 Review airframe hours for scheduled maintenance,45514.64,3
80182d,3,2.195,859.0486931719228,10380.979999999998,151.69237037037036,IGO5264,0,12.588767589660327,0,75.60696941231042,11654622.773657141,3441.93190537037,0,2025-12-30 06:38:36,80182d,0.20274166195590732,0.12037013197445921,0.24253631831092387,0.37057332065762705,0.0,0.0,0.34385625468690056,21.3,LOW,Routine (3+ months),Normal wear and tear,✅ Continue routine maintenance schedule | 📊 Monitor for changes,34508.59,3
80182a,6,4.008055555555555,2986.075802346728,10568.94,216.27880555555555,IGO242,0,7.18974643973209,0,87.34247479268578,6950597.3891,1376.647595277778,1,2025-12-30 07:38:20,80182a,0.38722442057659695,0.4184097377379755,0.1376781046924066,0.19228951010085105,0.0,0.0,0.20504944991410295,25.7,LOW,Routine (3+ months),"High flight hours, Extensive mileage",✅ Continue routine maintenance schedule | 📊 Monitor for changes | 🕐 Review airframe hours for scheduled maintenance,31029.86,3
880c48,1,0.49805555555555553,383.37987404897376,11277.6,215.295,AIQ171,0,7.308716305420098,0,86.88750109020077,9618033.9897,215.52169999999992,0,2025-12-30 00:08:41,880c48,0.030073487846240816,0.05371929018974825,0.13998870271453978,0.19920139354796662,0.0,0.0,0.2836916192492977,10.5,LOW,Routine (3+ months),Normal wear and tear,✅ Continue routine maintenance schedule | 📊 Monitor for changes,28503.83,3
880c45,2,1.1672222222222222,885.3269644308277,10668.0,224.1325,AIQ125,0,7.60334617545359,0,87.46958834659975,7260541.930500001,926.465915,1,2025-12-29 23:58:37,880c45,0.09816280384397966,0.12405225035102717,0.14571091809255854,0.1903584225140229,0.0,0.0,0.2141780294912232,12.8,LOW,Routine (3+ months),Normal wear and tear,✅ Continue routine maintenance schedule | 📊 Monitor for changes,29008.85,3
880c44,1,2.000555555555555,1860.684348070709,11285.22,257.1654545454545,AIQ147,0,16.383138604481516,0,91.71033437389268,4662743.4017672725,941.3021472727276,0,2025-12-30 00:18:35,880c44,0.18295647258338044,0.2607195870505308,0.3162294851593847,0.1259337269560793,0.0,0.0,0.13755603488488835,19.4,LOW,Routine (3+ months),Normal wear and tear,✅ Continue routine maintenance schedule | 📊 Monitor for changes,28518.61,3
880c43,1,1.1647222222222224,1026.3489638495637,11285.22,259.02125,AIQ183,0,8.432048716773648,0,97.74189018050336,1246057.8765428571,104.18441250000004,0,2025-12-29 15:51:45,880c43,0.0979084228377615,0.14381229051668767,0.16180573707749657,0.03430335246989702,0.0,0.0,0.03675572488532887,9.4,LOW,Routine (3+ months),Normal wear and tear,✅ Continue routine maintenance schedule | 📊 Monitor for changes,28510.26,3
88085a,2,3.1900000000000004,2931.962569576358,10984.23,257.12544444444444,AIQ123,0,3.045787668271933,0,99.69042316099839,43.22572000000038,63.07302138888889,0,2025-12-29 15:51:45,88085a,0.30398530243075195,0.4108273771315198,0.05719534642614696,0.004701569376760584,0.0,0.0,3.1352962961746785e-06,17.0,LOW,Routine (3+ months),"High flight hours, Extensive mileage",✅ Continue routine maintenance schedule | 📊 Monitor for changes | 🕐 Review airframe hours for scheduled maintenance,24029.32,3
880855,1,1.588611111111111,1356.7896595952272,10675.62,243.41636363636363,AIQ147,0,10.277457145380431,0,94.6844282169528,3155522.486596363,513.3005654545453,0,2025-12-28 23:58:46,880855,0.14104013566987,0.19011372892499612,0.19764672118307547,0.08075179689784051,0.0,0.0,0.09308771848842846,13.4,LOW,Routine (3+ months),Normal wear and tear,✅ Continue routine maintenance schedule | 📊 Monitor for changes,28513.57,3
880851,1,0.2575,127.73634370177376,8176.26,179.38,AIQ138,0,15.827562647588872,0,89.40796419222309,6330200.242800001,1003.5571000000004,0,2025-12-29 00:48:39,880851,0.0055963821368004525,0.017898450543641347,0.3054392510129718,0.1609109448939421,0.0,0.0,0.18673974465541826,10.9,LOW,Routine (3+ months),Normal wear and tear,✅ Continue routine maintenance schedule | 📊 Monitor for changes,28501.28,3
880847,2,0.5358333333333333,459.6197952547908,11129.009999999998,242.13833333333332,AIQ144,0,2.1745142392819417,0,99.9924828464899,9.677399999997412,3.238866666666623,0,2025-12-30 00:28:37,880847,0.033917467495760314,0.06440204828042374,0.04027372808086878,0.00011272978276555268,0.0,0.0,3.8096709811682714e-07,2.9,LOW,Routine (3+ months),Normal wear and tear,✅ Continue routine maintenance schedule | 📊 Monitor for changes,19004.6,3
88045a,2,2.1644444444444444,1252.3681377035632,6248.4,120.948,AIQ120,0,21.722110269176405,1,76.6854728035281,2713521.5314714285,6810.042432777778,0,2025-12-29 01:04:06,88045a,0.19963256076879596,0.1754821574308783,0.4199214351950367,0.3541888797620323,0.0,0.0,0.08023656156779649,23.0,LOW,Routine (3+ months),Speed instability,✅ Continue routine maintenance schedule | 📊 Monitor for changes | 🔧 Inspect throttle control system,34012.52,3
88044a,2,2.000277777777778,1287.0551984008653,7993.380000000001,137.204375,AIQ120,0,16.831052257330605,1,66.17291896666222,11032155.81582857,8082.005887797618,0,2025-12-30 00:48:35,88044a,0.182928208027134,0.18034251762597228,0.3249287334469607,0.51389381755311,0.0,0.0,0.3256333640365468,25.6,LOW,Routine (3+ months),"Speed instability, Declining fuel efficiency",✅ Continue routine maintenance schedule | 📊 Monitor for changes | 🔧 Inspect throttle control system | ⛽ Engine performance check needed,44012.87,3
880441,1,0.6661111111111111,298.7609948672011,9486.9,90.902,AIQ252,0,48.635906320526246,1,44.46245867612848,19096353.42012,14935.54282,0,2025-12-30 08:28:35,880441,0.047173544375353316,0.041862470273019335,0.942633330049377,0.843715454038451,0.0,0.0,0.5636901502099328,39.2,LOW,Routine (3+ months),"Frequent altitude changes, Speed instability, Declining fuel efficiency",✅ Continue routine maintenance schedule | 📊 Monitor for changes | 🔧 Check pressurization system | 🔧 Inspect throttle control system | ⛽ Engine performance check needed,62502.99,3
86ebb6,1,1.1647222222222224,650.6561134226686,12192.0,158.985,ANA837,0,35.01498240726697,0,63.87334355999568,27511508.916964285,2388.788142857143,0,2025-12-29 15:51:45,86ebb6,0.0979084228377615,0.09117010812680569,0.6780917196878218,0.5488285777423678,0.0,0.0,0.8115262743568858,34.2,LOW,Routine (3+ months),"Frequent altitude changes, Declining fuel efficiency",✅ Continue routine maintenance schedule | 📊 Monitor for changes | 🔧 Check pressurization system | ⛽ Engine performance check needed,52506.51,3
86e808,1,2.022777777777778,1321.6543589546218,11582.4,176.69384615384612,JAL39,0,17.057776607944426,0,74.3136088442275,12583711.049536364,3947.345858974359,0,2025-12-29 15:51:45,86e808,0.18521763708309782,0.18519056122951186,0.32933210763813237,0.3902218354022322,0.0,0.0,0.3712747510359538,24.5,LOW,Routine (3+ months),Frequent altitude changes,✅ Continue routine maintenance schedule | 📊 Monitor for changes | 🔧 Check pressurization system,33513.22,3
86e780,1,1.6666666666666667,1207.245525204403,12192.0,203.209,JAL59,0,5.880134890063039,0,99.41060544580402,368838.6171599997,7.26232111111111,0,2025-12-30 03:18:38,86e780,0.14898247597512723,0.16915956493440232,0.11224321125171319,0.008952512724250905,0.0,0.0,0.010879160982401753,9.6,LOW,Routine (3+ months),Normal wear and tear,✅ Continue routine maintenance schedule | 📊 Monitor for changes,18512.07,3
86e75e,2,1.9980555555555555,1633.1754616699131,11734.8,255.23555555555555,JAL50,0,2.453876108305741,0,99.84705876319946,8.064499999997844,14.51436805555557,0,2025-12-29 15:51:45,86e75e,0.18270209157716227,0.2288409812170133,0.04569941279769104,0.002321987831345518,0.0,0.0,6.659668822174104e-07,10.1,LOW,Routine (3+ months),Normal wear and tear,✅ Continue routine maintenance schedule | 📊 Monitor for changes,19016.33,3
86da40,2,1.4980555555555555,1278.696046161035,12039.599999999999,234.6475,JAL753,0,19.07615877054243,0,75.63614386084504,11645100.21205714,3490.8995333333332,0,2025-12-29 04:34:06,86da40,0.1318258903335218,0.17917123098494644,0.3685325371404912,0.37013010737562024,0.0,0.0,0.34357682970308695,23.2,LOW,Routine (3+ months),Normal wear and tear,✅ Continue routine maintenance schedule | 📊 Monitor for changes,34012.79,3
885102,1,2.667222222222222,2765.8235299797766,11887.2,304.08124999999995,THA955,0,16.53117391951323,0,99.04775343277372,0.0,373.1625450000001,0,2025-12-30 00:18:35,885102,0.2507914075749011,0.38754793059804127,0.3191045838588751,0.014464899064205006,0.0,0.0,1.1006481637720567e-05,20.6,LOW,Routine (3+ months),Extensive mileage,✅ Continue routine maintenance schedule | 📊 Monitor for changes,28527.66,3
8850b8,2,2.423888888888889,2207.824979634086,12496.8,248.07763888888888,THA310,0,14.818785941508715,0,84.14738023320703,9069082.553042857,1622.010604365079,0,2025-12-30 00:28:37,8850b8,0.2260316563029961,0.3093610249190804,0.2858470841363995,0.24082884562070528,0.0,0.0,0.2675417041680088,23.8,LOW,Routine (3+ months),Extensive mileage,✅ Continue routine maintenance schedule | 📊 Monitor for changes,29022.08,3
8850b7,1,0.8333333333333334,665.8492134089333,12184.38,223.4125,THA319,0,2.651084302058649,0,99.85205996451748,14.516099999996117,59.402158333333205,0,2025-12-30 09:48:34,8850b7,0.06418880723572641,0.0932989693485081,0.049529532801599385,0.002246010427779277,0.0,0.0,2.1802294038863797e-06,4.5,LOW,Routine (3+ months),Normal wear and tear,✅ Continue routine maintenance schedule | 📊 Monitor for changes,23506.66,3
8850b0,2,1.3322222222222222,915.1449017739703,10797.54,225.16700000000003,THA318,0,20.790140285409745,0,76.46902959129646,5996320.265399999,6752.392548333335,0,2025-12-30 01:28:36,8850b0,0.11495195025438101,0.1282303476832606,0.4018209860710044,0.35747704839176464,0.0,0.0,0.17706147057071525,20.6,LOW,Routine (3+ months),Speed instability,✅ Continue routine maintenance schedule | 📊 Monitor for changes | 🔧 Inspect throttle control system,34009.15,3
8850ae,2,1.6680555555555554,1535.5423984607219,10854.69,244.73119047619048,THA318,0,9.469742901172152,0,80.67372196402178,9710341.869600002,2849.1522976190477,0,2025-12-29 01:14:06,8850ae,0.14912379875635956,0.21516061036379894,0.18195953078134186,0.29360007384901987,0.0,0.0,0.28649193242635973,18.9,LOW,Routine (3+ months),Normal wear and tear,✅ Continue routine maintenance schedule | 📊 Monitor for changes,29015.36,3
8832d4,3,1.3299999999999998,1032.463821915493,10058.4,221.7552777777778,TLM242,0,4.111963994164117,0,93.10423572405053,4413815.3659000015,431.17143055555556,0,2025-12-30 03:58:40,8832d4,0.11472583380440929,0.14466910605956831,0.07790231197246537,0.10475781367483739,0.0,0.0,0.13019882115312606,10.2,LOW,Routine (3+ months),Normal wear and tear,✅ Continue routine maintenance schedule | 📊 Monitor for changes,29510.32,3
8832d1,2,1.5344444444444443,1235.3462769001676,9296.4,204.20687500000003,TLM244,0,11.449544944369547,0,81.27186958172831,9360195.046853572,2731.4540687500003,0,2025-12-29 18:03:07,8832d1,0.13552854720180896,0.17309704975579385,0.2204106684603874,0.28451311652560485,0.0,0.0,0.27616083122095975,18.3,LOW,Routine (3+ months),Normal wear and tear,✅ Continue routine maintenance schedule | 📊 Monitor for changes,29012.35,3
8832cb,2,1.5008333333333332,1197.233554258414,9235.44,198.64785714285713,TLM216,0,13.969392336749497,0,75.84317192060959,13244789.639400003,2482.839864285714,0,2025-12-29 02:54:07,8832cb,0.13210853589598645,0.16775668489550333,0.2693504093539293,0.36698497214789305,0.0,0.0,0.39073016101576696,21.5,LOW,Routine (3+ months),Frequent altitude changes,✅ Continue routine maintenance schedule | 📊 Monitor for changes | 🔧 Check pressurization system,34011.97,3
8832b9,3,2.332777777777778,1781.7610362750415,9271.0,193.1191666666667,TLM219,0,18.444878896455794,0,79.7503117841271,8477608.851200001,3876.9744321428566,0,2025-12-29 02:54:07,8832b9,0.21676088185415493,0.24966083155481103,0.35627200360082784,0.3076283649402447,0.0,0.0,0.25016261479406365,24.7,LOW,Routine (3+ months),Normal wear and tear,✅ Continue routine maintenance schedule | 📊 Monitor for changes,34517.82,3
8832aa,3,1.1655555555555557,902.1843677168108,10058.4,244.515,TLM211,0,3.750276114395066,0,93.13978448776481,4426500.8244,461.33911111111115,0,2025-12-29 05:34:08,8832aa,0.09799321650650088,0.12641431419491497,0.07087771549342475,0.1042177628759886,0.0,0.0,0.13057387033194542,9.3,LOW,Routine (3+ months),Normal wear and tear,✅ Continue routine maintenance schedule | 📊 Monitor for changes,29509.02,3
8832a8,1,2.5608333333333335,2633.36706508589,10668.0,273.4913333333334,TLM215,0,20.294698180125035,0,98.48607416050106,182890.14113142865,84.97072666666665,0,2025-12-29 16:11:36,8832a8,0.2399660825325043,0.3689880954142205,0.3921986540465702,0.022997835459000804,0.0,0.0,0.005396876604606694,21.6,LOW,Routine (3+ months),Extensive mileage,✅ Continue routine maintenance schedule | 📊 Monitor for changes,23526.33,3
8830f7,1,0.49805555555555553,397.4759840123128,11277.6,261.935,TLM221,0,0.6077960824685023,0,99.98642332236106,0.0,2.660366666666674,0,2025-12-29 15:51:45,8830f7,0.030073487846240816,0.05569444087689798,0.00984538512663959,0.00020478504726717528,0.0,0.0,7.846788821281786e-08,2.1,LOW,Routine (3+ months),Normal wear and tear,✅ Continue routine maintenance schedule | 📊 Monitor for changes,18503.97,3
8830f4,2,2.0902777777777777,1640.8717328788198,10820.4,208.46666666666664,TLM242,0,15.325469191483197,0,72.17469247335123,15615287.882265,2987.9529511904757,0,2025-12-29 03:04:06,8830f4,0.19208592425098928,0.229919384791212,0.2956877383934133,0.42271589072427884,0.0,0.0,0.4606632377672358,26.3,LOW,Routine (3+ months),Frequent altitude changes,✅ Continue routine maintenance schedule | 📊 Monitor for changes | 🔧 Check pressurization system,34016.41,3
8830f2,3,1.665,1389.7768708137837,10160.0,240.20516666666666,TLM241,0,2.144454375274639,0,98.4781905084793,99096.5760000001,49.861226111111115,0,2025-12-29 04:44:07,8830f2,0.1488128886376484,0.19473590575782013,0.039689914172033984,0.023117602565570716,0.0,0.0,0.002924338081075655,8.8,LOW,Routine (3+ months),Normal wear and tear,✅ Continue routine maintenance schedule | 📊 Monitor for changes,19513.9,3
8830f1,4,2.8336111111111104,2287.049612331612,10681.335,229.7609583333333,TLM219,0,3.9178398797898626,0,92.82981828836253,3566199.3192,1064.355616904762,1,2025-12-30 03:58:40,8830f1,0.26772187676653475,0.3204620015799235,0.07413209005847425,0.10892671689050015,0.0,0.0,0.10521694275018906,17.3,LOW,Routine (3+ months),Extensive mileage,✅ Continue routine maintenance schedule | 📊 Monitor for changes,30022.87,3
8830e9,1,1.3330555555555557,1252.7957132756635,10668.0,260.8666666666667,TLM217,0,3.963413417863268,0,99.36607153021409,0.0,260.69170666666673,0,2025-12-30 03:18:38,8830e9,0.11503674392312042,0.1755420694340649,0.07501720601893244,0.009629064428932077,0.0,0.0,7.689138475922612e-06,8.0,LOW,Routine (3+ months),Normal wear and tear,✅ Continue routine maintenance schedule | 📊 Monitor for changes,28512.53,3
88516e,1,2.3333333333333335,2397.3604124758635,11277.6,287.6564285714286,THA316,0,19.98520941260824,0,97.86621842215284,1003592.7464439564,319.4334247252748,0,2025-12-30 02:38:38,88516e,0.21681741096664786,0.3359187803133199,0.3861878534966892,0.03241457887535204,0.0,0.0,0.02961053064317768,20.6,LOW,Routine (3+ months),Extensive mileage,✅ Continue routine maintenance schedule | 📊 Monitor for changes,28523.97,3
88516c,1,3.8333333333333335,3083.355871455304,9753.6,225.0705,THA950,0,17.355524432107355,0,99.30182621174346,73344.50526315799,205.7902681578948,0,2025-12-29 23:28:38,88516c,0.3694460146975693,0.4320406469636769,0.33511487901159515,0.010605068428430009,0.0,0.0,0.0021693762893978262,24.8,LOW,Routine (3+ months),"High flight hours, Extensive mileage",✅ Continue routine maintenance schedule | 📊 Monitor for changes | 🕐 Review airframe hours for scheduled maintenance,28530.83,3
88516b,1,2.6663888888888887,2774.6978910613066,11277.6,294.9233333333333,THA921,0,15.377589489083022,0,99.19680767801736,3.545059768084404e-24,311.6144952380955,0,2025-12-30 00:58:38,88516b,0.25070661390616167,0.3887914084393596,0.29670000360738746,0.012200492209930136,0.0,0.0,9.191113271793289e-06,20.2,LOW,Routine (3+ months),Extensive mileage,✅ Continue routine maintenance schedule | 📊 Monitor for changes,28527.75,3
885157,1,0.8697222222222222,746.2890691150299,9753.6,238.0783333333333,THA345,0,1.2583594801667743,0,99.9028727621091,0.0,35.698616666666666,0,2025-12-29 18:13:07,885157,0.06789146410401357,0.10457022338138224,0.022480437635952418,0.0014740710109363286,0.0,0.0,1.0529357088442304e-06,4.3,LOW,Routine (3+ months),Normal wear and tear,✅ Continue routine maintenance schedule | 📊 Monitor for changes,18507.46,3
88511a,1,3.8333333333333335,3134.8355443667565,10972.8,186.7569565217391,THA924,0,28.33427844276397,1,89.32392258120575,1.3836475700887008e-23,4014.8374403162056,0,2025-12-30 00:18:35,88511a,0.3694460146975693,0.43925399246039526,0.5483410363734507,0.1621876908176888,0.0,0.0,0.00011841819378006802,31.4,LOW,Routine (3+ months),"High flight hours, Extensive mileage",✅ Continue routine maintenance schedule | 📊 Monitor for changes | 🕐 Review airframe hours for scheduled maintenance,28531.35,3
885119,1,3.0891666666666664,2948.041886132859,11887.2,280.7178947368422,THA925,0,14.487318877985656,0,99.44977350981952,3.4925403641127836e-24,173.16480643274866,0,2025-12-29 00:08:45,885119,0.29372526851328434,0.4130804152553759,0.279409427533616,0.00835747812808496,0.0,0.0,5.107520269220707e-06,21.3,LOW,Routine (3+ months),"High flight hours, Extensive mileage",✅ Continue routine maintenance schedule | 📊 Monitor for changes | 🕐 Review airframe hours for scheduled maintenance,28529.48,3
885118,1,2.832222222222222,3060.7596577430386,12504.42,299.785625,THA925,0,19.795955560941906,0,98.95055241836126,7.741919999999778,392.0385862500004,0,2025-12-30 00:08:41,885118,0.26758055398530245,0.42887445947245845,0.3825122204041203,0.01594156041603889,0.0,0.0,1.1791582140590391e-05,23.2,LOW,Routine (3+ months),Extensive mileage,✅ Continue routine maintenance schedule | 📊 Monitor for changes,28530.61,3
885116,2,5.925833333333333,5057.506660936675,11734.8,241.92888544891636,THA900,0,11.397878522268723,0,99.4369215170417,45085.29882352947,139.85272229102154,0,2025-12-30 00:18:35,885116,0.5823629169022048,0.7086591820433856,0.21940721828393742,0.008552723426128117,0.0,0.0,0.001333922192143381,33.3,LOW,Routine (3+ months),"High flight hours, Extensive mileage",✅ Continue routine maintenance schedule | 📊 Monitor for changes | 🕐 Review airframe hours for scheduled maintenance,29050.58,3
885114,2,4.758888888888889,3212.597742473999,12344.4,266.226,THA900,0,11.648798513392938,0,99.3632358837239,97803.42013186796,204.1040209523809,1,2025-12-30 00:58:38,885114,0.4636235161107972,0.4501500523964524,0.22428051314606426,0.009672143090248775,0.0,0.0,0.0028907456801337654,25.3,LOW,Routine (3+ months),"High flight hours, Extensive mileage",✅ Continue routine maintenance schedule | 📊 Monitor for changes | 🕐 Review airframe hours for scheduled maintenance,29032.13,3
885112,3,4.5344444444444445,4597.246502063415,11785.6,271.79169841269845,THA342,0,7.409740739176239,0,99.62649967141749,77212.98512234427,92.63948157509151,0,2025-12-30 01:08:40,885112,0.4407857546636519,0.6441674058419727,0.141950769793242,0.005672684206261436,0.0,0.0,0.002280140247450498,26.8,LOW,Routine (3+ months),"High flight hours, Extensive mileage",✅ Continue routine maintenance schedule | 📊 Monitor for changes | 🕐 Review airframe hours for scheduled maintenance,24545.97,3
88510f,1,0.4997222222222222,231.0997314634672,11064.24,153.76,THA325,0,8.628869908020414,0,61.68406801008737,18870039.6792,5133.5852,0,2025-12-29 23:28:38,88510f,0.030243075183719617,0.03238175600128929,0.16562834083163794,0.5820876811849118,0.0,0.0,0.5567258845429215,19.0,LOW,Routine (3+ months),"Frequent altitude changes, Declining fuel efficiency",✅ Continue routine maintenance schedule | 📊 Monitor for changes | 🔧 Check pressurization system | ⛽ Engine performance check needed,43502.31,3
88510d,2,5.091388888888889,4749.31218897012,12039.599999999999,265.5038888888889,THA960,0,12.246920066882947,0,99.38818344209818,39468.61176470593,204.2074399195578,0,2025-12-29 23:58:37,88510d,0.4974561899378181,0.6654748904435278,0.2358970554569845,0.009293144007815446,0.0,0.0,0.0011701553704762042,30.6,LOW,Routine (3+ months),"High flight hours, Extensive mileage",✅ Continue routine maintenance schedule | 📊 Monitor for changes | 🕐 Review airframe hours for scheduled maintenance,29047.49,3
88510a,1,2.832222222222222,2832.4656654989867,12496.8,279.3276470588235,THA955,0,16.74038513049089,0,99.52623387222,87127.33997647018,109.05755661764704,0,2025-12-29 00:54:10,88510a,0.26758055398530245,0.3968858443988154,0.32316782296146235,0.00719590524958702,0.0,0.0,0.002573049788769188,21.2,LOW,Routine (3+ months),Extensive mileage,✅ Continue routine maintenance schedule | 📊 Monitor for changes,28528.32,3
885108,1,3.8347222222222213,3074.238165737583,10363.2,223.74434782608697,THA954,0,15.60523308283829,0,99.28106338909366,66097.02450592894,135.89474387351774,0,2025-12-29 23:38:34,885108,0.36958733747880157,0.4307630716070414,0.3011212310706646,0.010920493714341561,0.0,0.0,0.0019535492489890158,24.1,LOW,Routine (3+ months),"High flight hours, Extensive mileage",✅ Continue routine maintenance schedule | 📊 Monitor for changes | 🕐 Review airframe hours for scheduled maintenance,28530.74,3
885107,2,6.425833333333332,5533.181404598279,11734.8,244.96136363636361,THA960,0,14.967769024927,0,99.53499942420262,39926.106105882165,132.11074818722946,0,2025-12-29 23:38:34,885107,0.6332391181458452,0.7753108539760328,0.28874059011698405,0.0070627404681445904,0.0,0.0,0.001181522728236681,37.2,LOW,Routine (3+ months),"High flight hours, Extensive mileage",✅ Continue routine maintenance schedule | 📊 Monitor for changes | 🕐 Review airframe hours for scheduled maintenance,29055.33,3
885283,1,2.9222222222222225,2949.335574435147,11277.6,276.34444444444443,THA911,0,12.812156950077384,0,99.77676817706497,0.0,45.39157908496739,0,2025-12-29 00:28:46,885283,0.2767382702091578,0.4132616872052875,0.24687492129547173,0.003389830513543246,0.0,0.0,1.3388309957684377e-06,20.2,LOW,Routine (3+ months),Extensive mileage,✅ Continue routine maintenance schedule | 📊 Monitor for changes,18529.49,3
885282,2,5.4225,5114.499839374479,10820.400000000001,260.4886078431372,THA910,0,12.433942276424604,0,99.56046434617555,40986.63529411769,136.1981208438375,0,2025-12-30 00:28:37,885282,0.5311475409836067,0.716645081404773,0.2395293462472858,0.0066758816855261305,0.0,0.0,0.0012129237431179373,32.5,LOW,Routine (3+ months),"High flight hours, Extensive mileage",✅ Continue routine maintenance schedule | 📊 Monitor for changes | 🕐 Review airframe hours for scheduled maintenance,29051.14,3
885281,1,3.5011111111111104,2893.1486862341976,9753.6,229.5690476190476,THA910,0,14.960735713281228,0,99.55597298678713,33622.05257142861,120.72625904761904,0,2025-12-29 23:38:34,885281,0.3356416054267948,0.40538876544690594,0.2886039911901568,0.006744113656829809,0.0,0.0,0.000995247997366142,22.4,LOW,Routine (3+ months),"High flight hours, Extensive mileage",✅ Continue routine maintenance schedule | 📊 Monitor for changes | 🕐 Review airframe hours for scheduled maintenance,28528.93,3
885226,1,2.924722222222222,3024.8996101429566,12496.8,282.6461111111111,THA935,0,16.738501458559774,0,99.40986319299208,14.61097647058433,180.78710751633983,0,2025-12-29 00:18:37,885226,0.2769926512153759,0.4238497400397401,0.3231312388347744,0.008963788903283754,0.0,0.0,5.763293911096735e-06,22.0,LOW,Routine (3+ months),Extensive mileage,✅ Continue routine maintenance schedule | 📊 Monitor for changes,28530.25,3
885223,1,4.166111111111111,3067.296729854532,10980.42,209.3420833333333,THA934,0,17.21208358726262,0,99.35986056743678,20.091123913039866,238.85976503623192,0,2025-12-29 23:58:37,885223,0.40330695308083675,0.4297904357599976,0.3323290127716472,0.009723420323737852,0.0,0.0,7.63779281302623e-06,25.5,LOW,Routine (3+ months),"High flight hours, Extensive mileage",✅ Continue routine maintenance schedule | 📊 Monitor for changes | 🕐 Review airframe hours for scheduled maintenance,28530.67,3
885221,1,2.7580555555555555,2265.7109259673425,11582.4,232.555,THA934,0,14.33823096672951,0,98.53904250276064,92508.35388235313,291.67265000000003,0,2025-12-29 00:48:39,885221,0.26003391746749577,0.31747201915605794,0.2765138856173478,0.022193149372562226,0.0,0.0,0.0027371498069516218,18.7,LOW,Routine (3+ months),Extensive mileage,✅ Continue routine maintenance schedule | 📊 Monitor for changes,28522.66,3
88517a,1,2.667777777777778,2859.846595608252,11277.6,296.593125,THA951,0,13.62574891715832,0,99.56036500574211,0.0,150.56359624999996,0,2025-12-30 00:48:35,88517a,0.250847936687394,0.40072246762754793,0.26267626711602227,0.006677390848569442,0.0,0.0,4.440894402825979e-06,19.6,LOW,Routine (3+ months),Extensive mileage,✅ Continue routine maintenance schedule | 📊 Monitor for changes,28528.6,3
885179,2,6.257777777777778,5465.698276464075,10820.400000000001,245.9377485380117,THA920,0,13.673657920314296,0,99.54176686905822,92615.41448916419,92.51640431716538,0,2025-12-29 23:28:38,885179,0.6161390616167328,0.7658551000657736,0.26360674179794613,0.006959930591834751,0.0,0.0,0.0027344334331575793,36.1,LOW,Routine (3+ months),"High flight hours, Extensive mileage",✅ Continue routine maintenance schedule | 📊 Monitor for changes | 🕐 Review airframe hours for scheduled maintenance,24054.66,3
885178,2,5.832222222222223,5253.329741969033,10515.6,257.49478571428574,THA923,0,13.821672762803203,0,99.42625302298536,133356.60570924828,108.13784574320422,0,2025-12-29 23:48:40,885178,0.5728377614471455,0.7360979643788508,0.266481442885683,0.008714797381327855,0.0,0.0,0.003936561342781864,34.5,LOW,Routine (3+ months),"High flight hours, Extensive mileage",✅ Continue routine maintenance schedule | 📊 Monitor for changes | 🕐 Review airframe hours for scheduled maintenance,29052.53,3
885177,3,4.089166666666666,3881.799448888709,10769.6,268.96025000000003,THA916,0,7.024762895875283,0,98.86277055563808,21058.022400000027,104.9130644444444,1,2025-12-30 10:08:34,885177,0.39547767100056536,0.5439187739589575,0.13447384243729263,0.017275127610360985,0.0,0.0,0.0006242037517180976,23.7,LOW,Routine (3+ months),"High flight hours, Extensive mileage",✅ Continue routine maintenance schedule | 📊 Monitor for changes | 🕐 Review airframe hours for scheduled maintenance,29538.82,3
885176,2,3.5941666666666667,2871.843769484821,10820.400000000001,147.76749999999998,THA921,0,17.358713049067156,1,81.93890210475419,226074.02602941208,45.94231225490193,0,2025-12-29 16:01:36,885176,0.3451102317693613,0.40240351483048475,0.33517680739991473,0.2743796713849107,0.0,0.0,0.006669440201921961,27.6,LOW,Routine (3+ months),"High flight hours, Extensive mileage",✅ Continue routine maintenance schedule | 📊 Monitor for changes | 🕐 Review airframe hours for scheduled maintenance,19028.72,3
885175,2,5.590277777777778,5206.75983975228,10515.6,262.89427083333334,THA930,0,14.239299074931955,0,99.3911297968479,86705.5191882354,167.66980185049022,1,2025-12-30 00:38:34,885175,0.5482193329564727,0.729572577261189,0.27459245927806963,0.009248383485366052,0.0,0.0,0.0025623369018174334,34.0,LOW,Routine (3+ months),"High flight hours, Extensive mileage",✅ Continue routine maintenance schedule | 📊 Monitor for changes | 🕐 Review airframe hours for scheduled maintenance,29052.07,3
885170,3,5.423333333333333,4682.918112094934,10769.6,264.4643154761905,THA971,0,10.825464190556104,1,86.46279945427767,28387.040000000037,41.475695111416364,1,2025-12-30 02:38:38,885170,0.5312323346523461,0.6561717346861056,0.20828995413433868,0.20565338888586526,0.0,0.0,0.0008385030603376743,33.7,LOW,Routine (3+ months),"High flight hours, Extensive mileage",✅ Continue routine maintenance schedule | 📊 Monitor for changes | 🕐 Review airframe hours for scheduled maintenance,19546.83,3
88516f,3,6.255277777777778,5669.958786794903,10058.4,245.52351851851856,THA970,0,14.944967821558663,1,96.01001397749553,18216.2823529412,1453.737884204793,1,2025-12-30 00:58:38,88516f,0.6158846806105146,0.7944761372445958,0.28829775179737716,0.06061372248610164,0.0,0.0,0.0005801700075599478,38.0,LOW,Routine (3+ months),"High flight hours, Extensive mileage",✅ Continue routine maintenance schedule | 📊 Monitor for changes | 🕐 Review airframe hours for scheduled maintenance,29556.7,3
885974,1,0.335,266.5106031450892,11277.6,252.8066666666667,TVJ751,0,1.4074312907657658,0,99.98901138230994,0.0,4.784533333333311,0,2025-12-30 04:08:35,885974,0.01348219332956473,0.03734353678452882,0.025375666849954657,0.00016546767876202129,0.0,0.0,1.411204821705647e-07,1.6,LOW,Routine (3+ months),Normal wear and tear,✅ Continue routine maintenance schedule | 📊 Monitor for changes,18502.67,3
885973,2,1.1669444444444443,578.5148694969685,9563.1,179.42499999999998,TVJ760,0,9.27044918501568,0,76.47490700165139,12546812.0031,3086.4877100000003,0,2025-12-30 03:08:38,885973,0.09813453928773319,0.08106165778963684,0.1780889063697592,0.35738775976887893,0.0,0.0,0.3701610173506489,16.7,LOW,Routine (3+ months),Frequent altitude changes,✅ Continue routine maintenance schedule | 📊 Monitor for changes | 🔧 Check pressurization system,34005.79,3
88596e,2,1.0008333333333332,501.5582361239872,9368.79,151.26375000000002,TVJ762,0,27.213642058903062,0,60.622959898761906,12261120.639,11289.352345833333,0,2025-12-29 03:14:06,88596e,0.08123233465234596,0.07027847379896875,0.5265763634698944,0.5982078559339397,0.0,0.0,0.361976455113753,26.6,LOW,Routine (3+ months),"Speed instability, Declining fuel efficiency",✅ Continue routine maintenance schedule | 📊 Monitor for changes | 🔧 Inspect throttle control system | ⛽ Engine performance check needed,44005.02,3
885961,4,1.7569444444444442,1307.9839804496132,10690.86,221.811625,TVJ761,0,10.685577250059564,0,81.33081059044734,10527123.623130001,2154.29261375,0,2025-12-29 05:24:05,885961,0.15816845675522895,0.18327506414783554,0.20557311078779575,0.2836176947016703,0.0,0.0,0.31056252989723354,19.1,LOW,Routine (3+ months),Normal wear and tear,✅ Continue routine maintenance schedule | 📊 Monitor for changes,30013.08,3
885315,2,1.588611111111111,963.0633684885538,10519.41,165.01114285714286,THA313,0,36.55225016646226,0,54.17158634800545,14238273.94275,11314.116399285713,0,2025-12-29 02:04:07,885315,0.14104013566987,0.13494469601798742,0.7079480856116155,0.6962160305011326,0.0,0.0,0.42029359971834485,35.0,LOW,Routine (3+ months),"Frequent altitude changes, Speed instability, Declining fuel efficiency",✅ Continue routine maintenance schedule | 📊 Monitor for changes | 🔧 Check pressurization system | 🔧 Inspect throttle control system | ⛽ Engine performance check needed,63009.63,3
885314,2,0.7580555555555556,524.7335399055514,10515.6,208.01333333333332,THA351,0,9.778169626451469,0,83.34646043775297,10934762.807850001,926.6157500000002,0,2025-12-29 02:54:07,885314,0.056529112492933874,0.07352580354512643,0.18794970465673558,0.2529962835328966,0.0,0.0,0.32254969436085396,13.7,LOW,Routine (3+ months),Normal wear and tear,✅ Continue routine maintenance schedule | 📊 Monitor for changes,29005.25,3
885312,2,3.3338888888888882,2098.5368012999866,11738.61,164.687,THA313,0,29.054549968027,1,55.89985478208385,15604457.84632143,11118.143702222222,0,2025-12-30 01:58:37,885312,0.3186263425664217,0.29404753622643065,0.5623299397990966,0.6699604690995975,0.0,0.0,0.4605836054543616,39.7,LOW,Routine (3+ months),"Frequent altitude changes, Speed instability, Declining fuel efficiency, High flight hours, Extensive mileage",✅ Continue routine maintenance schedule | 📊 Monitor for changes | 🔧 Check pressurization system | 🔧 Inspect throttle control system | ⛽ Engine performance check needed | 🕐 Review airframe hours for scheduled maintenance,54020.99,3
885311,2,0.8330555555555555,434.8994366402718,9906.0,168.85250000000002,THA339,0,28.86352474000109,1,62.332479489827996,17025774.012900002,6805.0291333333325,0,2025-12-29 01:24:06,885311,0.06416054267947995,0.06093822503904422,0.5586199035516681,0.5722371237806921,0.0,0.0,0.5023783093481797,27.6,LOW,Routine (3+ months),"Frequent altitude changes, Speed instability, Declining fuel efficiency",✅ Continue routine maintenance schedule | 📊 Monitor for changes | 🔧 Check pressurization system | 🔧 Inspect throttle control system | ⛽ Engine performance check needed,44004.35,3
88530f,3,0.9983333333333332,459.7348208084087,7172.959999999999,127.05777777777779,THA301,0,30.317731591583637,1,59.95326027394129,10256234.3262,11888.167944444445,0,2025-12-30 09:28:35,88530f,0.08097795364612775,0.06441816569167118,0.586863084760688,0.6083818192334771,0.0,0.0,0.3028597140842908,27.2,LOW,Routine (3+ months),"Speed instability, Declining fuel efficiency",✅ Continue routine maintenance schedule | 📊 Monitor for changes | 🔧 Inspect throttle control system | ⛽ Engine performance check needed,63504.6,3
88530b,4,2.8316666666666666,2136.022309037546,10212.705,216.97994047619045,THA351,0,6.73599612331571,0,87.2422954307029,7165940.99067,1241.5153944047615,0,2025-12-30 04:48:37,88530b,0.2675240248728095,0.2993000155670827,0.12886549842786343,0.19381141800464885,0.0,0.0,0.21139705392241318,20.3,LOW,Routine (3+ months),Extensive mileage,✅ Continue routine maintenance schedule | 📊 Monitor for changes,30021.36,3
88530a,2,0.6655555555555556,643.4067383869817,10671.810000000001,271.0816666666667,THA344,0,2.2317602379394375,0,99.9689482032348,38.70960000000813,11.32051666666668,0,2025-12-30 03:58:40,88530a,0.047117015262860384,0.09015432376357478,0.04138554316537031,0.00047026409795836166,0.0,0.0,1.4756453127544564e-06,3.8,LOW,Routine (3+ months),Normal wear and tear,✅ Continue routine maintenance schedule | 📊 Monitor for changes,19006.43,3
885306,1,0.33388888888888885,284.19669604689585,10378.44,228.73666666666668,THA327,0,4.719040629128779,0,99.32296543942422,484102.2576,18.6652333333333,0,2025-12-29 10:24:06,885306,0.013369135104578855,0.039821716838377014,0.08969277726315632,0.01028392486102514,0.0,0.0,0.014279214564798883,3.2,LOW,Routine (3+ months),Normal wear and tear,✅ Continue routine maintenance schedule | 📊 Monitor for changes,18502.84,3
885301,1,1.4994444444444446,1402.8813156256292,10668.0,262.3325,THA344,0,2.4112257858280373,0,99.84874397415248,15.552964285717552,48.54693571428557,0,2025-12-29 02:54:07,885301,0.13196721311475415,0.19657210405948983,0.04487107067768931,0.002296386391905103,0.0,0.0,1.8906355468493194e-06,8.2,LOW,Routine (3+ months),Normal wear and tear,✅ Continue routine maintenance schedule | 📊 Monitor for changes,18514.03,3
8852e4,3,6.421666666666667,5586.940227776948,11071.86,233.71000000000004,THA940,0,8.684719721014957,0,99.57307319192171,44426.40263939553,115.89530192918194,1,2025-12-30 02:48:39,8852e4,0.6328151498021483,0.7828435546159871,0.16671303960552844,0.00648433023601569,0.0,0.0,0.0013137813292410387,34.9,LOW,Routine (3+ months),"High flight hours, Extensive mileage",✅ Continue routine maintenance schedule | 📊 Monitor for changes | 🕐 Review airframe hours for scheduled maintenance,29555.87,3
8852e3,2,5.257222222222222,4964.38939621191,11734.8,266.61761904761903,THA940,0,13.404868386408552,0,99.42228960470035,49745.69778513244,193.07581066580485,0,2025-12-30 00:08:41,8852e3,0.5143301300169588,0.6956115660780617,0.2583863898893256,0.008775008960785202,0.0,0.0,0.0014729511360590543,32.1,LOW,Routine (3+ months),"High flight hours, Extensive mileage",✅ Continue routine maintenance schedule | 📊 Monitor for changes | 🕐 Review airframe hours for scheduled maintenance,29049.64,3
888129,2,5.922777777777778,4871.516944816475,12192.0,244.01829545454547,HVN33,0,19.06576590124204,0,94.86978353034152,3184297.6008097394,320.3720553571428,1,2025-12-29 23:58:37,888129,0.5820520067834937,0.6825982534217292,0.3683306898650413,0.07793591036319258,0.0,0.0,0.09393075406722445,37.7,LOW,Routine (3+ months),"High flight hours, Extensive mileage",✅ Continue routine maintenance schedule | 📊 Monitor for changes | 🕐 Review airframe hours for scheduled maintenance,29048.72,3
888128,1,0.3330555555555555,319.6605177388898,10066.02,263.44,VJC1802,0,1.5993902558122557,0,99.96686091692538,19.354800000004065,14.376700000000058,0,2025-12-30 02:48:39,888128,0.013284341435839453,0.04479091699119033,0.029103837865380643,0.0005019737981293293,0.0,0.0,9.94915326678396e-07,1.8,LOW,Routine (3+ months),Normal wear and tear,✅ Continue routine maintenance schedule | 📊 Monitor for changes,18503.2,3
888123,2,5.0922222222222215,4771.402487006086,11734.8,262.8158403361344,HVN18,0,10.516396064607633,0,99.38806876851804,1.781619780883444e-24,72.84216121525542,0,2025-12-30 00:18:35,888123,0.49754098360655746,0.6685701888952679,0.2022873231622762,0.009294886109427192,0.0,0.0,2.1484897683597637e-06,30.0,LOW,Routine (3+ months),"High flight hours, Extensive mileage",✅ Continue routine maintenance schedule | 📊 Monitor for changes | 🕐 Review airframe hours for scheduled maintenance,24047.71,3
8880f8,2,4.833611111111111,4380.782044150706,11430.0,265.5806944444445,HVN55,0,10.213964868832566,0,99.22759775407525,109493.38546336899,70.23605132947121,0,2025-12-29 23:38:34,8880f8,0.4712266817410968,0.613836348273484,0.19641359271172829,0.011732734588165372,0.0,0.0,0.0032315943937076923,28.2,LOW,Routine (3+ months),"High flight hours, Extensive mileage",✅ Continue routine maintenance schedule | 📊 Monitor for changes | 🕐 Review airframe hours for scheduled maintenance,24043.81,3
8880f7,2,3.9247222222222224,4071.7054145294505,12192.0,296.2923076923077,HVN56,0,9.972087160646474,0,99.24151117372678,47266.28263846139,50.03248333333324,1,2025-12-30 01:18:37,8880f7,0.37874505370265693,0.5705284485077999,0.19171591443075478,0.011521364272789048,0.0,0.0,0.0013956013553092085,24.9,LOW,Routine (3+ months),"High flight hours, Extensive mileage",✅ Continue routine maintenance schedule | 📊 Monitor for changes | 🕐 Review airframe hours for scheduled maintenance,24040.72,3
8880ee,3,1.3322222222222222,934.110161477163,10769.6,211.1688888888889,VJC1812,0,14.006459652167228,0,78.13278865134687,12355612.3855,2712.124683333334,0,2025-12-30 04:18:35,8880ee,0.11495195025438101,0.1308877649304414,0.2700703199396452,0.3322015024770425,0.0,0.0,0.3645105159048716,19.5,LOW,Routine (3+ months),Normal wear and tear,✅ Continue routine maintenance schedule | 📊 Monitor for changes,34509.34,3
8880e9,1,1.1669444444444443,1079.660885841491,9456.42,255.80833333333337,VJC1806,0,3.146743737925658,0,99.94205082982718,56.12891999999793,24.916896666666663,0,2025-12-29 02:24:07,8880e9,0.09813453928773319,0.15128237124317812,0.05915608575719716,0.0008788844402146667,0.0,0.0,2.3904577372729387e-06,6.7,LOW,Routine (3+ months),Normal wear and tear,✅ Continue routine maintenance schedule | 📊 Monitor for changes,18510.8,3
8880e8,1,0.8313888888888888,805.0234524515695,10066.02,273.855,VJC1926,0,1.6792757956628463,0,99.9805606890852,15.483840000003251,6.442430000000014,0,2025-12-29 01:54:09,8880e8,0.06399095534200114,0.11280010083751714,0.030655351513886195,0.00029384917927011145,0.0,0.0,6.467184109775519e-07,4.5,LOW,Routine (3+ months),Normal wear and tear,✅ Continue routine maintenance schedule | 📊 Monitor for changes,18508.05,3
8880e4,2,3.091666666666667,2718.669754968206,12496.8,262.80241758241755,HVN972,0,23.82729554924218,1,80.78544700408139,2920934.392723636,6497.313738186815,1,2025-12-30 02:08:35,8880e4,0.2939796495195026,0.3809407310686651,0.46080772952019033,0.29190276595891873,0.0,0.0,0.08634500904385523,29.4,LOW,Routine (3+ months),"Speed instability, High flight hours, Extensive mileage",✅ Continue routine maintenance schedule | 📊 Monitor for changes | 🔧 Inspect throttle control system | 🕐 Review airframe hours for scheduled maintenance,29027.19,3
8880e2,1,2.9225,2403.522101053271,11277.6,240.14,HVN30,0,27.01913482114516,1,81.45307142777591,12.808323529414457,7940.0250375,0,2025-12-29 00:08:45,8880e2,0.2767665347654042,0.3367821577599574,0.5227987006453217,0.28176032876349355,0.0,0.0,0.00023456993615482435,28.3,LOW,Routine (3+ months),"Speed instability, Extensive mileage",✅ Continue routine maintenance schedule | 📊 Monitor for changes | 🔧 Inspect throttle control system,28524.04,3
8880e1,2,4.998611111111111,4504.088208784993,11125.2,267.3729901960785,HVN30,0,9.996132355031328,0,99.54580602075762,14.742509759361386,123.31330520276286,0,2025-12-30 00:08:41,8880e1,0.48801582815149813,0.6311140409447691,0.19218291318095218,0.006898568483170053,0.0,0.0,4.07197563828698e-06,28.8,LOW,Routine (3+ months),"High flight hours, Extensive mileage",✅ Continue routine maintenance schedule | 📊 Monitor for changes | 🕐 Review airframe hours for scheduled maintenance,29045.04,3
8880e0,2,4.668333333333334,4452.361674677331,11430.0,266.5417194570135,HVN34,0,10.492152315792868,0,99.23245269849558,115016.79667737555,59.63548355957768,0,2025-12-29 23:38:34,8880e0,0.45440927077444904,0.623866105191406,0.20181646814586898,0.011658979094623101,0.0,0.0,0.0033941955174352475,28.1,LOW,Routine (3+ months),"High flight hours, Extensive mileage",✅ Continue routine maintenance schedule | 📊 Monitor for changes | 🕐 Review airframe hours for scheduled maintenance,24044.52,3
8880df,2,5.166111111111111,4399.795060256656,10515.6,243.82838345864658,HVN36,0,8.835887559624116,0,99.43392703797093,14.787559745520745,22.489832687487915,0,2025-12-30 00:48:35,8880df,0.5050593555681178,0.6165004571605547,0.16964897726403147,0.008598215045113822,0.0,0.0,1.0995019216518993e-06,28.5,LOW,Routine (3+ months),"High flight hours, Extensive mileage",✅ Continue routine maintenance schedule | 📊 Monitor for changes | 🕐 Review airframe hours for scheduled maintenance,19044.0,3
886288,2,3.2288888888888887,2357.358805285662,12344.4,226.61666666666667,TAX230,0,6.806154950987673,0,99.79115192026607,2.481541837659083e-24,85.56549313725493,0,2025-12-29 23:28:38,886288,0.30794234030525724,0.3303137444463817,0.1302281027101877,0.0031713151224419533,0.0,0.0,2.5237662291045354e-06,17.0,LOW,Routine (3+ months),"High flight hours, Extensive mileage",✅ Continue routine maintenance schedule | 📊 Monitor for changes | 🕐 Review airframe hours for scheduled maintenance,24023.57,3
89408d,3,2.667222222222222,2472.8035260646934,11988.800000000001,253.92027777777776,GFA124,0,2.744929005229606,0,99.888848966049,15.760337142860456,16.996366031746057,1,2025-12-30 04:58:38,89408d,0.2507914075749011,0.3464898895082141,0.051352157247550545,0.0016871181460215157,0.0,0.0,9.6616355750165e-07,14.3,LOW,Routine (3+ months),Extensive mileage,✅ Continue routine maintenance schedule | 📊 Monitor for changes,19524.73,3
89405d,2,0.8344444444444444,468.71196961028147,9624.06,175.43,GFA060,0,22.14836627950474,0,65.15803662586934,18877723.5348,4252.593983333333,0,2025-12-30 05:58:33,89405d,0.06430186546071227,0.06567604617577491,0.42820005506815567,0.5293117382236511,0.0,0.0,0.5569265359826823,25.0,LOW,Routine (3+ months),"Frequent altitude changes, Declining fuel efficiency",✅ Continue routine maintenance schedule | 📊 Monitor for changes | 🔧 Check pressurization system | ⛽ Engine performance check needed,44004.69,3
89405b,2,1.0002777777777778,814.2041296052712,10668.0,226.32083333333333,GFA060,0,16.810842794478788,0,76.96903703702627,13354163.614200002,3482.9277999999995,0,2025-12-29 05:14:08,89405b,0.08117580553985304,0.11408649976855517,0.3245362311555297,0.34988101994287146,0.0,0.0,0.39398565948703296,20.0,LOW,Routine (3+ months),Frequent altitude changes,✅ Continue routine maintenance schedule | 📊 Monitor for changes | 🔧 Check pressurization system,34008.14,3
894059,1,1.4991666666666668,1277.8265024411303,10668.0,232.75,GFA270,0,14.288171766405544,0,67.79560806543861,14726384.37205714,5236.444933333332,0,2025-12-29 01:54:09,894059,0.13193894855850768,0.17904939028702743,0.27554165043334367,0.4892421995356555,0.0,0.0,0.4345112235636287,24.1,LOW,Routine (3+ months),"Frequent altitude changes, Speed instability, Declining fuel efficiency",✅ Continue routine maintenance schedule | 📊 Monitor for changes | 🔧 Check pressurization system | 🔧 Inspect throttle control system | ⛽ Engine performance check needed,43512.78,3
888218,3,2.3338888888888887,1835.9841366114035,9865.36,236.14912698412698,VJC884,0,13.183428748753151,0,87.68147095619288,1648892.554742857,5618.343198412698,1,2025-12-30 02:58:37,888218,0.21687394007914076,0.25725858683391256,0.2540856538514263,0.1871395377873245,0.0,0.0,0.04880003114353063,18.9,LOW,Routine (3+ months),Speed instability,✅ Continue routine maintenance schedule | 📊 Monitor for changes | 🔧 Inspect throttle control system,29518.36,3
8881c6,1,2.7555555555555555,2339.888396265863,11887.2,233.20125,VJC896,0,28.2771370310205,1,78.04543609083143,2264469.0194400013,8176.992491666668,0,2025-12-29 00:28:46,8881c6,0.2597795364612776,0.32786578607559796,0.5472312525454803,0.3335285477849188,0.0,0.0,0.06703201308524889,29.7,LOW,Routine (3+ months),"Speed instability, Extensive mileage",✅ Continue routine maintenance schedule | 📊 Monitor for changes | 🔧 Inspect throttle control system,33523.4,3
8881ab,2,1.5013888888888889,1227.5433060397625,10363.2,244.46249999999998,VJC910,0,19.6673985777288,0,81.66948032254753,2412029.0469,8225.479463333335,0,2025-12-30 02:28:35,8881ab,0.1321650650084794,0.172003695397973,0.38001542418244016,0.2784726814788029,0.0,0.0,0.07138574693510065,19.2,LOW,Routine (3+ months),Speed instability,✅ Continue routine maintenance schedule | 📊 Monitor for changes | 🔧 Inspect throttle control system,29012.28,3
888198,1,1.0005555555555554,927.0978314816643,10066.02,269.84714285714284,HVN984,0,1.9571340316007932,0,98.62503831579944,19.354799999999447,9.913323809523726,0,2025-12-29 01:34:05,888198,0.08120407009609949,0.12990519538145578,0.03605183310759747,0.0208867155426119,0.0,0.0,8.632674195103072e-07,5.7,LOW,Routine (3+ months),Normal wear and tear,✅ Continue routine maintenance schedule | 📊 Monitor for changes,18509.27,3
888168,1,1.7566666666666668,1783.6222144621192,12496.8,283.32,HVN10,0,8.095664801851411,0,99.6508888770481,76011.57818181782,54.402999999999935,0,2025-12-28 23:48:41,888168,0.1581401921989825,0.24992162033871493,0.15527258682132133,0.00530216752416357,0.0,0.0,0.0022435767907330465,12.2,LOW,Routine (3+ months),Normal wear and tear,✅ Continue routine maintenance schedule | 📊 Monitor for changes,23517.84,3
888167,1,3.335,2327.918524903001,11582.4,197.4435,HVN19,0,12.27078523106743,0,99.21871666355406,97792.67368421062,48.4456344736842,0,2025-12-30 00:38:34,888167,0.3187394007914076,0.32618856450816275,0.2363605577131538,0.011867654611521505,0.0,0.0,0.0028858375461961907,19.4,LOW,Routine (3+ months),"High flight hours, Extensive mileage",✅ Continue routine maintenance schedule | 📊 Monitor for changes | 🕐 Review airframe hours for scheduled maintenance,18523.28,3
888164,1,0.9994444444444445,910.3041092929192,10675.62,267.41,HVN982,0,5.073707808752108,0,97.09531768271192,423400.0748571432,60.22766666666658,0,2025-12-29 01:54:09,888164,0.08109101187111364,0.12755205454989513,0.09658101975224424,0.04412597237174076,0.0,0.0,0.012490021055119316,7.3,LOW,Routine (3+ months),Normal wear and tear,✅ Continue routine maintenance schedule | 📊 Monitor for changes,23509.1,3
888153,2,3.6666666666666665,2763.277511716435,10972.8,208.312,HVN11,0,6.307153032913513,0,99.49187150063537,23004.562285714175,152.99829714285715,0,2025-12-30 02:38:38,888153,0.3524872809496891,0.3871911818400212,0.12053663304032623,0.0077179325800947884,0.0,0.0,0.0006830354995290791,19.1,LOW,Routine (3+ months),"High flight hours, Extensive mileage",✅ Continue routine maintenance schedule | 📊 Monitor for changes | 🕐 Review airframe hours for scheduled maintenance,29027.63,3
888152,1,0.4997222222222222,361.1521975187472,12458.7,245.08000000000004,HVN978,0,13.268117697352166,0,74.13785467861055,14885660.551199997,2562.4993999999992,0,2025-12-29 23:28:38,888152,0.030243075183719617,0.050604742226756934,0.25573045790325727,0.3928918629257009,0.0,0.0,0.43913022842288985,17.2,LOW,Routine (3+ months),Frequent altitude changes,✅ Continue routine maintenance schedule | 📊 Monitor for changes | 🔧 Check pressurization system,33503.61,3
88812d,2,5.591388888888889,4698.220095930613,12344.4,239.5713333333333,HVN18,0,14.310984231698736,0,98.436428600935,601393.840867443,59.95566137844611,1,2025-12-30 01:38:40,88812d,0.5483323911814586,0.6583158527418245,0.27598470747876946,0.023752042393408668,0.0,0.0,0.017739964141984813,32.9,LOW,Routine (3+ months),"High flight hours, Extensive mileage",✅ Continue routine maintenance schedule | 📊 Monitor for changes | 🕐 Review airframe hours for scheduled maintenance,24046.98,3
88812b,2,3.4994444444444435,2404.357946983298,10664.19,225.39425,HVN51,0,9.240706927899542,0,94.42506049163012,48057.96840000002,23.106554078947383,0,2025-12-30 01:48:39,88812b,0.335472018089316,0.33689927671457237,0.1775112609293033,0.08469206746201208,0.0,0.0,0.001418158053895619,20.0,LOW,Routine (3+ months),"High flight hours, Extensive mileage",✅ Continue routine maintenance schedule | 📊 Monitor for changes | 🕐 Review airframe hours for scheduled maintenance,19024.04,3
88812a,2,5.000277777777778,4524.407768257632,11430.0,264.7705769230769,HVN36,0,12.915760529481737,0,98.99799520757476,222386.57755846166,71.41109282051283,0,2025-12-30 00:38:34,88812a,0.488185415488977,0.6339612230368031,0.2488870797884921,0.01522081759583016,0.0,0.0,0.006561429596999311,30.2,LOW,Routine (3+ months),"High flight hours, Extensive mileage",✅ Continue routine maintenance schedule | 📊 Monitor for changes | 🕐 Review airframe hours for scheduled maintenance,24045.24,3
895053,1,1.3330555555555557,1370.2224811633332,12496.8,285.9725,RBA2,0,9.592749209767504,0,99.20667254020807,302249.04987857124,171.26562142857136,0,2025-12-30 01:48:39,895053,0.11503674392312042,0.19199593946532306,0.18434852341999602,0.01205062689395342,0.0,0.0,0.00891992965002532,10.7,LOW,Routine (3+ months),Normal wear and tear,✅ Continue routine maintenance schedule | 📊 Monitor for changes,28513.7,3
8940d7,2,1.333888888888889,781.7694906147955,10641.33,162.46125,GFA056,0,23.113591303754337,0,59.920248002037894,12935988.644100003,8898.068854166666,0,2025-12-29 06:24:05,8940d7,0.11512153759185985,0.1095417495036873,0.44694637388634517,0.6088833360782409,0.0,0.0,0.3818112503989461,27.0,LOW,Routine (3+ months),"Frequent altitude changes, Speed instability, Declining fuel efficiency",✅ Continue routine maintenance schedule | 📊 Monitor for changes | 🔧 Check pressurization system | 🔧 Inspect throttle control system | ⛽ Engine performance check needed,54007.82,3
8940d3,6,4.833333333333333,3879.96501463171,10157.460000000001,223.1543472222222,GFA069,0,6.323690549111192,0,91.42997460268003,4980229.037217857,860.1353832738095,1,2025-12-30 06:18:36,8940d3,0.4711984171848503,0.5436617325416683,0.12085781985512487,0.13019290512681236,0.0,0.0,0.14691792423616112,28.5,LOW,Routine (3+ months),"High flight hours, Extensive mileage",✅ Continue routine maintenance schedule | 📊 Monitor for changes | 🕐 Review airframe hours for scheduled maintenance,31038.8,3
8940d2,4,3.8327777777777774,3129.0391770389288,10216.515,229.03631249999998,GFA068,0,6.548862917453648,0,89.77079649059462,5069576.876955001,1530.6598347321426,1,2025-12-30 06:08:34,8940d2,0.36938948558507634,0.4384418039246711,0.12523105189941025,0.15539885805574571,0.0,0.0,0.14957302852188062,24.3,LOW,Routine (3+ months),"High flight hours, Extensive mileage",✅ Continue routine maintenance schedule | 📊 Monitor for changes | 🕐 Review airframe hours for scheduled maintenance,30031.29,3
8940cd,4,1.9994444444444441,1678.3633444265133,10214.61,240.86816666666667,GFA274,0,1.255805549278206,0,99.97688597532704,12.096750000000808,9.988661666666722,1,2025-12-30 06:38:36,8940cd,0.1828434143583946,0.23517271939936774,0.022430835935339708,0.00034967480844205756,0.0,0.0,6.514123167711693e-07,9.7,LOW,Routine (3+ months),Normal wear and tear,✅ Continue routine maintenance schedule | 📊 Monitor for changes,20016.78,3
8940ca,2,1.5016666666666665,622.2995457024377,8751.57,154.34900000000002,GFA130,0,24.080698122047664,0,62.20222763269737,11212250.156100001,9693.7602,0,2025-12-30 06:08:34,8940ca,0.13219332956472582,0.08719677829584607,0.46572924035944174,0.5742158879385764,0.0,0.0,0.3309928107985381,26.3,LOW,Routine (3+ months),"Speed instability, Declining fuel efficiency",✅ Continue routine maintenance schedule | 📊 Monitor for changes | 🔧 Inspect throttle control system | ⛽ Engine performance check needed,44006.22,3
8940c5,2,1.0238888888888888,818.9156506177058,9304.02,213.23166666666668,GFA284,0,8.247089440172509,0,82.49411834689627,10225721.484000001,1792.6084666666668,0,2025-12-30 02:18:37,8940c5,0.08357829282080273,0.11474667934926455,0.1582135119689088,0.26594492024946903,0.0,0.0,0.3016619635774611,14.6,LOW,Routine (3+ months),Normal wear and tear,✅ Continue routine maintenance schedule | 📊 Monitor for changes,29008.19,3
8940c4,2,2.363611111111111,2028.3178577606027,11125.2,238.04249999999996,DHX723,0,3.5168279342357183,0,99.85297516190141,23225.75999999989,29.486762500000008,0,2025-12-30 07:18:12,8940c4,0.21989824759751275,0.2842084391320228,0.06634375304648596,0.0022321069040935893,0.0,0.0,0.0006859167671077912,12.5,LOW,Routine (3+ months),Normal wear and tear,✅ Continue routine maintenance schedule | 📊 Monitor for changes,19020.28,3
8940c3,3,2.536388888888889,1301.609666342914,9123.68,155.80901587301585,GFA130,0,19.824343571622723,0,69.30730563616477,9251099.009285713,7324.640509523809,0,2025-12-29 18:13:07,8940c3,0.23747880158281517,0.18238189355533163,0.38306356406540853,0.4662767460180619,0.0,0.0,0.27307850496010816,27.0,LOW,Routine (3+ months),"Speed instability, Declining fuel efficiency",✅ Continue routine maintenance schedule | 📊 Monitor for changes | 🔧 Inspect throttle control system | ⛽ Engine performance check needed,44513.02,3
8940a1,1,0.33388888888888885,347.7492193276098,11277.6,285.93333333333334,GFA250,0,11.205933233039298,0,97.5462286271126,1110210.6828000008,417.3724333333332,0,2025-12-29 10:24:06,8940a1,0.013369135104578855,0.048726713348369324,0.21567931287624056,0.037275809657492553,0.0,0.0,0.032758130364511785,6.5,LOW,Routine (3+ months),Normal wear and tear,✅ Continue routine maintenance schedule | 📊 Monitor for changes,28503.48,3
8940a0,1,1.1655555555555557,1178.0867853696188,12496.8,294.695,GFA122,0,4.8231480499275,0,99.92622727085474,0.0,4.737171428571405,0,2025-12-30 04:58:38,8940a0,0.09799321650650088,0.16507383453283186,0.09171472121674322,0.0011192732687089757,0.0,0.0,1.3972353614242197e-07,7.6,LOW,Routine (3+ months),Normal wear and tear,✅ Continue routine maintenance schedule | 📊 Monitor for changes,18511.78,3
89409f,1,1.3327777777777778,1328.2478231794978,12496.8,278.3525,GFA152,0,4.028608621922274,0,99.78450142826762,15.552964285710129,91.90930714285705,0,2025-12-30 05:08:39,89409f,0.11500847936687396,0.18611443919501663,0.07628340825157472,0.0032723482707497364,0.0,0.0,3.1696147779951174e-06,8.2,LOW,Routine (3+ months),Normal wear and tear,✅ Continue routine maintenance schedule | 📊 Monitor for changes,23513.28,3
89409c,1,0.5,439.8575020711185,11277.6,254.13,GFA284,0,11.588562684991736,0,92.72744277987172,4477945.882800001,604.5487000000002,0,2025-12-29 02:24:07,89409c,0.030271339739966086,0.061632950489408866,0.22311063046055826,0.1104819882801713,0.0,0.0,0.1320954735366334,9.4,LOW,Routine (3+ months),Normal wear and tear,✅ Continue routine maintenance schedule | 📊 Monitor for changes,28504.4,3
894097,1,1.3327777777777778,1280.499967284744,11887.2,269.7914285714286,GFA165,0,2.242216574418609,0,99.80957274289804,16.589828571432054,72.7729476190476,0,2025-12-29 05:14:08,894097,0.11500847936687396,0.17942399689386204,0.04158862308185011,0.002891469104228772,0.0,0.0,2.635767625703825e-06,7.3,LOW,Routine (3+ months),Normal wear and tear,✅ Continue routine maintenance schedule | 📊 Monitor for changes,23512.8,3
894094,1,0.6675,256.5182369561788,10096.5,128.53400000000002,GFA056,0,22.2974609332974,0,47.55898787966916,19064826.3864,10103.24563,0,2025-12-30 04:18:35,894094,0.04731486715658565,0.0359434037694198,0.4310957279360009,0.7966735067158626,0.0,0.0,0.5626177266417509,28.1,LOW,Routine (3+ months),"Frequent altitude changes, Speed instability, Declining fuel efficiency",✅ Continue routine maintenance schedule | 📊 Monitor for changes | 🔧 Check pressurization system | 🔧 Inspect throttle control system | ⛽ Engine performance check needed,53502.57,3
89408f,2,2.000277777777778,1867.1300857913807,11734.8,247.35444444444445,GFA152,0,2.074491856026481,0,99.90213264014065,15.322549999999755,41.34738472222215,0,2025-12-30 00:28:37,89408f,0.182928208027134,0.2616227655388714,0.03833112253464421,0.0014853148185556275,0.0,0.0,1.6714876781938513e-06,10.6,LOW,Routine (3+ months),Normal wear and tear,✅ Continue routine maintenance schedule | 📊 Monitor for changes,19018.67,3
896121,1,1.333611111111111,1037.6452897349927,10972.8,218.0325,UAE395,0,6.645138491690711,0,97.96130919731304,1486913.1551999997,39.04650714285718,0,2025-12-29 01:14:06,896121,0.11509327303561337,0.14539513471220694,0.12710088801400474,0.03096997592091022,0.0,0.0,0.04385786388142956,9.2,LOW,Routine (3+ months),Normal wear and tear,✅ Continue routine maintenance schedule | 📊 Monitor for changes,28510.38,3
89611f,1,1.0,1071.6763868569308,11277.6,308.85,UAE332,0,8.389653725130927,0,99.3128024762575,454768.6757142862,11.57640000000002,0,2025-12-30 08:28:35,89611f,0.08114754098360658,0.15016358111619155,0.1609823539184795,0.010438318876551778,0.0,0.0,0.013413807364010289,8.5,LOW,Routine (3+ months),Normal wear and tear,✅ Continue routine maintenance schedule | 📊 Monitor for changes,18510.72,3
89611e,1,1.1658333333333333,933.1277177476154,9753.6,223.40875,UAE363,0,3.704046182402829,0,99.71923961958164,103636.65908571446,16.260241071428574,0,2025-12-29 00:54:10,89611e,0.09802148106274733,0.13075010465306355,0.06997985124177686,0.00426379461747628,0.0,0.0,0.003057257403114774,6.6,LOW,Routine (3+ months),Normal wear and tear,✅ Continue routine maintenance schedule | 📊 Monitor for changes,18509.33,3
89611d,1,0.3330555555555555,292.61593811115506,10972.8,244.99,UAE349,0,1.0867735645913228,0,99.9565183099773,4.963083675318166e-24,6.093300000000012,0,2025-12-29 03:34:08,89611d,0.013284341435839453,0.0410014232816263,0.01914794604354984,0.0006590969315632966,0.0,0.0,1.7972273868783602e-07,1.5,LOW,Routine (3+ months),Normal wear and tear,✅ Continue routine maintenance schedule | 📊 Monitor for changes,18502.93,3
896116,1,1.2025000000000001,1013.8998389829565,11277.6,250.78666666666663,UAE566,0,14.325669564698812,0,69.63863511775111,13941301.1496,5131.261106666668,0,2025-12-29 17:23:08,896116,0.10175240248728097,0.14206791582050252,0.2762699217318756,0.46124324463807065,0.0,0.0,0.41135198131997375,21.9,LOW,Routine (3+ months),"Frequent altitude changes, Declining fuel efficiency",✅ Continue routine maintenance schedule | 📊 Monitor for changes | 🔧 Check pressurization system | ⛽ Engine performance check needed,43510.14,3
896114,2,0.6688888888888889,617.7218294197165,10668.0,261.89,UAE526,0,5.853758869737644,0,93.56945412917415,3792340.8023999995,638.0703333333331,0,2025-12-30 07:18:12,896114,0.047456189937817986,0.08655534746954656,0.11173094388011316,0.09769029443997912,0.0,0.0,0.11187444419160951,7.7,LOW,Routine (3+ months),Normal wear and tear,✅ Continue routine maintenance schedule | 📊 Monitor for changes,29006.18,3
896112,1,0.3330555555555555,328.628042229494,10668.0,276.1,UAE356,0,1.88801892506898,0,99.91860001530031,0.0,22.327300000000022,0,2025-12-30 08:18:37,896112,0.013284341435839453,0.04604744891423255,0.03470949967275331,0.0012351452435629406,0.0,0.0,6.58546847111568e-07,2.0,LOW,Routine (3+ months),Normal wear and tear,✅ Continue routine maintenance schedule | 📊 Monitor for changes,18503.29,3
896110,3,2.167777777777778,1917.1880507473563,10261.6,261.9507777777778,UAE1N,0,6.053577855092123,0,89.38972827163009,4343106.15248,2100.550193333333,1,2025-12-30 07:48:33,896110,0.19997173544375357,0.2686369009377338,0.11561176991681314,0.16118798191168893,0.0,0.0,0.12816248154024773,16.4,LOW,Routine (3+ months),Normal wear and tear,✅ Continue routine maintenance schedule | 📊 Monitor for changes,29519.17,3
89610e,2,0.8350000000000001,747.4418668907037,10210.8,252.84416666666664,UAE3M,0,1.038613253766414,0,99.97644243281198,2.481541837659083e-24,9.24906666666664,1,2025-12-30 07:48:33,89610e,0.06435839457320522,0.10473175371313255,0.018212590537398578,0.0003564130312254665,0.0,0.0,2.728025194294881e-07,4.1,LOW,Routine (3+ months),Normal wear and tear,✅ Continue routine maintenance schedule | 📊 Monitor for changes,19007.47,3
896108,1,1.001111111111111,997.3965196983714,11277.6,293.2628571428572,UAE332,0,2.915334267197688,0,99.87475318848531,3.8601761919141294e-24,18.272423809523872,0,2025-12-29 08:44:04,896108,0.08126059920859244,0.1397554663213161,0.05466171853004451,0.001901258811920492,0.0,0.0,5.389477047761386e-07,5.9,LOW,Routine (3+ months),Normal wear and tear,✅ Continue routine maintenance schedule | 📊 Monitor for changes,18509.97,3
8960f4,1,0.3333333333333333,236.30039377970465,10972.8,220.3033333333333,UAE367,0,1.735512928813887,0,99.87988046265616,4.963083675318166e-24,0.7909333333333396,0,2025-12-29 03:04:06,8960f4,0.013312605992085924,0.03311047419192952,0.031747572706856186,0.001823366130922155,0.0,0.0,2.332868967327501e-08,1.7,LOW,Routine (3+ months),Normal wear and tear,✅ Continue routine maintenance schedule | 📊 Monitor for changes,18502.36,3
8960e0,2,1.6677777777777778,1558.9431468424082,10210.8,259.56982142857146,UAE348,0,1.6817235084230475,0,99.92839492194882,0.0,28.43227440476188,0,2025-12-30 04:18:35,8960e0,0.14909553420011307,0.21843952946744627,0.03070289027699872,0.001086342680337582,0.0,0.0,8.386139240063443e-07,8.7,LOW,Routine (3+ months),Normal wear and tear,✅ Continue routine maintenance schedule | 📊 Monitor for changes,19015.59,3
8960dc,1,1.1672222222222222,943.9307887223964,11277.6,219.8942857142857,UAE1N,0,13.166151143819183,0,60.57335773199142,20173389.14622857,5532.594328571428,0,2025-12-30 07:48:33,8960dc,0.09816280384397966,0.13226383383896384,0.2537500932491111,0.598961403652345,0.0,0.0,0.5951801288268159,25.1,LOW,Routine (3+ months),"Frequent altitude changes, Speed instability, Declining fuel efficiency",✅ Continue routine maintenance schedule | 📊 Monitor for changes | 🔧 Check pressurization system | 🔧 Inspect throttle control system | ⛽ Engine performance check needed,43509.44,3
8960d4,2,2.165833333333333,1863.7087993432688,9906.0,262.4165178571429,UAE362,0,3.9558906610190094,0,99.87169355529736,1.9300880959570647e-24,17.852020535714367,0,2025-12-30 00:58:38,8960d4,0.19977388355002826,0.2611433739693888,0.07487110123025496,0.001947740241221907,0.0,0.0,5.265478512119983e-07,11.7,LOW,Routine (3+ months),Normal wear and tear,✅ Continue routine maintenance schedule | 📊 Monitor for changes,19018.64,3
8953e3,1,1.9994444444444448,1761.9670986297515,11574.78,208.95,V8OAS,0,8.092097954399367,0,99.1116221819225,58729.50130909113,171.52972000000017,0,2025-12-30 08:38:36,8953e3,0.18284341435839463,0.2468872997333955,0.15520331255072953,0.013494615842079782,0.0,0.0,0.0017372941768968287,12.8,LOW,Routine (3+ months),Normal wear and tear,✅ Continue routine maintenance schedule | 📊 Monitor for changes,28517.62,3
89505d,1,1.0,988.1264291313094,11887.2,284.004,RBA98,0,3.2078782211872863,0,99.83804715396316,17.41932000000366,69.77007999999985,0,2025-12-29 09:34:05,89505d,0.08114754098360658,0.13845653875895367,0.060343421855221284,0.0024588906729208215,0.0,0.0,2.571663589934815e-06,6.0,LOW,Routine (3+ months),Normal wear and tear,✅ Continue routine maintenance schedule | 📊 Monitor for changes,23509.88,3
896214,4,3.0005555555555556,1391.326514946086,9906.0,157.74466666666666,UAE21W,0,31.357739737821294,1,58.605882017249435,12841196.817555,10096.6383825,1,2025-12-30 08:18:37,896214,0.28470887507066145,0.1949530423068904,0.6070618195562789,0.6288509615565737,0.0,0.0,0.3790507041475305,36.4,LOW,Routine (3+ months),"Frequent altitude changes, Speed instability, Declining fuel efficiency, High flight hours",✅ Continue routine maintenance schedule | 📊 Monitor for changes | 🔧 Check pressurization system | 🔧 Inspect throttle control system | ⛽ Engine performance check needed | 🕐 Review airframe hours for scheduled maintenance,64013.91,3
896213,2,1.3294444444444442,1261.3423967132355,9906.0,267.8023333333333,UAE544,0,5.833200065441295,0,99.72806679212158,132479.73504000023,33.53477666666665,1,2025-12-30 06:38:36,896213,0.11466930469191634,0.17673963299652826,0.11133165678106624,0.004129693706961257,0.0,0.0,0.003908497491331707,8.7,LOW,Routine (3+ months),Normal wear and tear,✅ Continue routine maintenance schedule | 📊 Monitor for changes,19012.61,3
896212,1,0.4988888888888889,479.1267467694176,11277.6,278.5525,UAE526,0,0.929633592329725,0,99.56012439129596,0.0,39.8659583333334,0,2025-12-29 07:14:05,896212,0.03015828151498022,0.0671353675286786,0.01609601934760913,0.006681046222492104,0.0,0.0,1.1758520361843047e-06,2.5,LOW,Routine (3+ months),Normal wear and tear,✅ Continue routine maintenance schedule | 📊 Monitor for changes,18504.79,3
89620e,1,0.998611111111111,674.9835666314809,9753.6,191.81285714285715,UAE3PX,0,8.83573027604894,0,80.62688721425484,11483888.552914286,1682.9919904761905,0,2025-12-30 01:08:40,89620e,0.08100621820237423,0.09457887735795936,0.16964592254832164,0.2943115794369161,0.0,0.0,0.3387685447040782,15.1,LOW,Routine (3+ months),Normal wear and tear,✅ Continue routine maintenance schedule | 📊 Monitor for changes,28506.75,3
89620d,3,1.7005555555555556,1610.8952309315932,10769.6,269.40422222222224,UAE528,0,5.837798385860879,0,99.22998996427839,477676.4640000004,59.83115444444447,0,2025-12-29 18:23:08,89620d,0.1524307518371962,0.22571906934436903,0.1114209640187031,0.011696392535833988,0.0,0.0,0.014090899075334715,10.9,LOW,Routine (3+ months),Normal wear and tear,✅ Continue routine maintenance schedule | 📊 Monitor for changes,24516.11,3
89620a,1,0.3330555555555555,260.6237869918449,10363.2,253.53,UAE359,0,2.017107646039926,0,99.99882253313872,0.0,0.5123999999999922,0,2025-12-29 02:54:07,89620a,0.013284341435839453,0.0365186745352668,0.03721662315003262,1.6418336700629865e-05,0.0,0.0,1.5113309914766318e-08,1.8,LOW,Routine (3+ months),Normal wear and tear,✅ Continue routine maintenance schedule | 📊 Monitor for changes,18502.61,3
896209,1,0.3319444444444445,292.4598901156338,10972.8,249.47333333333336,UAE3M,0,1.4630564196125988,0,99.99733384708271,4.963083675318166e-24,1.1608333333333407,0,2025-12-29 07:34:07,896209,0.013171283210853596,0.0409795577948797,0.026456001873879555,3.9034203183185845e-05,0.0,0.0,3.423894208832607e-08,1.7,LOW,Routine (3+ months),Normal wear and tear,✅ Continue routine maintenance schedule | 📊 Monitor for changes,18502.92,3
896198,1,0.5005555555555555,278.46174239522355,11582.4,215.4925,UAE385,0,0.6971010724910287,0,99.98794660266276,0.0,5.030358333333304,0,2025-12-29 03:04:06,896198,0.030327868852459017,0.03901813360333326,0.01157984058827565,0.00018164363086203839,0.0,0.0,1.4837112504682814e-07,1.8,LOW,Routine (3+ months),Normal wear and tear,✅ Continue routine maintenance schedule | 📊 Monitor for changes,18502.78,3
896197,1,1.166388888888889,1195.131877542858,11277.6,294.13375,UAE316,0,3.053916537628834,0,99.86259238883204,0.0,14.024683928571417,0,2025-12-30 07:58:34,896197,0.09807801017524027,0.16746219739365403,0.05735322295521265,0.00208600362105571,0.0,0.0,4.1366002082190755e-07,7.0,LOW,Routine (3+ months),Normal wear and tear,✅ Continue routine maintenance schedule | 📊 Monitor for changes,18511.95,3
896191,1,0.5005555555555555,404.6715290810769,11887.2,264.435,UAE314,0,2.9282473933390976,0,99.96377888739084,17782.222500000094,5.615366666666707,0,2025-12-29 01:34:05,896191,0.030327868852459017,0.056702682570808544,0.054912513498580014,0.0005487954689357144,0.0,0.0,0.0005246547743804733,3.0,LOW,Routine (3+ months),Normal wear and tear,✅ Continue routine maintenance schedule | 📊 Monitor for changes,18504.05,3
896186,1,1.9994444444444448,2072.800336080882,11887.2,300.72307692307686,UAE302,0,11.416986510505389,0,99.5768870834058,81654.17912307708,73.29203974358968,0,2025-12-30 06:58:37,896186,0.18284341435839463,0.2904413358566459,0.21977832805674632,0.00642639024239855,0.0,0.0,0.002410563232306508,14.9,LOW,Routine (3+ months),Normal wear and tear,✅ Continue routine maintenance schedule | 📊 Monitor for changes,23520.73,3
89617f,2,1.166111111111111,1241.8366507887258,11277.6,293.65166666666664,UAE378,0,3.5164581598921787,0,99.93746622575927,0.0,26.892720000000104,1,2025-12-30 08:48:37,89617f,0.0980497456189938,0.17400648267588212,0.06633657139706678,0.0009485329688999622,0.0,0.0,7.93204550763158e-07,7.3,LOW,Routine (3+ months),Normal wear and tear,✅ Continue routine maintenance schedule | 📊 Monitor for changes,19012.42,3
89617d,1,0.33416666666666667,337.8700533781299,11277.6,282.35,UAE378,0,2.2892283526583754,0,99.98268521977944,0.0,3.867099999999944,0,2025-12-30 07:58:34,89617d,0.013397399660825326,0.04734244198099703,0.04250167212321519,0.00026157366871149,0.0,0.0,1.1406065724315548e-07,2.1,LOW,Routine (3+ months),Normal wear and tear,✅ Continue routine maintenance schedule | 📊 Monitor for changes,18503.38,3
89617a,1,0.3330555555555555,198.0282774827355,9220.2,178.10333333333332,UAE8M,0,18.507941189771223,0,59.01819816115789,19113310.160400003,6818.882633333332,0,2025-12-30 02:48:39,89617a,0.013284341435839453,0.027747775050163806,0.35749678106328153,0.622587124516117,0.0,0.0,0.5639508896129811,23.0,LOW,Routine (3+ months),"Frequent altitude changes, Speed instability, Declining fuel efficiency",✅ Continue routine maintenance schedule | 📊 Monitor for changes | 🔧 Check pressurization system | 🔧 Inspect throttle control system | ⛽ Engine performance check needed,53501.98,3
896177,1,0.5,305.3500278380667,11582.4,209.7125,UAE387,0,1.170456658384842,0,99.8845604784536,0.0,25.286024999999995,0,2025-12-29 04:34:06,896177,0.030271339739966086,0.04278572733003046,0.020773214676804937,0.0017522681233981263,0.0,0.0,7.458148562403097e-07,2.1,LOW,Routine (3+ months),Normal wear and tear,✅ Continue routine maintenance schedule | 📊 Monitor for changes,18503.05,3
896173,1,0.8341666666666666,637.2249691029474,9144.0,203.9766666666667,UAE3PX,0,8.680193105223863,0,80.49731015810177,10952006.48304,2021.9321066666664,0,2025-12-29 01:04:06,896173,0.06427360090446581,0.08928813260296971,0.16662512499426638,0.29628009213261386,0.0,0.0,0.32309060549037977,14.4,LOW,Routine (3+ months),Normal wear and tear,✅ Continue routine maintenance schedule | 📊 Monitor for changes,28506.37,3
896311,2,0.8341666666666666,628.5927866381619,10058.400000000001,223.37416666666667,UAE335,0,1.6751779368187698,0,99.9613452020881,0.0,1.1301999999999939,0,2025-12-30 03:08:38,896311,0.06427360090446581,0.08807858889401268,0.030575764094960003,0.0005857676039572324,0.0,0.0,3.3335407622304956e-08,4.0,LOW,Routine (3+ months),Normal wear and tear,✅ Continue routine maintenance schedule | 📊 Monitor for changes,19006.29,3
89630f,1,0.33249999999999996,331.7841728615467,10668.0,280.8333333333333,UAE65T,0,2.496505906734604,0,99.97495825803097,0.0,0.7656333333333334,0,2025-12-30 01:38:40,89630f,0.013227812323346522,0.04648968678005838,0.046527356305604034,0.00037896036318207926,0.0,0.0,2.2582462622448142e-08,2.2,LOW,Routine (3+ months),Normal wear and tear,✅ Continue routine maintenance schedule | 📊 Monitor for changes,18503.32,3
89630b,3,3.001388888888889,2775.0577900866656,10363.199999999999,254.7597222222222,UAE338,0,17.523635557964433,1,86.48358729698782,2589260.1978133335,4722.60407459596,1,2025-12-30 08:28:35,89630b,0.2847936687394009,0.38884183758676916,0.33837988425185156,0.20533758349943365,0.0,0.0,0.07650988680426767,25.5,LOW,Routine (3+ months),"High flight hours, Extensive mileage",✅ Continue routine maintenance schedule | 📊 Monitor for changes | 🕐 Review airframe hours for scheduled maintenance,29527.75,3
896309,1,1.0,405.2358687044048,11178.54,132.91571428571427,UAE510,0,38.04504496109583,1,48.00697834891871,14656923.589320004,12251.150695238097,0,2025-12-29 08:04:08,896309,0.08114754098360658,0.05678175798932478,0.7369407105926047,0.7898677113655841,0.0,0.0,0.4326693677590073,34.1,LOW,Routine (3+ months),"Frequent altitude changes, Speed instability, Declining fuel efficiency",✅ Continue routine maintenance schedule | 📊 Monitor for changes | 🔧 Check pressurization system | 🔧 Inspect throttle control system | ⛽ Engine performance check needed,62504.05,3
896308,3,1.9258333333333333,1797.8405279120768,10261.6,251.42444444444445,UAE399,0,4.710853852707993,0,99.35767138716636,236905.97780000008,144.63445888888893,1,2025-12-30 03:18:38,896308,0.17535330695308085,0.2519138942109983,0.08953377607999015,0.009756677979710582,0.0,0.0,0.006991841078364065,11.4,LOW,Routine (3+ months),Normal wear and tear,✅ Continue routine maintenance schedule | 📊 Monitor for changes,29517.98,3
896306,2,1.1674999999999998,866.8727872479291,10820.4,209.0125,UAE3KV,0,20.694619885120836,0,72.18390256934457,9359249.66856,8047.5773850000005,0,2025-12-29 09:14:08,896306,0.09819106840022611,0.12146644612288314,0.3999658167245102,0.4225759725055004,0.0,0.0,0.27628974695883285,22.0,LOW,Routine (3+ months),Speed instability,✅ Continue routine maintenance schedule | 📊 Monitor for changes | 🔧 Inspect throttle control system,34008.67,3
896305,3,2.167222222222222,1601.2032974355163,10160.0,228.12873809523808,UAE42N,0,14.05765422903376,1,83.38032781860746,4581052.773359998,5600.056202301587,0,2025-12-29 15:51:45,896305,0.19991520633126061,0.22436103303829788,0.27106460607561483,0.25248177601774413,0.0,0.0,0.1352839689395315,20.0,LOW,Routine (3+ months),Speed instability,✅ Continue routine maintenance schedule | 📊 Monitor for changes | 🔧 Inspect throttle control system,29516.01,3
8962e6,1,0.33388888888888885,316.5373615306593,11277.6,266.0233333333333,ETD402,0,0.8805688558542158,0,99.98501424376646,0.0,6.524933333333333,0,2025-12-30 04:18:35,8962e6,0.013369135104578855,0.044353299510423945,0.01514309835033658,0.00022619153067615638,0.0,0.0,1.924538244337576e-07,1.5,LOW,Routine (3+ months),Normal wear and tear,✅ Continue routine maintenance schedule | 📊 Monitor for changes,18503.17,3
8962d0,2,1.0,715.3173460797868,10363.2,221.10791666666665,ABY448,0,13.492126265163952,0,80.47112283058561,10929684.5922,2222.9304291666667,0,2025-12-30 03:58:40,8962d0,0.08114754098360658,0.10023045729028536,0.26008108695317284,0.2966779255779196,0.0,0.0,0.32243814666093357,16.9,LOW,Routine (3+ months),Normal wear and tear,✅ Continue routine maintenance schedule | 📊 Monitor for changes,29007.15,3
89627b,2,1.0,799.9874250791984,9296.400000000001,228.56,ETD394,0,5.431337830093228,0,97.13451119045746,1103949.405000001,602.6566583333336,0,2025-12-29 04:44:07,89627b,0.08114754098360658,0.11209445133911557,0.10352680568877101,0.0435305512387365,0.0,0.0,0.03257891808125826,7.3,LOW,Routine (3+ months),Normal wear and tear,✅ Continue routine maintenance schedule | 📊 Monitor for changes,29008.0,3
89625c,3,1.1691666666666667,737.7640594360944,8359.14,185.94222222222223,ETD265,0,10.727197982488605,0,84.01567888433482,7646866.964299999,2458.1102666666666,0,2025-12-30 04:08:35,89625c,0.09836065573770494,0.10337569675175888,0.20638145651025352,0.24282963021168424,0.0,0.0,0.22561791664855727,14.6,LOW,Routine (3+ months),Normal wear and tear,✅ Continue routine maintenance schedule | 📊 Monitor for changes,29507.38,3
89621b,3,2.3344444444444443,1741.1575591851713,10871.2,213.2891666666667,UAE2V,1,22.630323995012205,1,73.20380483725,13358580.05698,5227.627453888889,0,2025-12-30 02:58:37,89621b,0.21693046919163372,0.2439714615170273,0.43756049720838436,0.4070817899522934,0.3333333333333333,0.3333333333333333,0.39416738324782996,32.4,LOW,Routine (3+ months),"Frequent altitude changes, Speed instability, Repeated high-risk operations",✅ Continue routine maintenance schedule | 📊 Monitor for changes | 🔧 Check pressurization system | 🔧 Inspect throttle control system,34517.41,3
89621a,2,0.8319444444444444,465.1094429283445,10820.400000000001,183.23000000000002,UAE530,0,26.80016802055004,1,58.95178337095473,26377282.729199998,6644.5087,0,2025-12-29 10:04:07,89621a,0.06404748445449407,0.06517125917639643,0.5185459913273611,0.6235960867628174,0.0,0.0,0.7781976368365207,30.4,LOW,Routine (3+ months),"Frequent altitude changes, Speed instability, Declining fuel efficiency",✅ Continue routine maintenance schedule | 📊 Monitor for changes | 🔧 Check pressurization system | 🔧 Inspect throttle control system | ⛽ Engine performance check needed,54004.65,3
896219,2,0.8327777777777778,615.5241825958976,10515.599999999999,211.14041666666665,UAE1P,0,22.738302628209283,0,61.788967027674815,21054536.11665,4990.4150291666665,0,2025-12-30 04:58:38,896219,0.06413227812323348,0.08624741261053456,0.43965762671975245,0.5804940730723523,0.0,0.0,0.621153690732857,27.0,LOW,Routine (3+ months),"Frequent altitude changes, Declining fuel efficiency",✅ Continue routine maintenance schedule | 📊 Monitor for changes | 🔧 Check pressurization system | ⛽ Engine performance check needed,44006.16,3
896215,1,0.3344444444444444,271.85640085230176,10668.0,294.6933333333333,UAE65T,0,6.639508303920514,0,99.86225740369508,103141.72920000005,0.5637333333333424,0,2025-12-29 01:34:05,896215,0.013425664217071786,0.03809259138485653,0.12699154014972985,0.0020910926585331335,0.0,0.0,0.003042196405974049,3.7,LOW,Routine (3+ months),Normal wear and tear,✅ Continue routine maintenance schedule | 📊 Monitor for changes,18502.72,3
89638d,4,2.524166666666667,1871.3716342320056,10828.02,207.14533333333335,ABY465,0,18.977956712242257,0,80.45702783658652,8640915.379425,3324.478460833333,0,2025-12-30 04:18:35,89638d,0.23623516110797066,0.2622170924374887,0.3666252854144715,0.29689205434003796,0.0,0.0,0.2549630678177325,25.5,LOW,Routine (3+ months),Normal wear and tear,✅ Continue routine maintenance schedule | 📊 Monitor for changes,30018.71,3
896388,2,1.6672222222222222,1484.4258285754236,10515.6,239.50500000000002,ETD6CK,0,7.869826411746124,0,98.21129533762515,1155412.4357142858,118.16776666666668,0,2025-12-29 10:24:06,896388,0.14903900508762014,0.2079981429599359,0.15088641949666898,0.027172228807628485,0.0,0.0,0.03408253732709768,11.7,LOW,Routine (3+ months),Normal wear and tear,✅ Continue routine maintenance schedule | 📊 Monitor for changes,29014.84,3
896366,1,1.001111111111111,1066.4859398571857,10675.62,271.29285714285714,ABY526,0,17.14629337551497,0,92.15086520188105,4892912.7948,626.3468904761907,0,2025-12-30 07:48:33,896366,0.08126059920859244,0.1494362942984224,0.33105125447326855,0.11924125721269396,0.0,0.0,0.14433562378690254,14.9,LOW,Routine (3+ months),Normal wear and tear,✅ Continue routine maintenance schedule | 📊 Monitor for changes,28510.66,3
896357,1,1.1669444444444443,885.0040678482933,9753.6,216.61,ETD936,0,5.353820348979411,0,99.30922337575906,416997.783514286,59.97439999999997,0,2025-12-29 06:04:04,896357,0.09813453928773319,0.12400700599577386,0.10202128378617391,0.01049269196527236,0.0,0.0,0.012301177103271438,7.3,LOW,Routine (3+ months),Normal wear and tear,✅ Continue routine maintenance schedule | 📊 Monitor for changes,23508.85,3
896354,3,1.3322222222222222,1176.3721170719637,10464.800000000001,271.9338888888889,ETD402,0,1.159668690332946,0,99.98566228998554,0.0,6.19834444444442,0,2025-12-30 01:48:39,896354,0.11495195025438101,0.16483357475370444,0.02056369390867265,0.0002163465222499994,0.0,0.0,1.8282103931959403e-07,6.6,LOW,Routine (3+ months),Normal wear and tear,✅ Continue routine maintenance schedule | 📊 Monitor for changes,19511.76,3
896353,1,0.5005555555555555,234.2642289485552,10363.2,213.11,ETD401,0,1.586022294346168,0,99.99906966516946,0.0,0.4028666666666688,0,2025-12-29 05:04:06,896353,0.030327868852459017,0.032825166232793655,0.028844209217866682,1.2663948736779673e-05,0.0,0.0,1.1882608875219195e-08,2.0,LOW,Routine (3+ months),Normal wear and tear,✅ Continue routine maintenance schedule | 📊 Monitor for changes,18502.34,3
89633a,2,1.172222222222222,982.8860232183926,10519.41,233.6465,ETD392,0,7.856480459394314,0,96.46463683888787,2502397.5758399996,111.25851833333344,0,2025-12-30 09:58:35,89633a,0.09867156585641605,0.1377222516849481,0.1506272183037514,0.05370716895745775,0.0,0.0,0.07381184929371325,9.8,LOW,Routine (3+ months),Normal wear and tear,✅ Continue routine maintenance schedule | 📊 Monitor for changes,29009.83,3
896327,1,1.0005555555555554,1043.7175051077436,10668.0,288.836,ETD476,0,3.87739454831912,0,99.78615841858829,111483.64800000012,28.89742999999988,0,2025-12-29 01:34:05,896327,0.08120407009609949,0.14624597514954765,0.07334657263050728,0.0032471755543775904,0.0,0.0,0.003289078178118805,6.5,LOW,Routine (3+ months),Normal wear and tear,✅ Continue routine maintenance schedule | 📊 Monitor for changes,18510.44,3
896326,1,0.6675,733.195001532918,10668.0,305.13,ETD440,0,6.679342600803557,0,99.36955226289558,445934.5920000006,17.30359999999984,0,2025-12-30 02:28:35,896326,0.04731486715658565,0.10273547913991017,0.12776519024220284,0.009576185727429798,0.0,0.0,0.013153413749571477,6.1,LOW,Routine (3+ months),Normal wear and tear,✅ Continue routine maintenance schedule | 📊 Monitor for changes,18507.33,3
89631c,1,0.4983333333333333,368.3716080591955,11277.6,197.355,UAE6Q,0,31.88565539184352,0,55.26187714819696,22712640.058500003,6533.128966666666,0,2025-12-29 02:14:08,89631c,0.030101752402487282,0.05161632795692422,0.6173148433701896,0.6796525172843781,0.0,0.0,0.6701052017748601,31.0,LOW,Routine (3+ months),"Frequent altitude changes, Speed instability, Declining fuel efficiency",✅ Continue routine maintenance schedule | 📊 Monitor for changes | 🔧 Check pressurization system | 🔧 Inspect throttle control system | ⛽ Engine performance check needed,62503.68,3
89631b,2,0.9997222222222223,1043.3192619059532,10668.0,295.94533333333334,UAE338,0,3.719111690069707,0,99.81772710120356,61935.36000000008,8.77863166666664,0,2025-12-30 07:58:34,89631b,0.08111927642736011,0.1461901732059111,0.07027244913634631,0.0027675894736349793,0.0,0.0,0.0018270510627315427,6.4,LOW,Routine (3+ months),Normal wear and tear,✅ Continue routine maintenance schedule | 📊 Monitor for changes,19010.43,3
896319,3,1.6636111111111112,1327.4730246232507,10871.2,239.84433333333334,UAE393,0,1.7214747621936854,0,99.92713675764894,38125.085039999845,5.991323333333333,1,2025-12-30 05:08:39,896319,0.1486715658564161,0.18600587421469553,0.031474927530370254,0.0011054564993355775,0.0,0.0,0.0011246814489904054,8.1,LOW,Routine (3+ months),Normal wear and tear,✅ Continue routine maintenance schedule | 📊 Monitor for changes,19513.27,3
896318,1,0.5005555555555555,374.8240159728613,10363.2,209.855,UAE305,0,2.636894239345236,0,99.8746047219422,92903.04000000012,0.7901666666666681,0,2025-12-30 09:48:34,896318,0.030327868852459017,0.05252044107448594,0.049253937543506536,0.0019035142905033942,0.0,0.0,0.0027402115097144276,2.8,LOW,Routine (3+ months),Normal wear and tear,✅ Continue routine maintenance schedule | 📊 Monitor for changes,18503.75,3
896315,1,0.5016666666666667,222.94449321695816,8839.2,137.73000000000002,UAE504,0,36.20959625319117,0,46.22607939210032,15134969.730000002,12711.999666666668,0,2025-12-29 07:44:01,896315,0.030440927077444894,0.031239041843386495,0.7012931612767705,0.8169228267566192,0.0,0.0,0.4467829985766966,32.1,LOW,Routine (3+ months),"Frequent altitude changes, Speed instability, Declining fuel efficiency",✅ Continue routine maintenance schedule | 📊 Monitor for changes | 🔧 Check pressurization system | 🔧 Inspect throttle control system | ⛽ Engine performance check needed,62502.23,3
896314,1,0.33083333333333337,283.4702270845945,11277.6,275.27333333333337,UAE396,0,1.660433044247094,0,99.95087605400876,0.0,21.306033333333232,0,2025-12-29 15:51:45,896314,0.013058224985867726,0.0397199238136479,0.030289393093230657,0.000744813128829902,0.0,0.0,6.284244434445974e-07,1.7,LOW,Routine (3+ months),Normal wear and tear,✅ Continue routine maintenance schedule | 📊 Monitor for changes,18502.83,3
896313,1,0.5,469.261618540035,10363.2,256.48,UAE359,0,0.7791676529620475,0,99.9973972287032,0.0,1.133266666666653,0,2025-12-30 02:38:38,896313,0.030271339739966086,0.06575306313038987,0.013173713771396206,3.8071320337063064e-05,0.0,0.0,3.34258593860413e-08,2.3,LOW,Routine (3+ months),Normal wear and tear,✅ Continue routine maintenance schedule | 📊 Monitor for changes,18504.69,3
8963dc,1,1.0002777777777778,819.9049724259054,9753.6,228.65142857142857,UAE329,0,3.630871226641989,0,99.47211572479848,300828.8914285717,50.02514761904761,0,2025-12-29 01:24:06,8963dc,0.08117580553985304,0.11488530338485733,0.06855866859966077,0.008018058981348442,0.0,0.0,0.00887446587243396,5.9,LOW,Routine (3+ months),Normal wear and tear,✅ Continue routine maintenance schedule | 📊 Monitor for changes,23508.2,3
8963db,1,2.0008333333333335,2060.897805241465,11277.6,289.0646153846154,UAE382,0,11.4096743821504,0,99.63985207761915,121679.16110769246,25.47017692307693,0,2025-12-29 07:14:05,8963db,0.18298473713962696,0.28877355006131383,0.21963631403313694,0.005469836712218679,0.0,0.0,0.00358969518084853,14.9,LOW,Routine (3+ months),Normal wear and tear,✅ Continue routine maintenance schedule | 📊 Monitor for changes,18520.61,3
8963d7,3,1.1652777777777776,1034.7431728962397,10871.2,249.9608333333333,UAE397,0,5.861823588822362,0,96.64536061398171,2356580.7707000007,104.26725277777786,1,2025-12-30 10:18:36,8963d7,0.09796495195025438,0.14498848932683753,0.11188757450130825,0.05096164396832392,0.0,0.0,0.06951075595252479,9.0,LOW,Routine (3+ months),Normal wear and tear,✅ Continue routine maintenance schedule | 📊 Monitor for changes,29510.35,3
8963d6,2,1.9994444444444446,1706.4220018888616,9601.2,253.75645833333334,UAE394,0,3.482154557058269,0,99.960316139914,0.0,15.531468869047576,0,2025-12-30 01:08:40,8963d6,0.18284341435839463,0.2391043059655475,0.06567033683084532,0.0006014009422543598,0.0,0.0,4.581028541168319e-07,10.7,LOW,Routine (3+ months),Normal wear and tear,✅ Continue routine maintenance schedule | 📊 Monitor for changes,19017.06,3
8963d2,2,0.8327777777777778,763.9647221193537,10820.400000000001,249.45333333333335,UAE5K,0,5.008412565679476,0,97.61862416078225,1256049.1008000001,320.75974999999994,0,2025-12-29 10:24:06,8963d2,0.06413227812323348,0.10704694059401108,0.09531287459106552,0.036175988968773054,0.0,0.0,0.03705680536702611,6.6,LOW,Routine (3+ months),Normal wear and tear,✅ Continue routine maintenance schedule | 📊 Monitor for changes,29007.64,3
8963c9,3,2.165833333333333,1761.9730405593114,9144.0,209.3481481481481,ABY448,0,8.631063922226586,0,89.25150251702728,4051793.5092999996,1999.5885481481473,0,2025-12-30 03:08:38,8963c9,0.19977388355002826,0.24688813231814996,0.16567095233545023,0.1632878841697446,0.0,0.0,0.11956719636635559,16.9,LOW,Routine (3+ months),Normal wear and tear,✅ Continue routine maintenance schedule | 📊 Monitor for changes,29517.62,3
8963af,2,2.833611111111111,2397.303173485388,10515.6,234.18366666666665,FDB565,0,6.604638931963396,0,98.51028503726548,674487.68328,217.02791111111125,0,2025-12-29 06:24:05,8963af,0.2677218767665348,0.33591075997071024,0.12631431738065965,0.02263002791884161,0.0,0.0,0.01990051015063294,16.5,LOW,Routine (3+ months),Extensive mileage,✅ Continue routine maintenance schedule | 📊 Monitor for changes,29023.97,3
8963ab,2,0.6916666666666667,481.25122480471487,9387.84,212.8,ETD331,0,8.412328594031337,0,85.41512693745017,7125440.5878,2245.43555,0,2025-12-30 10:08:34,8963ab,0.04977388355002827,0.06743304995753063,0.1614227386069082,0.22156945235833936,0.0,0.0,0.21023209962146464,11.2,LOW,Routine (3+ months),Normal wear and tear,✅ Continue routine maintenance schedule | 📊 Monitor for changes,29004.81,3
8963a3,1,1.0916666666666666,1108.4052076595597,11887.2,279.39625,UAE9446,0,4.936911210049573,0,99.7598120503263,94121.3555357144,14.595112500000033,0,2025-12-29 00:48:39,8963a3,0.09047484454494065,0.15531003328173126,0.09392419612242245,0.003647425119763459,0.0,0.0,0.002776553076244405,7.3,LOW,Routine (3+ months),Normal wear and tear,✅ Continue routine maintenance schedule | 📊 Monitor for changes,18511.08,3
89639f,1,1.5002777777777778,1132.2211315076556,12192.0,214.816,UAE381,0,3.010037706924379,0,99.9752660701137,0.0,8.232004444444442,0,2025-12-29 01:24:06,89639f,0.13205200678349352,0.15864712688244903,0.05650102110684618,0.00037428413414319905,0.0,0.0,2.4280412644149974e-07,7.6,LOW,Routine (3+ months),Normal wear and tear,✅ Continue routine maintenance schedule | 📊 Monitor for changes,18511.32,3
89639e,1,0.4997222222222222,399.5193807334831,11582.4,253.2875,UAE75T,0,0.3630511717839226,0,99.90654632986792,14.51609999999612,14.808158333333324,0,2025-12-30 02:48:39,89639e,0.030243075183719617,0.05598076217039214,0.005092020875241962,0.0014182627915921842,0.0,0.0,8.649231151683907e-07,2.0,LOW,Routine (3+ months),Normal wear and tear,✅ Continue routine maintenance schedule | 📊 Monitor for changes,18504.0,3
89639d,2,1.8330555555555557,1779.1837296178487,11125.2,252.67666666666668,UAE75T,0,2.2467829887736457,0,99.6610864137493,44239.5428571429,65.3177166666667,1,2025-12-30 06:48:37,89639d,0.16591294516676092,0.24929969865870072,0.04167731064920988,0.0051472482733554425,0.0,0.0,0.0013067780807621107,10.1,LOW,Routine (3+ months),Normal wear and tear,✅ Continue routine maintenance schedule | 📊 Monitor for changes,24017.79,3
89639c,1,1.3322222222222222,1290.8121676737974,11277.6,274.7575,UAE7MY,0,1.9275600577060172,0,99.39509069783448,0.0,71.64173571428555,0,2025-12-29 06:34:06,89639c,0.11495195025438101,0.18086894516238705,0.03547745601477054,0.009188210148280418,0.0,0.0,2.1130830497302817e-06,7.3,LOW,Routine (3+ months),Normal wear and tear,✅ Continue routine maintenance schedule | 📊 Monitor for changes,23512.91,3
89639a,1,0.8338888888888889,698.4589104634499,12199.62,235.944,UAE353,0,2.4402926597356043,0,99.89036074562208,11.61288000000244,46.385230000000064,0,2025-12-30 01:58:37,89639a,0.06424533634821934,0.09786824879599308,0.045435599022510244,0.001664151446738038,0.0,0.0,1.7106623944199036e-06,4.5,LOW,Routine (3+ months),Normal wear and tear,✅ Continue routine maintenance schedule | 📊 Monitor for changes,18506.98,3
896397,2,2.164722222222222,1737.494624048749,10214.61,234.97828571428573,ETD341,0,6.0947377597778,0,99.41144003131302,355478.2752171429,45.97040047619047,0,2025-12-30 04:38:37,896397,0.19966082532504242,0.2434582100688969,0.11641116557728502,0.008939833842519174,0.0,0.0,0.010486237521921661,12.4,LOW,Routine (3+ months),Normal wear and tear,✅ Continue routine maintenance schedule | 📊 Monitor for changes,19017.37,3
89642e,2,0.9988888888888889,444.8226979903054,8263.89,124.35866666666666,ABY405,0,14.72960191805228,1,60.93648187708514,10232691.63135,8947.779831666667,0,2025-12-30 05:28:36,89642e,0.08103448275862071,0.062328675065701264,0.28411497805211827,0.5934448831281637,0.0,0.0,0.3020785918354326,20.9,LOW,Routine (3+ months),"Speed instability, Declining fuel efficiency",✅ Continue routine maintenance schedule | 📊 Monitor for changes | 🔧 Inspect throttle control system | ⛽ Engine performance check needed,44004.45,3
89642d,3,2.163611111111111,1874.7367435039846,10462.26,223.69855555555557,ABY442,0,14.76276315859701,0,81.40522840147035,9225066.38854,2793.916043333334,0,2025-12-29 17:43:10,89642d,0.19954776710005653,0.26268861244607045,0.2847590259912416,0.28248715191783225,0.0,0.0,0.27217703480355177,22.9,LOW,Routine (3+ months),Normal wear and tear,✅ Continue routine maintenance schedule | 📊 Monitor for changes,29518.75,3
89642a,1,0.5358333333333333,494.3077031150213,10668.0,262.0,ETD8KU,0,0.7863867178589601,0,99.99240458094864,0.0,3.3020666666667324,0,2025-12-29 18:23:08,89642a,0.033917467495760314,0.06926252718021318,0.013313920343673935,0.00011391877961564045,0.0,0.0,9.739491977469643e-08,2.5,LOW,Routine (3+ months),Normal wear and tear,✅ Continue routine maintenance schedule | 📊 Monitor for changes,18504.94,3
896411,2,1.5005555555555554,1199.5885444567048,9483.09,198.93946428571425,ABY512,0,22.803644681425435,0,69.26781570319532,12728669.22003,5844.0119696428565,0,2025-12-29 10:14:09,896411,0.13208027133973999,0.16808666675010595,0.4409266810138818,0.46687667039287384,0.0,0.0,0.3756062550525097,26.2,LOW,Routine (3+ months),"Frequent altitude changes, Speed instability, Declining fuel efficiency",✅ Continue routine maintenance schedule | 📊 Monitor for changes | 🔧 Check pressurization system | 🔧 Inspect throttle control system | ⛽ Engine performance check needed,44012.0,3
8963f9,1,0.6675,348.285458998599,9380.22,160.454,ETD1CB,0,15.651362105573146,0,53.44907056764676,13359263.603999997,9562.83088,0,2025-12-29 06:24:05,8963f9,0.04731486715658565,0.04880185139407029,0.30201713549215575,0.7071923678922054,0.0,0.0,0.39431541199661385,22.8,LOW,Routine (3+ months),"Frequent altitude changes, Speed instability, Declining fuel efficiency",✅ Continue routine maintenance schedule | 📊 Monitor for changes | 🔧 Check pressurization system | 🔧 Inspect throttle control system | ⛽ Engine performance check needed,53503.48,3
8963f6,2,1.3322222222222222,1203.796444280059,12039.6,256.23266666666666,UAE376,0,1.4276447018598248,0,99.89741811148626,0.0,39.80977666666671,0,2025-12-30 03:58:40,8963f6,0.11495195025438101,0.16867627879549796,0.025768245822994598,0.0015569371395584009,0.0,0.0,1.1741949500409365e-06,6.8,LOW,Routine (3+ months),Normal wear and tear,✅ Continue routine maintenance schedule | 📊 Monitor for changes,19012.04,3
8963f4,2,1.1652777777777776,1041.0623114652817,11734.8,253.48950000000002,UAE384,0,0.768864793038162,0,99.90720504702006,0.0,23.347323333333296,0,2025-12-30 03:18:38,8963f4,0.09796495195025438,0.14587392870829088,0.01297361463179665,0.0014082556721580763,0.0,0.0,6.886325784873662e-07,5.6,LOW,Routine (3+ months),Normal wear and tear,✅ Continue routine maintenance schedule | 📊 Monitor for changes,19010.41,3
8963ec,1,1.5002777777777778,1165.1110557273885,12192.0,216.507,UAE303,0,3.44446290897904,0,99.78241996559964,99096.57600000012,5.451978888888906,0,2025-12-29 01:34:05,8963ec,0.13205200678349352,0.16325567183505382,0.06493830063832583,0.00330396949914602,0.0,0.0,0.002923028224096048,7.9,LOW,Routine (3+ months),Normal wear and tear,✅ Continue routine maintenance schedule | 📊 Monitor for changes,18511.65,3
8963e9,2,0.9994444444444445,889.1154830168678,11125.2,254.49,UAE416,0,1.1441380527298946,0,99.88003426720259,9.677399999997412,17.105124999999987,1,2025-12-30 02:38:38,8963e9,0.08109101187111364,0.12458309858560805,0.020262062396183722,0.0018210295582966607,0.0,0.0,7.899543337723333e-07,5.0,LOW,Routine (3+ months),Normal wear and tear,✅ Continue routine maintenance schedule | 📊 Monitor for changes,19008.89,3
8963e8,1,0.3319444444444445,232.7026676115348,12192.0,238.5433333333333,UAE353,0,2.8684796111557262,0,99.9981707961584,0.0,0.7964333333333161,0,2025-12-29 02:24:07,8963e8,0.013171283210853596,0.03260635984182026,0.05375172107016505,2.6319414546449593e-05,0.0,0.0,2.3490912945193164e-08,2.1,LOW,Routine (3+ months),Normal wear and tear,✅ Continue routine maintenance schedule | 📊 Monitor for changes,18502.33,3
8963e5,2,1.165833333333333,1061.2453424867358,11136.630000000001,263.41225,UAE416,0,0.6464321678008929,0,99.98431043393876,13.06448999999928,6.3243558333334065,0,2025-12-30 01:58:37,8963e5,0.0980214810627473,0.14870198039733623,0.010595763903952015,0.00023688369040186785,0.0,0.0,5.718767290569613e-07,5.6,LOW,Routine (3+ months),Normal wear and tear,✅ Continue routine maintenance schedule | 📊 Monitor for changes,19010.61,3
8963e3,1,0.4994444444444444,373.5041805788099,10363.2,229.58,UAE371,0,1.1042405820821617,0,99.9093797719976,0.0,0.4772666666666638,0,2025-12-30 04:58:38,8963e3,0.03021481062747315,0.05233550538710374,0.019487185361283774,0.0013752176185469756,0.0,0.0,1.4077047317175781e-08,2.2,LOW,Routine (3+ months),Normal wear and tear,✅ Continue routine maintenance schedule | 📊 Monitor for changes,18503.74,3
8963e1,1,0.5005555555555555,395.6807983523317,10363.2,227.2925,UAE393,0,0.9980338052456432,0,99.99949253154271,0.0,0.0204249999999993,0,2025-12-30 02:28:35,8963e1,0.030327868852459017,0.05544289898348946,0.017424468327214393,6.239834398513722e-06,0.0,0.0,6.024382416258707e-10,2.2,LOW,Routine (3+ months),Normal wear and tear,✅ Continue routine maintenance schedule | 📊 Monitor for changes,18503.96,3
8963e0,3,1.6691666666666665,1480.0628317363937,10871.2,253.54066666666665,UAE335,0,5.267937691392496,0,99.26510554612435,478863.5584,37.61611222222218,1,2025-12-30 04:38:37,8963e0,0.1492368569813454,0.20738679867934684,0.10035329586664252,0.011162922562577893,0.0,0.0,0.014125257355481872,10.2,LOW,Routine (3+ months),Normal wear and tear,✅ Continue routine maintenance schedule | 📊 Monitor for changes,19514.8,3
8963de,2,0.8330555555555555,541.3575898934947,9963.15,201.52249999999998,UAE21W,0,21.19191788134235,0,68.82356240547229,17244449.382000003,3718.7943999999998,0,2025-12-30 04:38:37,8963de,0.06416054267947995,0.0758551698626633,0.40962419332126593,0.47362569126613974,0.0,0.0,0.5087371411240182,23.5,LOW,Routine (3+ months),"Frequent altitude changes, Declining fuel efficiency",✅ Continue routine maintenance schedule | 📊 Monitor for changes | 🔧 Check pressurization system | ⛽ Engine performance check needed,44005.41,3
8963dd,1,0.6672222222222222,275.88761679515574,9410.7,138.55599999999998,UAE504,0,42.38960647631863,0,51.19198446980823,11393764.309200004,13980.17233,0,2025-12-30 07:48:33,8963dd,0.04728660260033918,0.03865744643779562,0.8213195168227074,0.7414816376964943,0.0,0.0,0.3364730245468984,32.9,LOW,Routine (3+ months),"Speed instability, Declining fuel efficiency",✅ Continue routine maintenance schedule | 📊 Monitor for changes | 🔧 Inspect throttle control system | ⛽ Engine performance check needed,62502.76,3
896475,1,1.0008333333333332,1136.4850879233372,12496.8,289.0114285714285,UAE316,0,7.159618088093669,0,99.72600147054652,92911.33491428528,19.9037476190476,0,2025-12-29 07:44:01,896475,0.08123233465234596,0.1592445935925069,0.1370929606367814,0.0041610697226072135,0.0,0.0,0.00274101992712821,8.0,LOW,Routine (3+ months),Normal wear and tear,✅ Continue routine maintenance schedule | 📊 Monitor for changes,18511.36,3
896474,2,1.0005555555555554,912.8904840920561,12344.4,242.10416666666666,UAE372,0,2.5887641303313904,0,99.90961319832084,0.0,24.834100000000035,0,2025-12-29 23:28:38,896474,0.08120407009609949,0.12791445807647292,0.04831916860811842,0.001371671445370648,0.0,0.0,7.324852649381429e-07,5.6,LOW,Routine (3+ months),Normal wear and tear,✅ Continue routine maintenance schedule | 📊 Monitor for changes,19009.13,3
896473,1,0.33083333333333337,254.72166189155607,10500.36,261.8333333333333,UAE80T,0,5.447549626386468,0,99.51487474511816,368592.8112000009,1.1352333333333289,0,2025-12-29 15:51:45,896473,0.013058224985867726,0.035691667192262376,0.10384166646661386,0.007368471185068781,0.0,0.0,0.010871730181799063,3.3,LOW,Routine (3+ months),Normal wear and tear,✅ Continue routine maintenance schedule | 📊 Monitor for changes,18502.55,3
896472,3,2.5,2045.7690256205474,11684.0,240.2040740740741,UAE381,0,2.4844803519936516,0,99.8741150629841,1.3234889800848445e-24,19.136133148148115,0,2025-12-30 04:18:35,896472,0.233776144714528,0.28665370142635654,0.04629379948986074,0.0019109531064805951,0.0,0.0,5.644229329394997e-07,12.5,LOW,Routine (3+ months),Normal wear and tear,✅ Continue routine maintenance schedule | 📊 Monitor for changes,19520.46,3
896471,2,1.1669444444444443,853.8439060633854,11700.51,208.28566666666666,UAE568,0,23.267251775746267,0,67.24347075966875,19089952.78776,4108.698076666666,0,2025-12-30 05:18:34,896471,0.09813453928773319,0.11964083581682193,0.4499307227431868,0.49763017599108905,0.0,0.0,0.5631820233549129,26.9,LOW,Routine (3+ months),"Frequent altitude changes, Declining fuel efficiency",✅ Continue routine maintenance schedule | 📊 Monitor for changes | 🔧 Check pressurization system | ⛽ Engine performance check needed,44008.54,3
89646a,2,2.499722222222222,2130.8142384503617,11125.2,238.11083333333335,FDB579,0,8.137752646605003,0,98.05829535934637,1105409.0795,132.97394000000003,0,2025-12-30 09:48:34,89646a,0.23374788015828155,0.2985702593275418,0.1560900046630673,0.029496578570039067,0.0,0.0,0.03260811802780273,15.7,LOW,Routine (3+ months),Extensive mileage,✅ Continue routine maintenance schedule | 📊 Monitor for changes,29021.31,3
896462,1,0.6677777777777778,627.9852693012917,11887.2,269.1875,ETD498,0,1.0287569199692086,0,99.86811369778104,14.51610000000305,38.870624999999954,0,2025-12-30 02:08:35,896462,0.047343131712832116,0.08799346340276047,0.018021163697958153,0.00200212483042983,0.0,0.0,1.5746489466421946e-06,3.3,LOW,Routine (3+ months),Normal wear and tear,✅ Continue routine maintenance schedule | 📊 Monitor for changes,18506.28,3
896461,1,1.166111111111111,1087.7043533508922,11277.6,274.935,ETD498,0,1.438438649689681,0,99.94123239298362,0.0,25.572910000000093,0,2025-12-29 01:44:09,896461,0.0980497456189938,0.15240942405559083,0.02597788272862984,0.0008913179941555383,0.0,0.0,7.542765695793012e-07,6.0,LOW,Routine (3+ months),Normal wear and tear,✅ Continue routine maintenance schedule | 📊 Monitor for changes,18510.88,3
89645b,1,1.166111111111111,965.0700218685756,11887.2,207.34333333333333,UAE568,0,35.907381134332866,0,53.28388713515349,24454319.47836,7214.97182666667,0,2025-12-29 01:44:09,89645b,0.0980497456189938,0.1352258688247213,0.6954236274090598,0.7097018066280092,0.0,0.0,0.7214963917572397,36.9,LOW,Routine (3+ months),"Frequent altitude changes, Speed instability, Declining fuel efficiency",✅ Continue routine maintenance schedule | 📊 Monitor for changes | 🔧 Check pressurization system | 🔧 Inspect throttle control system | ⛽ Engine performance check needed,62509.65,3
89645a,1,0.5008333333333334,247.89852418801587,8023.86,139.35,UAE500,0,39.77180639573643,1,50.23621998014339,10345759.9536,12551.094066666668,0,2025-12-29 01:24:06,89645a,0.03035613340870549,0.034735607317678906,0.7704773673964342,0.7560014499831682,0.0,0.0,0.30551983812829137,31.3,LOW,Routine (3+ months),"Speed instability, Declining fuel efficiency",✅ Continue routine maintenance schedule | 📊 Monitor for changes | 🔧 Inspect throttle control system | ⛽ Engine performance check needed,62502.48,3
896459,1,0.6677777777777778,683.7171433887619,11887.2,285.77000000000004,UAE384,0,2.487076818422935,0,99.98457580461849,0.0,4.655300000000016,0,2025-12-30 08:08:33,896459,0.047343131712832116,0.09580262846222021,0.04634422730333554,0.00023285222397084748,0.0,0.0,1.373087268661455e-07,4.0,LOW,Routine (3+ months),Normal wear and tear,✅ Continue routine maintenance schedule | 📊 Monitor for changes,18506.84,3
896458,1,0.6666666666666666,618.0751642895083,11887.2,275.636,UAE5JM,0,1.398434920187782,0,99.8742412151374,0.0,53.79022999999995,0,2025-12-29 15:51:45,896458,0.04723007348784625,0.08660485684572751,0.02520094196526512,0.0019090366243290635,0.0,0.0,1.5865503832485797e-06,3.4,LOW,Routine (3+ months),Normal wear and tear,✅ Continue routine maintenance schedule | 📊 Monitor for changes,23506.18,3
896442,4,4.036388888888889,3304.461115373105,10972.8,238.6362152777778,ETD9681,0,3.962413716514577,0,99.67741553887505,188386.7200000001,14.383052728174572,1,2025-12-30 02:38:38,896442,0.39010740531373667,0.46302197270478274,0.07499779011099936,0.00489917896946801,0.0,0.0,0.005556916976424184,20.6,LOW,Routine (3+ months),"High flight hours, Extensive mileage",✅ Continue routine maintenance schedule | 📊 Monitor for changes | 🕐 Review airframe hours for scheduled maintenance,20033.04,3
896440,2,0.9994444444444444,816.9945279413957,9913.619999999999,233.48625,ETD392,0,7.3035189845079005,0,98.0702657076809,1368807.7462499994,59.53612916666681,0,2025-12-29 10:14:09,896440,0.08109101187111363,0.11447749112754371,0.13988776186409277,0.029314727065088864,0.0,0.0,0.04037493261276461,8.0,LOW,Routine (3+ months),Normal wear and tear,✅ Continue routine maintenance schedule | 📊 Monitor for changes,29008.17,3
89643f,2,1.4986111111111111,1338.7140052214393,8991.6,235.28333333333336,ETD6CK,0,6.593866090133691,0,99.105087983077,319460.65140000003,154.6426333333333,0,2025-12-30 10:18:36,89643f,0.13188241944601473,0.18758096341380742,0.1261050903896017,0.013593882284499759,0.0,0.0,0.009427097955161987,9.9,LOW,Routine (3+ months),Normal wear and tear,✅ Continue routine maintenance schedule | 📊 Monitor for changes,29013.39,3
89643d,1,1.3322222222222222,1169.0380117881932,9456.42,232.1433333333333,ETD3QD,0,13.869590033001202,0,73.30987206197065,11842290.508919995,4551.295346666666,0,2025-12-29 06:24:05,89643d,0.11495195025438101,0.1638059179655166,0.2674120781276851,0.4054704346347797,0.0,0.0,0.34942426170783397,21.1,LOW,Routine (3+ months),Normal wear and tear,✅ Continue routine maintenance schedule | 📊 Monitor for changes,33511.69,3
8964a2,1,0.33249999999999996,329.0222000604444,10668.0,276.91,UAE15K,0,1.825568255110648,0,99.93203007112294,0.0,23.82519999999972,0,2025-12-30 07:28:36,8964a2,0.013227812323346522,0.04610267841461754,0.03349660098070108,0.0010311181096269717,0.0,0.0,7.027276178401478e-07,1.9,LOW,Routine (3+ months),Normal wear and tear,✅ Continue routine maintenance schedule | 📊 Monitor for changes,18503.29,3
8964a0,1,1.1672222222222222,1140.1909763206374,10058.4,267.04285714285714,UAE404,0,2.8793231070567344,0,99.71895019267149,53087.45142857149,69.48629047619059,0,2025-12-30 02:28:35,8964a0,0.09816280384397966,0.1597638636630061,0.053962320283982644,0.004268191542086575,0.0,0.0,0.0015678713385400295,6.8,LOW,Routine (3+ months),Normal wear and tear,✅ Continue routine maintenance schedule | 📊 Monitor for changes,23511.4,3
89649f,1,1.0002777777777778,1034.200265511471,10668.0,295.7714285714286,UAE382,0,6.662259624493186,0,99.40982086145218,378588.18291428615,10.511080952380953,0,2025-12-30 08:38:36,89649f,0.08117580553985304,0.14491241699930363,0.12743340966023256,0.008964431996869915,0.0,0.0,0.011166821615292553,7.7,LOW,Routine (3+ months),Normal wear and tear,✅ Continue routine maintenance schedule | 📊 Monitor for changes,18510.34,3
896496,2,1.3333333333333333,810.6177253203066,10820.400000000001,185.32083333333333,ABY463,0,10.1072620835118,0,73.04440721511773,12811442.441580001,3901.6308216666666,0,2025-12-29 05:04:06,896496,0.1150650084793669,0.1135839718437399,0.19434124234558753,0.4095033316368085,0.0,0.0,0.3779903720346854,19.0,LOW,Routine (3+ months),Frequent altitude changes,✅ Continue routine maintenance schedule | 📊 Monitor for changes | 🔧 Check pressurization system,34008.11,3
89648e,2,2.3325000000000005,2095.6333945946167,11125.2,239.43638888888887,FDB579,0,5.93314693199944,0,99.42533397841709,275486.5457999997,33.808909722222204,0,2025-12-29 09:54:04,89648e,0.2167326172979085,0.2936407101046069,0.11327279566402741,0.008728759350786652,0.0,0.0,0.008126511531136681,13.8,LOW,Routine (3+ months),Extensive mileage,✅ Continue routine maintenance schedule | 📊 Monitor for changes,19020.96,3
89648a,2,0.6663888888888889,611.512893655867,11125.2,255.735,ETD50E,0,2.1802352816797455,0,99.99164089290086,19.354799999999443,3.628583333333311,0,2025-12-30 04:58:38,89648a,0.04720180893159979,0.08568534973454513,0.04038484049721437,0.0001255205991217423,0.0,0.0,6.778981171087785e-07,3.7,LOW,Routine (3+ months),Normal wear and tear,✅ Continue routine maintenance schedule | 📊 Monitor for changes,19006.12,3
896489,1,0.4994444444444444,436.67235391843343,10668.0,278.215,ETD474,0,2.6086674005050443,0,99.86969268774617,92143.36410000004,4.216566666666648,0,2025-12-30 00:58:38,896489,0.03021481062747315,0.061186646680853767,0.04870572411468534,0.0019781370822512523,0.0,0.0,0.0027179058245731537,3.0,LOW,Routine (3+ months),Normal wear and tear,✅ Continue routine maintenance schedule | 📊 Monitor for changes,18504.37,3
896488,3,2.5002777777777774,2124.732670810155,11277.6,225.58894444444445,ETD233,0,8.873717200265004,0,81.33106795388012,10549994.06126,2110.320245,1,2025-12-30 05:18:34,896488,0.23380440927077445,0.2977181084479911,0.17038369350782442,0.2836137848799791,0.0,0.0,0.3112357997085305,22.6,LOW,Routine (3+ months),Extensive mileage,✅ Continue routine maintenance schedule | 📊 Monitor for changes,29521.25,3
896486,2,1.8327777777777778,1237.1964655311795,9966.96,180.35875,ABY518,1,29.293450909576713,1,68.30128377693555,12353693.67966,8946.820227380953,0,2025-12-29 10:14:09,896486,0.16588468061051445,0.17335629868017116,0.5669698041869251,0.48156005975303984,0.5,0.5,0.3646378166269368,34.8,LOW,Routine (3+ months),"Speed instability, Repeated high-risk operations, Declining fuel efficiency",✅ Continue routine maintenance schedule | 📊 Monitor for changes | 🔧 Inspect throttle control system | ⛽ Engine performance check needed,44012.37,3
896485,1,0.3336111111111111,197.7111660985348,8808.72,151.8,ABY422,0,34.627835065228226,0,57.32216526069343,20417320.4556,6835.7431000000015,0,2025-12-30 02:58:37,896485,0.01334087054833239,0.027703341318443778,0.6705726569603347,0.6483529691494558,0.0,0.0,0.6024133535881212,30.0,LOW,Routine (3+ months),"Frequent altitude changes, Speed instability, Declining fuel efficiency",✅ Continue routine maintenance schedule | 📊 Monitor for changes | 🔧 Check pressurization system | 🔧 Inspect throttle control system | ⛽ Engine performance check needed,62501.98,3
896484,1,0.5058333333333334,498.9722516057468,10668.0,275.3975,UAE368,0,1.1343670611614527,0,99.9181509303867,0.0,35.63782500000003,0,2025-12-30 07:18:12,896484,0.030864895421141895,0.06991612495865428,0.02007229304861189,0.0012419676655266443,0.0,0.0,1.0511426501038555e-06,2.6,LOW,Routine (3+ months),Normal wear and tear,✅ Continue routine maintenance schedule | 📊 Monitor for changes,18504.99,3
896482,2,0.8330555555555555,524.4570435702582,11734.8,243.88833333333332,UAE376,0,2.0115540430685117,0,99.99643885514311,0.0,1.4025499999999969,1,2025-12-30 09:28:35,896482,0.06416054267947995,0.07348706080489036,0.037108762693376186,5.263076917993992e-05,0.0,0.0,4.136840909632274e-08,3.8,LOW,Routine (3+ months),Normal wear and tear,✅ Continue routine maintenance schedule | 📊 Monitor for changes,19005.24,3
896481,1,0.8333333333333334,698.0725556707773,12192.0,235.156,UAE5AM,0,2.323284784040902,0,99.82968078039367,0.0,73.75172999999998,0,2025-12-30 02:58:37,896481,0.06418880723572641,0.09781411265941245,0.04316310619761974,0.002585991203504112,0.0,0.0,2.1753176273227656e-06,4.5,LOW,Routine (3+ months),Normal wear and tear,✅ Continue routine maintenance schedule | 📊 Monitor for changes,23506.98,3
89647d,1,0.9991666666666668,1066.6658393807938,11887.2,286.56,UAE318,0,3.0732978204523764,0,99.8788207906361,3.8601761919141294e-24,19.14533333333324,0,2025-12-29 07:34:07,89647d,0.08106274731486718,0.14946150186764515,0.05772964057575465,0.0018394644888158895,0.0,0.0,5.646942936927707e-07,6.2,LOW,Routine (3+ months),Normal wear and tear,✅ Continue routine maintenance schedule | 📊 Monitor for changes,18510.67,3
89647b,2,2.6694444444444443,2681.389523006954,11734.8,270.07666666666665,UAE366,0,4.350843537062462,0,99.88523338387677,1.8047577001156966e-24,34.59004166666664,1,2025-12-30 07:48:33,89647b,0.2510175240248728,0.3757170150245313,0.08254176076193001,0.0017420454581528189,0.0,0.0,1.020238133631969e-06,15.5,LOW,Routine (3+ months),Extensive mileage,✅ Continue routine maintenance schedule | 📊 Monitor for changes,19026.81,3
896478,3,2.332777777777778,2265.1961533937897,12496.799999999997,273.892037037037,UAE374,0,4.178590970904304,0,99.84419291491442,65376.21333333302,29.56550648148153,1,2025-12-30 04:48:37,896478,0.21676088185415493,0.3173998890857745,0.0791963216764043,0.002365525313215655,0.0,0.0,0.00192915262650819,13.4,LOW,Routine (3+ months),Extensive mileage,✅ Continue routine maintenance schedule | 📊 Monitor for changes,19522.65,3
8964d9,2,0.9988888888888888,820.9943284843107,10824.21,239.25125000000003,ABY467,0,0.8354538448530918,0,99.99484235907626,7.25804999999806,2.2415291666666493,0,2025-12-30 05:08:39,8964d9,0.0810344827586207,0.11503794424626562,0.01426688776890174,7.688446709175345e-05,0.0,0.0,2.8019142077608016e-07,4.6,LOW,Routine (3+ months),Normal wear and tear,✅ Continue routine maintenance schedule | 📊 Monitor for changes,19008.21,3
8964d2,2,0.83,567.555867161382,11125.2,238.88208333333333,FDB1463,0,1.5759022019011555,0,99.92497911283944,0.0,4.293629166666677,0,2025-12-29 15:51:45,8964d2,0.06384963256076881,0.07952607945987743,0.02864765973491969,0.0011382350739258529,0.0,0.0,1.2664119487688196e-07,3.8,LOW,Routine (3+ months),Normal wear and tear,✅ Continue routine maintenance schedule | 📊 Monitor for changes,19005.68,3
8964d1,1,0.4997222222222222,531.6739982541935,10668.0,287.8725,FDB443,0,11.870565639411415,0,97.19867469390245,1027101.1716,527.6791583333334,0,2025-12-30 09:58:35,8964d1,0.030243075183719617,0.07449830241978811,0.22858760956740706,0.04255579015925426,0.0,0.0,0.030310057179676175,7.8,LOW,Routine (3+ months),Normal wear and tear,✅ Continue routine maintenance schedule | 📊 Monitor for changes,28505.32,3
8964cf,2,1.8322222222222222,1613.2890233259602,10820.4,228.0315,FDB1133,0,11.830174270989861,0,82.88612647909187,7801772.403336428,2748.5278957142855,0,2025-12-30 09:28:35,8964cf,0.1658281514980215,0.22605448817303342,0.22780314019403783,0.25998959908418307,0.0,0.0,0.2301954402224703,19.4,LOW,Routine (3+ months),Normal wear and tear,✅ Continue routine maintenance schedule | 📊 Monitor for changes,29016.13,3
8964c2,3,3.165,2426.7047097227182,10337.8,207.07226851851854,ETD206,0,10.907548226024337,0,85.09042509617761,4456110.288990476,3462.379580886243,0,2025-12-30 00:58:38,8964c2,0.3014414923685699,0.34003051106895327,0.20988416632332266,0.22650226774894688,0.0,0.0,0.13153572175554543,23.2,LOW,Routine (3+ months),"High flight hours, Extensive mileage",✅ Continue routine maintenance schedule | 📊 Monitor for changes | 🕐 Review airframe hours for scheduled maintenance,29524.27,3
8964c1,2,2.999722222222222,2887.387673611411,11277.6,270.49928571428575,ETD408,0,2.8165501281052947,0,99.72903441118764,16.589828571432058,38.51689047619041,0,2025-12-30 00:18:35,8964c1,0.284624081401922,0.40458153082188036,0.05274316180069938,0.004114993801957345,0.0,0.0,1.6253804124759703e-06,16.3,LOW,Routine (3+ months),"High flight hours, Extensive mileage",✅ Continue routine maintenance schedule | 📊 Monitor for changes | 🕐 Review airframe hours for scheduled maintenance,19028.87,3
8964be,1,1.0,1142.3092168977075,10668.0,310.1985714285714,ETD800,0,5.154748745981999,0,99.9282034631412,13.824857142860049,11.597947619047616,0,2025-12-30 01:58:37,8964be,0.08114754098360658,0.16006067209754796,0.09815497319156534,0.001089251290123161,0.0,0.0,7.498491945146629e-07,7.2,LOW,Routine (3+ months),Normal wear and tear,✅ Continue routine maintenance schedule | 📊 Monitor for changes,18511.42,3
8964bd,1,0.6669444444444445,601.3444545240192,10668.0,267.408,ETD91N,0,0.7784796637564,0,99.9787240659624,17.41932000000366,5.268070000000048,0,2025-12-29 01:24:06,8964bd,0.04725833804409272,0.08426054533171738,0.013160351845763819,0.00032175084675489796,0.0,0.0,6.691677521999052e-07,3.1,LOW,Routine (3+ months),Normal wear and tear,✅ Continue routine maintenance schedule | 📊 Monitor for changes,18506.01,3
8964bc,1,0.4983333333333333,393.9113733926973,11582.4,227.5425,ETD415,0,1.0654612799857943,0,99.99828773575064,19.354799999994825,0.7344916666666674,0,2025-12-30 05:08:39,8964bc,0.030101752402487282,0.05519496668628327,0.018734025069764647,2.4542888062750734e-05,0.0,0.0,5.925364772177831e-07,2.2,LOW,Routine (3+ months),Normal wear and tear,✅ Continue routine maintenance schedule | 📊 Monitor for changes,18503.94,3
8964bb,2,1.5013888888888889,1474.151479435645,12039.6,256.305625,ETD3JC,0,3.0809423991996825,0,99.9520171081723,9.677400000002033,7.283799107142876,1,2025-12-30 01:58:37,8964bb,0.1321650650084794,0.20655849841855328,0.057878111353891766,0.0007274784271930068,0.0,0.0,5.002729481505515e-07,8.6,LOW,Routine (3+ months),Normal wear and tear,✅ Continue routine maintenance schedule | 📊 Monitor for changes,19014.74,3
8964b7,1,0.6672222222222222,619.123279293249,11285.22,258.354,UAE62P,0,1.6015852128875396,0,99.68763725621676,112424.29128,62.284430000000114,0,2025-12-30 07:58:34,8964b7,0.04728660260033918,0.08675171899955822,0.02914646768132175,0.004743892370463798,0.0,0.0,0.0033178073379314613,3.6,LOW,Routine (3+ months),Normal wear and tear,✅ Continue routine maintenance schedule | 📊 Monitor for changes,23506.19,3
8964b6,1,1.1669444444444443,1183.4514771087693,10668.0,282.9785714285714,UAE414,0,2.743642840232013,0,99.54243270090036,0.0,59.06098095238076,0,2025-12-29 06:04:04,8964b6,0.09813453928773319,0.16582553656995327,0.051327177726203786,0.006949815387234826,0.0,0.0,1.742011922333049e-06,6.9,LOW,Routine (3+ months),Normal wear and tear,✅ Continue routine maintenance schedule | 📊 Monitor for changes,23511.83,3
8964b2,1,0.6658333333333334,295.0987601517745,10568.94,143.794,UAE500,0,37.0475909357096,0,41.70135522831757,19669160.6616,12090.200529999998,0,2025-12-30 01:38:40,8964b2,0.04714527981910686,0.041349316968065625,0.7175684495170966,0.8856616700778864,0.0,0.0,0.5805012564200566,35.4,LOW,Routine (3+ months),"Frequent altitude changes, Speed instability, Declining fuel efficiency",✅ Continue routine maintenance schedule | 📊 Monitor for changes | 🔧 Check pressurization system | 🔧 Inspect throttle control system | ⛽ Engine performance check needed,62502.95,3
8964b1,1,0.3333333333333333,307.22045945513867,12192.0,245.34333333333333,UAE5CL,0,2.591853144735541,0,99.99424575254096,0.0,1.953433333333348,0,2025-12-29 02:34:07,8964b1,0.013312605992085924,0.0430478127070128,0.04837916254466104,8.594801255212836e-05,0.0,0.0,5.7616790328849244e-08,2.2,LOW,Routine (3+ months),Normal wear and tear,✅ Continue routine maintenance schedule | 📊 Monitor for changes,18503.07,3
8964af,2,1.666111111111111,1617.9044896618514,12039.6,256.80937500000005,UAE366,0,2.5079500290895456,0,99.88695574784398,0.0,18.280444940476198,0,2025-12-30 03:18:38,8964af,0.1489259468626343,0.22670120854685014,0.04674962071117816,0.0017158795964120621,0.0,0.0,5.391842891593342e-07,9.2,LOW,Routine (3+ months),Normal wear and tear,✅ Continue routine maintenance schedule | 📊 Monitor for changes,19016.18,3
8964a4,1,1.6658333333333333,1591.3450167522917,10058.4,273.1125,UAE404,0,4.380606233182687,0,99.4210152395153,0.0,135.43216428571438,0,2025-12-29 01:44:09,8964a4,0.14889768230638784,0.22297968812000285,0.0831198031627602,0.008794368900887362,0.0,0.0,3.994590693359834e-06,10.0,LOW,Routine (3+ months),Normal wear and tear,✅ Continue routine maintenance schedule | 📊 Monitor for changes,28515.91,3
89653d,1,0.8338888888888889,861.7097296285799,10668.0,293.25999999999993,ETD474,0,4.32345212378483,0,99.7806378855795,111483.64800000016,30.88265000000001,0,2025-12-29 01:34:05,89653d,0.06424533634821934,0.12074299711239915,0.08200977272465083,0.0033310425570511892,0.0,0.0,0.0032891367324613297,5.7,LOW,Routine (3+ months),Normal wear and tear,✅ Continue routine maintenance schedule | 📊 Monitor for changes,18508.62,3
89653b,1,0.4994444444444444,402.55605039154216,11582.4,252.6425,ETD473,0,0.4909613788388128,0,99.96480670649646,19.354799999994825,15.312425000000047,0,2025-12-30 01:48:39,89653b,0.03021481062747315,0.05640626113268467,0.0075762555990731015,0.000533181015124562,0.0,0.0,1.0225146668810796e-06,2.0,LOW,Routine (3+ months),Normal wear and tear,✅ Continue routine maintenance schedule | 📊 Monitor for changes,18504.03,3
89653a,2,1.999722222222222,743.4934543886629,11037.57,130.465,ETD218,0,39.044969239050175,0,47.17099995407513,16642242.683190003,12721.19431,0,2025-12-30 04:18:35,89653a,0.18287167891464107,0.10417850110040185,0.7563609481927984,0.8025677535832021,0.0,0.0,0.49124049707240336,38.7,LOW,Routine (3+ months),"Frequent altitude changes, Speed instability, Declining fuel efficiency",✅ Continue routine maintenance schedule | 📊 Monitor for changes | 🔧 Check pressurization system | 🔧 Inspect throttle control system | ⛽ Engine performance check needed,63007.43,3
896538,2,0.8347222222222221,682.9622039603047,11277.599999999999,234.15083333333334,ETD3JC,0,1.17920864025713,0,99.97206285997102,19.354799999994825,12.152966666666707,0,2025-12-29 23:38:34,896538,0.06433013001695874,0.09569684614818096,0.020943193115352445,0.000422946760228915,0.0,0.0,9.293259999129715e-07,3.9,LOW,Routine (3+ months),Normal wear and tear,✅ Continue routine maintenance schedule | 📊 Monitor for changes,19006.83,3
896537,1,0.4997222222222222,387.06095384299465,10972.8,248.905,ETD473,0,0.536192544202288,0,99.891960671292,19.354799999994825,14.93056666666664,0,2025-12-29 01:44:09,896537,0.030243075183719617,0.054235084072140116,0.008454722096645686,0.001639845646877247,0.0,0.0,1.011251701746021e-06,2.0,LOW,Routine (3+ months),Normal wear and tear,✅ Continue routine maintenance schedule | 📊 Monitor for changes,18503.87,3
896536,1,0.425,396.38723157709614,11277.6,287.2425,ETD73G,0,2.414606958177325,0,99.97399843605092,14.51610000000305,11.313025000000032,0,2025-12-29 00:38:36,896536,0.022639909553420014,0.05554188459533187,0.04493673882060581,0.00039354181617567985,0.0,0.0,7.61833666963878e-07,2.6,LOW,Routine (3+ months),Normal wear and tear,✅ Continue routine maintenance schedule | 📊 Monitor for changes,18503.96,3
896535,1,1.001111111111111,1088.5401979052217,11887.2,289.75142857142856,ETD898,0,3.592927484561824,0,99.8988153333742,8.29491428571603,6.837847619047625,0,2025-12-29 02:44:02,896535,0.08126059920859244,0.1525265428174427,0.06782173631100308,0.0015357107812293824,0.0,0.0,4.4634293624720145e-07,6.5,LOW,Routine (3+ months),Normal wear and tear,✅ Continue routine maintenance schedule | 📊 Monitor for changes,18510.89,3
896534,1,1.0008333333333332,1097.3968754656885,11887.2,305.48857142857145,ETD898,0,5.8642666040203615,0,99.75111869634338,105967.5300000001,10.48534761904767,0,2025-12-30 02:08:35,896534,0.08123233465234596,0.15376754283907393,0.11193502202973821,0.0037794930814197825,0.0,0.0,0.0031258364365738755,7.4,LOW,Routine (3+ months),Normal wear and tear,✅ Continue routine maintenance schedule | 📊 Monitor for changes,18510.97,3
896531,2,1.833611111111111,1407.6636387588192,10210.8,216.44116666666667,FDB1133,0,10.419721860997555,0,79.87290109541053,9038379.98772,3225.6339438888895,0,2025-12-29 10:24:06,896531,0.16596947427925385,0.19724220445224067,0.20040974498429845,0.3057660088813665,0.0,0.0,0.26668342679020646,19.4,LOW,Routine (3+ months),Normal wear and tear,✅ Continue routine maintenance schedule | 📊 Monitor for changes,34014.08,3
89652d,1,0.5002777777777777,437.90018548345694,9448.8,269.19,ABY800,0,1.6387353833767977,0,99.99746383474825,0.0,1.1042000000000265,0,2025-12-30 01:28:36,89652d,0.03029960429621255,0.06135869076717741,0.029867987454064025,3.7059452579368823e-05,0.0,0.0,3.256853397323501e-08,2.6,LOW,Routine (3+ months),Normal wear and tear,✅ Continue routine maintenance schedule | 📊 Monitor for changes,18504.38,3
89650a,1,1.1658333333333333,860.8889798165837,9753.6,217.35375,ETD948,0,1.515862302958135,0,99.95137660014724,0.0,19.59151249999996,0,2025-12-29 01:34:05,89650a,0.09802148106274733,0.12062799342986841,0.027481582334188428,0.0007372089166519658,0.0,0.0,5.778544108343523e-07,5.4,LOW,Routine (3+ months),Normal wear and tear,✅ Continue routine maintenance schedule | 📊 Monitor for changes,18508.61,3
896504,3,2.525555555555556,1887.7819530615618,10464.8,226.82683333333333,ABY467,0,5.612581990044791,0,98.26065919000712,1192079.0136866665,38.60265314814816,0,2025-12-29 16:01:36,896504,0.23637648388920302,0.2645165106881155,0.10704687688566977,0.02642230152105951,0.0,0.0,0.03516167640631612,14.1,LOW,Routine (3+ months),Normal wear and tear,✅ Continue routine maintenance schedule | 📊 Monitor for changes,29518.88,3
896503,3,3.6688888888888886,2869.5458476531576,10972.799999999997,209.27491666666666,ABY422,0,19.411482607471644,0,76.38204580210052,12445466.936973333,3738.5881597751318,1,2025-12-30 07:38:20,896503,0.35271339739966084,0.40208152941063263,0.37504509887116194,0.3587984913881994,0.0,0.0,0.36719106419586395,33.4,LOW,Routine (3+ months),"Frequent altitude changes, High flight hours, Extensive mileage",✅ Continue routine maintenance schedule | 📊 Monitor for changes | 🔧 Check pressurization system | 🕐 Review airframe hours for scheduled maintenance,34528.7,3
8964f9,1,1.1658333333333333,1226.1798582545034,11887.2,290.76500000000004,ETD870,0,3.5989917032980943,0,99.89313618711743,15.552964285717552,6.877457142857172,0,2025-12-29 01:54:09,8964f9,0.09802148106274733,0.17181264873070445,0.06793951379807324,0.001621987409508141,0.0,0.0,6.61588428120356e-07,7.3,LOW,Routine (3+ months),Normal wear and tear,✅ Continue routine maintenance schedule | 📊 Monitor for changes,18512.26,3
8964e3,2,2.6686111111111113,2316.2174522021996,11734.8,246.05825,UAE302,0,3.013323852323831,0,99.90699574480203,1.8381791390067282e-24,15.039366904761923,0,2025-12-30 01:28:36,8964e3,0.25093273035613345,0.3245490070809375,0.056564843664066916,0.0014114353560129578,0.0,0.0,4.435882376142667e-07,13.9,LOW,Routine (3+ months),Extensive mileage,✅ Continue routine maintenance schedule | 📊 Monitor for changes,19023.16,3
8964da,2,1.0002777777777778,438.66054788072165,9627.869999999999,164.087,ABY405,0,18.449937835352078,0,62.0231980986702,16845563.889450002,5846.86709,0,2025-12-29 05:24:05,8964da,0.08117580553985304,0.061465232949052144,0.3563702568361345,0.5769356743043126,0.0,0.0,0.4970347253407878,24.0,LOW,Routine (3+ months),"Frequent altitude changes, Speed instability, Declining fuel efficiency",✅ Continue routine maintenance schedule | 📊 Monitor for changes | 🔧 Check pressurization system | 🔧 Inspect throttle control system | ⛽ Engine performance check needed,44004.39,3
8965ac,5,2.8333333333333335,2085.2989481334,11157.203999999998,214.01596666666666,ADY133,0,17.429717520305218,0,74.1004509232573,16431341.653379997,2759.749055,1,2025-12-30 05:08:39,8965ac,0.26769361221028837,0.29219264471051787,0.3365558355248647,0.39346009444342167,0.0,0.0,0.4847261273725598,30.0,LOW,Routine (3+ months),Frequent altitude changes,✅ Continue routine maintenance schedule | 📊 Monitor for changes | 🔧 Check pressurization system,35520.85,3
89659d,2,1.7575,1589.864109085202,9906.0,249.1611111111111,ABY587,0,9.51707411133205,0,97.51565540617759,1557363.0143,158.26897222222217,0,2025-12-29 03:14:06,89659d,0.15822498586772193,0.22277218294276852,0.182878783736266,0.037740272852950896,0.0,0.0,0.045939308846483194,13.1,LOW,Routine (3+ months),Normal wear and tear,✅ Continue routine maintenance schedule | 📊 Monitor for changes,29015.9,3
89659c,3,1.0922222222222222,722.9912523474119,10586.72,211.8736111111111,ETD206,0,10.8324052781973,0,74.58229931564465,12825638.8648,3562.319530555555,0,2025-12-29 18:45:15,89659c,0.09053137365743359,0.1013057270829475,0.20842476191345524,0.38613993525802104,0.0,0.0,0.37839908949585815,18.0,LOW,Routine (3+ months),Frequent altitude changes,✅ Continue routine maintenance schedule | 📊 Monitor for changes | 🔧 Check pressurization system,34507.23,3
896587,2,2.3327777777777774,1965.8466729960237,10184.130000000001,224.45375,ABY511,0,24.478304355006216,1,78.5984861969967,6815485.254632726,5424.966628409091,0,2025-12-30 07:28:36,896587,0.21676088185415487,0.27545496006327774,0.4734514326150094,0.3251267042204433,0.0,0.0,0.2011837042832131,27.3,LOW,Routine (3+ months),Speed instability,✅ Continue routine maintenance schedule | 📊 Monitor for changes | 🔧 Inspect throttle control system,34019.66,3
896585,1,1.091388888888889,826.2031105803584,10363.2,210.47,ADY144,0,11.132976044312567,0,94.25863209228996,4245359.2512,60.95084000000001,0,2025-12-29 00:18:37,896585,0.09044657998869421,0.11576780018261822,0.21426235964192777,0.0872204195233427,0.0,0.0,0.12521926469914388,11.4,LOW,Routine (3+ months),Normal wear and tear,✅ Continue routine maintenance schedule | 📊 Monitor for changes,28508.26,3
896582,5,1.666111111111111,1508.9137263718837,10369.296,249.65866666666665,ABY821,0,1.591627477790619,0,99.98774418915774,81.29016000000138,5.118026666666675,1,2025-12-30 04:28:41,896582,0.1489259468626343,0.21142939372949743,0.028953071455421916,0.0001847186625555386,0.0,0.0,2.5486215930256692e-06,8.5,LOW,Routine (3+ months),Normal wear and tear,✅ Continue routine maintenance schedule | 📊 Monitor for changes,20515.09,3
89656e,1,0.5016666666666667,496.09222056765776,11277.6,276.2175,ETD73G,0,4.823204483822337,0,99.85481653127954,92143.36410000002,10.690558333333334,0,2025-12-30 00:38:34,89656e,0.030440927077444894,0.06951257424156362,0.09171581725938426,0.0022041331323015,0.0,0.0,0.0027180967758659792,4.0,LOW,Routine (3+ months),Normal wear and tear,✅ Continue routine maintenance schedule | 📊 Monitor for changes,18504.96,3
89656a,4,4.091388888888889,3458.8043849558408,11125.2,239.25029166666667,FDB435,0,6.576995831664638,0,98.87212037295228,503038.6713400001,107.92009432539689,1,2025-12-30 07:28:36,89656a,0.3957037874505371,0.4846485927982788,0.12577744115148543,0.017133086768935213,0.0,0.0,0.014840379330416442,22.5,LOW,Routine (3+ months),"High flight hours, Extensive mileage",✅ Continue routine maintenance schedule | 📊 Monitor for changes | 🕐 Review airframe hours for scheduled maintenance,30034.59,3
89655e,1,0.3344444444444444,276.3788192019481,11582.4,241.53666666666663,UAE5AM,0,0.987398199883495,0,99.97449492936062,0.0,11.094033333333384,0,2025-12-29 02:44:02,89655e,0.013425664217071786,0.03872627385002699,0.017217906702790824,0.0003859991738862645,0.0,0.0,3.2722007020183056e-07,1.5,LOW,Routine (3+ months),Normal wear and tear,✅ Continue routine maintenance schedule | 📊 Monitor for changes,18502.76,3
89655d,1,0.6663888888888888,569.0030628570452,10058.4,255.998,UAE414,0,0.841651571959011,0,99.66683174431984,0.0,32.27407000000012,0,2025-12-30 06:48:37,89655d,0.047201808931599774,0.07972886090668534,0.014387258216576387,0.005059966184189024,0.0,0.0,9.519282242796085e-07,3.1,LOW,Routine (3+ months),Normal wear and tear,✅ Continue routine maintenance schedule | 📊 Monitor for changes,18505.69,3
89655c,1,1.6658333333333333,1630.1220558555565,11277.6,273.783,UAE62P,0,5.133250349580203,0,99.22877122365784,67923.08996000007,93.26051222222222,0,2025-12-29 06:54:07,89655c,0.14889768230638784,0.22841313718003722,0.09773743760877084,0.011714907436971012,0.0,0.0,0.0020061518031968643,10.4,LOW,Routine (3+ months),Normal wear and tear,✅ Continue routine maintenance schedule | 📊 Monitor for changes,23516.3,3
89655a,1,1.001111111111111,1038.3451181721557,11887.2,299.6771428571428,UAE318,0,4.172184682229449,0,99.86023726470292,3.8601761919141294e-24,20.209323809523884,0,2025-12-30 07:48:33,89655a,0.08126059920859244,0.1454931948594493,0.07907190060678525,0.002121782268030392,0.0,0.0,5.960768421178863e-07,6.6,LOW,Routine (3+ months),Normal wear and tear,✅ Continue routine maintenance schedule | 📊 Monitor for changes,18510.38,3
896559,1,0.33388888888888885,320.6806138873584,10675.62,273.81333333333333,ABY687,0,1.7945324263392082,0,99.9760222295807,19.354800000004065,9.644233333333474,0,2025-12-30 04:18:35,896559,0.013369135104578855,0.04493385313554837,0.032893832168953294,0.0003627966875615618,0.0,0.0,8.553305581486647e-07,1.9,LOW,Routine (3+ months),Normal wear and tear,✅ Continue routine maintenance schedule | 📊 Monitor for changes,18503.21,3
896558,1,0.5005555555555555,410.8990312959932,10066.02,256.17,ABY699,0,0.7396507114468307,0,99.51101182790369,14.516100000003048,28.7824666666668,0,2025-12-29 06:04:04,896558,0.030327868852459017,0.05757528184188466,0.012406227262289248,0.007427155969280452,0.0,0.0,1.2770973007388012e-06,2.3,LOW,Routine (3+ months),Normal wear and tear,✅ Continue routine maintenance schedule | 📊 Monitor for changes,18504.11,3
896557,1,0.33388888888888885,258.79592883687894,11277.6,227.0,FDB441,0,11.339838641660016,0,71.92486589201499,13950630.163200002,4182.873699999998,0,2025-12-29 10:24:06,896557,0.013369135104578855,0.036262554563148044,0.21827998465579318,0.42651121384461743,0.0,0.0,0.4115991690657577,15.9,LOW,Routine (3+ months),Frequent altitude changes,✅ Continue routine maintenance schedule | 📊 Monitor for changes | 🔧 Check pressurization system,33502.59,3
896556,1,0.5,416.9326338523702,11277.6,263.6375,FDB9JS,0,2.7077894306175043,0,99.81295550438222,108594.9441000002,6.821825000000018,0,2025-12-30 08:18:37,896556,0.030271339739966086,0.05842071184109797,0.05063084326484307,0.0028400787645667114,0.0,0.0,0.0032032243280941865,3.0,LOW,Routine (3+ months),Normal wear and tear,✅ Continue routine maintenance schedule | 📊 Monitor for changes,18504.17,3
896606,1,1.091388888888889,915.318773932234,11277.6,212.95857142857145,FDB9RF,0,34.08663354245231,0,57.34020350053975,22714057.7976,5490.649347619048,0,2025-12-28 23:48:41,896606,0.09044657998869421,0.12825471069644395,0.6600615988796199,0.6480789352641392,0.0,0.0,0.6701162701059179,34.4,LOW,Routine (3+ months),"Frequent altitude changes, Speed instability, Declining fuel efficiency",✅ Continue routine maintenance schedule | 📊 Monitor for changes | 🔧 Check pressurization system | 🔧 Inspect throttle control system | ⛽ Engine performance check needed,62509.15,3
896603,3,1.8699999999999999,1175.6807440055265,8145.780000000002,151.9790476190476,FDB445,0,11.137805278117385,1,77.75724761703933,6063887.8722,4720.60231904762,0,2025-12-29 18:03:07,896603,0.169672131147541,0.16473669937526306,0.21435615161196406,0.337906658279599,0.0,0.0,0.178994458678347,18.7,LOW,Routine (3+ months),Normal wear and tear,✅ Continue routine maintenance schedule | 📊 Monitor for changes,34511.76,3
8965fb,4,4.664722222222222,3889.412626230882,10668.0,225.1664136904762,ADY127,0,9.23740485712554,0,88.25459990214534,6841233.339395357,1080.0337427678571,1,2025-12-30 05:18:34,8965fb,0.4540418315432449,0.5449855343983904,0.17744712907410426,0.178432659888767,0.0,0.0,0.20181499325173333,30.5,LOW,Routine (3+ months),"High flight hours, Extensive mileage",✅ Continue routine maintenance schedule | 📊 Monitor for changes | 🕐 Review airframe hours for scheduled maintenance,30038.89,3
8965fa,1,0.3686111111111111,149.02486958141486,8267.7,164.125,ADY248,0,12.438229181512709,0,66.19252367166494,16150627.376100004,5179.167900000001,0,2025-12-29 18:23:08,8965fa,0.016902204635387226,0.02088140446702419,0.23961260526720957,0.513595986194388,0.0,0.0,0.47651778146464774,18.1,LOW,Routine (3+ months),"Frequent altitude changes, Speed instability, Declining fuel efficiency",✅ Continue routine maintenance schedule | 📊 Monitor for changes | 🔧 Check pressurization system | 🔧 Inspect throttle control system | ⛽ Engine performance check needed,43501.49,3
8965f9,3,2.5,1951.9347275520204,10571.480000000001,208.4672222222222,ADY043,0,10.914016805986739,0,75.0743921441743,11232012.267113334,3995.7133850000005,0,2025-12-30 07:48:33,8965f9,0.233776144714528,0.2735056145576895,0.21000979719615503,0.37866414433344464,0.0,0.0,0.3314076323459436,24.5,LOW,Routine (3+ months),Normal wear and tear,✅ Continue routine maintenance schedule | 📊 Monitor for changes,34519.52,3
8965f7,3,3.330833333333333,2686.9594822348636,10670.539999999999,223.4278021978022,ABY509,0,10.325685280844171,1,86.384854697834,4889465.713298702,3051.897815934066,0,2025-12-30 08:58:35,8965f7,0.3183154324477106,0.37649747919691745,0.1985833939595744,0.20683751242731374,0.0,0.0,0.14430549359919745,24.0,LOW,Routine (3+ months),"High flight hours, Extensive mileage",✅ Continue routine maintenance schedule | 📊 Monitor for changes | 🕐 Review airframe hours for scheduled maintenance,29526.87,3
8965f6,3,2.6680555555555556,2281.8447748245912,10266.68,230.15266666666665,ABY502,0,4.8481472355841015,0,99.37428705623772,316799.7965066667,38.738271481481526,1,2025-12-30 05:48:34,8965f6,0.2508762012436405,0.3197326983604373,0.09220024810709514,0.00950425554872214,0.0,0.0,0.009345197051215245,14.7,LOW,Routine (3+ months),Extensive mileage,✅ Continue routine maintenance schedule | 📊 Monitor for changes,19522.82,3
8965ee,1,0.7027777777777776,728.2579577636126,11285.22,283.01666666666665,ADY061,0,2.199491316845581,0,99.8961718588026,32.90315999999767,42.087266666666565,0,2025-12-29 18:23:08,8965ee,0.05090446579988694,0.10204369925036666,0.040758825594289186,0.001575869999299595,0.0,0.0,2.2118531593557187e-06,4.2,LOW,Routine (3+ months),Normal wear and tear,✅ Continue routine maintenance schedule | 📊 Monitor for changes,18507.28,3
8965e1,1,1.166388888888889,1070.381220861007,11285.22,251.79857142857145,ADY200,0,12.29590502882154,0,92.19830628212456,4350005.124857143,439.2974476190475,0,2025-12-29 03:04:06,8965e1,0.09807801017524027,0.1499821021114537,0.23684842709647516,0.11852054035486792,0.0,0.0,0.1283169688158848,13.2,LOW,Routine (3+ months),Normal wear and tear,✅ Continue routine maintenance schedule | 📊 Monitor for changes,28510.7,3
8965d6,2,1.001111111111111,794.1806000302977,11125.2,236.70625,FDB435,0,2.1745846150242896,0,99.98615073841341,1045.159200000012,2.811012499999982,0,2025-12-30 03:38:37,8965d6,0.08126059920859244,0.11128079746472583,0.040275094898004654,0.00020892609644307392,0.0,0.0,3.091002849913435e-05,5.1,LOW,Routine (3+ months),Normal wear and tear,✅ Continue routine maintenance schedule | 📊 Monitor for changes,19007.94,3
8965d0,2,1.5008333333333335,626.8097068346685,8484.869999999999,126.09783333333334,FDB461,0,25.04958626089747,0,59.664981200132296,13208882.614440002,9370.508868333334,0,2025-12-29 01:44:09,8965d0,0.13210853589598645,0.08782874327644356,0.4845467031206889,0.6127613061082726,0.0,0.0,0.3898742310390119,27.8,LOW,Routine (3+ months),"Frequent altitude changes, Speed instability, Declining fuel efficiency",✅ Continue routine maintenance schedule | 📊 Monitor for changes | 🔧 Check pressurization system | 🔧 Inspect throttle control system | ⛽ Engine performance check needed,54006.27,3
8965c3,2,1.6677777777777778,1458.345655679433,10820.4,239.28625000000002,FDB1604,0,0.8959222594559406,0,99.97295793613748,0.0,11.689985833333344,0,2025-12-29 23:38:34,8965c3,0.14909553420011307,0.2043437821788075,0.015441287675759462,0.0004093489146720364,0.0,0.0,3.4479777283059583e-07,8.1,LOW,Routine (3+ months),Normal wear and tear,✅ Continue routine maintenance schedule | 📊 Monitor for changes,19014.58,3
8965c2,1,0.3333333333333333,311.094643498942,11277.6,266.1766666666667,FDB1463,0,1.522076835656992,0,99.99919929540496,0.0,0.3486333333333044,0,2025-12-30 05:48:34,8965c2,0.013312605992085924,0.04359066440838035,0.02760227917518611,1.0694628149288121e-05,0.0,0.0,1.0282989096963973e-08,1.8,LOW,Routine (3+ months),Normal wear and tear,✅ Continue routine maintenance schedule | 📊 Monitor for changes,18503.11,3
8965b9,1,0.8344444444444445,690.4804224905749,9144.0,221.4033333333333,UAE9875,0,3.038620075966861,0,99.867436334297,9.677400000002034,0.673626666666664,0,2025-12-29 09:54:04,8965b9,0.06430186546071229,0.09675030093356685,0.05705613953953091,0.002012415221780972,0.0,0.0,3.053049842884015e-07,4.7,LOW,Routine (3+ months),Normal wear and tear,✅ Continue routine maintenance schedule | 📊 Monitor for changes,18506.9,3
8965b3,2,0.8313888888888888,658.3438658675407,11430.0,233.00041666666664,FDB1481,0,1.475655886378658,0,99.98863905073569,0.0,4.857195833333331,0,2025-12-30 00:48:35,8965b3,0.06399095534200114,0.09224731804951612,0.026700705041536606,0.00017112407699093612,0.0,0.0,1.4326367280616586e-07,4.0,LOW,Routine (3+ months),Normal wear and tear,✅ Continue routine maintenance schedule | 📊 Monitor for changes,19006.58,3
8965b2,1,0.33083333333333337,267.74662793346,11582.4,226.2033333333333,FDB1482,0,2.0477113971105894,0,99.74914428956396,123870.72000000016,9.533633333333306,0,2025-12-28 23:58:46,8965b2,0.013058224985867726,0.03751672890749282,0.03781100027473386,0.003809487934885114,0.0,0.0,0.0036538654673701283,1.9,LOW,Routine (3+ months),Normal wear and tear,✅ Continue routine maintenance schedule | 📊 Monitor for changes,18502.68,3
896664,2,2.498333333333333,2010.2660093454892,11125.2,232.59479166666665,FDB569,0,5.381822346475329,0,97.9448603437584,1119486.4707000002,173.766643154762,0,2025-12-29 02:54:07,896664,0.2336065573770492,0.281679009318112,0.10256513041200369,0.03121986411881561,0.0,0.0,0.03302453584349759,14.3,LOW,Routine (3+ months),Normal wear and tear,✅ Continue routine maintenance schedule | 📊 Monitor for changes,29020.1,3
896663,1,1.592222222222222,1129.436328023981,10363.2,197.95454545454547,FDB574,0,10.499001790576608,0,95.76102555697577,2757367.505781819,63.95340727272727,0,2025-12-29 00:18:37,896663,0.14140757490107406,0.15825691947567777,0.20194949664679598,0.06439631240924282,0.0,0.0,0.08133082789120158,12.5,LOW,Routine (3+ months),Normal wear and tear,✅ Continue routine maintenance schedule | 📊 Monitor for changes,28511.29,3
896660,1,1.5002777777777778,1027.315607453082,10972.8,200.181,FDB574,0,10.281617004941864,0,96.36721140613297,2346978.5318399994,59.82136555555558,0,2025-12-30 00:38:34,896660,0.13205200678349352,0.1439477368761928,0.19772751276184555,0.05518723963474892,0.0,0.0,0.06922622563200403,11.7,LOW,Routine (3+ months),Normal wear and tear,✅ Continue routine maintenance schedule | 📊 Monitor for changes,28510.27,3
89665d,2,2.668055555555555,2081.132210333975,9913.619999999999,217.89944444444444,ABY536,0,11.602750214827864,0,86.7200820623357,6318597.846650001,2003.7366138888892,0,2025-12-29 07:44:01,89665d,0.25087620124364046,0.2916088002988957,0.22338617652584747,0.20174479507010368,0.0,0.0,0.18642703078772693,21.5,LOW,Routine (3+ months),Normal wear and tear,✅ Continue routine maintenance schedule | 📊 Monitor for changes,29020.81,3
89664c,1,0.8330555555555554,838.8478222435323,10668.0,284.065,ETD440,0,2.689272983057083,0,99.79420183069496,0.0,48.71147000000016,0,2025-12-29 02:24:07,89664c,0.06416054267947993,0.1175395805528965,0.050271222222467174,0.0031249813996500064,0.0,0.0,1.4367516442503038e-06,5.0,LOW,Routine (3+ months),Normal wear and tear,✅ Continue routine maintenance schedule | 📊 Monitor for changes,18508.39,3
89664b,2,1.1647222222222224,877.3764544893597,10519.41,223.875,ABY454,0,1.0381707876877728,0,99.70670652700375,9.677399999997412,4.248399999999971,1,2025-12-30 02:08:35,89664b,0.0979084228377615,0.12293822277782275,0.018203997090307948,0.004454195237681757,0.0,0.0,4.1074342547036774e-07,5.3,LOW,Routine (3+ months),Normal wear and tear,✅ Continue routine maintenance schedule | 📊 Monitor for changes,19008.77,3
896644,2,2.3333333333333335,1824.0936603727841,11125.2,229.20944444444444,FDB569,0,6.754046893790105,0,96.14888993206482,2270991.5870399997,261.2490430555555,0,2025-12-30 02:38:38,896644,0.21681741096664786,0.25559249013245894,0.12921607522573506,0.05850394250025415,0.0,0.0,0.06699092116806338,14.7,LOW,Routine (3+ months),Normal wear and tear,✅ Continue routine maintenance schedule | 📊 Monitor for changes,29018.24,3
896633,1,1.2030555555555555,1209.188469557929,10683.24,280.71111111111105,ADY063,0,3.476586432989853,0,99.91941445008462,43.54830000000337,21.57446111111109,0,2025-12-29 17:53:07,896633,0.10180893159977392,0.16943181081535397,0.06556219434967944,0.0012227724882286628,0.0,0.0,1.920804978878961e-06,7.3,LOW,Routine (3+ months),Normal wear and tear,✅ Continue routine maintenance schedule | 📊 Monitor for changes,18512.09,3
89662e,2,1.666388888888889,1466.5577538803575,10824.21,231.67874999999998,ADY141,0,8.027293222038198,0,95.51942281572559,2750870.6272800006,365.3099725,0,2025-12-30 05:18:34,89662e,0.14895421141888077,0.20549446356868611,0.15394469394548316,0.0680667003435429,0.0,0.0,0.08114809010214724,12.7,LOW,Routine (3+ months),Normal wear and tear,✅ Continue routine maintenance schedule | 📊 Monitor for changes,29014.67,3
896627,1,1.3327777777777778,1317.4478516376007,12496.8,276.56625,UAE364,0,5.236423184385081,0,99.62368710605786,79631.17714285676,116.3383982142858,0,2025-12-29 09:04:08,896627,0.11500847936687396,0.18460114430247856,0.09974123030584921,0.005715412222951244,0.0,0.0,0.002352164163358447,8.7,LOW,Routine (3+ months),Normal wear and tear,✅ Continue routine maintenance schedule | 📊 Monitor for changes,28513.17,3
896625,1,1.0002777777777778,1084.74244730953,12496.8,301.3057142857143,UAE310,0,6.661621414565997,0,99.68931012249796,106174.90285714234,35.732895238095274,0,2025-12-30 09:18:35,896625,0.08117580553985304,0.15199440099120748,0.12742101453322338,0.004718478469187604,0.0,0.0,0.003132697608060323,7.7,LOW,Routine (3+ months),Normal wear and tear,✅ Continue routine maintenance schedule | 📊 Monitor for changes,18510.85,3
896622,1,0.33277777777777773,378.9288448110586,11887.2,268.15333333333336,UAE364,0,1.4937669062161605,0,99.96392978970523,4.963083675318166e-24,15.688133333333395,0,2025-12-30 10:18:36,896622,0.013256076879592987,0.053095610785951285,0.027052451984960837,0.0005465029865279192,0.0,0.0,4.627236944786244e-07,1.9,LOW,Routine (3+ months),Normal wear and tear,✅ Continue routine maintenance schedule | 📊 Monitor for changes,18503.79,3
896617,1,1.1666666666666667,896.4003069530964,9144.0,222.245,UAE9855,0,3.662100871475412,0,99.98766567916316,0.0,3.658857142857134,0,2025-12-29 03:24:06,896617,0.09810627473148674,0.12560385005823624,0.06916520165041887,0.0001859113730989792,0.0,0.0,1.0791850494507635e-07,6.4,LOW,Routine (3+ months),Normal wear and tear,✅ Continue routine maintenance schedule | 📊 Monitor for changes,18508.96,3
896616,3,3.371666666666667,3301.881140337234,11176.0,265.8051785714286,UAE9782,0,4.812762648007858,0,99.71986311933262,106174.90285714275,23.58022956349207,0,2025-12-30 05:18:34,896616,0.3224703222159413,0.46266046591474047,0.09151301897058357,0.004254322514837261,0.0,0.0,0.0031323391634806496,19.2,LOW,Routine (3+ months),"High flight hours, Extensive mileage",✅ Continue routine maintenance schedule | 📊 Monitor for changes | 🕐 Review airframe hours for scheduled maintenance,19533.02,3
896615,2,1.8647222222222222,1699.1443554975267,10820.4,255.54500000000002,UAE9878,0,3.7138545918535586,0,99.89865918055796,1.9852334701272667e-24,20.0387771428571,0,2025-12-30 06:28:37,896615,0.16913510457885816,0.2380845602124239,0.07017034730854188,0.001538083028372328,0.0,0.0,5.910465442485158e-07,10.4,LOW,Routine (3+ months),Normal wear and tear,✅ Continue routine maintenance schedule | 📊 Monitor for changes,19016.99,3
89660c,1,1.368888888888889,1420.9046773433251,11277.6,289.761,FDB523,0,3.245226871509209,0,99.89483234525215,3.6763582780134565e-24,27.72389888888897,0,2025-12-29 17:43:10,89660c,0.1186828716789147,0.19909754230976176,0.06106879644536741,0.0015962196623372504,0.0,0.0,8.17720288745962e-07,8.2,LOW,Routine (3+ months),Normal wear and tear,✅ Continue routine maintenance schedule | 📊 Monitor for changes,18514.21,3
8966a7,3,1.3319444444444444,1002.3141884614595,10464.800000000001,230.43472222222223,ETD405,0,1.7093678275629827,0,99.95629858587724,25.80639999999926,3.2539638888888796,0,2025-12-30 02:08:35,8966a7,0.11492368569813455,0.14044453137982163,0.031239790178150675,0.0006624349428854259,0.0,0.0,8.571395114923045e-07,6.3,LOW,Routine (3+ months),Normal wear and tear,✅ Continue routine maintenance schedule | 📊 Monitor for changes,19510.02,3
8966a3,3,2.3680555555555554,1916.8155064058437,10972.800000000001,227.72272222222225,ABY496,0,9.932462086879825,0,79.12341173820579,11911459.402840002,2231.8870527777776,0,2025-12-29 18:23:08,8966a3,0.2203504804974562,0.26858469992525263,0.1909463278086079,0.3171521242844286,0.0,0.0,0.35139599666862686,23.0,LOW,Routine (3+ months),Normal wear and tear,✅ Continue routine maintenance schedule | 📊 Monitor for changes,34519.17,3
89669a,2,1.369722222222222,877.7134411341931,10058.400000000001,203.46816666666666,ETD1CB,0,8.602650844018788,0,75.55255039291133,8478853.526130002,5159.163823333334,0,2025-12-30 06:18:36,89669a,0.11876766534765407,0.12298544143636286,0.1651191218199664,0.37140004518552483,0.0,0.0,0.25023714501185973,16.8,LOW,Routine (3+ months),Speed instability,✅ Continue routine maintenance schedule | 📊 Monitor for changes | 🔧 Inspect throttle control system,34008.78,3
896699,2,1.1719444444444445,728.8194222905988,10515.6,173.369,ETD212,0,23.329984474666016,0,57.7109261302074,18088374.30705,8105.658793333333,0,2025-12-30 09:38:37,896699,0.09864330130016961,0.10212237180961678,0.45114909891944616,0.6424469798489679,0.0,0.0,0.5337582164132596,28.5,LOW,Routine (3+ months),"Frequent altitude changes, Speed instability, Declining fuel efficiency",✅ Continue routine maintenance schedule | 📊 Monitor for changes | 🔧 Check pressurization system | 🔧 Inspect throttle control system | ⛽ Engine performance check needed,54007.29,3
896698,3,1.832222222222222,1257.3484520600193,10060.94,208.57433333333333,ETD215,0,9.492654857268832,0,89.26761950709385,1941937.4064400003,3562.910528888889,0,2025-12-30 04:28:41,896698,0.1658281514980215,0.17618000040663256,0.18240452010812672,0.1630430375857551,0.0,0.0,0.05738280489778956,14.3,LOW,Routine (3+ months),Normal wear and tear,✅ Continue routine maintenance schedule | 📊 Monitor for changes,29512.57,3
896697,4,3.166666666666666,2466.089225046522,10372.725,217.11066666666667,ETD233,0,5.278655114538475,0,86.78377802759692,7051401.219750001,1710.3804516666669,1,2025-12-30 04:38:37,896697,0.3016110797060486,0.3455490798590086,0.10056144653219345,0.20077713675154063,0.0,0.0,0.2080325165442678,21.6,LOW,Routine (3+ months),"High flight hours, Extensive mileage",✅ Continue routine maintenance schedule | 📊 Monitor for changes | 🕐 Review airframe hours for scheduled maintenance,30024.66,3
896690,2,2.000277777777778,1753.9414338503473,10214.61,240.64966666666663,ABY471,0,9.169950906502502,0,97.9109643120763,1183961.1804600004,230.8335233333334,0,2025-12-29 04:04:06,896690,0.182928208027134,0.24576274144425747,0.17613705812468086,0.03173480689248975,0.0,0.0,0.0349279096524623,13.8,LOW,Routine (3+ months),Normal wear and tear,✅ Continue routine maintenance schedule | 📊 Monitor for changes,29017.54,3
89668b,2,1.8344444444444443,649.6406132954769,9380.220000000001,124.51566666666666,ABY463,0,35.4224806526939,1,56.312670227997174,9486222.963000001,12970.558238333335,0,2025-12-30 03:38:37,89668b,0.16605426794799322,0.09102781597817462,0.6860060317235722,0.66368904674763,0.0,0.0,0.28018004611010433,32.4,LOW,Routine (3+ months),"Speed instability, Declining fuel efficiency",✅ Continue routine maintenance schedule | 📊 Monitor for changes | 🔧 Inspect throttle control system | ⛽ Engine performance check needed,63006.5,3
89667d,2,1.8341666666666667,1733.29598809939,11734.8,259.90875,UAE440,0,1.7803852497558155,0,99.72660840570674,0.0,49.02156547619049,1,2025-12-30 05:38:33,89667d,0.1660260033917468,0.24286989607999948,0.032619069832765746,0.004151849266425867,0.0,0.0,1.4458979538420904e-06,9.7,LOW,Routine (3+ months),Normal wear and tear,✅ Continue routine maintenance schedule | 📊 Monitor for changes,19017.33,3
89667c,2,1.666111111111111,1194.9432278006727,11277.599999999999,219.7125,UAE311,0,0.8737238735567814,0,99.41601154881764,0.0,11.91320714285714,0,2025-12-29 04:34:06,89667c,0.1489259468626343,0.16743576374147076,0.015010157101167943,0.00887038412268748,0.0,0.0,3.5138171668386115e-07,7.5,LOW,Routine (3+ months),Normal wear and tear,✅ Continue routine maintenance schedule | 📊 Monitor for changes,19011.95,3
89667b,2,1.9994444444444446,1852.0763239411972,11734.8,267.3965277777778,UAE440,0,2.399127213959173,0,99.64330827919164,7.258050000001525,37.015093055555475,0,2025-12-30 02:58:37,89667b,0.18284341435839463,0.25951342841395475,0.04463609574459034,0.005417330683170629,0.0,0.0,1.3058425681097332e-06,10.7,LOW,Routine (3+ months),Normal wear and tear,✅ Continue routine maintenance schedule | 📊 Monitor for changes,19018.52,3
89667a,1,1.0227777777777778,355.24184451989674,11993.88,145.80333333333334,UAE502,0,18.767163677488902,1,47.53542718271909,19034572.89852,8671.130466666666,0,2025-12-29 16:51:45,89667a,0.08346523459581687,0.049776581988411873,0.3625313245920071,0.7970314368343776,0.0,0.0,0.5616831553329489,27.9,LOW,Routine (3+ months),"Frequent altitude changes, Speed instability, Declining fuel efficiency",✅ Continue routine maintenance schedule | 📊 Monitor for changes | 🔧 Check pressurization system | 🔧 Inspect throttle control system | ⛽ Engine performance check needed,53503.55,3
896678,1,0.8697222222222222,809.343574363743,10675.62,248.484,ETD238,0,7.556377504656041,0,96.44498872026466,2383096.52412,174.42672999999996,0,2025-12-29 18:13:07,896678,0.06789146410401357,0.1134054374719214,0.14479870627135968,0.05400565984855088,0.0,0.0,0.07029491118473147,8.4,LOW,Routine (3+ months),Normal wear and tear,✅ Continue routine maintenance schedule | 📊 Monitor for changes,28508.09,3
89666a,2,1.1666666666666667,895.5141518100933,10515.6,215.585,ABY526,0,9.261766382590944,0,84.67681151011173,9120705.62952,1472.13505,0,2025-12-29 10:24:06,89666a,0.09810627473148674,0.12547968176328278,0.17792027151425902,0.23278581531096243,0.0,0.0,0.26905991345343233,14.7,LOW,Routine (3+ months),Normal wear and tear,✅ Continue routine maintenance schedule | 📊 Monitor for changes,29008.96,3
896668,1,0.33416666666666667,333.8842787948498,11285.22,277.74333333333334,ABY571,0,2.2783639959895425,0,99.98775713828108,58.06439999999834,5.297433333333298,0,2025-12-29 18:45:15,896668,0.013397399660825326,0.04678395418347954,0.042290667757651,0.00018452194166629354,0.0,0.0,1.8688661669290133e-06,2.1,LOW,Routine (3+ months),Normal wear and tear,✅ Continue routine maintenance schedule | 📊 Monitor for changes,18503.34,3
896665,1,0.20305555555555557,93.46536574356972,9144.0,211.32333333333327,FDB2UB,0,4.788060507226351,0,99.99987130879292,0.0,0.0560333333333324,0,2025-12-29 18:13:07,896665,5.652911249293424e-05,0.013096391972908825,0.0910332611991334,4.855145520066273e-07,0.0,0.0,1.6527110308822626e-09,2.1,LOW,Routine (3+ months),Normal wear and tear,✅ Continue routine maintenance schedule | 📊 Monitor for changes,18500.93,3
896718,1,1.667222222222222,1534.4622778869236,11292.84,257.91,ABY823,0,4.5027632084512055,0,99.48019263334513,36.12895999999774,223.45179999999988,0,2025-12-29 05:54:05,896718,0.14903900508762014,0.21500926358095665,0.08549230029733218,0.007895355954376848,0.0,0.0,7.656370948069085e-06,9.9,LOW,Routine (3+ months),Normal wear and tear,✅ Continue routine maintenance schedule | 📊 Monitor for changes,28515.34,3
896717,1,0.33277777777777773,379.4721494711596,11285.22,268.57,ABY756,0,1.0655396644514894,0,99.94616802150476,19.354799999994825,23.427899999999987,0,2025-12-30 03:48:37,896717,0.013256076879592987,0.05317173877981066,0.01873554742998884,0.0008163367614160144,0.0,0.0,1.2618817410039117e-06,1.8,LOW,Routine (3+ months),Normal wear and tear,✅ Continue routine maintenance schedule | 📊 Monitor for changes,18503.79,3
89670a,1,1.3330555555555557,1212.84485630474,10675.62,227.95500000000004,ADY127,0,13.699384763933518,0,67.84680166553646,15831978.658559998,4575.45759,0,2025-12-29 02:24:07,89670a,0.11503674392312042,0.16994414470138575,0.26410640104895505,0.4884644750316195,0.0,0.0,0.4671013862984909,23.6,LOW,Routine (3+ months),"Frequent altitude changes, Declining fuel efficiency",✅ Continue routine maintenance schedule | 📊 Monitor for changes | 🔧 Check pressurization system | ⛽ Engine performance check needed,43512.13,3
8966e0,2,1.3333333333333333,871.7023578163156,9753.6,197.72791666666666,CGS506,0,4.9441319005021995,0,98.19295941296626,1350946.6529400002,6.696174166666667,0,2025-12-29 03:34:08,8966e0,0.1150650084793669,0.12214316683885344,0.094064434265769,0.02745078507021048,0.0,0.0,0.03984655863691298,8.0,LOW,Routine (3+ months),Normal wear and tear,✅ Continue routine maintenance schedule | 📊 Monitor for changes,29008.72,3
8966d4,1,0.8319444444444443,849.8236981287066,10668.0,273.372,ETD7KP,0,4.955637897137677,0,98.88412778173245,445934.5920000005,19.66821999999993,0,2025-12-30 01:38:40,8966d4,0.06404748445449406,0.11907752320892392,0.09428790037556799,0.016950672247970422,0.0,0.0,0.013153483494370247,6.3,LOW,Routine (3+ months),Normal wear and tear,✅ Continue routine maintenance schedule | 📊 Monitor for changes,18508.5,3
8966d3,1,0.6663888888888888,638.4676501840129,11277.6,265.904,ETD7KP,0,1.5034129066605262,0,99.75188745253024,111483.64800000012,41.25762999999992,0,2025-12-29 02:14:08,8966d3,0.047201808931599774,0.08946225740744115,0.027239793791386815,0.003767814267603087,0.0,0.0,0.003289442743952545,3.6,LOW,Routine (3+ months),Normal wear and tear,✅ Continue routine maintenance schedule | 📊 Monitor for changes,18506.38,3
8966cf,1,1.0363888888888888,316.2800192865927,10607.04,138.28333333333333,ETD204,0,15.784942971978008,0,50.03253904739047,17275831.254720002,8938.324746666665,0,2025-12-29 18:03:07,8966cf,0.08485019785189374,0.04431724064655846,0.30461150410747667,0.7590957362241061,0.0,0.0,0.5098167046444356,25.6,LOW,Routine (3+ months),"Frequent altitude changes, Speed instability, Declining fuel efficiency",✅ Continue routine maintenance schedule | 📊 Monitor for changes | 🔧 Check pressurization system | 🔧 Inspect throttle control system | ⛽ Engine performance check needed,53503.16,3
8966c7,1,2.0911111111111116,2134.9045006029187,11887.2,293.0128571428572,ETD800,0,9.502546407371932,0,99.77366817707852,99350.10261098908,19.61443736263745,0,2025-12-29 00:48:39,8966c7,0.19217071791972873,0.2991433879511306,0.18259663090838593,0.003436925188411988,0.0,0.0,0.002930923750769712,14.5,LOW,Routine (3+ months),Extensive mileage,✅ Continue routine maintenance schedule | 📊 Monitor for changes,18521.35,3
8966be,3,2.498611111111111,1875.4929718548246,9956.800000000001,207.73583333333332,ETD212,0,5.717005593180141,0,81.78371844297668,9148631.05754,2595.756713888889,0,2025-12-30 06:28:37,8966be,0.23363482193329566,0.2627945753642577,0.10907496164035302,0.2767371952972695,0.0,0.0,0.26991671925086025,20.1,LOW,Routine (3+ months),Normal wear and tear,✅ Continue routine maintenance schedule | 📊 Monitor for changes,29518.75,3
8966bc,2,1.6666666666666667,1564.1335981521745,10515.6,249.15023809523808,ETD416,0,2.210954370686585,0,99.86845315758714,44022.49260000003,28.011811904761956,0,2025-12-29 16:31:45,8966bc,0.14898247597512723,0.21916681688913672,0.040981457681662385,0.001996967814536621,0.0,0.0,0.0012992758100681269,9.0,LOW,Routine (3+ months),Normal wear and tear,✅ Continue routine maintenance schedule | 📊 Monitor for changes,19015.64,3
8966b0,2,2.1644444444444444,1699.0644493122509,10210.8,206.48366666666664,ABY496,0,10.786435250210653,0,76.27604236556866,12442671.56622,3228.842953333334,0,2025-12-30 03:58:40,8966b0,0.19963256076879596,0.23807336373643406,0.20753194544157738,0.36040887764635055,0.0,0.0,0.36709357933676107,23.0,LOW,Routine (3+ months),Frequent altitude changes,✅ Continue routine maintenance schedule | 📊 Monitor for changes | 🔧 Check pressurization system,34016.99,3
8966af,2,2.3327777777777774,2061.7509008634183,11129.01,239.9755,ABY502,0,9.974215396884842,0,96.4923099726945,1846271.7913199998,407.8571522222222,0,2025-12-29 05:24:05,8966af,0.21676088185415487,0.28889308604736164,0.191757248414067,0.05328676339457983,0.0,0.0,0.05446807541111014,16.4,LOW,Routine (3+ months),Normal wear and tear,✅ Continue routine maintenance schedule | 📊 Monitor for changes,29020.62,3
8966ac,2,1.9997222222222222,1677.525480179199,9909.810000000001,243.621875,ETD426,0,3.8965215220434803,0,99.90447450875152,50278.24045714297,11.151046964285747,0,2025-12-30 08:48:37,8966ac,0.18287167891464107,0.2350553176375962,0.07371805113391923,0.001449737547169594,0.0,0.0,0.0014832926604734598,10.8,LOW,Routine (3+ months),Normal wear and tear,✅ Continue routine maintenance schedule | 📊 Monitor for changes,19016.78,3
8966ab,1,1.3333333333333333,1217.370061361209,10668.0,262.49,ETD404,0,2.3604041346887925,0,99.86486545198646,16.589828571432058,58.641142857142775,0,2025-12-30 07:48:33,8966ab,0.1150650084793669,0.17057821764065936,0.04388402739639461,0.002051471630513224,0.0,0.0,2.21894806086846e-06,7.2,LOW,Routine (3+ months),Normal wear and tear,✅ Continue routine maintenance schedule | 📊 Monitor for changes,23512.17,3
8966aa,1,0.3330555555555555,265.3503659148896,10675.62,253.3766666666667,ETD434,0,2.340460112998835,0,99.93607161621968,19.354800000004065,27.184533333333505,0,2025-12-29 01:54:09,8966aa,0.013284341435839453,0.03718096403442645,0.043496680425767216,0.0009697196408751108,0.0,0.0,1.3726841684101403e-06,2.0,LOW,Routine (3+ months),Normal wear and tear,✅ Continue routine maintenance schedule | 📊 Monitor for changes,18502.65,3
8966a8,2,0.7580555555555556,616.8485228417559,10820.4,255.61416666666668,ETD422,0,2.1809088830530414,0,99.91055706728125,9.677400000002033,6.556599999999976,0,2025-12-29 09:54:04,8966a8,0.056529112492933874,0.08643297951895328,0.04039792298656445,0.001357332347950213,0.0,0.0,4.78824108423791e-07,4.0,LOW,Routine (3+ months),Normal wear and tear,✅ Continue routine maintenance schedule | 📊 Monitor for changes,19006.17,3
8990f4,1,0.9991666666666668,1127.5036451065566,12496.8,315.28000000000003,CAL082,0,8.137082795515965,0,99.5904556766386,53087.45142857117,59.94333333333339,0,2025-12-30 09:38:37,8990f4,0.08106274731486718,0.15798611142988916,0.15607699501064395,0.0062202584715858045,0.0,0.0,0.0015675898676797482,8.4,LOW,Routine (3+ months),Normal wear and tear,✅ Continue routine maintenance schedule | 📊 Monitor for changes,23511.28,3
8990ec,1,3.001388888888889,2165.998497914168,11582.4,192.15894736842105,CAL063,0,19.839382397401625,1,96.34848141321616,95619.50315789484,1207.5695988304094,0,2025-12-30 01:28:36,8990ec,0.2847936687394009,0.30350028714638905,0.3833556437521341,0.055471782515577384,0.0,0.0,0.0028559281005309084,21.7,LOW,Routine (3+ months),"High flight hours, Extensive mileage",✅ Continue routine maintenance schedule | 📊 Monitor for changes | 🕐 Review airframe hours for scheduled maintenance,28521.66,3
899081,1,2.9991666666666665,2312.090870209836,9753.6,219.1905555555556,EVA087,0,11.724950757868534,0,99.2336275307718,78937.22352941184,26.640570261437936,0,2025-12-30 01:38:40,899081,0.2845675522894291,0.3239707893117093,0.22575951982097933,0.011641131241617919,0.0,0.0,0.0023290502541098174,18.3,LOW,Routine (3+ months),Extensive mileage,✅ Continue routine maintenance schedule | 📊 Monitor for changes,18523.12,3
899080,1,0.5,568.7285516353221,11277.6,315.63,EVA068,0,8.499012058902844,0,99.87222292479493,88194.9849000001,5.365399999999982,0,2025-12-30 10:08:34,899080,0.030271339739966086,0.0796903963210921,0.16310627957188675,0.0019396981494533838,0.0,0.0,0.002601481710918958,5.7,LOW,Routine (3+ months),Normal wear and tear,✅ Continue routine maintenance schedule | 📊 Monitor for changes,18505.69,3
89907e,2,3.667777777777778,2967.38614117596,11430.0,258.17544444444445,EVA065,0,6.971436558943794,0,99.50490724690013,37642.125854117745,45.44132993464046,0,2025-12-29 23:28:38,89907e,0.35260033917467504,0.41579093743065343,0.13343815387927885,0.007519895730193182,0.0,0.0,0.0011116000835015012,19.9,LOW,Routine (3+ months),"High flight hours, Extensive mileage",✅ Continue routine maintenance schedule | 📊 Monitor for changes | 🕐 Review airframe hours for scheduled maintenance,19029.67,3
89907c,1,2.9994444444444444,2207.058779428197,10363.2,205.35,EVA095,0,9.616254504574323,0,99.14959301010008,14.940547368424191,26.06336666666668,0,2025-12-30 01:18:37,89907c,0.2845958168456756,0.3092536647419044,0.18480503639810364,0.012917769450034644,0.0,0.0,1.2094161993184505e-06,17.2,LOW,Routine (3+ months),Extensive mileage,✅ Continue routine maintenance schedule | 📊 Monitor for changes,18522.07,3
89907b,2,3.998611111111111,3351.4649319567875,11430.0,260.94209558823525,EVA071,0,7.012642118902833,0,99.57468608734739,20812.031430882293,34.806487815126054,0,2025-12-29 23:28:38,89907b,0.3862634256642171,0.469608160019253,0.13423843624315013,0.006459827401821605,0.0,0.0,0.0006148804102423515,21.8,LOW,Routine (3+ months),"High flight hours, Extensive mileage",✅ Continue routine maintenance schedule | 📊 Monitor for changes | 🕐 Review airframe hours for scheduled maintenance,19033.51,3
899038,2,4.666111111111111,4056.304300339354,10210.8,258.7202714932127,EVA087,0,9.393787909906294,0,99.4615145474534,76035.46316742091,42.88288191930609,0,2025-12-29 23:28:38,899038,0.45418315432447726,0.5683704402803843,0.180484355100718,0.008179110272469647,0.0,0.0,0.0022439414942360143,26.5,LOW,Routine (3+ months),"High flight hours, Extensive mileage",✅ Continue routine maintenance schedule | 📊 Monitor for changes | 🕐 Review airframe hours for scheduled maintenance,19040.56,3
899036,1,0.4997222222222222,494.5236631680158,10668.0,288.53000000000003,EVA068,0,2.793149638822405,0,99.01389032123156,0.0,64.85410000000012,0,2025-12-29 10:14:09,899036,0.030243075183719617,0.06929278756043002,0.0522886843249007,0.0149793417206876,0.0,0.0,1.912880781700357e-06,3.4,LOW,Routine (3+ months),Normal wear and tear,✅ Continue routine maintenance schedule | 📊 Monitor for changes,23504.95,3
899022,1,2.9994444444444444,2113.109146561764,11582.4,184.91473684210527,CAL061,0,21.837314364415636,1,93.82078210904064,64331.28050526323,2273.632726315789,0,2025-12-30 01:18:37,899022,0.2845958168456756,0.2960894171305979,0.422158895522171,0.09387216232740192,0.0,0.0,0.0019645212636904543,22.9,LOW,Routine (3+ months),Extensive mileage,✅ Continue routine maintenance schedule | 📊 Monitor for changes,28521.13,3
899014,1,2.3336111111111113,2374.656412347764,11887.2,286.01857142857136,CAL5522,0,12.04083740699373,0,99.31661598685376,90979.89602637362,52.77401318681317,0,2025-12-29 04:54:04,899014,0.21684567552289435,0.33273748976077083,0.2318945781608874,0.01038038466931801,0.0,0.0,0.0026850213791501957,16.9,LOW,Routine (3+ months),Extensive mileage,✅ Continue routine maintenance schedule | 📊 Monitor for changes,23523.75,3
89900e,1,1.091388888888889,1115.831481064969,10058.4,287.4475,EVA088,0,3.379332143743608,0,99.8500393427818,0.0,6.722564285714269,0,2025-12-28 23:48:41,89900e,0.09044657998869421,0.15635060469170212,0.06367334991771506,0.002276707371034359,0.0,0.0,1.982829771115163e-07,6.7,LOW,Routine (3+ months),Normal wear and tear,✅ Continue routine maintenance schedule | 📊 Monitor for changes,18511.16,3
89671d,1,0.3333333333333333,329.5534758123177,11277.6,276.31333333333333,ABY756,0,1.9592788582547256,0,99.98055556945862,0.0,2.836633333333373,0,2025-12-29 02:34:07,89671d,0.013312605992085924,0.04617712091464824,0.03609348930512055,0.00029392695577024064,0.0,0.0,8.366689828498154e-08,2.0,LOW,Routine (3+ months),Normal wear and tear,✅ Continue routine maintenance schedule | 📊 Monitor for changes,18503.3,3
89671c,1,1.328888888888889,1262.7232758256944,11285.22,265.30125,ABY823,0,2.031298139514792,0,99.8249599732822,29.032199999997182,74.19386964285721,0,2025-12-30 06:18:36,89671c,0.11461277557942345,0.1769331221460126,0.03749222677424874,0.002657708905763778,0.0,0.0,3.044667411779339e-06,7.2,LOW,Routine (3+ months),Normal wear and tear,✅ Continue routine maintenance schedule | 📊 Monitor for changes,23512.63,3
896719,1,0.5002777777777777,460.0511630699291,11292.84,265.0866666666667,ABY699,0,0.9520156283675988,0,99.93564711816288,135.48360000000537,26.01603333333328,0,2025-12-30 06:18:36,896719,0.03029960429621255,0.06446249165371613,0.01653071672161514,0.0009761685434734879,0.0,0.0,4.763454351459619e-06,2.4,LOW,Routine (3+ months),Normal wear and tear,✅ Continue routine maintenance schedule | 📊 Monitor for changes,18504.6,3
8a083c,1,0.4997222222222222,384.9729314221339,11277.6,253.5775,LNI107,0,0.3165724374421416,0,99.91682613522453,0.0,27.61782500000003,0,2025-12-29 07:04:08,8a083c,0.030243075183719617,0.05394250981370476,0.004189324456948886,0.0012620937293018608,0.0,0.0,8.14591624505831e-07,1.9,LOW,Routine (3+ months),Normal wear and tear,✅ Continue routine maintenance schedule | 📊 Monitor for changes,18503.85,3
8a0816,1,0.4994444444444444,382.9485772794616,10668.0,250.1175,LNI093,0,0.3967162866643718,0,99.93340584548724,0.0,17.09709166666668,0,2025-12-30 01:48:39,8a0816,0.03021481062747315,0.05365885677138793,0.0057458549147090966,0.0010102175784453271,0.0,0.0,5.042811182660149e-07,2.0,LOW,Routine (3+ months),Normal wear and tear,✅ Continue routine maintenance schedule | 📊 Monitor for changes,18503.83,3
8a0579,2,1.7563888888888888,1693.9269779342958,10668.0,263.20464285714286,GIA969,0,1.4366306567639613,0,99.91665490396056,26543.725714285745,14.641547619047621,1,2025-12-30 01:48:39,8a0579,0.15811192764273604,0.23735349987691742,0.025942768417505424,0.001264695045669284,0.0,0.0,0.0007833427698270042,9.2,LOW,Routine (3+ months),Normal wear and tear,✅ Continue routine maintenance schedule | 📊 Monitor for changes,19016.94,3
8a0578,1,0.5002777777777777,431.150053651616,11277.6,258.265,LNI111,0,0.3597112236657665,0,99.85911870617436,0.0,21.181366666666644,0,2025-12-29 04:44:07,8a0578,0.03029960429621255,0.06041286049480532,0.005027153377315412,0.002138775219790001,0.0,0.0,6.247473826144391e-07,2.1,LOW,Routine (3+ months),Normal wear and tear,✅ Continue routine maintenance schedule | 📊 Monitor for changes,18504.31,3
8a0577,2,0.9988888888888888,855.8073546241811,11582.400000000001,252.48874999999998,LNI081,0,2.668709376559221,0,99.77260505401036,50351.51220000008,56.033212500000026,1,2025-12-30 04:28:41,8a0577,0.0810344827586207,0.11991595475276419,0.04987184185646349,0.0034530759740442063,0.0,0.0,0.0014867776265842746,5.5,LOW,Routine (3+ months),Normal wear and tear,✅ Continue routine maintenance schedule | 📊 Monitor for changes,24008.56,3
8a0576,1,0.3333333333333333,305.65588628613926,10668.0,254.57666666666668,LNI113,0,1.016429696724117,0,99.96130481614912,0.0,16.848233333333397,0,2025-12-30 07:48:33,8a0576,0.013312605992085924,0.04282858429733933,0.017781747964538748,0.0005863811403036268,0.0,0.0,4.969410067973612e-07,1.6,LOW,Routine (3+ months),Normal wear and tear,✅ Continue routine maintenance schedule | 📊 Monitor for changes,18503.06,3
8a0537,2,0.6652777777777777,546.2037495228908,10210.8,252.765,GIA088,0,1.7579338394259394,0,99.98699205728497,0.0,3.56483333333332,0,2025-12-30 04:28:41,8a0537,0.04708875070661391,0.07653421504228615,0.0321830250915003,0.00019614492260755512,0.0,0.0,1.0514525948703502e-07,3.4,LOW,Routine (3+ months),Normal wear and tear,✅ Continue routine maintenance schedule | 📊 Monitor for changes,19005.46,3
8a0536,2,1.6680555555555554,1520.8449903142255,10668.0,257.1771428571429,GIA969,0,1.8288127892645494,0,99.89830443499945,53087.45142857149,10.679230952380934,0,2025-12-30 02:08:35,8a0536,0.14912379875635956,0.2131012056148737,0.03355961537645073,0.0015434722628279163,0.0,0.0,0.0015661368160658697,8.7,LOW,Routine (3+ months),Normal wear and tear,✅ Continue routine maintenance schedule | 📊 Monitor for changes,19015.21,3
8a04f7,3,2.696111111111111,2598.1938158737403,10568.94,265.8236111111111,GIA983,0,2.3571806542927334,0,99.86231284035689,20751.57140000004,46.294028333333245,0,2025-12-30 06:08:34,8a04f7,0.2537309214245337,0.3640596103547715,0.04382142190058736,0.0020902504741540096,0.0,0.0,0.0006134359597658298,14.5,LOW,Routine (3+ months),Extensive mileage,✅ Continue routine maintenance schedule | 📊 Monitor for changes,19525.98,3
8a0452,2,0.8305555555555555,724.0075292610215,10972.8,259.95375,GIA991,0,0.9138526650978521,0,99.97423085119962,0.0,3.186945833333321,0,2025-12-29 23:28:38,8a0452,0.06390616167326174,0.1014481280750986,0.015789526782970815,0.0003900110045915728,0.0,0.0,9.399941463844734e-08,3.9,LOW,Routine (3+ months),Normal wear and tear,✅ Continue routine maintenance schedule | 📊 Monitor for changes,19007.24,3
8a03a6,2,2.505833333333334,2356.451629897452,10972.8,272.1009523809524,GIA901,0,3.4909760249150565,0,99.88535940038457,11617.718700000061,40.588270476190495,0,2025-12-30 07:18:12,8a03a6,0.23436970039570387,0.3301866307890643,0.06584166480591136,0.001740131036704673,0.0,0.0,0.00034386340032453293,13.8,LOW,Routine (3+ months),Extensive mileage,✅ Continue routine maintenance schedule | 📊 Monitor for changes,19023.56,3
89916c,2,3.6666666666666665,2974.5432965106615,11734.8,256.10521052631583,CAL073,0,6.639214582603401,0,99.63082289148525,0.0,18.7856364619883,0,2025-12-29 23:28:38,89916c,0.3524872809496891,0.41679379994478954,0.1269858355800016,0.005607006579046114,0.0,0.0,5.540849839893984e-07,19.8,LOW,Routine (3+ months),"High flight hours, Extensive mileage",✅ Continue routine maintenance schedule | 📊 Monitor for changes | 🕐 Review airframe hours for scheduled maintenance,19029.75,3
899160,1,2.833055555555555,2088.958599459568,12192.0,206.06,CAL061,0,24.35786081688921,1,93.24304285028964,68007.45411764714,2542.6465529411767,0,2025-12-29 01:24:06,899160,0.2676653476540418,0.2927054360302798,0.4711122133569017,0.10264907931732703,0.0,0.0,0.0020808851209066755,23.5,LOW,Routine (3+ months),Normal wear and tear,✅ Continue routine maintenance schedule | 📊 Monitor for changes,28520.89,3
899139,2,3.4983333333333335,2630.4461087649183,11430.0,246.82572368421057,EVA071,0,7.05761051324611,0,99.55689172973794,104193.50977894731,21.410128581871373,1,2025-12-30 01:18:37,899139,0.33535895986433023,0.3685788102355786,0.13511179927863143,0.006730156269492471,0.0,0.0,0.00307383368911995,18.6,LOW,Routine (3+ months),"High flight hours, Extensive mileage",✅ Continue routine maintenance schedule | 📊 Monitor for changes | 🕐 Review airframe hours for scheduled maintenance,19026.3,3
899125,1,0.9997222222222221,704.5104173387617,12192.0,188.59714285714287,CAL063,0,17.314648784919434,0,91.10426274081397,0.0,3773.141157142858,0,2025-12-29 03:14:06,899125,0.0811192764273601,0.09871618755315018,0.334321004117313,0.13514106457924902,0.0,0.0,0.00011128932798606729,12.7,LOW,Routine (3+ months),Normal wear and tear,✅ Continue routine maintenance schedule | 📊 Monitor for changes,28507.05,3
040260,4,2.498333333333333,1351.1554755686807,11329.035,171.86908333333332,ETH686,0,29.222434211916326,1,51.6846043046006,19400876.03688,10089.21782,1,2025-12-30 09:48:34,040260,0.2336065573770492,0.1893242655566978,0.5655905386039678,0.7339978405820131,0.0,0.0,0.5725291444946262,37.7,LOW,Routine (3+ months),"Frequent altitude changes, Speed instability, Declining fuel efficiency",✅ Continue routine maintenance schedule | 📊 Monitor for changes | 🔧 Check pressurization system | 🔧 Inspect throttle control system | ⛽ Engine performance check needed,55013.51,3
04024a,3,2.833055555555555,2225.8413393543947,11176.0,225.69430555555553,ETH610,0,13.357449615141546,0,82.18630518568489,6183708.185554287,3617.1839416269836,1,2025-12-30 08:28:35,04024a,0.2676653476540418,0.3118854820476112,0.257465436348125,0.27062116567235994,0.0,0.0,0.18249603015747304,24.0,LOW,Routine (3+ months),Extensive mileage,✅ Continue routine maintenance schedule | 📊 Monitor for changes,29522.26,3
040232,2,1.166388888888889,874.3861308794847,10210.8,235.9985,ETH682,0,0.7939105198136787,0,99.85846359605016,0.0,6.653059999999947,0,2025-12-30 02:48:39,040232,0.09807801017524027,0.12251921783616111,0.013460045430181844,0.0021487275418664575,0.0,0.0,1.9623293844952364e-07,5.2,LOW,Routine (3+ months),Normal wear and tear,✅ Continue routine maintenance schedule | 📊 Monitor for changes,19008.74,3
04022a,1,0.4994444444444444,485.4427261106357,10668.0,271.6025,ETH3490,0,0.871735330504788,0,99.96686652206397,0.0,0.6194916666666467,0,2025-12-29 10:04:07,04022a,0.03021481062747315,0.06802036423828682,0.014971536198166237,0.0005018886458131311,0.0,0.0,1.8271993653294854e-08,2.4,LOW,Routine (3+ months),Normal wear and tear,✅ Continue routine maintenance schedule | 📊 Monitor for changes,18504.85,3
040211,2,1.1655555555555557,846.8701922062799,10515.6,211.38133333333334,ETH696,0,5.045150668241623,0,94.4661599580341,3521383.2797999997,390.0601816666668,0,2025-12-29 03:34:08,040211,0.09799321650650088,0.11866367717144592,0.0960263913007476,0.08406769132780612,0.0,0.0,0.10387519893970612,9.0,LOW,Routine (3+ months),Normal wear and tear,✅ Continue routine maintenance schedule | 📊 Monitor for changes,29008.47,3
040188,1,0.3333333333333333,258.15895430270723,10972.8,246.65,ETH629,0,1.5740691426308218,0,99.94152786118973,19.354799999994825,3.1189000000000027,0,2025-12-29 03:04:06,040188,0.013312605992085924,0.03617330152155442,0.028612058592563244,0.0008868292912002085,0.0,0.0,6.628649356584909e-07,1.6,LOW,Routine (3+ months),Normal wear and tear,✅ Continue routine maintenance schedule | 📊 Monitor for changes,18502.58,3
040187,2,1.0002777777777778,795.4589619110416,11125.2,250.04375,ETH638,0,1.2533799321996242,0,99.97373500667675,16.935450000003556,1.574629166666698,1,2025-12-30 07:58:34,040187,0.08117580553985304,0.11145992187236341,0.02238372630810922,0.0003975437906214019,0.0,0.0,5.459573828898345e-07,4.7,LOW,Routine (3+ months),Normal wear and tear,✅ Continue routine maintenance schedule | 📊 Monitor for changes,19007.95,3
04016b,1,1.3322222222222222,1160.7552351414902,11277.6,223.99,ETH690,0,11.963871483955268,0,77.2577500847826,11268233.569478571,2932.3650857142857,0,2025-12-29 06:24:05,04016b,0.11495195025438101,0.16264533309296725,0.23039976845831373,0.34549494020935323,0.0,0.0,0.33244462113549833,19.2,LOW,Routine (3+ months),Normal wear and tear,✅ Continue routine maintenance schedule | 📊 Monitor for changes,33511.61,3
04016a,1,0.8330555555555554,693.612350099151,11887.2,243.622,ETH692,0,7.873032231983115,0,98.35055271219694,1066613.995800001,109.9194700000002,0,2025-12-30 07:08:35,04016a,0.06416054267947993,0.09718914746528877,0.15094868200201914,0.02505665435368898,0.0,0.0,0.031463171594396364,7.3,LOW,Routine (3+ months),Normal wear and tear,✅ Continue routine maintenance schedule | 📊 Monitor for changes,28506.94,3
040168,1,0.33222222222222225,282.25750475713187,9753.6,253.6133333333333,ETH3229,0,2.132377748826593,0,99.9783379394728,0.0,2.1180333333333703,0,2025-12-30 01:48:39,040168,0.013199547767100061,0.03954999683772054,0.039455365456495604,0.00032761681500181883,0.0,0.0,6.247169043027568e-08,1.9,LOW,Routine (3+ months),Normal wear and tear,✅ Continue routine maintenance schedule | 📊 Monitor for changes,18502.82,3
04014e,2,1.9994444444444446,1498.096206554772,11582.4,220.075,ETH685,0,1.3858498713582237,0,99.84879686259771,49769.48571428578,3.5782749999999908,0,2025-12-29 04:14:05,04014e,0.18284341435839463,0.2099136399679566,0.024956518818564383,0.002295582919600858,0.0,0.0,0.0014680635079578114,9.3,LOW,Routine (3+ months),Normal wear and tear,✅ Continue routine maintenance schedule | 📊 Monitor for changes,19014.98,3
04014c,4,3.6649999999999996,3069.723802934167,12039.6,249.97105158730156,ETH684,0,4.425403923963393,0,99.12956292411587,592582.6857999999,19.35033593253969,0,2025-12-30 03:58:40,04014c,0.3523176936122103,0.43013051788715695,0.08398985084345173,0.013222063124597283,0.0,0.0,0.017478880226861886,19.5,LOW,Routine (3+ months),"High flight hours, Extensive mileage",✅ Continue routine maintenance schedule | 📊 Monitor for changes | 🕐 Review airframe hours for scheduled maintenance,25030.7,3
040134,2,1.4997222222222222,1470.192846427149,10668.0,278.0421666666667,ETH684,0,1.8602441853902776,0,99.87921842397222,37161.21600000004,12.338053333333338,0,2025-12-30 09:08:33,040134,0.1319954776710006,0.20600381370573256,0.03417006678194739,0.0018334237105050999,0.0,0.0,0.0010964391940697764,8.1,LOW,Routine (3+ months),Normal wear and tear,✅ Continue routine maintenance schedule | 📊 Monitor for changes,19014.7,3
040126,1,0.6663888888888888,640.0064941021403,11887.2,268.932,ETH628,0,1.3246122887911271,0,99.9505055034136,17.41932000000366,20.505119999999955,0,2025-12-30 06:48:37,040126,0.047201808931599774,0.08967788062762108,0.02376718035590851,0.000750442470726087,0.0,0.0,1.1185866804528174e-06,3.5,LOW,Routine (3+ months),Normal wear and tear,✅ Continue routine maintenance schedule | 📊 Monitor for changes,18506.4,3
040106,4,2.999722222222222,2760.231794038999,10363.2,253.24141666666668,ETH606,0,2.416022837278965,0,99.8522246432409,46918.93842000011,9.179651666666674,0,2025-12-30 03:18:38,040106,0.284624081401922,0.3867644150668407,0.0449642376114375,0.002243508656498139,0.0,0.0,0.001384151428832663,15.8,LOW,Routine (3+ months),"High flight hours, Extensive mileage",✅ Continue routine maintenance schedule | 📊 Monitor for changes | 🕐 Review airframe hours for scheduled maintenance,20027.6,3
040105,3,1.666388888888889,799.2016390683202,9837.42,154.14333333333335,ETH610,0,28.765076092729842,0,55.085769944270815,17076165.8476,8549.53507,1,2025-12-30 06:28:37,040105,0.14895421141888077,0.11198434679372146,0.5567078626465941,0.6823279081060598,0.0,0.0,0.5039160780325352,32.4,LOW,Routine (3+ months),"Frequent altitude changes, Speed instability, Declining fuel efficiency",✅ Continue routine maintenance schedule | 📊 Monitor for changes | 🔧 Check pressurization system | 🔧 Inspect throttle control system | ⛽ Engine performance check needed,54507.99,3
abda7d,1,0.5,292.14515606397333,9654.54,156.75,FDX8,0,37.54312511570206,1,39.67453259422992,18096583.161600005,13714.8748,0,2025-12-30 08:18:37,abda7d,0.030271339739966086,0.04093545717562918,0.7271925697896421,0.9164528163315563,0.0,0.0,0.5341657823436794,35.2,LOW,Routine (3+ months),"Frequent altitude changes, Speed instability, Declining fuel efficiency",✅ Continue routine maintenance schedule | 📊 Monitor for changes | 🔧 Check pressurization system | 🔧 Inspect throttle control system | ⛽ Engine performance check needed,62502.92,3
ac45d5,1,1.1922222222222223,1198.075596157565,11277.6,285.36375,FDX5124,0,2.7716522581864758,0,99.85878247630936,0.0,27.211998214285863,0,2025-12-29 16:11:36,ac45d5,0.1007066139061617,0.1678746720309643,0.05187116847001452,0.0021438831669650105,0.0,0.0,8.026217065038565e-07,6.9,LOW,Routine (3+ months),Normal wear and tear,✅ Continue routine maintenance schedule | 📊 Monitor for changes,18511.98,3
ac498c,2,2.8333333333333335,1851.2516882145092,9448.8,182.81416666666667,FDX5279,0,13.54152486413819,0,77.9740781519171,10227879.5442,3689.2217699999997,0,2025-12-30 10:18:36,ac498c,0.26769361221028837,0.2593978802360211,0.26104049213049185,0.3346126055098122,0.0,0.0,0.30178155674151075,25.1,LOW,Routine (3+ months),Normal wear and tear,✅ Continue routine maintenance schedule | 📊 Monitor for changes,34018.51,3
ac5c1f,1,0.33388888888888885,245.631188685516,9753.6,190.42,FDX5272,0,9.539456148138033,0,76.26529551851318,15090956.914800003,1695.1629000000007,0,2025-12-29 10:24:06,ac5c1f,0.013369135104578855,0.034417907662425876,0.18331348112519003,0.36057214192704556,0.0,0.0,0.44515989126858974,14.5,LOW,Routine (3+ months),Frequent altitude changes,✅ Continue routine maintenance schedule | 📊 Monitor for changes | 🔧 Check pressurization system,33502.46,3
c01040,1,0.8338888888888889,371.4098996697157,9144.0,160.3,ACA51,0,15.707072622139435,0,58.5736706383192,14733004.4049,9608.75725,0,2025-12-30 01:58:37,c01040,0.06424533634821934,0.052042054187628126,0.30309912889145624,0.6293403113709051,0.0,0.0,0.4348354443268723,22.5,LOW,Routine (3+ months),"Frequent altitude changes, Speed instability, Declining fuel efficiency",✅ Continue routine maintenance schedule | 📊 Monitor for changes | 🔧 Check pressurization system | 🔧 Inspect throttle control system | ⛽ Engine performance check needed,53503.71,3
c01729,1,0.8313888888888888,378.8239657048744,9144.0,108.42,ACA43,0,33.14456558668115,0,62.19612820914759,8344880.084399998,11362.838480000002,0,2025-12-28 23:58:46,c01729,0.06399095534200114,0.053080915097624075,0.6417650298893827,0.5743085493483248,0.0,0.0,0.24646855779968788,26.6,LOW,Routine (3+ months),"Speed instability, Declining fuel efficiency",✅ Continue routine maintenance schedule | 📊 Monitor for changes | 🔧 Inspect throttle control system | ⛽ Engine performance check needed,52503.79,3
c02ee7,1,1.1672222222222222,543.5237761274559,9753.6,131.095,ACA51,0,36.43304000303808,0,55.52160468094879,12382901.040599998,12218.008885714284,0,2025-12-29 01:04:06,c02ee7,0.09816280384397966,0.07615869645543466,0.7056328205969569,0.6757067805866694,0.0,0.0,0.36559577600566767,31.9,LOW,Routine (3+ months),"Frequent altitude changes, Speed instability, Declining fuel efficiency",✅ Continue routine maintenance schedule | 📊 Monitor for changes | 🔧 Check pressurization system | 🔧 Inspect throttle control system | ⛽ Engine performance check needed,62505.44,3
c058be,1,0.4994444444444444,257.38323245058774,9166.86,147.52499999999998,ACA856,0,19.13865193927644,1,51.79933920038167,12299568.9492,10325.1823,0,2025-12-30 01:58:37,c058be,0.03021481062747315,0.036064607168769455,0.3697462612313657,0.7322548074734527,0.0,0.0,0.3630820550884572,23.5,LOW,Routine (3+ months),"Speed instability, Declining fuel efficiency",✅ Continue routine maintenance schedule | 📊 Monitor for changes | 🔧 Inspect throttle control system | ⛽ Engine performance check needed,53502.57,3
0100a2,2,1.6836111111111112,1533.7286536046072,12039.599999999999,251.87687499999998,MSR509,0,3.322738097155707,0,99.87598300990487,44593.45920000005,27.72018779761907,0,2025-12-30 06:48:37,0100a2,0.15070661390616172,0.2149064679508789,0.06257419685610327,0.0018825755731610716,0.0,0.0,0.0013161079485756813,9.4,LOW,Routine (3+ months),Normal wear and tear,✅ Continue routine maintenance schedule | 📊 Monitor for changes,19015.34,3
