trajectory_id,icao24,callsign,start_time,weighted_risk_score,anomaly_score_normalized,final_risk_score,risk_level,is_anomaly
0,0100a2,MSR509,2025-12-29 16:21:38,0.0,88.84817419037645,4.460730323849418,LOW,1
1,0100a2,MSR5111,2025-12-30 06:48:37,0.0,94.53813532384501,2.1847458704619953,LOW,1
2,01012b,MSR958,2025-12-30 09:08:33,0.0,89.32709004035979,4.2691639838560835,LOW,1
3,01013c,MSR959,2025-12-29 00:08:45,0.0,90.21199516777382,3.9152019328904717,LOW,1
4,010143,MSR968,2025-12-30 00:48:35,35.0,43.48218486055962,43.60712605577615,MEDIUM,1
5,0101dd,MSR951,2025-12-30 09:08:33,0.0,89.54923265657072,4.180306937371711,LOW,1
6,01025d,MSR971,2025-12-28 23:58:46,0.0,95.96887492898594,1.612450028405624,LOW,1
7,040031,ETH637,2025-12-29 01:54:09,0.0,82.92351515276766,6.830593938892935,LOW,1
8,040031,ETH637,2025-12-29 04:24:05,0.0,90.08448084105409,3.966207663578365,LOW,1
9,040033,ETH640,2025-12-30 01:58:37,50.0,61.71283623593186,45.31486550562725,MEDIUM,1
10,040033,ETH611,2025-12-30 04:18:35,35.0,66.99730926756716,34.201076292973134,MEDIUM,1
11,040049,ETH686,2025-12-29 07:14:05,50.0,42.669313192669826,52.93227472293207,MEDIUM,1
12,040049,ETH689,2025-12-29 09:54:04,35.0,52.15436839526848,40.138252641892606,MEDIUM,1
13,04004b,ETH636,2025-12-29 07:14:05,0.0,93.96669705058335,2.4133211797666605,LOW,1
14,04004b,ETH636,2025-12-29 08:44:04,0.0,88.41178300580886,4.635286797676457,LOW,1
15,04004b,ETH637,2025-12-30 01:38:40,0.0,93.88361619865047,2.4465535205398115,LOW,1
16,04004b,ETH637,2025-12-30 04:18:35,0.0,96.42678271507503,1.4292869139699862,LOW,1
17,040062,ETH3857,2025-12-29 04:44:07,0.0,93.09709237628164,2.7611630494873456,LOW,1
18,040062,ETH3857,2025-12-29 06:54:07,0.0,96.84175878350032,1.2632964865998701,LOW,1
19,040066,ETH607,2025-12-29 01:44:09,0.0,94.14449754676343,2.3422009812946274,LOW,1
20,040066,ETH607,2025-12-29 03:14:06,0.0,98.37744175900026,0.649023296399895,LOW,1
21,040066,ETH606,2025-12-30 06:58:37,0.0,89.9043857664787,4.038245693408522,LOW,1
22,040066,ETH606,2025-12-30 08:38:36,0.0,92.12969707975577,3.1481211680976915,LOW,1
23,040075,ETH688,2025-12-30 00:08:41,10.0,75.41525020853045,15.83389991658782,LOW,1
24,040075,ETH687,2025-12-30 03:18:38,0.0,75.66655303824142,9.733378784703433,LOW,1
25,040075,ETH687,2025-12-30 04:28:41,0.0,91.8055757392748,3.2777697042900797,LOW,1
26,040087,ETH678,2025-12-30 05:28:36,0.0,97.09191389542131,1.1632344418314744,LOW,1
27,040087,ETH678,2025-12-30 06:58:37,35.0,42.01618527469902,44.1935258901204,MEDIUM,1
28,040087,ETH678,2025-12-30 09:08:33,35.0,48.4060143161241,41.63759427355036,MEDIUM,1
29,040101,ETH608,2025-12-29 06:54:07,0.0,93.98718710257094,2.4051251589716234,LOW,1
30,040101,ETH609,2025-12-30 03:28:39,0.0,84.99087822932954,6.003648708268185,LOW,1
31,040103,ETH645,2025-12-29 02:44:02,0.0,96.02969119909949,1.5881235203602047,LOW,1
32,040103,ETH644,2025-12-30 06:38:36,0.0,96.83678746996175,1.2652850120153005,LOW,1
33,040103,ETH644,2025-12-30 08:18:37,0.0,87.78181936689626,4.887272253241497,LOW,1
34,040105,ETH640,2025-12-29 01:34:05,35.0,65.05369333784154,34.978522664863384,MEDIUM,1
35,040105,ETH611,2025-12-29 04:34:06,0.0,70.59286327375831,11.762854690496676,LOW,1
36,040105,ETH610,2025-12-30 06:28:37,35.0,53.61537269292632,39.55385092282947,MEDIUM,1
37,040106,ETH606,2025-12-29 06:44:08,0.0,93.98808123782442,2.4047675048702333,LOW,1
38,040106,ETH606,2025-12-29 08:24:06,0.0,94.06659471061167,2.373362115755333,LOW,1
39,040106,ETH607,2025-12-30 01:08:40,0.0,92.15581096798489,3.137675612806044,LOW,1
40,040106,ETH607,2025-12-30 03:18:38,0.0,95.62928471078938,1.748286115684249,LOW,1
41,040126,ETH628,2025-12-30 06:48:37,0.0,96.68846927802218,1.3246122887911271,LOW,1
42,040134,ETH684,2025-12-30 07:28:36,0.0,96.78603127903288,1.2855874883868468,LOW,1
43,040134,ETH684,2025-12-30 09:08:33,0.0,93.91274779401573,2.4349008823937086,LOW,1
44,04014c,ETH684,2025-12-29 07:24:06,0.0,90.7917105270199,3.6833157891920396,LOW,1
45,04014c,ETH684,2025-12-29 08:54:06,0.0,89.49473273324034,4.202106906703864,LOW,1
46,04014c,ETH685,2025-12-30 01:28:36,0.0,77.15002429250288,9.13999028299885,LOW,1
47,04014c,ETH685,2025-12-30 03:58:40,0.0,98.30949320760296,0.6762027169588181,LOW,1
48,04014e,ETH685,2025-12-29 01:54:09,0.0,95.6403327868527,1.7438668852589219,LOW,1
49,04014e,ETH685,2025-12-29 04:14:05,0.0,97.43041785635619,1.0278328574575255,LOW,1
50,040168,ETH3229,2025-12-30 01:48:39,0.0,94.66905562793352,2.132377748826593,LOW,1
51,04016a,ETH692,2025-12-30 07:08:35,0.0,80.31741942004221,7.873032231983115,LOW,1
52,04016b,ETH690,2025-12-29 06:24:05,0.0,70.09032129011183,11.963871483955268,LOW,1
53,040187,ETH639,2025-12-29 03:14:06,0.0,97.07634639291243,1.1694614428350292,LOW,1
54,040187,ETH638,2025-12-30 07:58:34,0.0,96.65675394608945,1.3372984215642192,LOW,1
55,040188,ETH629,2025-12-29 03:04:06,0.0,96.06482714342295,1.5740691426308218,LOW,1
56,040211,ETH696,2025-12-29 00:18:37,0.0,79.3044496902742,8.278220123890321,LOW,1
57,040211,ETH697,2025-12-29 03:34:08,0.0,95.46979696851768,1.8120812125929264,LOW,1
58,04022a,ETH3490,2025-12-29 10:04:07,0.0,97.82066167373803,0.871735330504788,LOW,1
59,040232,ETH682,2025-12-29 23:28:38,0.0,98.96929644030577,0.41228142387769257,LOW,1
60,040232,ETH683,2025-12-30 02:48:39,0.0,97.06115096062584,1.175539615749665,LOW,1
61,04024a,ETH610,2025-12-29 06:04:04,35.0,67.74423743960021,33.902305024159915,MEDIUM,1
62,04024a,ETH616,2025-12-29 23:48:40,0.0,90.45168859028585,3.819324563885658,LOW,1
63,04024a,ETH617,2025-12-30 08:28:35,0.0,94.12320185655234,2.350719257379063,LOW,1
64,040260,ETH688,2025-12-28 23:58:46,10.0,72.84384677621227,16.86246128951509,LOW,1
65,040260,ETH687,2025-12-29 07:34:07,0.0,72.98557720330854,10.805769118676587,LOW,1
66,040260,ETH686,2025-12-30 07:28:36,50.0,50.20503702660571,49.91798518935772,MEDIUM,1
67,040260,ETH689,2025-12-30 09:48:34,35.0,54.24119687471025,39.30352125011591,MEDIUM,1
68,04c147,KQA202,2025-12-29 02:04:07,10.0,75.47806419662913,15.808774321348347,LOW,1
69,04c147,KQA203,2025-12-29 04:24:05,0.0,71.82074675974411,11.271701296102357,LOW,1
70,04c147,KQA202,2025-12-30 03:38:37,0.0,81.5732429680378,7.370702812784879,LOW,1
71,04c147,KQA203,2025-12-30 05:58:33,0.0,59.69727342966348,16.121090628134606,LOW,1
72,04c14b,KQA204,2025-12-29 07:24:06,0.0,51.693093016631536,19.322762793347387,LOW,1
73,04c14b,KQA205,2025-12-29 09:04:08,10.0,64.74384407904176,20.102462368383293,LOW,1
74,05a054,DQA700,2025-12-29 09:24:04,25.0,64.65480391354205,29.13807843458318,LOW,1
75,05a0af,DQA707,2025-12-29 17:23:08,35.0,59.41434660987535,37.234261356049856,MEDIUM,1
76,060046,MAU746,2025-12-30 01:08:40,0.0,91.71565523046206,3.3137379078151756,LOW,1
77,060046,MAU747,2025-12-30 04:58:38,0.0,73.4938162174763,10.602473513009484,LOW,1
78,06a03d,QTR12H,2025-12-30 01:38:40,0.0,69.14059168815898,12.34376332473641,LOW,1
79,06a03d,QTR93X,2025-12-30 04:48:37,0.0,80.93038665064248,7.62784533974301,LOW,1
80,06a040,QTR880,2025-12-29 08:34:04,0.0,94.31618848055518,2.2735246077779268,LOW,1
81,06a040,QTR881,2025-12-30 01:28:36,0.0,85.53740146975876,5.785039412096495,LOW,1
82,06a040,QTR881,2025-12-30 03:48:37,0.0,92.72801708902244,2.9087931643910228,LOW,1
83,06a041,QTR860,2025-12-30 07:58:34,0.0,88.05611939386664,4.777552242453345,LOW,1
84,06a04c,QTR12H,2025-12-29 01:34:05,0.0,69.22655458748757,12.309378165004972,LOW,1
85,06a04c,QTR93X,2025-12-29 04:44:07,0.0,79.32500051138459,8.269999795446166,LOW,1
86,06a052,QTR834,2025-12-30 07:58:34,0.0,92.9945896254127,2.80216414983492,LOW,1
87,06a053,QTR834,2025-12-29 07:54:02,0.0,93.00914257884587,2.796342968461653,LOW,1
88,06a053,QTR870,2025-12-30 07:48:33,0.0,91.29858440484603,3.48056623806159,LOW,1
89,06a060,QTR21Y,2025-12-30 01:48:39,35.0,47.4484324505859,42.02062701976564,MEDIUM,1
90,06a062,QTR5M,2025-12-30 03:08:38,0.0,93.7893744822153,2.484250207113883,LOW,1
91,06a063,QTR53R,2025-12-29 08:44:04,0.0,97.87211173110457,0.851155307558173,LOW,1
92,06a064,VOZ008,2025-12-29 08:14:07,0.0,94.91935858231335,2.03225656707466,LOW,1
93,06a070,QTR5M,2025-12-29 02:24:07,0.0,98.32282579908251,0.6708696803669967,LOW,1
94,06a079,QTR970,2025-12-29 08:54:06,0.0,94.44914540336464,2.2203418386541443,LOW,1
95,06a07a,QTR31J,2025-12-29 06:14:08,0.0,96.76075893538491,1.2956964258460346,LOW,1
96,06a07a,QTR56U,2025-12-30 05:18:34,0.0,96.63620061675981,1.3455197532960768,LOW,1
97,06a07b,QTR52U,2025-12-30 00:38:34,0.0,93.22743491329777,2.709026034680892,LOW,1
98,06a07c,QTR840,2025-12-29 08:54:06,0.0,91.36035894961297,3.455856420154811,LOW,1
99,06a07c,QTR841,2025-12-30 01:58:37,0.0,95.67753178804698,1.7289872847812093,LOW,1
100,06a07d,QTR85N,2025-12-29 05:04:06,0.0,96.29657298857468,1.4813708045701277,LOW,1
101,06a07d,QTR920,2025-12-30 00:48:35,0.0,97.90365447704272,0.8385382091829116,LOW,1
102,06a07f,QTR8906,2025-12-30 05:58:33,0.0,86.57070916258775,5.371716334964901,LOW,1
103,06a08d,QTR55P,2025-12-30 01:38:40,0.0,78.80659704359311,8.477361182562754,LOW,1
104,06a093,QTR6Y,2025-12-30 04:28:41,0.0,95.5370164532593,1.7851934186962808,LOW,1
105,06a0a5,QTR974,2025-12-30 02:18:37,0.0,91.86084279484739,3.2556628820610456,LOW,1
106,06a0a6,QTR936,2025-12-29 09:54:04,0.0,91.68340467710973,3.3266381291561062,LOW,1
107,06a0a6,QTR936,2025-12-30 01:48:39,0.0,87.34006689702869,5.063973241188524,LOW,1
108,06a0a8,QTR850,2025-12-30 02:28:35,0.0,90.6937770327615,3.722489186895399,LOW,1
109,06a0a8,QTR851,2025-12-30 09:28:35,0.0,92.10183201252606,3.1592671949895763,LOW,1
110,06a0a9,QTR66U,2025-12-30 07:38:20,0.0,65.58459501195348,13.766161995218608,LOW,1
111,06a0aa,QTR648,2025-12-30 05:48:34,0.0,56.71570852991987,17.31371658803205,LOW,1
112,06a0aa,QTR649,2025-12-30 08:58:35,0.0,76.83107616840631,9.267569532637475,LOW,1
113,06a0ac,QTR540,2025-12-30 00:58:38,50.0,33.07707690108097,56.76916923956762,MEDIUM,-1
114,06a0ac,QTR9F,2025-12-30 03:38:37,25.0,44.69194417329124,37.123222330683504,MEDIUM,1
115,06a0ad,QTR2C,2025-12-30 09:58:35,0.0,69.48654689813816,12.205381240744737,LOW,1
116,06a0b2,QTR926,2025-12-29 08:24:06,0.0,86.6967716579783,5.321291336808679,LOW,1
117,06a0b3,QTR58A,2025-12-29 00:48:39,0.0,87.84540905826279,4.861836376694885,LOW,1
118,06a0b3,QTR1B,2025-12-29 04:34:06,0.0,89.2651065708276,4.293957371668961,LOW,1
119,06a0b7,QTR850,2025-12-29 01:34:05,0.0,91.64418749226378,3.342325003094487,LOW,1
120,06a0b8,QTR55P,2025-12-29 01:24:06,35.0,54.26114787420834,39.29554085031667,MEDIUM,1
121,06a0ba,QTR974,2025-12-29 02:24:07,0.0,92.63923807336862,2.9443047706525536,LOW,1
122,06a0ba,QTR974,2025-12-29 03:24:06,0.0,94.46902909877984,2.212388360488063,LOW,1
123,06a0bb,QTR647,2025-12-29 17:33:04,0.0,67.28314471208063,13.08674211516775,LOW,1
124,06a0bc,QTR1L,2025-12-30 07:28:36,35.0,64.146192264218,35.3415230943128,MEDIUM,1
125,06a0bc,QTR571,2025-12-30 10:18:36,25.0,54.26453521169349,33.2941859153226,MEDIUM,1
126,06a0be,QTR5G,2025-12-29 02:54:07,0.0,95.88620849964079,1.6455166001436852,LOW,1
127,06a0be,QTR644,2025-12-29 17:33:04,10.0,50.15580061725025,25.9376797530999,LOW,1
128,06a0c0,QTR540,2025-12-29 00:08:45,50.0,39.82747722633377,54.06900910946649,MEDIUM,-1
129,06a0c0,QTR9F,2025-12-29 03:14:06,50.0,56.54786276108058,47.380854895567765,MEDIUM,1
130,06a0c1,QTR832,2025-12-29 07:14:05,0.0,91.24428695327319,3.5022852186907247,LOW,1
131,06a0c2,QTR66U,2025-12-29 07:14:05,0.0,63.14125823286486,14.743496706854058,LOW,1
132,06a0db,QTR920,2025-12-29 05:54:05,0.0,94.26997609646894,2.292009561412425,LOW,1
133,06a0dc,QTR932,2025-12-29 08:54:06,0.0,94.0452437584106,2.3819024966357576,LOW,1
134,06a0df,QTR8031,2025-12-30 04:48:37,0.0,93.48380234586399,2.606479061654403,LOW,1
135,06a0e5,QTR74A,2025-12-30 02:38:38,0.0,95.26755916213439,1.892976335146244,LOW,1
136,06a0e6,QTR808,2025-12-29 02:04:07,0.0,92.57196892299366,2.9712124308025354,LOW,1
137,06a0e8,QTR578,2025-12-30 01:18:37,35.0,51.72360323193057,40.31055870722777,MEDIUM,1
138,06a0e8,QTR579,2025-12-30 04:38:37,0.0,73.17968011054808,10.72812795578077,LOW,1
139,06a0ea,QTR942,2025-12-29 00:38:36,0.0,94.96879823067144,2.0124807077314246,LOW,1
140,06a0f4,QTR15P,2025-12-29 01:44:09,0.0,40.47477962068822,23.810088151724713,LOW,-1
141,06a0f4,QTR77P,2025-12-29 04:54:04,0.0,76.53059584452491,9.387761662190035,LOW,1
142,06a0f6,QTR956,2025-12-30 07:58:34,0.0,97.3748264144529,1.050069434218841,LOW,1
143,06a0f9,QTR955,2025-12-30 02:48:39,0.0,94.62738217378373,2.149047130486508,LOW,1
144,06a0fa,QTR890,2025-12-30 08:28:35,0.0,87.40834723184035,5.03666110726386,LOW,1
145,06a0fb,QTR891,2025-12-29 02:04:07,0.0,89.15154030910463,4.339383876358148,LOW,1
146,06a0fc,QTR955,2025-12-29 02:54:07,0.0,98.9603659582653,0.4158536166938802,LOW,1
147,06a0fd,QTR1L,2025-12-29 07:44:01,35.0,58.86787892584401,37.452848429662396,MEDIUM,1
148,06a0ff,QTR956,2025-12-29 07:34:07,0.0,94.87521540435952,2.0499138382561912,LOW,1
149,06a0ff,QTR802,2025-12-30 07:08:35,0.0,90.91577767752837,3.633688928988653,LOW,1
150,06a100,QTR958,2025-12-29 23:28:38,0.0,92.72018313480902,2.9119267460763925,LOW,1
151,06a101,QTR578,2025-12-29 01:14:06,35.0,61.11185952885956,36.55525618845618,MEDIUM,1
152,06a101,QTR579,2025-12-29 06:14:08,0.0,78.63195828789117,8.547216684843534,LOW,1
153,06a103,QTR802,2025-12-29 06:54:07,0.0,91.16482952917075,3.5340681883317018,LOW,1
154,06a106,QTR58A,2025-12-30 00:48:35,0.0,74.8144376703264,10.074224931869441,LOW,1
155,06a106,QTR1B,2025-12-30 04:28:41,0.0,90.72103412476798,3.7115863500928072,LOW,1
156,06a109,QTR74A,2025-12-29 02:04:07,0.0,99.12039465859596,0.3518421365616178,LOW,1
157,06a10f,QTR961,2025-12-29 03:04:06,0.0,97.30719239297974,1.0771230428081027,LOW,1
158,06a10f,QTR838,2025-12-30 03:58:40,0.0,93.14566079335087,2.7417356826596517,LOW,1
159,06a10f,QTR838,2025-12-30 05:08:39,0.0,95.7553913803854,1.6978434478458384,LOW,1
160,06a110,QTR962,2025-12-29 07:44:01,0.0,95.59952089017084,1.7601916439316654,LOW,1
161,06a110,QTR16P,2025-12-30 07:18:12,0.0,98.54376936488715,0.5824922540451383,LOW,1
162,06a114,QTR961,2025-12-30 03:08:38,0.0,95.06153115084162,1.9753875396633533,LOW,1
163,06a115,QTR16P,2025-12-29 07:34:07,0.0,93.27033880908064,2.6918644763677437,LOW,1
164,06a116,QTR838,2025-12-29 02:24:07,0.0,87.48161294162377,5.007354823350494,LOW,1
165,06a116,QTR962,2025-12-30 07:58:34,0.0,98.8568624524136,0.45725501903456234,LOW,1
166,06a122,QTR945,2025-12-30 04:38:37,0.0,88.8802782130701,4.447888714771961,LOW,1
167,06a123,QTR54G,2025-12-30 00:48:35,35.0,58.96458398253996,37.414166406984016,MEDIUM,1
168,06a123,QTR23B,2025-12-30 04:08:35,0.0,80.38110539831423,7.847557840674307,LOW,1
169,06a124,QTR948,2025-12-29 07:04:08,0.0,93.94180534981543,2.42327786007383,LOW,1
170,06a124,QTR948,2025-12-30 06:58:37,0.0,92.96574342276493,2.813702630894028,LOW,1
171,06a126,QTR54G,2025-12-29 00:38:36,35.0,65.30467562528398,34.87812974988641,MEDIUM,1
172,06a12b,QTR15P,2025-12-30 01:28:36,50.0,56.56197407166543,47.37521037133383,MEDIUM,1
173,06a12b,QTR77P,2025-12-30 04:18:35,0.0,66.04354558911754,13.582581764352984,LOW,1
174,06a12d,QTR945,2025-12-29 04:34:06,0.0,93.20414153661088,2.7183433853556496,LOW,1
175,06a136,QTR842,2025-12-29 02:54:07,0.0,96.15101322744543,1.5395947090218272,LOW,1
176,06a136,QTR929,2025-12-30 07:18:12,0.0,95.90677159655583,1.637291361377669,LOW,1
177,06a137,QTR929,2025-12-29 03:14:06,0.0,97.98705226443074,0.8051790942277024,LOW,1
178,06a137,QTR92A,2025-12-29 16:11:36,35.0,54.580737326447576,39.167705069420975,MEDIUM,1
179,06a137,QTR840,2025-12-30 08:38:36,0.0,95.20040913863684,1.9198363445452629,LOW,1
180,06a138,QTR874,2025-12-29 08:04:08,0.0,91.18318803520285,3.5267247859188617,LOW,1
181,06a138,QTR875,2025-12-30 01:48:39,0.0,92.30005456162392,3.0799781753504307,LOW,1
182,06a13b,QTR934,2025-12-29 00:54:10,0.0,86.04355026057317,5.582579895770732,LOW,1
183,06a13c,QTR934,2025-12-30 00:48:35,0.0,89.73062897858512,4.1077484085659535,LOW,1
184,06a13d,QTR641D,2025-12-29 00:48:39,0.0,74.9497469982055,10.020101200717802,LOW,1
185,06a13d,QTR932,2025-12-30 08:28:35,0.0,82.50640950566557,6.997436197733771,LOW,1
186,06a141,QTR2J,2025-12-29 05:04:06,0.0,79.71331385754223,8.114674456983108,LOW,1
187,06a141,QTR9R,2025-12-29 09:14:08,0.0,81.49936975159679,7.4002520993612855,LOW,1
188,06a145,QTR8A,2025-12-29 03:04:06,0.0,98.75347358882829,0.4986105644686859,LOW,1
189,06a145,QTR9C,2025-12-30 02:58:37,0.0,84.31899709628884,6.272401161484464,LOW,1
190,06a147,QTR9C,2025-12-29 03:04:06,0.0,97.7443868424494,0.9022452630202396,LOW,1
191,06a148,QTR836,2025-12-29 08:34:04,0.0,86.02496071056981,5.590015715772075,LOW,1
192,06a148,QTR837,2025-12-30 03:38:37,0.0,92.79076233531659,2.8836950658733658,LOW,1
193,06a149,QTR837,2025-12-29 03:44:06,0.0,94.16039769272294,2.335840922910825,LOW,1
194,06a149,QTR8A,2025-12-30 01:28:36,0.0,96.37912870217514,1.4483485191299452,LOW,1
195,06a149,QTR8A,2025-12-30 02:38:38,0.0,87.21992539616818,5.1120298415327285,LOW,1
196,06a14a,QTR836,2025-12-30 08:58:35,0.0,93.58883334874967,2.5644666605001305,LOW,1
197,06a14b,QTR830,2025-12-29 01:54:09,0.0,95.01284111595791,1.9948635536168355,LOW,1
198,06a14b,QTR831,2025-12-29 09:54:04,0.0,92.44239203832085,3.0230431846716614,LOW,1
199,06a157,IGO1306,2025-12-29 01:24:06,10.0,71.56047138358257,17.375811446566974,LOW,1
200,06a157,IGO1306,2025-12-30 01:38:40,35.0,59.98415860993461,37.006336556026156,MEDIUM,1
201,06a158,IGO32Q,2025-12-29 00:28:46,0.0,71.91851526621171,11.232593893515315,LOW,1
202,06a158,IGO1321,2025-12-29 03:54:07,0.0,75.60173696429163,9.759305214283348,LOW,1
203,06a158,IGO32Q,2025-12-30 00:28:37,0.0,84.63683257966927,6.14526696813229,LOW,1
204,06a158,IGO1321,2025-12-30 04:08:35,0.0,83.95940520094369,6.416237919622524,LOW,1
205,06a159,QTR3168,2025-12-29 01:04:06,10.0,55.31630015856114,23.873479936575546,LOW,1
206,06a19d,QTR875,2025-12-29 01:54:09,0.0,95.53360648892105,1.7865574044315793,LOW,1
207,06a19d,QTR2L,2025-12-30 08:48:37,35.0,47.07515825146477,42.169936699414095,MEDIUM,1
208,06a1be,VOZ016,2025-12-30 06:48:37,0.0,91.25524431034054,3.4979022758637828,LOW,1
209,06a1bf,VOZ022,2025-12-29 01:34:05,0.0,97.87211173110457,0.851155307558173,LOW,1
210,06a1c0,VOZ008,2025-12-30 07:48:33,0.0,98.82944989406508,0.4682200423739687,LOW,1
211,06a1e6,QTR8941,2025-12-29 04:24:05,0.0,96.39823483262197,1.4407060669512135,LOW,1
212,06a1e6,QTR8467,2025-12-30 05:28:36,0.0,88.90409806191255,4.4383607752349805,LOW,1
213,06a1e7,QTR8974,2025-12-29 02:14:08,0.0,93.7268061327144,2.5092775469142397,LOW,1
214,06a1e8,QTR8313,2025-12-29 05:04:06,0.0,91.82897389922229,3.268410440311084,LOW,1
215,06a1e9,QTR8912,2025-12-29 01:34:05,0.0,90.75928083207455,3.6962876671701794,LOW,1
216,06a1eb,QTR8961,2025-12-29 04:34:06,0.0,95.74620707922594,1.7015171683096242,LOW,1
217,06a1eb,QTR8001,2025-12-30 05:58:33,0.0,91.67911159568735,3.328355361725062,LOW,1
218,06a2af,VOZ016,2025-12-29 07:54:02,0.0,96.91176218028419,1.235295127886326,LOW,1
219,06a2b2,QTR806,2025-12-30 08:18:37,0.0,80.6381608569235,7.744735657230598,LOW,1
220,06a2b5,QTR806,2025-12-29 08:34:04,0.0,92.3398348905128,3.0640660437948783,LOW,1
221,06a2b6,QTR31J,2025-12-30 02:38:38,0.0,95.52047105319703,1.791811578721189,LOW,1
222,06a2b8,QTR56U,2025-12-29 03:44:06,0.0,98.78135453420991,0.4874581863160359,LOW,1
223,06a2c7,QTR52U,2025-12-29 00:48:39,0.0,84.53025958919645,6.187896164321422,LOW,1
224,06a2df,QTR8411,2025-12-29 03:44:06,0.0,91.66875327657124,3.332498689371505,LOW,1
225,06a2e5,QTR36Q,2025-12-29 00:28:46,0.0,72.87727714860635,10.84908914055746,LOW,1
226,06a2e5,QTR21W,2025-12-29 04:24:05,0.0,86.90798611244787,5.236805555020851,LOW,1
227,06a2e6,QTR976,2025-12-30 07:58:34,0.0,30.523703838230418,27.790518464707834,LOW,-1
228,06a2e9,QTR976,2025-12-29 07:54:02,0.0,92.27118873987013,3.0915245040519497,LOW,1
229,06a2ee,QTR65Q,2025-12-29 00:38:36,0.0,73.36009265940898,10.65596293623641,LOW,1
230,06a2ee,QTR42H,2025-12-30 08:18:37,0.0,75.5414672000331,9.783413119986761,LOW,1
231,06a2f1,QTR982,2025-12-30 02:18:37,0.0,86.05400521667778,5.578397913328889,LOW,1
232,06a2f1,QTR983,2025-12-30 09:48:34,0.0,94.91454087166768,2.0341836513329272,LOW,1
233,06a2f2,QTR2L,2025-12-29 09:24:04,35.0,45.73287346310518,42.706850614757926,MEDIUM,1
234,06a2f2,QTR830,2025-12-30 01:58:37,0.0,86.15746762695908,5.53701294921637,LOW,1
235,06a2f5,QTR648,2025-12-29 06:04:04,0.0,57.837656643975016,16.864937342409995,LOW,1
236,06a2f5,QTR649,2025-12-29 09:24:04,0.0,73.61593348570159,10.553626605719366,LOW,1
237,06a2f6,QTR36Q,2025-12-30 00:58:38,0.0,82.99396083305975,6.802415666776103,LOW,1
238,06a2f6,QTR21W,2025-12-30 04:28:41,0.0,83.28784298864385,6.684862804542462,LOW,1
239,06a2f8,QTR65Q,2025-12-30 00:28:37,0.0,73.12122414598743,10.75151034160503,LOW,1
240,06a2f8,QTR8X,2025-12-30 03:48:37,0.0,75.54326909538199,9.782692361847205,LOW,1
241,06a2f9,QTR42H,2025-12-29 08:24:06,0.0,74.61358784998164,10.154564860007344,LOW,1
242,06a2fa,QTR982,2025-12-29 02:34:07,0.0,36.61488850072598,25.35404459970961,LOW,-1
243,06a2fa,QTR983,2025-12-29 09:34:05,0.0,96.34027500738435,1.4638899970462604,LOW,1
244,06a30a,QTR8477,2025-12-28 23:48:41,0.0,98.00970464742436,0.7961181410302572,LOW,1
245,06a30b,QTR8001,2025-12-29 05:24:05,0.0,96.44392926118498,1.4224282955260095,LOW,1
246,06a30c,QTR8435,2025-12-29 05:44:09,0.0,96.03923285871127,1.584306856515491,LOW,1
247,06a30d,QTR8971,2025-12-29 07:54:02,0.0,88.08738273274899,4.765046906900404,LOW,1
248,06a372,QTR818,2025-12-29 08:14:07,0.0,88.68628072834095,4.525487708663621,LOW,1
249,06a373,QTR815,2025-12-29 01:24:06,0.0,93.23896088427202,2.704415646291193,LOW,1
250,06a373,QTR826,2025-12-29 15:51:45,0.0,91.9337625193686,3.2264949922525603,LOW,1
251,06a373,QTR827,2025-12-30 05:28:36,0.0,97.77455039943034,0.8901798402278644,LOW,1
252,06a374,QTR818,2025-12-30 08:18:37,0.0,89.60172592549705,4.1593096298011805,LOW,1
253,06a376,QTR871,2025-12-29 01:34:05,0.0,96.86693564237315,1.25322574305074,LOW,1
254,06a376,QTR842,2025-12-30 02:38:38,0.0,96.25207873898906,1.4991685044043779,LOW,1
255,06a376,QTR843,2025-12-30 09:38:37,0.0,96.72750942077067,1.308996231691731,LOW,1
256,06a377,QTR870,2025-12-29 07:24:06,0.0,92.50128435406967,2.999486258372133,LOW,1
257,06a377,QTR871,2025-12-30 04:08:35,0.0,98.30152563759883,0.6793897449604686,LOW,1
258,06a37c,QTR841,2025-12-29 02:04:07,0.0,96.83406844779465,1.2663726208821402,LOW,1
259,06a37c,QTR970,2025-12-30 08:18:37,0.0,82.85760753891721,6.8569569844331175,LOW,1
260,06a38d,QTR827,2025-12-29 04:44:07,0.0,96.9722477079828,1.2111009168068791,LOW,1
261,06a38d,QTR815,2025-12-30 01:28:36,0.0,91.0449586142286,3.582016554308558,LOW,1
262,06a390,QTR8431,2025-12-29 23:28:38,0.0,95.86267349792531,1.6549306008298743,LOW,1
263,06a391,QTR98K,2025-12-29 08:34:04,0.0,74.38799103456164,10.244803586175346,LOW,1
264,06a3b4,QTR655,2025-12-29 03:34:08,0.0,72.56914792215792,10.972340831136831,LOW,1
265,06a3b6,QTR8341,2025-12-30 06:28:37,0.0,92.85860566276291,2.856557734894835,LOW,1
266,080065,ATC400,2025-12-30 04:38:37,0.0,39.4923255787323,24.20306976850708,LOW,-1
267,080092,ATC400,2025-12-29 05:44:09,0.0,39.35386725867001,24.258453096531998,LOW,-1
268,0a00c2,DAH3180,2025-12-29 23:28:38,0.0,86.52288488450593,5.3908460461976295,LOW,1
269,151d48,AZV2938,2025-12-28 23:48:41,25.0,39.77930273595145,39.08827890561942,MEDIUM,-1
270,151d48,AZV2902,2025-12-29 23:28:38,0.0,54.8712099533994,18.05151601864024,LOW,1
271,151d4a,AZV2924,2025-12-29 16:51:45,0.0,94.72334810168664,2.1106607593253446,LOW,1
272,151d77,AZV2620,2025-12-29 15:51:45,0.0,77.09111594883602,9.163553620465592,LOW,1
273,151d77,AZV2620,2025-12-29 18:03:07,0.0,76.92462916151256,9.230148335394977,LOW,1
274,151d77,AZV2619,2025-12-30 06:38:36,25.0,37.8701715601697,39.851931375932125,MEDIUM,-1
275,151d77,AZV2619,2025-12-30 07:58:34,0.0,92.79479476253377,2.8820820949864925,LOW,1
276,151d87,AFL623,2025-12-29 08:14:07,0.0,84.7455657233297,6.101773710668119,LOW,1
277,151daa,AFL628,2025-12-29 10:14:09,0.0,98.76314078099996,0.4947436876000154,LOW,1
278,151daa,AFL627,2025-12-29 18:35:17,0.0,99.8092722259905,0.07629110960380103,LOW,1
279,151daa,AFL626,2025-12-30 09:48:34,0.0,92.28261995987572,3.0869520160497133,LOW,1
280,151dae,AFL278,2025-12-29 03:14:06,25.0,11.80755918821441,50.276976324714234,MEDIUM,-1
281,151daf,AFL277,2025-12-28 23:48:41,0.0,52.57467464846087,18.97013014061565,LOW,1
282,151db3,AFL270,2025-12-30 03:48:37,0.0,32.84313061630932,26.862747753476278,LOW,-1
283,151db4,AFL276,2025-12-30 07:08:35,0.0,77.11874022132038,9.152503911471848,LOW,1
284,151db5,AFL272,2025-12-29 06:14:08,0.0,26.465938559712793,29.413624576114884,LOW,-1
285,151db5,AFL273,2025-12-29 15:51:45,0.0,94.71728694914722,2.113085220341111,LOW,1
286,151db5,AFL284,2025-12-30 05:48:34,0.0,84.76689938625448,6.093240245498208,LOW,1
287,151db6,AFL284,2025-12-29 05:34:08,0.0,35.95997224469872,25.616011102120513,LOW,-1
288,151db6,AFL272,2025-12-30 06:08:34,0.0,59.88476838910981,16.046092644356076,LOW,1
289,151dba,AFL270,2025-12-29 05:24:05,25.0,9.573769278279542,51.17049228868819,MEDIUM,-1
290,151dba,AFL278,2025-12-30 04:48:37,0.0,86.47952933852015,5.4081882645919395,LOW,1
291,151dc0,AFL294,2025-12-30 05:08:39,0.0,88.2513757909938,4.699449683602478,LOW,1
292,151dc1,AFL295,2025-12-29 15:51:45,0.0,96.83393887035896,1.2664244518564147,LOW,1
293,151dc3,AFL232,2025-12-30 04:58:38,35.0,73.26231114543693,31.695075541825233,MEDIUM,1
294,151dc3,AFL233,2025-12-30 07:58:34,0.0,61.89907267738183,15.240370929047268,LOW,1
295,151e38,KAR3433,2025-12-29 03:54:07,0.0,90.40592529729958,3.8376298810801703,LOW,1
296,151e73,RWZ3091,2025-12-29 05:44:09,0.0,93.60900923096388,2.556396307614449,LOW,1
297,151f5d,NWC9072,2025-12-29 00:08:45,0.0,92.70623636860023,2.917505452559908,LOW,1
298,152038,AFL233,2025-12-29 07:34:07,0.0,77.59967373119228,8.960130507523088,LOW,1
299,152079,NWS3809,2025-12-30 04:28:41,0.0,72.7584918344963,10.896603266201481,LOW,1
300,152079,NWS9807,2025-12-30 07:48:33,0.0,89.952813310983,4.018874675606798,LOW,1
301,15207a,NWS3487,2025-12-29 04:54:04,0.0,38.039092101779644,24.784363159288144,LOW,-1
302,15207a,NWS3529,2025-12-30 03:08:38,0.0,55.256422849233125,17.897430860306752,LOW,1
303,152adf,VDA7704,2025-12-29 10:24:06,0.0,89.76963027666409,4.092147889334365,LOW,1
304,3444ce,ETD447,2025-12-30 06:38:36,0.0,95.58539783318417,1.7658408667263303,LOW,1
305,3444ce,ETD447,2025-12-30 09:38:37,0.0,96.27022987667412,1.4919080493303511,LOW,1
306,346195,ETD447,2025-12-29 09:54:04,0.0,97.01450127868546,1.194199488525817,LOW,1
307,348342,WFL8623,2025-12-29 02:04:07,0.0,62.19383347496773,15.122466610012907,LOW,1
308,3949e4,AFR194,2025-12-29 23:28:38,0.0,61.127810703942636,15.548875718422947,LOW,1
309,3949e4,AFR191,2025-12-30 03:18:38,0.0,78.0086351734704,8.796545930611842,LOW,1
310,3949ec,AFR225,2025-12-29 03:04:06,10.0,72.40126531013516,17.039493875945936,LOW,1
311,3949ec,AFR226,2025-12-30 00:18:35,10.0,68.28706880956867,18.685172476172532,LOW,1
312,3949ec,AFR225,2025-12-30 04:18:35,0.0,82.28877618741222,7.08448952503511,LOW,1
313,3949ed,AFR194,2025-12-28 23:48:41,0.0,68.64780254803212,12.540878980787154,LOW,1
314,3949ed,AFR191,2025-12-29 02:24:07,0.0,80.3421258326935,7.8631496669226015,LOW,1
315,3949f7,AFR196,2025-12-30 01:28:36,0.0,21.44941306386169,31.420234774455324,MEDIUM,-1
316,3949f7,AFR183,2025-12-30 10:18:36,0.0,90.56494154921306,3.7740233803147762,LOW,1
317,3949f8,AFR196,2025-12-29 02:04:07,0.0,66.7969171428354,13.281233142865842,LOW,1
318,3949f8,AFR183,2025-12-29 09:54:04,0.0,94.66564432816115,2.13374226873554,LOW,1
319,394a02,AFR257,2025-12-28 23:48:41,0.0,92.01224953028493,3.195100187886027,LOW,1
320,394a02,AFR257,2025-12-29 00:48:39,0.0,94.14968398587645,2.34012640564942,LOW,1
321,394a13,AFR156,2025-12-30 03:48:37,0.0,88.83988073007052,4.464047707971793,LOW,1
322,394a13,AFR156,2025-12-30 04:58:38,0.0,95.06212744533208,1.9751490218671677,LOW,1
323,3965a3,AFR257,2025-12-29 23:48:40,0.0,94.60923702433881,2.156305190264476,LOW,1
324,3965a3,AFR257,2025-12-30 01:18:37,0.0,94.4113010404297,2.2354795838281176,LOW,1
325,3965aa,AFR256,2025-12-30 08:18:37,0.0,71.52591818149911,11.389632727400357,LOW,1
326,39c426,AFR218,2025-12-29 00:28:46,0.0,52.68289926747157,18.926840293011374,LOW,1
327,39c426,AFR217,2025-12-29 03:14:06,35.0,47.46248358656522,42.01500656537391,MEDIUM,1
328,39c427,AFR218,2025-12-30 00:08:41,0.0,65.77538731905402,13.689845072378393,LOW,1
329,39c427,AFR217,2025-12-30 02:38:38,35.0,52.798716047896114,39.88051358084155,MEDIUM,1
330,39c428,AFR206,2025-12-29 02:04:07,35.0,54.88614185159246,39.045543259363015,MEDIUM,1
331,39c428,AFR207,2025-12-29 05:14:08,25.0,35.79406572971015,40.68237370811594,MEDIUM,-1
332,39c428,AFR182,2025-12-30 01:28:36,0.0,81.89172534381711,7.243309862473154,LOW,1
333,39cf0f,AFR209,2025-12-29 00:48:39,0.0,66.40503450754002,13.437986196983992,LOW,1
334,39d2a0,AFR198,2025-12-30 03:38:37,0.0,70.75004536751977,11.69998185299209,LOW,1
335,39d2ab,AFR198,2025-12-29 03:34:08,0.0,65.2734695796132,13.890612168154718,LOW,1
336,3a3493,ACI500,2025-12-29 09:14:08,0.0,92.92730166786167,2.8290793328553323,LOW,1
337,3a3493,ACI501,2025-12-30 08:08:33,0.0,73.75498367107828,10.49800653156869,LOW,1
338,3c4584,BOX513,2025-12-30 06:48:37,0.0,92.51586634879472,2.9936534604821134,LOW,1
339,3c458c,BOX514,2025-12-29 06:14:08,0.0,89.1232010234853,4.350719590605883,LOW,1
340,3c4593,BOX629,2025-12-29 07:04:08,0.0,96.20790176689012,1.5168392932439532,LOW,1
341,3c4594,BOX523,2025-12-30 07:18:12,0.0,91.12955753300179,3.5481769867992856,LOW,1
342,3c4a0d,DLH756,2025-12-29 00:18:37,0.0,46.317176540165185,21.473129383933927,LOW,1
343,3c4a0d,DLH757,2025-12-29 03:04:06,25.0,41.72334306958878,38.31066277216449,MEDIUM,1
344,3c4a0d,DLH756,2025-12-30 00:28:37,0.0,46.871053904761986,21.25157843809521,LOW,1
345,3c4a8b,DLH760,2025-12-29 00:28:46,35.0,69.25185659157057,33.29925736337177,MEDIUM,1
346,3c4a8b,DLH761,2025-12-29 04:14:05,25.0,53.0192991528339,33.79228033886644,MEDIUM,1
347,3c4a8b,DLH780,2025-12-30 08:58:35,0.0,89.50639080987492,4.197443676050034,LOW,1
348,3c4a8b,DLH780,2025-12-30 10:08:34,0.0,96.40668370256343,1.4373265189746292,LOW,1
349,3c4a8c,DLH760,2025-12-30 00:28:37,50.0,45.093772377722374,51.96249104891105,MEDIUM,1
350,3c4a8c,DLH761,2025-12-30 03:58:40,0.0,72.26490353737319,11.094038585050725,LOW,1
351,3c4ad5,DLH754,2025-12-28 23:58:46,0.0,67.84317002905365,12.86273198837854,LOW,1
352,3c4ad5,DLH755,2025-12-29 03:54:07,0.0,76.30035718423026,9.479857126307895,LOW,1
353,3c4ad5,DLH754,2025-12-30 00:18:35,35.0,60.02052358498795,36.99179056600482,MEDIUM,1
354,3c4ad5,DLH755,2025-12-30 04:48:37,0.0,88.71109298391445,4.515562806434218,LOW,1
355,3c4ad7,DLH780,2025-12-29 08:44:04,0.0,89.29882567918722,4.280469728325113,LOW,1
356,3c4ad7,DLH781,2025-12-30 00:38:34,0.0,68.63687512056372,12.545249951774515,LOW,1
357,3c4ad8,DLH781,2025-12-29 00:48:39,0.0,75.63406644343672,9.746373422625311,LOW,1
358,3c5641,BOX500,2025-12-29 10:14:09,35.0,61.21247795460395,36.51500881815842,MEDIUM,1
359,3c5642,BOX533,2025-12-30 08:18:37,0.0,78.91035425050579,8.435858299797685,LOW,1
360,3c64c6,DLH759,2025-12-29 03:54:07,0.0,88.04474630250603,4.782101478997589,LOW,1
361,3c65a8,DLH773,2025-12-28 23:48:41,0.0,76.42634965128404,9.429460139486384,LOW,1
362,3c65ac,DLH772,2025-12-29 09:44:08,0.0,82.36499474805223,7.05400210077911,LOW,1
363,3c65ac,DLH773,2025-12-29 23:28:38,0.0,68.31794175125215,12.672823299499141,LOW,1
364,3c65ad,DLH762,2025-12-28 23:48:41,35.0,60.07984900887868,36.96806039644853,MEDIUM,1
365,3c65ad,DLH763,2025-12-29 03:44:06,0.0,69.68494145571597,12.126023417713611,LOW,1
366,3c65ae,DLH772,2025-12-30 09:18:35,0.0,86.31384160787933,5.47446335684827,LOW,1
367,3c66c1,DLH766,2025-12-29 23:58:37,0.0,42.790400466854955,22.88383981325802,LOW,1
368,3c66c3,DLH762,2025-12-29 23:48:40,50.0,34.335878574714236,56.26564857011431,MEDIUM,-1
369,3c66c3,DLH763,2025-12-30 03:08:38,0.0,83.683712892496,6.526514843001599,LOW,1
370,3c66c5,DLH764,2025-12-29 00:08:45,0.0,51.86679384551676,19.253282461793297,LOW,1
371,3c66c5,DLH765,2025-12-29 04:14:05,0.0,97.7382633563457,0.904694657461721,LOW,1
372,3c6703,DLH796,2025-12-29 08:34:04,0.0,72.26103565129091,11.095585739483637,LOW,1
373,3c6704,DLH768,2025-12-30 09:38:37,0.0,84.31952118401932,6.272191526392271,LOW,1
374,3c6706,DLH764,2025-12-30 00:18:35,35.0,51.764097698403184,40.294360920638724,MEDIUM,1
375,3c6706,DLH765,2025-12-30 03:48:37,0.0,78.86534836771486,8.453860652914058,LOW,1
376,3c670b,DLH796,2025-12-30 08:18:37,0.0,64.12137326328941,14.351450694684235,LOW,1
377,3c6711,DLH769,2025-12-29 00:18:37,0.0,79.42700900869447,8.229196396522212,LOW,1
378,3c68cb,BCS547,2025-12-30 06:58:37,0.0,91.56982654493797,3.3720693820248133,LOW,1
379,3c7a4a,CFG2368,2025-12-30 01:58:37,0.0,88.28877871323607,4.684488514705572,LOW,1
380,3c7a4a,CFG2368,2025-12-30 03:08:38,0.0,95.81403332511924,1.674386669952304,LOW,1
381,3c7a4d,CFG2368,2025-12-29 02:24:07,0.0,81.87458747740527,7.250165009037892,LOW,1
382,3c7a4d,CFG2362,2025-12-30 06:58:37,0.0,61.97899623272532,15.208401506909873,LOW,1
383,3c7a51,CFG2362,2025-12-29 07:24:06,0.0,66.06905023779375,13.572379904882503,LOW,1
384,3c7a51,CFG2363,2025-12-29 23:28:38,0.0,33.431154294977986,26.627538282008807,LOW,-1
385,3c7a54,CFG2363,2025-12-29 00:08:45,0.0,54.69255179554421,18.122979281782317,LOW,1
386,3ccd45,IFA2454,2025-12-30 01:28:36,0.0,95.18778908821955,1.9248843647121818,LOW,1
387,4007ec,BAW2231,2025-12-30 09:48:34,0.0,88.90714866431517,4.437140534273931,LOW,1
388,4007ee,BAW2231,2025-12-29 10:14:09,0.0,90.69020202057717,3.7239191917691303,LOW,1
389,4007ee,BAW2230,2025-12-29 23:28:38,0.0,35.029045838266455,25.98838166469342,LOW,-1
390,4007f0,BAW2230,2025-12-28 23:48:41,0.0,69.25246582495608,12.29901367001757,LOW,1
391,4007f2,BAW199,2025-12-30 09:48:34,35.0,57.781551970301095,37.88737921187956,MEDIUM,1
392,4007f4,BAW119,2025-12-29 03:04:06,0.0,66.45668044283055,13.417327822867783,LOW,1
393,4007f4,BAW118,2025-12-29 07:44:01,0.0,81.7595396262436,7.2961841495025626,LOW,1
394,4007f7,BAW119,2025-12-30 03:38:37,0.0,96.55909270645057,1.3763629174197718,LOW,1
395,4007f7,BAW118,2025-12-30 07:38:20,0.0,71.29904928419752,11.480380286320992,LOW,1
396,405bfe,BAW199,2025-12-29 10:24:06,0.0,63.8039061373337,14.478437545066521,LOW,1
397,40621b,BAW15,2025-12-30 09:38:37,0.0,86.24758872830016,5.500964508679937,LOW,1
398,4067f6,TOM104,2025-12-30 02:08:35,0.0,73.19003058070717,10.723987767717132,LOW,1
399,40688f,BAW35,2025-12-30 03:48:37,0.0,93.93160326019353,2.4273586959225897,LOW,1
400,40688f,BAW36,2025-12-30 08:08:33,0.0,84.46323681311198,6.21470527475521,LOW,1
401,406948,BAW11,2025-12-30 07:48:33,0.0,90.34355508846895,3.862577964612422,LOW,1
402,406a34,BAW12,2025-12-28 23:58:46,0.0,49.6293786178192,20.14824855287232,LOW,1
403,406a35,BAW16,2025-12-29 23:58:37,0.0,84.58936184240476,6.164255263038098,LOW,1
404,406a9f,BAW277,2025-12-30 02:58:37,0.0,84.89774147414165,6.040903410343339,LOW,1
405,406a9f,BAW276,2025-12-30 08:08:33,0.0,98.56062788101293,0.5757488475948265,LOW,1
406,406b0a,BAW16,2025-12-28 23:48:41,0.0,45.07852340931156,21.96859063627538,LOW,1
407,406b12,TOM977P,2025-12-30 00:28:37,0.0,93.95564265824903,2.417742936700387,LOW,1
408,406b12,TOM977P,2025-12-30 02:38:38,0.0,92.09176573135836,3.1632937074566545,LOW,1
409,406b13,BLX376,2025-12-29 23:28:38,0.0,96.35751357217003,1.456994571131986,LOW,1
410,406c3b,VIR358,2025-12-30 01:48:39,35.0,61.03129589206535,36.58748164317386,MEDIUM,1
411,406d4d,VIR316,2025-12-29 01:24:06,0.0,66.91533440823696,13.233866236705218,LOW,1
412,406d4d,VIR317,2025-12-29 05:24:05,0.0,77.59832845680327,8.96066861727869,LOW,1
413,406d7a,BAW34,2025-12-30 01:08:40,0.0,97.02936177099686,1.1882552916012572,LOW,1
414,406e10,VIR316,2025-12-30 01:18:37,0.0,59.973181424818655,16.01072743007254,LOW,1
415,406e10,VIR317,2025-12-30 05:38:33,0.0,81.66275521287625,7.334897914849501,LOW,1
416,406ecd,VIR358,2025-12-29 01:44:09,50.0,50.11117940822656,49.95552823670938,MEDIUM,1
417,406f77,BAW33,2025-12-30 09:18:35,0.0,89.84452080234959,4.062191679060163,LOW,1
418,406f79,BAW34,2025-12-29 01:34:05,0.0,96.79209455089298,1.2831621796428068,LOW,1
419,406f7c,BAW135,2025-12-29 05:34:08,50.0,43.713164660409284,52.51473413583629,MEDIUM,1
420,406f7c,BAW134,2025-12-29 08:34:04,35.0,32.20043134293169,48.119827462827324,MEDIUM,-1
421,40742e,UBT791,2025-12-29 05:04:06,0.0,62.37345392868323,15.050618428526708,LOW,1
422,40742e,UBT792,2025-12-29 15:51:45,0.0,92.43366172051613,3.026535311793549,LOW,1
423,40749a,BAW35,2025-12-29 03:44:06,0.0,94.77713077321044,2.0891476907158224,LOW,1
424,40749a,BAW36,2025-12-29 08:04:08,0.0,85.96068764549742,5.615724941801034,LOW,1
425,40749a,BAW135,2025-12-30 05:28:36,35.0,55.653464112133086,38.738614355146765,MEDIUM,1
426,4074e2,BAW277,2025-12-29 03:54:07,0.0,91.52279391237485,3.3908824350500595,LOW,1
427,4075b3,VIR302,2025-12-29 01:04:06,50.0,35.29227767167061,55.883088931331756,MEDIUM,-1
428,4075b3,VIR303,2025-12-29 06:04:04,0.0,80.89497652518997,7.64200938992401,LOW,1
429,4075c1,UBT793,2025-12-29 23:48:40,0.0,68.2001085078694,12.71995659685224,LOW,1
430,4075c1,UBT794,2025-12-30 08:38:36,0.0,47.6438567289145,20.9424573084342,LOW,1
431,407943,BAW143,2025-12-28 23:58:46,50.0,31.50510770382424,57.39795691847031,MEDIUM,-1
432,407943,BAW142,2025-12-29 04:04:06,25.0,60.60768751368498,30.75692499452601,MEDIUM,1
433,407992,BAW11,2025-12-29 08:14:07,0.0,90.83635331452209,3.665458674191166,LOW,1
434,407992,BAW12,2025-12-30 00:08:41,0.0,66.52134105848161,13.391463576607357,LOW,1
435,4079cc,VIR354,2025-12-29 07:14:05,10.0,63.743793814588656,20.502482474164538,LOW,1
436,4079cd,VIR300,2025-12-30 07:28:36,35.0,67.01853982663403,34.19258406934639,MEDIUM,1
437,407af4,BAW143,2025-12-30 00:38:34,50.0,42.89682392266739,52.84127043093305,MEDIUM,1
438,407af4,BAW142,2025-12-30 04:18:35,0.0,59.14719778517129,16.341120885931485,LOW,1
439,407cd2,BAW138,2025-12-30 02:38:38,35.0,49.29244135461754,41.28302345815298,MEDIUM,1
440,407e8e,JCO655,2025-12-29 10:24:06,25.0,47.57101411943133,35.97159435222747,MEDIUM,1
441,407f19,VIR303,2025-12-30 05:18:34,0.0,72.54266039057384,10.982935843770463,LOW,1
442,407fd2,DHK593,2025-12-30 07:38:20,0.0,53.50424878817751,18.598300484728995,LOW,1
443,40808c,VIR354,2025-12-30 06:48:37,50.0,64.50095640607866,44.199617437568534,MEDIUM,1
444,4080a2,VIR300,2025-12-29 07:54:02,35.0,67.31097336958253,34.075610652166986,MEDIUM,1
445,40826a,SEJ059,2025-12-29 02:14:08,0.0,53.64632507417087,18.541469970331654,LOW,1
446,40826a,SEJ024,2025-12-29 09:54:04,0.0,76.45884981405013,9.41646007437995,LOW,1
447,40826a,SEJ059,2025-12-30 02:08:35,0.0,31.51016109871731,27.39593556051308,LOW,-1
448,40826a,SEJ024,2025-12-30 09:18:35,0.0,72.51697028756408,10.99321188497437,LOW,1
449,4082b2,SEJ014,2025-12-29 05:44:09,35.0,56.01072252535223,38.595710989859114,MEDIUM,1
450,4082b2,SEJ329,2025-12-29 15:51:45,0.0,76.31220430081237,9.475118279675053,LOW,1
451,4082b2,SEJ014,2025-12-30 05:58:33,35.0,62.09849835861301,36.1606006565548,MEDIUM,1
452,4243fa,AZG648,2025-12-29 07:34:07,0.0,95.93838109312387,1.6246475627504537,LOW,1
453,440002,AUA7,2025-12-29 09:54:04,0.0,91.98541176810384,3.2058352927584624,LOW,1
454,440002,AUA8,2025-12-30 00:08:41,0.0,95.46883521598403,1.8124659136063883,LOW,1
455,440002,AUA8,2025-12-30 02:08:35,0.0,65.82562332768032,13.669750668927874,LOW,1
456,440081,AUA5,2025-12-29 06:44:08,0.0,55.92378513367055,17.63048594653178,LOW,1
457,440081,AUA6,2025-12-29 15:51:45,0.0,88.62218776256044,4.551124894975823,LOW,1
458,440081,AUA7,2025-12-30 09:58:35,0.0,86.06241980742931,5.575032077028277,LOW,1
459,4408fb,AUA8,2025-12-29 00:08:45,0.0,71.16679904898204,11.533280380407184,LOW,1
460,4408fb,AUA5,2025-12-30 06:48:37,0.0,48.97103934913039,20.411584260347844,LOW,1
461,44ccc2,BEL23D,2025-12-29 23:38:34,0.0,19.200676435211673,32.319729425915334,MEDIUM,-1
462,452149,UAE9788,2025-12-28 23:48:41,0.0,89.53249200028205,4.187003199887181,LOW,1
463,452149,UAE9789,2025-12-29 08:04:08,0.0,91.36243011724957,3.4550279531001706,LOW,1
464,452181,UAE9838,2025-12-30 08:38:36,0.0,88.0232539802693,4.790698407892279,LOW,1
465,461f09,FIN122,2025-12-30 08:48:37,0.0,78.06790471388636,8.772838114445454,LOW,1
466,461f0d,FIN122,2025-12-29 08:14:07,0.0,76.3731025377276,9.450758984908958,LOW,1
467,461f48,FIN132,2025-12-29 23:28:38,0.0,94.584645595057,2.166141761977201,LOW,1
468,461f49,FIN132,2025-12-28 23:48:41,0.0,91.3128541827622,3.4748583268951223,LOW,1
469,461f4b,FIN143,2025-12-29 09:14:08,0.0,81.96933288184528,7.2122668472618905,LOW,1
470,461f4b,FIN144,2025-12-29 15:51:45,0.0,38.74398074158946,24.502407703364216,LOW,-1
471,461f4c,FIN151,2025-12-29 02:44:02,0.0,72.14702246209784,11.141191015160866,LOW,1
472,461f4c,FIN143,2025-12-30 07:58:34,0.0,86.41361695828726,5.434553216685095,LOW,1
473,461f4c,FIN143,2025-12-30 09:18:35,0.0,93.08832026093886,2.764671895624457,LOW,1
474,461f54,FIN151,2025-12-30 03:28:39,0.0,74.55307201406686,10.178771194373258,LOW,1
475,461f55,FIN141,2025-12-28 23:58:46,0.0,63.29797218056163,14.68081112777535,LOW,1
476,461f56,FIN141,2025-12-29 23:58:37,0.0,65.40699685636925,13.837201257452302,LOW,1
477,461f56,FIN141,2025-12-30 02:38:38,0.0,91.66165263496835,3.335338946012661,LOW,1
478,47ae38,IGO172P,2025-12-30 01:48:39,0.0,42.97206083502724,22.811175665989104,LOW,1
479,47b0e7,NBT191,2025-12-29 05:24:05,0.0,56.185080290486006,17.5259678838056,LOW,1
480,47b0e7,NBT091,2025-12-30 09:38:37,0.0,83.13468662985746,6.746125348057018,LOW,1
481,47b12e,IGO0034,2025-12-29 02:14:08,35.0,72.3429668413564,32.06281326345744,MEDIUM,1
482,47b12e,IGO0033,2025-12-29 05:44:09,10.0,66.05622914112392,19.577508343550434,LOW,1
483,47b12e,IGO0034,2025-12-30 03:38:37,50.0,59.023005113913165,46.39079795443473,MEDIUM,1
484,47b12e,IGO0033,2025-12-30 06:18:36,10.0,74.54778841608395,16.18088463356642,LOW,1
485,47b1dc,IGO172P,2025-12-29 01:54:09,10.0,59.19881922757955,22.32047230896818,LOW,1
486,47c98d,IGO0042,2025-12-29 01:04:06,50.0,29.528346777202337,58.18866128911907,MEDIUM,-1
487,47c98d,IGO0031,2025-12-29 05:24:05,25.0,43.864059802940915,37.454376078823636,MEDIUM,1
488,47c98d,IGO0032,2025-12-30 02:08:35,35.0,53.39386208583119,39.64245516566753,MEDIUM,1
489,4841ad,KLM807,2025-12-29 08:44:04,0.0,75.31674379318555,9.87330248272578,LOW,1
490,484416,KLM846,2025-12-29 00:18:37,0.0,74.3240994200003,10.270360231999883,LOW,1
491,48455f,KLM871,2025-12-29 23:58:37,10.0,66.00412343408944,19.598350626364226,LOW,1
492,48455f,KLM872,2025-12-30 03:48:37,0.0,74.89629254791666,10.041482980833337,LOW,1
493,484561,KLM879,2025-12-29 23:38:34,0.0,79.20683162568916,8.317267349724336,LOW,1
494,484561,KLM880,2025-12-30 02:38:38,0.0,76.08416515759723,9.56633393696111,LOW,1
495,484cbb,KLM879,2025-12-28 23:48:41,0.0,79.57946301852444,8.168214792590225,LOW,1
496,484cbb,KLM880,2025-12-29 02:44:02,0.0,81.627101031173,7.349159587530801,LOW,1
497,484cbc,KLM877,2025-12-28 23:48:41,0.0,55.22106267162676,17.911574931349296,LOW,1
498,4850f5,KLM871,2025-12-29 00:18:37,0.0,51.35896066364584,19.456415734541665,LOW,1
499,4850f5,KLM872,2025-12-29 05:14:08,0.0,77.00474109729335,9.198103561082661,LOW,1
500,4850f5,KLM877,2025-12-29 23:48:40,10.0,73.3528975892803,16.65884096428788,LOW,1
501,4851ad,KLM810,2025-12-29 01:44:09,0.0,96.52549112543156,1.389803549827377,LOW,1
502,4851b0,KLM809,2025-12-30 07:38:20,0.0,78.07676852347963,8.76929259060815,LOW,1
503,4851b1,KLM874,2025-12-29 03:44:06,0.0,94.33196126570641,2.2672154937174356,LOW,1
504,4851f5,KLM843,2025-12-30 04:18:35,0.0,64.00926382065231,14.396294471739077,LOW,1
505,4851f7,KLM835,2025-12-29 08:34:04,0.0,86.71437938245747,5.314248247017014,LOW,1
506,4851f7,KLM835,2025-12-29 09:44:08,0.0,89.0309884765529,4.387604609378838,LOW,1
507,4851f7,KLM836,2025-12-30 02:18:37,0.0,91.07469203954653,3.5701231841813867,LOW,1
508,4851f7,KLM836,2025-12-30 03:38:37,0.0,89.6715735591129,4.13137057635484,LOW,1
509,485345,KLM809,2025-12-29 08:34:04,0.0,81.68600227217875,7.325599091128499,LOW,1
510,485345,KLM809,2025-12-29 09:54:04,0.0,92.850713643186,2.859714542725601,LOW,1
511,485345,KLM810,2025-12-30 00:08:41,0.0,71.8155986477949,11.27376054088204,LOW,1
512,485789,KLM887,2025-12-29 08:34:04,0.0,78.21396461303834,8.714414154784663,LOW,1
513,485ecc,KLM836,2025-12-29 02:34:07,0.0,94.47785721822255,2.208857112710979,LOW,1
514,485ecc,KLM836,2025-12-29 03:54:07,0.0,90.32862966258755,3.868548134964982,LOW,1
515,485ecd,KLM843,2025-12-29 04:24:05,0.0,35.85990530522529,25.65603787790989,LOW,-1
516,485ecd,KLM835,2025-12-30 08:08:33,0.0,91.20996049239962,3.5160158030401534,LOW,1
517,485ecd,KLM835,2025-12-30 09:28:35,0.0,94.62887477508713,2.1484500899651495,LOW,1
518,486648,CND9135,2025-12-29 15:51:45,35.0,41.040125248123445,44.583949900750625,MEDIUM,-1
519,486648,CND9136,2025-12-29 18:13:07,0.0,74.2881565864442,10.28473736542232,LOW,1
520,489227,ENT1877,2025-12-29 07:44:01,0.0,76.5055379180501,9.397784832779962,LOW,1
521,48ae05,LOT6523,2025-12-29 08:04:08,0.0,57.98106155178617,16.807575379285534,LOW,1
522,48ae05,LOT6524,2025-12-29 18:25:18,0.0,98.8991017510697,0.4403592995721226,LOW,1
523,48ae07,LOT71,2025-12-29 04:14:05,35.0,58.28290000534968,37.68683999786013,MEDIUM,1
524,48ae07,LOT72,2025-12-29 07:44:01,0.0,80.60691275588246,7.757234897647016,LOW,1
525,48ae22,LOT6281,2025-12-29 02:34:07,0.0,88.4779221004257,4.60883115982972,LOW,1
526,48ae22,LOT6281,2025-12-29 03:54:07,0.0,91.656719399428,3.3373122402288007,LOW,1
527,48ae22,LOT6519,2025-12-30 05:48:34,0.0,74.01888642821064,10.392445428715746,LOW,1
528,48ae24,LOT71,2025-12-30 03:28:39,50.0,38.13806891126266,54.74477243549494,MEDIUM,-1
529,48ae24,LOT72,2025-12-30 07:38:20,0.0,82.24005689771178,7.103977240915288,LOW,1
530,495cd0,WFL8621,2025-12-30 02:38:38,0.0,62.90758702226943,14.836965191092228,LOW,1
531,49d13f,SEJ8090,2025-12-30 08:48:37,0.0,80.5367286437319,7.785308542507238,LOW,1
532,49d1cd,SEJ879,2025-12-29 00:38:36,0.0,75.75278313852084,9.698886744591665,LOW,1
533,49d1cd,SEJ879,2025-12-29 02:14:08,0.0,47.529298408664395,20.988280636534242,LOW,1
534,49d1cd,SEJ874,2025-12-29 03:54:07,10.0,61.68528092212557,21.325887631149772,LOW,1
535,49d1cd,SEJ875,2025-12-29 07:44:01,10.0,76.66992971472712,15.332028114109153,LOW,1
536,49d1cd,SEJ880,2025-12-29 09:24:04,35.0,42.55484704976446,43.978061180094215,MEDIUM,1
537,49d1cd,SEJ491,2025-12-29 17:01:38,50.0,56.109102014293185,47.55635919428273,MEDIUM,1
538,49d1cd,SEJ494,2025-12-29 18:45:15,25.0,62.318569159014075,30.072572336394373,MEDIUM,1
539,49d26c,SEJ8194,2025-12-29 08:54:06,0.0,71.55058272677071,11.379766909291716,LOW,1
540,49d26c,SEJ090,2025-12-29 23:28:38,0.0,69.90933005081605,12.03626797967358,LOW,1
541,49d287,SEJ8193,2025-12-29 00:28:46,0.0,76.95695396908592,9.217218412365634,LOW,1
542,49d287,SEJ879,2025-12-30 01:18:37,0.0,84.9184822014187,6.032607119432521,LOW,1
543,49d287,SEJ879,2025-12-30 02:38:38,0.0,38.84386618742923,24.46245352502831,LOW,-1
544,49d287,SEJ874,2025-12-30 04:18:35,0.0,64.27806425235921,14.288774299056314,LOW,1
545,49d287,SEJ875,2025-12-30 07:48:33,10.0,78.90724560004556,14.437101759981777,LOW,1
546,49d287,SEJ880,2025-12-30 09:38:37,35.0,32.95385413163614,47.81845834734554,MEDIUM,-1
547,4a1a62,RCR5525,2025-12-30 08:18:37,0.0,94.26342932199488,2.294628271202049,LOW,1
548,4ac8da,BLX403,2025-12-29 15:51:45,0.0,95.4909958247329,1.8036016701068378,LOW,1
549,4ac8da,BLX404,2025-12-30 00:38:34,0.0,94.6100562350079,2.1559775059968387,LOW,1
550,4aca66,SAS978,2025-12-28 23:48:41,0.0,91.58381930941583,3.3664722762336683,LOW,1
551,4aca66,SAS973,2025-12-30 04:58:38,0.0,53.44791665784534,18.620833336861864,LOW,1
552,4b187a,SWR155,2025-12-29 01:34:05,0.0,53.685819251875934,18.525672299249628,LOW,1
553,4b1884,SWR146,2025-12-28 23:48:41,0.0,9.642319531452138,36.14307218741915,MEDIUM,-1
554,4b1884,SWR147,2025-12-29 03:44:06,0.0,72.14170315763155,11.143318736947379,LOW,1
555,4b1887,SWR146,2025-12-29 23:28:38,0.0,62.95860686477385,14.816557254090462,LOW,1
556,4b1887,SWR147,2025-12-30 02:38:38,0.0,69.32990830835226,12.268036676659097,LOW,1
557,4b18ff,EDW50,2025-12-29 06:04:04,0.0,88.61810343009594,4.552758627961623,LOW,1
558,4b18ff,EDW50,2025-12-29 07:14:05,0.0,97.5728019519746,0.9708792192101612,LOW,1
559,4b18ff,EDW51,2025-12-29 15:51:45,0.0,94.71658144047814,2.113367423808745,LOW,1
560,4b1917,SWR176,2025-12-29 09:54:04,0.0,92.0662416207203,3.173503351711878,LOW,1
561,4b1917,SWR177,2025-12-29 23:48:40,0.0,92.09772998795765,3.1609080048169407,LOW,1
562,4b1917,SWR177,2025-12-30 00:58:38,0.0,71.63728385979293,11.345086456082829,LOW,1
563,4b1918,SWR138,2025-12-30 09:28:35,0.0,85.16199741096263,5.935201035614949,LOW,1
564,4b1919,SWR180,2025-12-30 05:08:39,25.0,13.597110408263028,49.56115583669479,MEDIUM,-1
565,4b191a,SWR138,2025-12-29 09:44:08,0.0,92.96715485798126,2.8131380568074977,LOW,1
566,4b191f,SWR180,2025-12-29 05:34:08,0.0,86.75032119167794,5.299871523328824,LOW,1
567,4b191f,SWR180,2025-12-29 06:44:08,0.0,91.03846931329292,3.5846122746828315,LOW,1
568,4b191f,SWR181,2025-12-29 15:51:45,0.0,56.40586855101782,17.437652579592875,LOW,1
569,4b191f,SWR176,2025-12-30 09:38:37,0.0,90.39458728226705,3.8421650870931785,LOW,1
570,4b1920,SWR177,2025-12-29 02:24:07,0.0,97.26810659259964,1.0927573629601455,LOW,1
571,4b8467,UAE9280,2025-12-29 09:54:04,0.0,89.2855385667112,4.285784573315522,LOW,1
572,4b8467,UAE9790,2025-12-30 09:28:35,0.0,88.93936308030668,4.424254767877329,LOW,1
573,4b8de5,IGO713C,2025-12-29 15:51:45,0.0,74.1538685453427,10.338452581862919,LOW,1
574,4b8de5,IGO771F,2025-12-29 18:23:08,0.0,80.4027335421853,7.83890658312588,LOW,1
575,4b8dee,IGO37DC,2025-12-29 17:13:08,0.0,66.86168531235454,13.255325875058185,LOW,1
576,4b8df2,IGO36AF,2025-12-29 07:14:05,10.0,69.004176709652,18.3983293161392,LOW,1
577,4b8df2,IGO633P,2025-12-29 16:21:38,0.0,76.14320754576212,9.54271698169515,LOW,1
578,4b8df2,IGO36AF,2025-12-30 05:58:33,0.0,80.38682826144147,7.845268695423414,LOW,1
579,4b9dec,THY6324,2025-12-29 00:08:45,0.0,84.88053789197225,6.047784843211099,LOW,1
580,4b9e42,QNT2237,2025-12-30 03:28:39,25.0,18.18175372243635,47.72729851102546,MEDIUM,-1
581,4ba869,THY6312,2025-12-30 00:18:35,0.0,77.75217703703288,8.89912918518685,LOW,1
582,4ba869,THY6313,2025-12-30 09:48:34,0.0,95.67048257994932,1.7318069680202712,LOW,1
583,4ba892,THY6373,2025-12-29 03:54:07,0.0,68.12425774168746,12.750296903325017,LOW,1
584,4ba946,THY84,2025-12-30 09:58:35,0.0,91.29165918347272,3.4833363266109134,LOW,1
585,4ba948,THY84,2025-12-29 09:34:05,0.0,93.41631382014339,2.6334744719426455,LOW,1
586,4ba948,THY85,2025-12-29 23:38:34,0.0,74.46680256574975,10.213278973700103,LOW,1
587,4ba94a,THY70,2025-12-29 09:24:04,0.0,92.46992979185224,3.0120280832591053,LOW,1
588,4ba950,THY54,2025-12-29 09:44:08,0.0,90.81164183778489,3.675343264886044,LOW,1
589,4ba953,THY85,2025-12-28 23:48:41,0.0,81.0578645244966,7.576854190201363,LOW,1
590,4ba954,THY72,2025-12-30 09:18:35,0.0,83.82029790295721,6.471880838817118,LOW,1
591,4ba95a,THY124,2025-12-29 02:14:08,0.0,80.11155159887308,7.955379360450769,LOW,1
592,4ba95a,THY54,2025-12-30 09:58:35,0.0,88.68258870014272,4.526964519942914,LOW,1
593,4ba9c5,THY62Y,2025-12-29 10:04:07,0.0,88.02217875418611,4.791128498325555,LOW,1
594,4ba9c5,THY46M,2025-12-29 15:51:45,0.0,89.04857530674542,4.3805698773018324,LOW,1
595,4ba9c8,THY62Y,2025-12-30 03:28:39,25.0,39.4043292640351,39.23826829438596,MEDIUM,-1
596,4ba9c8,THY46M,2025-12-30 07:58:34,0.0,60.983273907474405,15.606690437010238,LOW,1
597,4ba9ca,THY52,2025-12-29 05:44:09,0.0,89.99311016948148,4.002755932207407,LOW,1
598,4ba9ca,THY52,2025-12-29 06:54:07,0.0,97.10879871023734,1.156480515905065,LOW,1
599,4ba9ca,THY52,2025-12-29 08:04:08,0.0,96.8128013835893,1.274879446564279,LOW,1
600,4ba9ca,THY53,2025-12-29 23:28:38,0.0,60.588466108414885,15.764613556634046,LOW,1
601,4ba9cb,THY68,2025-12-29 08:54:06,0.0,83.70642134896248,6.5174314604150085,LOW,1
602,4ba9cb,THY69,2025-12-29 23:28:38,0.0,35.65233656389175,25.7390653744433,LOW,-1
603,4ba9cd,THY51U,2025-12-29 04:24:05,0.0,70.74723960406544,11.701104158373823,LOW,1
604,4ba9cd,THY89A,2025-12-29 08:14:07,0.0,90.33678890578278,3.865284437686887,LOW,1
605,4ba9ce,THY172,2025-12-29 10:04:07,0.0,97.74777005518136,0.900891977927455,LOW,1
606,4ba9ce,THY173,2025-12-29 23:58:37,0.0,96.23851820246422,1.5045927190143118,LOW,1
607,4ba9d0,THY726,2025-12-29 08:44:04,0.0,62.00616464174828,15.19753414330069,LOW,1
608,4ba9d0,THY726,2025-12-30 08:28:35,0.0,51.38940401074361,19.444238395702556,LOW,1
609,4ba9da,THY173,2025-12-28 23:48:41,0.0,95.8193863425079,1.672245462996841,LOW,1
610,4ba9da,THY64,2025-12-30 03:18:38,0.0,61.932287473076336,15.227085010769466,LOW,1
611,4ba9da,THY65,2025-12-30 09:38:37,0.0,95.87250438049901,1.6509982478003964,LOW,1
612,4ba9e4,THY164,2025-12-29 09:54:04,0.0,92.6069006605318,2.9572397357872777,LOW,1
613,4ba9e9,THY172,2025-12-30 09:58:35,0.0,91.79955888275855,3.2801764468965815,LOW,1
614,4ba9ea,THY64,2025-12-29 03:34:08,0.0,89.38636589483866,4.245453642064535,LOW,1
615,4ba9ea,THY64,2025-12-29 04:44:07,0.0,94.13647282293459,2.345410870826163,LOW,1
616,4ba9ea,THY51U,2025-12-30 03:18:38,0.0,63.175767359496504,14.729693056201398,LOW,1
617,4ba9ea,THY89A,2025-12-30 08:28:35,0.0,95.01661783219015,1.9933528671239402,LOW,1
618,4ba9eb,THY69,2025-12-28 23:48:41,0.0,81.46527512783777,7.413889948864892,LOW,1
619,4ba9ef,THY6336,2025-12-29 07:54:02,0.0,79.44772283743268,8.220910865026928,LOW,1
620,4ba9f5,THY6101,2025-12-28 23:58:46,0.0,97.52082859003083,0.9916685639876676,LOW,1
621,4ba9f5,THY6282,2025-12-29 18:35:17,0.0,91.42694614681328,3.4292215412746887,LOW,1
622,4bb0e1,THY175,2025-12-30 05:18:34,0.0,99.62838008568237,0.1486479657270536,LOW,1
623,4bb0e2,THY066,2025-12-29 09:24:04,0.0,85.41704195329886,5.833183218680455,LOW,1
624,4bb0e2,THY067,2025-12-29 23:58:37,0.0,95.76143921111085,1.6954243155556583,LOW,1
625,4bb0e3,THY056,2025-12-29 09:54:04,0.0,88.94490524167381,4.422037903330477,LOW,1
626,4bb0e3,THY057,2025-12-29 23:28:38,0.0,99.34489062006676,0.26204375197329455,LOW,1
627,4bb0e4,THY208,2025-12-29 02:14:08,0.0,89.26798647568455,4.29280540972618,LOW,1
628,4bb0e6,THY49A,2025-12-30 09:38:37,0.0,88.12901557847495,4.748393768610021,LOW,1
629,4bb0ec,THY165,2025-12-28 23:48:41,0.0,97.72383362585495,0.9104665496580197,LOW,1
630,4bb0ee,THY066,2025-12-30 09:58:35,0.0,87.19393293234613,5.122426827061549,LOW,1
631,4bb0f0,THY164,2025-12-30 10:18:36,0.0,87.79069567248278,4.883721731006887,LOW,1
632,4bb0f5,THY175,2025-12-29 05:14:08,0.0,97.15748613132888,1.1370055474684477,LOW,1
633,4bb0f6,THY250,2025-12-29 23:28:38,0.0,87.23226112427562,5.107095550289751,LOW,1
634,4bb0f6,THY250,2025-12-30 00:48:35,0.0,93.80359287772968,2.478562848908126,LOW,1
635,4bb0f6,THY250,2025-12-30 01:48:39,0.0,96.80733460983981,1.2770661560640748,LOW,1
636,4bb0f6,THY251,2025-12-30 07:48:33,0.0,97.63038902266686,0.9478443909332555,LOW,1
637,4bb0fa,THY208,2025-12-30 00:38:34,0.0,90.93355580327503,3.6265776786899893,LOW,1
638,4bb101,THY067,2025-12-28 23:58:46,0.0,98.94917560275145,0.420329758899419,LOW,1
639,4bb104,THY168,2025-12-29 00:54:10,0.0,91.48196845645428,3.407212617418287,LOW,1
640,4bb104,THY169,2025-12-30 08:08:33,0.0,95.26049250578899,1.8958029976844046,LOW,1
641,4bb106,THY49A,2025-12-29 09:34:05,0.0,85.68855869457137,5.724576522171453,LOW,1
642,4bb106,THY39V,2025-12-30 00:38:34,0.0,90.48282780796302,3.8068688768147925,LOW,1
643,4bb148,THY59E,2025-12-29 04:44:07,0.0,43.24601362164004,22.701594551343987,LOW,1
644,4bb148,THY47G,2025-12-29 06:54:07,10.0,30.297331238489562,33.881067504604175,MEDIUM,-1
645,4bb14a,THY72,2025-12-29 09:04:08,0.0,46.20892058485314,21.516431766058744,LOW,1
646,4bb14b,THY70,2025-12-30 09:48:34,0.0,87.66706523352923,4.9331739065883085,LOW,1
647,4bb14c,THY6256,2025-12-29 06:04:04,0.0,78.99431458652062,8.402274165391754,LOW,1
648,4bb14f,THY6268,2025-12-29 05:44:09,0.0,75.18689077226684,9.925243691093266,LOW,1
649,4bb14f,THY6269,2025-12-29 15:51:45,0.0,86.71735396587849,5.313058413648605,LOW,1
650,4bb153,THY6342,2025-12-30 01:48:39,0.0,63.18384720088536,14.726461119645856,LOW,1
651,4bb153,THY6342,2025-12-30 03:08:38,0.0,88.62005084445524,4.551979662217906,LOW,1
652,4bb155,THY6233,2025-12-30 03:38:37,0.0,94.32821352821226,2.2687145887150963,LOW,1
653,4bb159,THY6300,2025-12-29 00:48:39,0.0,86.85340495479234,5.258638018083065,LOW,1
654,4bb159,THY6240,2025-12-30 08:48:37,0.0,89.10569791013563,4.357720835945748,LOW,1
655,4bb162,THY51Q,2025-12-29 04:24:05,10.0,62.61350804851042,20.954596780595836,LOW,1
656,4bb162,THY32W,2025-12-29 07:14:05,0.0,19.200676435211673,32.319729425915334,MEDIUM,-1
657,4bb162,THY32W,2025-12-29 08:04:08,0.0,78.68478482444783,8.526086070220869,LOW,1
658,4bb162,THY51Q,2025-12-30 04:58:38,35.0,66.15171789690281,34.539312841238875,MEDIUM,1
659,4bb162,THY32W,2025-12-30 08:28:35,0.0,79.41696238486382,8.233215046054472,LOW,1
660,4bb164,IGO018,2025-12-29 03:54:07,10.0,72.41165796187964,17.035336815248144,LOW,1
661,4bb164,IGO018,2025-12-30 04:08:35,10.0,73.48233577070191,16.607065691719235,LOW,1
662,4bb165,IGO012,2025-12-29 04:04:06,35.0,74.56904935260766,31.172380258956935,MEDIUM,1
663,4bb165,IGO011,2025-12-29 08:04:08,35.0,45.02032018721587,42.99187192511366,MEDIUM,1
664,4bb165,IGO012,2025-12-30 03:28:39,35.0,67.74890364840586,33.90043854063766,MEDIUM,1
665,4bb165,IGO011,2025-12-30 09:08:33,10.0,70.0994843293338,17.96020626826648,LOW,1
666,4bb187,THY24,2025-12-30 09:58:35,0.0,89.35807929552871,4.256768281788516,LOW,1
667,4bb188,THY24,2025-12-29 09:14:08,0.0,86.69299771898672,5.322800912405313,LOW,1
668,4bb18d,THY252,2025-12-30 01:48:39,0.0,75.86535302107112,9.653858791571555,LOW,1
669,4bb18d,THY253,2025-12-30 09:38:37,0.0,88.99498805242324,4.402004779030705,LOW,1
670,4bb194,THY298,2025-12-28 23:48:41,0.0,91.84410340337452,3.262358638650193,LOW,1
671,4bb194,THY170,2025-12-30 00:28:37,0.0,77.61259924023551,8.954960303905796,LOW,1
672,4bb196,THY162,2025-12-29 09:54:04,0.0,84.34740878580166,6.261036485679336,LOW,1
673,4bb196,THY163,2025-12-29 23:28:38,0.0,95.93674822648387,1.6253007094064515,LOW,1
674,4bb199,THY166,2025-12-30 01:28:36,0.0,85.63631172346744,5.745475310613023,LOW,1
675,4bb199,THY166,2025-12-30 02:38:38,0.0,86.56256175569347,5.374975297722614,LOW,1
676,4bb199,THY167,2025-12-30 09:48:34,0.0,90.22145286042641,3.911418855829436,LOW,1
677,4bb1a5,THY166,2025-12-29 02:34:07,0.0,93.47301859102227,2.6107925635910934,LOW,1
678,4bb1a5,THY166,2025-12-29 03:34:08,0.0,94.17479669322206,2.3300813227111745,LOW,1
679,4bb1a5,THY167,2025-12-29 10:04:07,0.0,98.83995429796528,0.46401828081388885,LOW,1
680,4bb1c3,THY58,2025-12-29 23:28:38,0.0,77.99667737135634,8.801329051457463,LOW,1
681,4bb1c3,THY59,2025-12-30 05:28:36,25.0,23.81297696576755,45.47480921369298,MEDIUM,-1
682,4bb1c3,THY59,2025-12-30 06:18:36,0.0,68.3004585730016,12.679816570799359,LOW,1
683,4bb1c6,THY58,2025-12-29 02:04:07,0.0,86.10935259974514,5.556258960101946,LOW,1
684,4bb1c6,THY68,2025-12-30 10:08:34,0.0,84.75058606281848,6.099765574872606,LOW,1
685,4bb46d,MNB507,2025-12-29 03:44:06,0.0,77.65897659315954,8.936409362736185,LOW,1
686,4bb46d,MNB508,2025-12-29 15:51:45,0.0,59.595174242972156,16.16193030281114,LOW,1
687,4bb562,IGO46JC,2025-12-29 07:04:08,0.0,79.4035789072464,8.23856843710144,LOW,1
688,4bb562,IGO457J,2025-12-29 15:51:45,0.0,78.40639355898571,8.637442576405716,LOW,1
689,4bb562,IGO39YC,2025-12-29 17:53:07,0.0,75.57448305602675,9.770206777589301,LOW,1
690,4bb562,IGO39YC,2025-12-29 18:45:15,0.0,67.32398812150198,13.070404751399208,LOW,1
691,4bb562,IGO46JC,2025-12-30 05:58:33,35.0,58.419242121183686,37.63230315152653,MEDIUM,1
692,4bbb21,FAD9112,2025-12-30 07:48:33,0.0,97.20797863357689,1.1168085465692457,LOW,1
693,4bbb21,FAD9112,2025-12-30 09:08:33,50.0,48.24032046776613,50.70387181289355,MEDIUM,1
694,4bd152,IGO6672,2025-12-29 00:48:39,10.0,81.69687354558914,13.321250581764343,LOW,1
695,4bd152,IGO508,2025-12-29 06:24:05,0.0,77.01158224195609,9.195367103217563,LOW,1
696,4bd152,IGO6821,2025-12-29 09:14:08,0.0,68.49622887331527,12.60150845067389,LOW,1
697,4bd152,IGO6193,2025-12-29 16:11:36,0.0,92.21443635285164,3.1142254588593463,LOW,1
698,4bd152,IGO6193,2025-12-29 17:23:08,0.0,80.74772616418349,7.7009095343266045,LOW,1
699,4c80ae,SEB401,2025-12-30 02:48:39,0.0,94.34281365210197,2.2628745391592133,LOW,1
700,4ca364,KZR168,2025-12-29 16:11:36,0.0,96.50290321014977,1.398838715940093,LOW,1
701,4ca364,KZR168,2025-12-29 18:13:07,0.0,94.87580716785875,2.049677132856499,LOW,1
702,4ca7c6,KZR931,2025-12-29 03:34:08,0.0,29.09111473455019,28.363554106179926,LOW,-1
703,4ca7c6,KZR932,2025-12-29 09:54:04,0.0,88.73264839911859,4.506940640352565,LOW,1
704,4ca7c6,KZR931,2025-12-30 03:28:39,0.0,36.14898671002678,25.54040531598929,LOW,-1
705,4ca7c6,KZR931,2025-12-30 06:08:34,0.0,95.80507345768346,1.6779706169266149,LOW,1
706,4ca87d,ITY770,2025-12-30 00:48:35,50.0,50.71321255200253,49.71471497919899,MEDIUM,1
707,4ca87d,ITY769,2025-12-30 04:28:41,0.0,83.84859882387742,6.460560470449031,LOW,1
708,4ca8fa,NOS126,2025-12-30 02:18:37,0.0,85.64548378540391,5.741806485838436,LOW,1
709,4ca8fa,NOS126,2025-12-30 03:48:37,0.0,92.87900757212981,2.8483969711480768,LOW,1
710,4caa15,GFA154,2025-12-29 07:24:06,0.0,87.27419733382634,5.090321066469466,LOW,1
711,4caa15,GFA155,2025-12-29 18:23:08,0.0,97.3085236090201,1.0765905563919602,LOW,1
712,4caa15,GFA154,2025-12-30 07:28:36,0.0,93.11781685918885,2.7528732563244604,LOW,1
713,4caa15,GFA154,2025-12-30 08:28:35,0.0,94.0493982925456,2.3802406829817584,LOW,1
714,4cac03,KZR289,2025-12-30 02:38:38,25.0,38.85481651007446,39.45807339597022,MEDIUM,-1
715,4cac03,KZR289,2025-12-30 04:08:35,0.0,62.8682557497784,14.85269770008864,LOW,1
716,4cac03,KZR290,2025-12-30 07:38:20,0.0,91.74986991279982,3.300052034880071,LOW,1
717,4cac0d,KZR563,2025-12-29 03:54:07,25.0,26.207704633652707,44.51691814653891,MEDIUM,-1
718,4cac0e,KZR585,2025-12-29 07:44:01,0.0,91.87236327546944,3.2510546898122246,LOW,1
719,4cac0e,KZR585,2025-12-29 09:54:04,0.0,97.59582515262015,0.9616699389519398,LOW,1
720,4cac0e,KZR586,2025-12-29 16:21:38,0.0,94.29226717294219,2.2830931308231244,LOW,1
721,4cac0e,KZR586,2025-12-29 17:43:10,0.0,88.7293520112315,4.508259195507401,LOW,1
722,4cac0e,KZR563,2025-12-30 03:38:37,0.0,85.00859057081297,5.996563771674812,LOW,1
723,4cac11,KZR593,2025-12-29 01:54:09,0.0,47.97704618597922,20.809181525608313,LOW,1
724,4cac12,KZR645,2025-12-30 01:58:37,0.0,65.21994796933787,13.912020812264855,LOW,1
725,4cac14,KZR199,2025-12-30 06:38:36,0.0,51.26039737622531,19.495841049509878,LOW,1
726,4cac14,KZR199,2025-12-30 08:08:33,0.0,87.83576007151794,4.8656959713928245,LOW,1
727,4cac15,KZR161,2025-12-30 02:28:35,0.0,27.572164882783873,28.971134046886448,LOW,-1
728,4cac15,KZR162,2025-12-30 09:48:34,0.0,42.190407749165544,23.123836900333785,LOW,1
729,4cad1f,KZR173,2025-12-29 01:44:09,0.0,62.56412376623666,14.974350493505336,LOW,1
730,4cad1f,KZR174,2025-12-29 09:44:08,0.0,91.32644272824982,3.4694229087000736,LOW,1
731,4cad30,KZR161,2025-12-29 02:14:08,0.0,26.34401635167613,29.462393459329547,LOW,-1
732,4cad30,KZR162,2025-12-29 10:04:07,25.0,46.119586937979854,36.552165224808064,MEDIUM,1
733,4cad30,KZR163,2025-12-30 01:28:36,0.0,43.42606876335294,22.629572494658827,LOW,1
734,4cad30,KZR163,2025-12-30 03:58:40,0.0,98.31197979558772,0.6752080817649131,LOW,1
735,4cadc6,ITY758,2025-12-29 02:24:07,0.0,65.24089359167425,13.903642563330301,LOW,1
736,4cadca,ITY758,2025-12-30 02:08:35,0.0,51.799801574408576,19.28007937023657,LOW,1
737,4cae7d,SEJ088,2025-12-29 05:54:05,0.0,43.62507598078888,22.54996960768445,LOW,1
738,4cae7d,SEJ087,2025-12-30 00:58:38,0.0,36.80776347390518,25.276894610437928,LOW,-1
739,4cae7d,SEJ088,2025-12-30 07:48:33,0.0,72.59975101968446,10.960099592126216,LOW,1
740,4cae80,ITY770,2025-12-29 00:54:10,50.0,33.89449572066477,56.4422017117341,MEDIUM,-1
741,4cae80,ITY769,2025-12-29 04:34:06,10.0,49.87008255250954,26.051966978996187,LOW,1
742,4cae83,SEJ011,2025-12-29 09:14:08,0.0,80.78696556408585,7.685213774365661,LOW,1
743,4cae83,SEJ006,2025-12-29 16:41:44,35.0,59.73859003249393,37.10456398700243,MEDIUM,1
744,4cae83,SEJ012,2025-12-30 08:58:35,10.0,80.35498428321817,13.858006286712731,LOW,1
745,4cae84,SEJ012,2025-12-29 03:34:08,0.0,67.33746553661175,13.065013785355303,LOW,1
746,4cae84,SEJ012D,2025-12-29 08:44:04,0.0,62.42476059010732,15.030095763957073,LOW,1
747,4cae84,SEJ011,2025-12-30 08:18:37,25.0,64.70839074734923,29.116643701060312,LOW,1
748,4caeba,KZR963,2025-12-30 00:48:35,10.0,72.75982333659663,16.89607066536135,LOW,1
749,4caeba,KZR964,2025-12-30 03:08:38,0.0,45.527484197589445,21.789006320964223,LOW,1
750,4d0102,CLX4327,2025-12-30 06:08:34,0.0,87.91607135596513,4.833571457613949,LOW,1
751,4d0112,CLX4167,2025-12-29 03:04:06,0.0,89.7846870783098,4.086125168676079,LOW,1
752,4d0116,CLX7337,2025-12-29 06:44:08,0.0,91.20279195118539,3.5188832195258444,LOW,1
753,4d2012,SVA799,2025-12-29 15:51:45,0.0,79.43812323817619,8.224750704729525,LOW,1
754,4d20ec,VJT219,2025-12-29 23:58:37,0.0,86.81497678558105,5.27400928576758,LOW,1
755,4d21c8,SEJ647,2025-12-29 10:04:07,0.0,49.68933933990817,20.124264264036732,LOW,1
756,4d21c8,SEJ651,2025-12-29 16:21:38,0.0,64.52878937878678,14.188484248485288,LOW,1
757,4d21c8,SEJ686,2025-12-29 23:38:34,10.0,78.10507331570953,14.757970673716187,LOW,1
758,4d21c8,SEJ648,2025-12-30 01:18:37,35.0,42.52515374719744,43.989938501121024,MEDIUM,1
759,4d21c8,SEJ640,2025-12-30 09:58:35,35.0,68.90178625285994,33.43928549885602,MEDIUM,1
760,4d229d,SEJ676,2025-12-28 23:48:41,0.0,80.13233721131647,7.947065115473413,LOW,1
761,4d229d,SEJ447,2025-12-29 10:14:09,25.0,48.73992609159901,35.5040295633604,MEDIUM,1
762,4d229d,SEJ645,2025-12-30 00:58:38,50.0,68.26586642885079,42.69365342845968,MEDIUM,1
763,4d229d,SEJ646,2025-12-30 02:48:39,35.0,64.79062550618926,35.0837497975243,MEDIUM,1
764,4d229d,SEJ447,2025-12-30 10:18:36,0.0,71.06679296478985,11.57328281408406,LOW,1
765,4d22a3,SEJ645,2025-12-28 23:48:41,35.0,56.503569607360916,38.39857215705564,MEDIUM,1
766,4d22a3,SEJ646,2025-12-29 01:34:05,25.0,62.56221469273681,29.975114122905275,LOW,1
767,4d22a3,SEJ640,2025-12-29 08:04:08,35.0,71.88031331425968,32.24787467429613,MEDIUM,1
768,4d22a3,SEJ640,2025-12-29 10:04:07,50.0,57.31347498736578,47.074610005053685,MEDIUM,1
769,4d22a3,SEJ642,2025-12-29 15:51:45,0.0,89.17503144934389,4.3299874202624435,LOW,1
770,4d22a3,SEJ018,2025-12-30 02:18:37,35.0,65.45814885548832,34.81674045780467,MEDIUM,1
771,4d232c,SEJ018,2025-12-29 02:24:07,0.0,73.2058623638911,10.717655054443561,LOW,1
772,4d232c,SEJ018,2025-12-29 03:24:06,0.0,97.24390647332604,1.102437410669586,LOW,1
773,4d232c,SEJ056,2025-12-29 10:24:06,0.0,92.77683620624497,2.889265517502014,LOW,1
774,4d232c,SEJ676,2025-12-29 23:58:37,0.0,77.59495581515804,8.962017673936783,LOW,1
775,4d232c,SEJ647,2025-12-30 08:28:35,35.0,72.21675306536373,32.11329877385451,MEDIUM,1
776,4d235b,VJT223,2025-12-30 06:58:37,0.0,91.18192184981636,3.527231260073455,LOW,1
777,4d23ea,SEJ672,2025-12-29 07:24:06,0.0,68.76411989284011,12.494352042863955,LOW,1
778,4d23ea,SEJ678,2025-12-29 23:38:34,35.0,43.18942357942726,43.724230568229096,MEDIUM,1
779,4d23ea,SEJ672,2025-12-30 07:38:20,0.0,63.17394637594003,14.73042144962399,LOW,1
780,500241,T7MCV,2025-12-29 00:28:46,25.0,46.93298772400761,36.22680491039696,MEDIUM,1
781,500241,T7MCV,2025-12-29 02:04:07,0.0,92.32340695998482,3.0706372160060713,LOW,1
782,503cc6,SIF125,2025-12-29 18:23:08,0.0,91.43999634552893,3.4240014617884302,LOW,1
783,503cfa,NVD9930,2025-12-30 07:48:33,0.0,97.97743779249603,0.8090248830015867,LOW,1
784,504e36,UAE9285,2025-12-29 08:24:06,0.0,95.40302770059726,1.8387889197610947,LOW,1
785,504e36,UAE9841,2025-12-30 08:18:37,0.0,94.84795410798834,2.060818356804663,LOW,1
786,504e6c,TVR4705,2025-12-30 02:38:38,0.0,89.85981835606552,4.056072657573793,LOW,1
787,507c44,UZB531,2025-12-30 00:48:35,0.0,31.069800842234674,27.572079663106134,LOW,-1
788,507c44,UZB532,2025-12-30 08:48:37,0.0,89.9530009268116,4.018799629275361,LOW,1
789,507c45,UZB423,2025-12-29 10:24:06,0.0,86.41732073334487,5.433071706662054,LOW,1
790,507c50,UZB553,2025-12-29 01:34:05,25.0,8.5258850457614,51.58964598169544,MEDIUM,-1
791,507c56,UZB427,2025-12-30 03:18:38,10.0,80.33500304980262,13.86599878007895,LOW,1
792,507c60,UZB421,2025-12-30 06:18:36,0.0,59.036116131715026,16.38555354731399,LOW,1
793,507c60,UZB422,2025-12-30 08:48:37,10.0,67.40776913050324,19.036892347798705,LOW,1
794,507c6f,UZB426,2025-12-29 03:24:06,0.0,58.190546062595985,16.723781574961606,LOW,1
795,507cb3,MFX5535,2025-12-29 02:24:07,0.0,67.90451253997523,12.83819498400991,LOW,1
796,507cb3,MFX5536,2025-12-29 09:54:04,0.0,25.417640112990206,29.832943954803923,LOW,-1
797,5140c6,IGT1146,2025-12-29 02:54:07,0.0,28.548604324979497,28.580558270008204,LOW,-1
798,5140c6,IGT1145,2025-12-29 15:51:45,0.0,90.86272461074562,3.654910155701754,LOW,1
799,5140cc,LOL503,2025-12-29 04:24:05,0.0,92.7309253227003,2.90762987091988,LOW,1
800,5140cc,LOL503,2025-12-29 05:24:05,0.0,93.99729156918994,2.401083372324024,LOW,1
801,515309,SMR110,2025-12-29 16:11:36,0.0,78.07610437867731,8.769558248529075,LOW,1
802,60084d,AHY057,2025-12-29 02:34:07,0.0,74.53628437283076,10.185486250867696,LOW,1
803,60084d,AHY57A,2025-12-29 09:04:08,10.0,82.01182800623457,13.195268797506174,LOW,1
804,60084d,AHY058,2025-12-29 16:31:45,0.0,82.64627392646851,6.941490429412596,LOW,1
805,600853,AHY059,2025-12-30 02:38:38,0.0,18.86935860052779,32.452256559788886,MEDIUM,-1
806,600853,AHY060,2025-12-30 04:28:41,0.0,71.83590664733397,11.265637341066412,LOW,1
807,600854,AHY057,2025-12-30 02:38:38,0.0,65.37861108927709,13.848555564289166,LOW,1
808,600854,AHY058,2025-12-30 04:58:38,0.0,83.23610721821223,6.70555711271511,LOW,1
809,600b21,AZG633,2025-12-30 03:58:40,0.0,86.46057997712934,5.415768009148263,LOW,1
810,680001,DRK400,2025-12-29 06:44:08,0.0,79.18371585517083,8.326513657931669,LOW,1
811,680001,DRK401,2025-12-29 09:14:08,0.0,64.61522998984738,14.15390800406105,LOW,1
812,680002,DRK123,2025-12-29 09:24:04,0.0,94.05651368537039,2.377394525851844,LOW,1
813,680002,DRK200,2025-12-30 09:18:35,0.0,84.92647883663136,6.029408465347456,LOW,1
814,680008,DRK621,2025-12-29 05:14:08,0.0,47.602597694527724,20.95896092218891,LOW,1
815,680008,DRK800,2025-12-29 09:54:04,0.0,91.94810155061538,3.2207593797538494,LOW,1
816,680008,DRK801,2025-12-30 09:08:33,0.0,85.36125960748329,5.855496157006684,LOW,1
817,680009,BTN789,2025-12-29 05:44:09,0.0,69.11464656846935,12.35414137261226,LOW,1
818,680009,BTN773,2025-12-29 07:44:01,0.0,75.64010262630418,9.743958949478326,LOW,1
819,680009,BTN773,2025-12-29 09:24:04,0.0,63.033186242543735,14.786725502982506,LOW,1
820,680009,BTN702,2025-12-29 15:51:45,0.0,67.06079813875691,13.175680744497237,LOW,1
821,68000a,BTN701,2025-12-29 06:14:08,0.0,94.39479870147385,2.242080519410462,LOW,1
822,68000a,BTN701,2025-12-29 07:04:08,35.0,73.08397720355556,31.766409118577776,MEDIUM,1
823,68000a,BTN701,2025-12-29 08:24:06,10.0,75.37427543398157,15.850289826407375,LOW,1
824,68000a,BTN701,2025-12-30 06:08:34,35.0,61.81050238112995,36.27579904754802,MEDIUM,1
825,68000a,BTN701,2025-12-30 08:18:37,0.0,66.03024901305834,13.587900394776666,LOW,1
826,68000c,DRK543,2025-12-29 04:24:05,25.0,23.253682467895093,45.698527012841964,MEDIUM,-1
827,68000c,DRK543,2025-12-29 05:24:05,0.0,74.17914004552047,10.328343981791813,LOW,1
828,68000c,DRK200,2025-12-29 09:24:04,0.0,83.91373776494395,6.434504894022422,LOW,1
829,68000c,DRK130,2025-12-29 17:01:38,0.0,68.36169622776308,12.65532150889477,LOW,1
830,68000c,DRK131,2025-12-30 08:38:36,0.0,65.6484813268815,13.740607469247403,LOW,1
831,6831e4,VSV5315,2025-12-29 09:34:05,0.0,96.40313971887623,1.438744112449507,LOW,1
832,6831e4,VSV5315,2025-12-29 10:24:06,0.0,94.79290466333572,2.0828381346657125,LOW,1
833,6831e4,VSV5316,2025-12-30 05:38:33,0.0,46.97279197178876,21.210883211284496,LOW,1
834,68322c,VSV5205,2025-12-29 02:24:07,25.0,27.947345022679066,43.82106199092838,MEDIUM,-1
835,683268,VSV5317,2025-12-29 00:38:36,0.0,69.61803747896322,12.152785008414714,LOW,1
836,683268,VSV5235,2025-12-30 06:58:37,0.0,54.53620396086528,18.18551841565389,LOW,1
837,683274,VSV5248,2025-12-29 04:54:04,25.0,34.348406396609604,41.26063744135616,MEDIUM,-1
838,683274,VSV5243,2025-12-29 15:51:45,0.0,96.81069673733737,1.2757213050650535,LOW,1
839,683274,VSV5354,2025-12-30 05:08:39,25.0,24.553512137365793,45.17859514505368,MEDIUM,-1
840,6832b3,VSV469,2025-12-29 23:28:38,0.0,90.61480968944801,3.7540761242207967,LOW,1
841,6832b3,VSV470,2025-12-30 05:08:39,25.0,38.50488250591885,39.598046997632466,MEDIUM,-1
842,6832b3,VSV470,2025-12-30 06:08:34,0.0,73.84568642890851,10.461725428436598,LOW,1
843,6832b5,VSV5212,2025-12-30 05:08:39,0.0,73.7385349417121,10.50458602331516,LOW,1
844,6832b5,VSV5213,2025-12-30 07:48:33,0.0,93.4084973407627,2.636601063694923,LOW,1
845,68331f,TGI1822,2025-12-30 09:38:37,0.0,84.26450730924877,6.294197076300492,LOW,1
846,68332b,VSV5318,2025-12-30 00:48:35,0.0,77.96068630188762,8.815725479244952,LOW,1
847,68332b,VSV5322,2025-12-30 08:58:35,0.0,89.08810079444719,4.364759682221126,LOW,1
848,68332c,VSV5338,2025-12-29 06:14:08,0.0,80.93579930228907,7.6256802790843725,LOW,1
849,68332c,VSV5242,2025-12-30 08:38:36,0.0,87.94052751412309,4.823788994350764,LOW,1
850,68332c,VSV5242,2025-12-30 09:58:35,0.0,97.94577512002559,0.8216899519897652,LOW,1
851,702033,BBC612,2025-12-29 10:04:07,0.0,43.95224854020652,22.419100583917395,LOW,1
852,702033,BBC437,2025-12-29 16:01:36,0.0,60.144288542732845,15.942284582906863,LOW,1
853,702033,BBC438,2025-12-29 17:33:04,0.0,45.00508421228695,21.997966315085222,LOW,1
854,702034,BBC386,2025-12-28 23:48:41,0.0,79.40192472878535,8.239230108485861,LOW,1
855,702034,BBC387,2025-12-29 07:44:01,0.0,72.91129724600378,10.835481101598488,LOW,1
856,702034,BBC398,2025-12-29 15:51:45,0.0,52.329407196206276,19.06823712151749,LOW,1
857,702034,BBC386,2025-12-29 23:48:40,0.0,73.09988462072472,10.760046151710112,LOW,1
858,702034,BBC387,2025-12-30 06:58:37,0.0,62.18303517116063,15.126785931535748,LOW,1
859,70203e,BBC339,2025-12-29 01:34:05,0.0,79.76470389492212,8.094118442031151,LOW,1
860,70203e,BBC339,2025-12-30 01:18:37,0.0,76.92736310865082,9.229054756539671,LOW,1
861,70203f,BBC336,2025-12-29 08:24:06,10.0,63.587054955790585,20.565178017683767,LOW,1
862,70203f,BBC350,2025-12-29 23:28:38,35.0,58.443991749849545,37.622403300060185,MEDIUM,1
863,70203f,BBC121,2025-12-30 10:18:36,0.0,76.04388010382547,9.582447958469812,LOW,1
864,70204b,BBC450,2025-12-29 08:04:08,35.0,45.626854335245596,42.74925826590176,MEDIUM,1
865,70204b,BBC235,2025-12-29 17:33:04,0.0,55.30537651923826,17.877849392304697,LOW,1
866,70204b,BBC236,2025-12-30 08:58:35,0.0,54.976053502581216,18.009578598967515,LOW,1
867,702066,BBC389,2025-12-29 16:41:44,35.0,62.746668856136694,35.90133245754532,MEDIUM,1
868,702066,BBC366,2025-12-29 23:28:38,0.0,76.43674557946242,9.42530176821503,LOW,1
869,702066,BBC367,2025-12-30 06:58:37,35.0,75.33364789427377,30.866540842290494,MEDIUM,1
870,702067,BBC127,2025-12-28 23:48:41,0.0,78.42896371666068,8.62841451333573,LOW,1
871,702067,BBC128,2025-12-29 10:04:07,0.0,95.27026732733859,1.8918930690645652,LOW,1
872,702067,BBC584,2025-12-30 08:18:37,0.0,80.34275876151416,7.862896495394335,LOW,1
873,702086,BBC148,2025-12-29 07:14:05,0.0,51.25398293840733,19.49840682463707,LOW,1
874,702086,BBC148,2025-12-29 10:04:07,0.0,51.80725856560257,19.277096573758975,LOW,1
875,702087,BBC226,2025-12-29 08:34:04,25.0,44.95554960457468,37.017780158170126,MEDIUM,1
876,702087,BBC126,2025-12-30 08:08:33,0.0,64.35221501338924,14.259113994644304,LOW,1
877,702097,UBG141,2025-12-29 08:34:04,0.0,65.86199909444153,13.65520036222339,LOW,1
878,702097,UBG142,2025-12-29 09:54:04,0.0,59.01712516853047,16.393149932587814,LOW,1
879,702097,UBG111,2025-12-29 16:51:45,0.0,61.677350432836796,15.329059826865283,LOW,1
880,702097,UBG112,2025-12-29 18:03:07,0.0,59.56827217895441,16.172691128418236,LOW,1
881,702097,UBG117,2025-12-30 00:18:35,0.0,59.626909343019406,16.14923626279224,LOW,1
882,702097,UBG118,2025-12-30 09:38:37,0.0,52.443160347014725,19.02273586119411,LOW,1
883,702099,UBG161,2025-12-29 09:24:04,0.0,55.59038223457624,17.763847106169504,LOW,1
884,702099,UBG531,2025-12-30 07:08:35,0.0,53.14129587695839,18.743481649216644,LOW,1
885,702099,UBG161,2025-12-30 10:08:34,0.0,53.38325496073351,18.646698015706598,LOW,1
886,70209a,BBC208,2025-12-29 09:14:08,0.0,72.20007122100007,11.11997151159997,LOW,1
887,70209a,BBC148,2025-12-30 07:48:33,0.0,55.28343281172772,17.886626875308913,LOW,1
888,70209b,BBC356,2025-12-29 06:34:06,0.0,42.192473941402326,23.12301042343907,LOW,1
889,70209e,BBC202,2025-12-29 07:34:07,0.0,55.75801097812943,17.69679560874823,LOW,1
890,70209e,BBC337,2025-12-29 17:13:08,0.0,68.86488957565426,12.454044169738296,LOW,1
891,70209e,BBC138,2025-12-30 08:08:33,0.0,62.61810386717836,14.952758453128656,LOW,1
892,70209f,BBC537,2025-12-29 00:28:46,0.0,73.15928130677896,10.736287477288414,LOW,1
893,70209f,BBC305,2025-12-30 05:58:33,0.0,48.04475292858582,20.782098828565672,LOW,1
894,7020a2,UBG543,2025-12-29 07:24:06,0.0,54.67945164863958,18.12821934054417,LOW,1
895,7020a2,UBG150,2025-12-29 15:51:45,0.0,35.529728006934455,25.788108797226222,LOW,-1
896,7020a2,UBG158,2025-12-29 16:51:45,0.0,49.33123804177828,20.26750478328869,LOW,1
897,7020a2,UBG141,2025-12-30 07:08:35,0.0,63.08589377017711,14.765642491929157,LOW,1
898,7020a2,UBG142,2025-12-30 08:48:37,0.0,64.65475826210532,14.138096695157873,LOW,1
899,7020a4,BBC617,2025-12-28 23:48:41,0.0,8.880243775869493,36.44790248965221,MEDIUM,-1
900,7020a4,BBC395,2025-12-29 17:13:08,0.0,61.1475775312494,15.540968987500243,LOW,1
901,7020a4,BBC396,2025-12-29 18:45:15,0.0,43.59479663833884,22.562081344664463,LOW,1
902,7020a4,BBC402,2025-12-30 09:18:35,0.0,43.038799506944095,22.784480197222365,LOW,1
903,7020a6,BBC439,2025-12-29 09:44:08,0.0,63.85915848452499,14.456336606190005,LOW,1
904,7020a6,BBC603,2025-12-29 16:01:36,0.0,61.35973209953369,15.456107160186527,LOW,1
905,7020a6,BBC604,2025-12-29 17:01:38,0.0,59.98328961305917,16.006684154776334,LOW,1
906,7020a6,BBC495,2025-12-29 18:35:17,0.0,59.80607892807292,16.07756842877083,LOW,1
907,7020a6,BBC433,2025-12-30 08:08:33,0.0,67.97288716066971,12.810845135732116,LOW,1
908,7020a6,BBC434,2025-12-30 09:28:35,0.0,58.505373597347884,16.59785056106085,LOW,1
909,7020ab,UBG326,2025-12-29 08:14:07,25.0,65.57370702360362,28.770517190558554,LOW,1
910,7020ab,UBG321,2025-12-30 01:28:36,0.0,72.73597679181732,10.905609283273073,LOW,1
911,7020ac,UBG334D,2025-12-29 08:14:07,35.0,61.91254444738155,36.23498222104738,MEDIUM,1
912,7020ac,UBG325,2025-12-30 00:28:37,0.0,68.93325047532998,12.426699809868007,LOW,1
913,7020ae,AWA411,2025-12-29 07:34:07,0.0,64.05586049748285,14.37765580100686,LOW,1
914,7020ae,AWA412,2025-12-29 08:54:06,0.0,55.86385506461282,17.654457974154873,LOW,1
915,7020ae,AWA415,2025-12-29 10:14:09,0.0,61.485856348201956,15.405657460719219,LOW,1
916,7020ae,AWA449,2025-12-29 16:21:38,0.0,61.17649083581735,15.529403665673062,LOW,1
917,7020ae,AWA450,2025-12-29 17:53:07,0.0,61.80583096321863,15.277667614712549,LOW,1
918,7020ae,AWA411,2025-12-30 07:38:20,0.0,57.637299630292695,16.945080147882923,LOW,1
919,7020ae,AWA415,2025-12-30 09:18:35,0.0,49.755646219032165,20.097741512387135,LOW,1
920,7020b2,UBG341,2025-12-30 02:08:35,0.0,73.10285364845303,10.758858540618787,LOW,1
921,7020b4,UBG322,2025-12-29 08:04:08,35.0,67.13743497990552,34.14502600803779,MEDIUM,1
922,7020b4,UBG307,2025-12-29 23:28:38,25.0,20.789450739913406,46.68421970403464,MEDIUM,-1
923,7020b4,UBG308,2025-12-30 06:48:37,35.0,71.05551668577465,32.57779332569014,MEDIUM,1
924,7020b4,UBG337,2025-12-30 09:48:34,0.0,82.20402437898393,7.118390248406428,LOW,1
925,7020b5,UBG101,2025-12-29 07:14:05,0.0,56.84437520232818,17.26224991906873,LOW,1
926,7020b5,UBG102,2025-12-29 08:44:04,0.0,54.05878653909079,18.376485384363686,LOW,1
927,7020b5,UBG105,2025-12-29 09:54:04,0.0,59.23254010167302,16.306983959330793,LOW,1
928,7020b5,UBG537,2025-12-29 15:51:45,0.0,57.0890094389898,17.164396224404083,LOW,1
929,7020b5,UBG538,2025-12-29 17:01:38,0.0,54.2848641044691,18.28605435821236,LOW,1
930,7020b5,UBG541,2025-12-29 18:35:17,0.0,55.2868987443867,17.88524050224532,LOW,1
931,7020b5,UBG101,2025-12-30 06:58:37,0.0,60.07678686114411,15.969285255542358,LOW,1
932,7020b5,UBG102,2025-12-30 08:18:37,0.0,58.8210219013991,16.47159123944036,LOW,1
933,7020b5,UBG105,2025-12-30 09:48:34,0.0,58.08221997604367,16.767112009582533,LOW,1
934,7020b8,UBG143,2025-12-29 08:34:04,0.0,59.50809835002817,16.196760659988733,LOW,1
935,7020b8,UBG144,2025-12-29 10:14:09,0.0,60.949496449078815,15.620201420368474,LOW,1
936,7020b8,UBG151,2025-12-29 15:51:45,0.0,62.07937808414551,15.168248766341797,LOW,1
937,7020b8,UBG152,2025-12-29 17:23:08,0.0,63.50601277478833,14.597594890084668,LOW,1
938,7020b8,UBG143,2025-12-30 08:38:36,0.0,67.33517350053289,13.065930599786846,LOW,1
939,7020bc,AWA441,2025-12-29 08:44:04,0.0,62.16420107519753,15.134319569920988,LOW,1
940,7020bc,AWA442,2025-12-29 10:04:07,0.0,59.50749019469462,16.197003922122153,LOW,1
941,7020bc,AWA475,2025-12-29 15:51:45,0.0,54.36814999863782,18.252740000544872,LOW,1
942,7020bc,AWA476,2025-12-29 17:01:38,0.0,56.845387917539696,17.26184483298412,LOW,1
943,7020bc,AWA477,2025-12-29 18:23:08,0.0,67.66578677821714,12.933685288713145,LOW,1
944,7020bc,AWA441,2025-12-30 07:18:12,0.0,66.81871669366473,13.27251332253411,LOW,1
945,7020bc,AWA442,2025-12-30 08:58:35,0.0,61.93436810433359,15.226252758266563,LOW,1
946,7020bd,UBG362,2025-12-29 08:44:04,35.0,48.18161345312517,41.72735461874993,MEDIUM,1
947,7020bd,UBG361,2025-12-30 00:48:35,0.0,77.77118893537883,8.891524425848468,LOW,1
948,7020c2,UBG382,2025-12-29 10:04:07,0.0,69.45116272660704,12.219534909357186,LOW,1
949,7020c2,UBG381,2025-12-29 18:35:17,0.0,80.61967019046935,7.752131923812261,LOW,1
950,7020c2,UBG382,2025-12-30 07:08:35,35.0,55.1961219111179,38.92155123555284,MEDIUM,1
951,702702,UBG531,2025-12-29 07:14:05,0.0,57.357204134576854,17.057118346169258,LOW,1
952,702702,UBG532,2025-12-29 08:34:04,0.0,41.40570337733487,23.437718649066053,LOW,-1
953,702702,UBG155,2025-12-29 09:44:08,0.0,66.43167776408411,13.427328894366354,LOW,1
954,702702,UBG165,2025-12-29 16:11:36,0.0,40.16938783150628,23.93224486739749,LOW,-1
955,702702,UBG166,2025-12-29 17:23:08,0.0,49.92368652266473,20.03052539093411,LOW,1
956,702702,UBG543,2025-12-30 06:58:37,0.0,54.35954259552084,18.256182961791662,LOW,1
957,702702,UBG201,2025-12-30 09:48:34,0.0,54.39596751406455,18.24161299437418,LOW,1
958,704009,MMA391,2025-12-29 04:34:06,0.0,62.59065169599317,14.963739321602734,LOW,1
959,704009,MMA336,2025-12-29 09:54:04,10.0,31.119481538392165,33.55220738464314,MEDIUM,-1
960,704009,MMA391,2025-12-30 04:58:38,0.0,38.630133989861235,24.54794640405551,LOW,-1
961,704009,MMA336,2025-12-30 09:48:34,0.0,63.89541963351033,14.44183214659587,LOW,1
962,70400c,MMA332,2025-12-29 18:45:15,0.0,59.055144059317804,16.37794237627288,LOW,1
963,70400c,MMA373,2025-12-30 04:48:37,0.0,55.43336561855503,17.82665375257799,LOW,1
964,704010,MMA236,2025-12-29 04:44:07,0.0,47.755069344205445,20.897972262317822,LOW,1
965,704011,MMA630,2025-12-30 06:58:37,0.0,97.34015529189475,1.0639378832421016,LOW,1
966,704018,MMA376,2025-12-29 04:54:04,0.0,40.36166279233299,23.855334883066803,LOW,-1
967,70401f,MMA363,2025-12-29 17:43:10,10.0,32.2006269158092,33.119749233676316,MEDIUM,-1
968,704020,MMA620,2025-12-29 07:14:05,0.0,54.24352924504849,18.302588301980602,LOW,1
969,704129,UBA1405,2025-12-29 05:04:06,0.0,47.51170806394753,20.99531677442099,LOW,1
970,70412b,UBA301,2025-12-29 05:24:05,10.0,53.46717785963705,24.61312885614518,LOW,1
971,7041c1,UBA016,2025-12-29 18:23:08,0.0,63.09543241615671,14.761827033537315,LOW,1
972,7041c1,UBA020,2025-12-30 09:18:35,0.0,55.66265919415455,17.734936322338182,LOW,1
973,704458,MMA3307,2025-12-29 05:14:08,25.0,43.587150369526036,37.56513985218959,MEDIUM,1
974,704458,MMA711,2025-12-30 07:48:33,35.0,45.020906236226196,42.99163750550952,MEDIUM,1
975,70472a,KBZ324,2025-12-29 10:14:09,0.0,62.45460305626644,15.018158777493424,LOW,1
976,70472a,KBZ311,2025-12-30 04:48:37,0.0,36.683622089676334,25.32655116412947,LOW,-1
977,704946,MMA100,2025-12-29 07:54:02,0.0,64.3275993620121,14.268960255195163,LOW,1
978,704946,MMA100,2025-12-29 08:54:06,0.0,96.79884164849142,1.2804633406034327,LOW,1
979,704946,MMA501,2025-12-30 05:58:33,35.0,51.228611199042646,40.50855552038294,MEDIUM,1
980,706058,KAC411,2025-12-29 06:24:05,0.0,96.24107980612884,1.503568077548465,LOW,1
981,706059,KAC417,2025-12-29 09:04:08,0.0,92.9159336880462,2.833626524781522,LOW,1
982,706059,KAC418,2025-12-30 01:48:39,0.0,95.23342649265841,1.9066294029366362,LOW,1
983,70605a,KAC417,2025-12-30 08:08:33,0.0,73.83688500722631,10.465245997109475,LOW,1
984,70605b,KAC418,2025-12-28 23:48:41,0.0,84.47086301161447,6.211654795354213,LOW,1
985,70605c,KAC414,2025-12-30 05:08:39,0.0,95.90151543690315,1.6393938252387388,LOW,1
986,70605d,KAC301,2025-12-29 00:28:46,10.0,71.68247408062332,17.327010367750674,LOW,1
987,70605e,KAC285,2025-12-29 10:24:06,0.0,90.97536203981888,3.6098551840724498,LOW,1
988,70605e,KAC419,2025-12-30 00:48:35,0.0,74.73784164101333,10.104863343594667,LOW,1
989,70605e,KAC420,2025-12-30 09:38:37,0.0,89.49103811548409,4.203584753806365,LOW,1
990,70605f,KAC284,2025-12-29 00:08:45,0.0,78.04081387523931,8.783674449904277,LOW,1
991,70605f,KAC284,2025-12-30 01:38:40,0.0,78.72734021398817,8.509063914404733,LOW,1
992,706060,KAC333,2025-12-30 02:18:37,0.0,75.94518617043857,9.621925531824571,LOW,1
993,706060,KAC334,2025-12-30 04:18:35,0.0,69.77701394138411,12.089194423446356,LOW,1
994,706068,KAC383,2025-12-29 05:24:05,50.0,62.29133578487465,45.08346568605014,MEDIUM,1
995,706068,KAC384,2025-12-29 07:44:01,0.0,78.50683615136896,8.597265539452417,LOW,1
996,706068,KAC343,2025-12-30 00:38:34,0.0,90.86035756397168,3.6558569744113303,LOW,1
997,706068,KAC344,2025-12-30 03:38:37,0.0,76.69592113917065,9.32163154433174,LOW,1
998,706068,KAC344,2025-12-30 04:28:41,0.0,97.09060949708534,1.1637562011658644,LOW,1
999,706069,KAC332,2025-12-29 07:54:02,0.0,64.30827282181097,14.276690871275612,LOW,1
1000,706069,KAC357,2025-12-30 00:58:38,0.0,64.43953288787964,14.224186844848147,LOW,1
1001,706069,KAC358,2025-12-30 03:38:37,0.0,64.096037920484,14.361584831806404,LOW,1
1002,70606a,KAC361,2025-12-29 07:14:05,0.0,79.48728630930714,8.205085476277146,LOW,1
1003,70606a,KAC362,2025-12-29 09:54:04,0.0,88.0556516258208,4.77773934967168,LOW,1
1004,70606a,KAC373,2025-12-30 01:08:40,0.0,91.83886027529712,3.2644558898811513,LOW,1
1005,70606a,KAC374,2025-12-30 04:08:35,0.0,97.18512009366879,1.1259519625324856,LOW,1
1006,70606c,KAC341,2025-12-29 04:54:04,0.0,95.53518347702732,1.7859266091890733,LOW,1
1007,70606c,KAC342,2025-12-29 07:54:02,0.0,84.84710363132253,6.06115854747099,LOW,1
1008,70606c,KAC394,2025-12-29 23:38:34,0.0,75.94438314544809,9.622246741820767,LOW,1
1009,70606e,KAC373,2025-12-29 02:04:07,0.0,96.55736141314223,1.3770554347431074,LOW,1
1010,70606e,KAC374,2025-12-29 05:04:06,0.0,96.42208109531026,1.4311675618758954,LOW,1
1011,70606e,KAC383,2025-12-30 05:58:33,35.0,63.87734810978525,35.4490607560859,MEDIUM,1
1012,70606e,KAC384,2025-12-30 07:58:34,0.0,74.05815188240439,10.376739247038245,LOW,1
1013,70606f,KAC1391,2025-12-29 04:34:06,0.0,64.38464392538984,14.246142429844065,LOW,1
1014,70606f,KAC1392,2025-12-29 07:14:05,0.0,67.26693637814454,13.093225448742187,LOW,1
1015,706070,KAC301,2025-12-30 00:18:35,10.0,71.68380656439027,17.326477374243893,LOW,1
1016,706070,KAC302,2025-12-30 02:58:37,0.0,70.99473509746785,11.60210596101286,LOW,1
1017,706071,KAC303,2025-12-29 06:54:07,35.0,46.349397252828155,42.460241098868735,MEDIUM,1
1018,706071,KAC304,2025-12-29 09:14:08,25.0,47.47882363897397,36.008470544410415,MEDIUM,1
1019,706072,KAC381,2025-12-29 00:18:37,35.0,47.28366638220513,42.086533447117944,MEDIUM,1
1020,706072,KAC382,2025-12-29 04:14:05,0.0,22.152939446302735,31.138824221478906,MEDIUM,-1
1021,706072,KAC382,2025-12-29 05:14:08,0.0,80.2925029650608,7.882998813975679,LOW,1
1022,706072,KAC381,2025-12-30 00:28:37,35.0,57.79339112050503,37.88264355179799,MEDIUM,1
1023,706072,KAC382,2025-12-30 03:48:37,0.0,67.75219611819122,12.899121552723512,LOW,1
1024,706073,KAC353,2025-12-29 02:34:07,0.0,64.55777287542443,14.176890849830228,LOW,1
1025,706073,KAC354,2025-12-29 05:34:08,0.0,74.96694210325565,10.013223158697741,LOW,1
1026,706076,KAC352,2025-12-29 08:54:06,0.0,73.74772383792286,10.500910464830856,LOW,1
1027,706076,KAC303,2025-12-30 06:48:37,35.0,64.45054686482781,35.21978125406888,MEDIUM,1
1028,70612d,JZR551,2025-12-29 01:54:09,0.0,78.04790433362943,8.780838266548228,LOW,1
1029,70612d,JZR552,2025-12-29 04:44:07,0.0,97.90775412898654,0.8368983484053842,LOW,1
1030,70612d,JZR532,2025-12-30 00:58:38,0.0,78.5127202189075,8.594911912436999,LOW,1
1031,70612e,JZR533,2025-12-30 03:48:37,10.0,45.06090351535122,27.975638593859514,LOW,1
1032,70612e,JZR534,2025-12-30 07:28:36,0.0,71.71788159978165,11.312847360087341,LOW,1
1033,70612f,JZR427,2025-12-29 00:08:45,0.0,70.74449911776583,11.70220035289367,LOW,1
1034,70612f,JZR428,2025-12-29 02:04:07,0.0,86.95626443445882,5.217494226216473,LOW,1
1035,706130,JZR553,2025-12-28 23:58:46,0.0,68.95939254832894,12.416242980668427,LOW,1
1036,706130,JZR554,2025-12-29 03:14:06,0.0,90.0864505280349,3.9654197887860394,LOW,1
1037,706130,JZR1539,2025-12-30 04:18:35,0.0,66.72313575925367,13.310745696298534,LOW,1
1038,706130,JZR1540,2025-12-30 07:18:12,0.0,72.23328693219182,11.106685227123274,LOW,1
1039,706132,JZR501,2025-12-29 02:54:07,0.0,76.8974847798282,9.241006088068719,LOW,1
1040,70620a,JZR401,2025-12-29 00:18:37,35.0,51.91273671324566,40.234905314701734,MEDIUM,1
1041,70620e,JZR401,2025-12-30 00:28:37,10.0,71.84187099511371,17.263251601954515,LOW,1
1042,706210,JZR411,2025-12-30 00:18:35,0.0,99.07399930134603,0.37040027946158605,LOW,1
1043,706210,JZR411,2025-12-30 01:28:36,35.0,75.44073892215687,30.82370443113725,MEDIUM,1
1044,706210,JZR412,2025-12-30 03:18:38,0.0,78.64846834503639,8.540612661985444,LOW,1
1045,706212,JZR1539,2025-12-29 04:24:05,0.0,61.07923190482862,15.568307238068554,LOW,1
1046,706212,JZR1540,2025-12-29 07:54:02,0.0,73.69031946425916,10.523872214296336,LOW,1
1047,706212,JZR405,2025-12-30 00:18:35,35.0,57.880913764647474,37.84763449414101,MEDIUM,1
1048,706212,JZR406,2025-12-30 02:58:37,0.0,66.03546689830418,13.585813240678329,LOW,1
1049,706213,JZR531D,2025-12-29 04:34:06,0.0,53.35303547274071,18.65878581090372,LOW,1
1050,706213,JZR532D,2025-12-29 07:54:02,0.0,57.79988578286965,16.88004568685214,LOW,1
1051,706213,JZR409,2025-12-30 05:28:36,50.0,58.855035735337886,46.45798570586484,MEDIUM,1
1052,706213,JZR410,2025-12-30 07:38:20,0.0,64.50361084431756,14.198555662272975,LOW,1
1053,706214,JZR551,2025-12-30 01:08:40,0.0,60.473142893581006,15.810742842567599,LOW,1
1054,706214,JZR552,2025-12-30 05:08:39,0.0,95.07080988551785,1.9716760457928615,LOW,1
1055,70a8e7,SHA226,2025-12-29 16:51:45,0.0,75.5653019092335,9.773879236306602,LOW,1
1056,70a8e7,SHA229,2025-12-29 18:13:07,0.0,66.70479497638647,13.318082009445414,LOW,1
1057,70a8e7,SHA230,2025-12-30 07:08:35,0.0,70.95740629634258,11.617037481462967,LOW,1
1058,70a8e9,SHA230,2025-12-29 07:04:08,0.0,53.96382463609866,18.41447014556054,LOW,1
1059,70a8e9,SHA827,2025-12-29 15:51:45,0.0,63.35683206809798,14.65726717276081,LOW,1
1060,70a8eb,BHA251,2025-12-29 08:24:06,0.0,60.177189137960816,15.929124344815675,LOW,1
1061,70a8eb,BHA252,2025-12-29 10:04:07,0.0,65.08519216067651,13.965923135729396,LOW,1
1062,70a8eb,BHA662,2025-12-29 18:03:07,0.0,48.573141311989296,20.57074347520428,LOW,1
1063,70a8ee,BHA853,2025-12-29 09:54:04,0.0,51.957621419419254,19.2169514322323,LOW,1
1064,70a8ee,BHA668,2025-12-30 09:48:34,0.0,53.582087016028936,18.567165193588426,LOW,1
1065,70a8fe,SHA221,2025-12-29 08:34:04,0.0,66.70434689447774,13.318261242208905,LOW,1
1066,70a8fe,SHA222,2025-12-29 10:14:09,0.0,65.91304168504422,13.634783325982312,LOW,1
1067,70a8fe,SHA738,2025-12-29 17:01:38,0.0,59.66779832868781,16.132880668524876,LOW,1
1068,70a8fe,SHA739,2025-12-29 18:23:08,0.0,62.53640215592087,14.985439137631653,LOW,1
1069,70a8fe,,2025-12-30 08:28:35,0.0,70.13159178694697,11.947363285221213,LOW,1
1070,70a8fe,,2025-12-30 09:48:34,0.0,64.54649781125346,14.181400875498618,LOW,1
1071,70a96a,STA602,2025-12-29 08:14:07,0.0,53.28872231007851,18.684511075968597,LOW,1
1072,70a96a,STA604,2025-12-29 10:04:07,0.0,57.808230597865816,16.876707760853673,LOW,1
1073,70a96a,STA602,2025-12-30 07:48:33,0.0,60.019285201348914,15.992285919460436,LOW,1
1074,70a9a5,BHA164,2025-12-30 08:38:36,0.0,42.48192007734389,23.007231969062445,LOW,1
1075,70a9b1,BHA851,2025-12-29 08:04:08,0.0,56.08127831445345,17.56748867421862,LOW,1
1076,70a9b1,BHA960,2025-12-29 17:43:10,0.0,53.21390779984294,18.714436880062824,LOW,1
1077,70a9b1,BHA451,2025-12-30 07:38:20,0.0,64.06550290070658,14.37379883971737,LOW,1
1078,70a9b1,BHA452,2025-12-30 09:08:33,0.0,57.565837886492005,16.9736648454032,LOW,1
1079,70aa67,HIM364,2025-12-29 07:14:05,0.0,65.12494581932415,13.950021672270339,LOW,1
1080,70aa67,HIM364,2025-12-30 07:08:35,0.0,64.42304513307542,14.230781946769833,LOW,1
1081,70aa71,RNA433,2025-12-29 00:08:45,0.0,75.75468758573902,9.698124965704393,LOW,1
1082,70aa71,RNA434,2025-12-29 16:21:38,0.0,73.40794146855082,10.636823412579673,LOW,1
1083,70aa75,RNA416,2025-12-29 06:24:05,25.0,42.47510663944355,38.009957344222585,MEDIUM,1
1084,70aa75,RNA217,2025-12-29 15:51:45,0.0,33.02786707103355,26.788853171586585,LOW,-1
1085,70aa75,RNA218,2025-12-29 17:33:04,10.0,59.5543704626766,22.17825181492936,LOW,1
1086,70aa75,RNA240,2025-12-30 07:18:12,0.0,58.43681619815287,16.625273520738855,LOW,1
1087,70aa79,HIM765,2025-12-28 23:48:41,0.0,96.5033238950553,1.398670441977879,LOW,1
1088,70aa79,HIM766,2025-12-29 07:04:08,0.0,69.80823104445973,12.076707582216109,LOW,1
1089,70aa79,HIM560,2025-12-30 05:28:36,0.0,64.61632662686257,14.153469349254971,LOW,1
1090,70aa79,HIM890,2025-12-30 10:18:36,0.0,79.10840164965316,8.356639340138736,LOW,1
1091,70aebe,HIM560,2025-12-29 05:14:08,0.0,68.0156055685236,12.793757772590562,LOW,1
1092,70aebe,HIM732,2025-12-30 08:28:35,0.0,69.56427262799643,12.174290948801428,LOW,1
1093,70afb7,RNA229,2025-12-28 23:58:46,0.0,76.84798855442656,9.260804578229374,LOW,1
1094,70afb9,RNA418,2025-12-29 07:14:05,0.0,69.79646636336258,12.081413454654967,LOW,1
1095,70afb9,RNA402,2025-12-29 16:31:45,0.0,96.65466894034074,1.3381324238637036,LOW,1
1096,70afb9,RNA402,2025-12-29 17:23:08,0.0,70.05140705408722,11.979437178365112,LOW,1
1097,70afb9,RNA229,2025-12-29 23:28:38,0.0,85.93515423649902,5.6259383054003935,LOW,1
1098,70afb9,RNA230,2025-12-30 08:18:37,0.0,57.8012981086381,16.879480756544762,LOW,1
1099,70c0cc,OMA201,2025-12-30 08:28:35,35.0,72.94005287533547,31.823978849865814,MEDIUM,1
1100,70c0cc,OMA202,2025-12-30 10:18:36,25.0,43.83515452605006,37.46593818957997,MEDIUM,1
1101,70c0de,OMA246,2025-12-29 15:51:45,0.0,81.70448261175065,7.318206955299741,LOW,1
1102,70c0de,OMA241,2025-12-30 07:58:34,35.0,65.50160950455876,34.7993561981765,MEDIUM,1
1103,70c0de,OMA242,2025-12-30 10:08:34,35.0,50.41821700392616,40.83271319842954,MEDIUM,1
1104,70c0df,OMA241,2025-12-29 07:54:02,35.0,65.73645568373936,34.70541772650425,MEDIUM,1
1105,70c0e0,OMA201,2025-12-29 08:54:06,35.0,62.36793089877518,36.05282764048993,MEDIUM,1
1106,70c0f6,OMA844,2025-12-30 09:18:35,0.0,95.78145611858245,1.6874175525670183,LOW,1
1107,70c0f7,OMA833,2025-12-29 01:54:09,0.0,88.54996960649845,4.58001215740062,LOW,1
1108,70c0f7,OMA834,2025-12-29 10:14:09,0.0,97.56932966693023,0.9722681332279081,LOW,1
1109,70c0f9,OMA817,2025-12-30 02:38:38,0.0,92.83046392937125,2.867814428251501,LOW,1
1110,70c0f9,OMA817,2025-12-30 03:28:39,0.0,94.69425905088151,2.122296379647395,LOW,1
1111,70c0fa,OMA251,2025-12-29 04:34:06,0.0,96.21453759572682,1.5141849617092704,LOW,1
1112,70c0fa,OMA251,2025-12-29 05:24:05,0.0,79.69235563501483,8.123057745994066,LOW,1
1113,70c0fa,OMA252,2025-12-29 07:44:01,0.0,83.23863461968807,6.704546152124772,LOW,1
1114,70c0fb,OMA225,2025-12-29 05:24:05,35.0,63.42413415782602,35.63034633686959,MEDIUM,1
1115,70c0fc,OMA824,2025-12-29 01:24:06,0.0,98.16833360186405,0.7326665592543805,LOW,1
1116,70c0fc,OMA225,2025-12-30 05:18:34,0.0,63.44511461428727,14.621954154285092,LOW,1
1117,70c101,OMA281,2025-12-30 07:28:36,35.0,64.9738684884073,35.01045260463708,MEDIUM,1
1118,70c101,OMA282,2025-12-30 10:08:34,0.0,79.34887411565363,8.260450353738548,LOW,1
1119,70c103,OMA832,2025-12-28 23:58:46,0.0,94.21915953645279,2.312336185418883,LOW,1
1120,70c103,OMA281,2025-12-29 07:44:01,0.0,65.32884176479612,13.86846329408155,LOW,1
1121,70c104,OMA251,2025-12-30 04:48:37,0.0,94.1610676595638,2.3355729361744806,LOW,1
1122,70c104,OMA252,2025-12-30 07:48:33,0.0,86.76132616838274,5.295469532646905,LOW,1
1123,70c104,OMA252,2025-12-30 08:38:36,0.0,91.83065315957005,3.267738736171981,LOW,1
1124,70c105,OMA821,2025-12-30 00:58:38,0.0,95.65179338053646,1.7392826477854157,LOW,1
1125,70c106,OMA217,2025-12-29 06:24:05,0.0,70.01240103899293,11.995039584402827,LOW,1
1126,70c106,OMA218,2025-12-29 08:44:04,0.0,81.48575318988166,7.405698724047335,LOW,1
1127,70c109,OMA211,2025-12-29 05:44:09,0.0,59.97766203478793,16.008935186084827,LOW,1
1128,70c109,OMA212,2025-12-29 08:34:04,0.0,70.95816142374568,11.616735430501729,LOW,1
1129,70c10a,OMS783,2025-12-29 02:34:07,0.0,67.65138346336008,12.93944661465597,LOW,1
1130,70c10a,OMS784,2025-12-29 05:14:08,0.0,63.524788529964816,14.590084588014074,LOW,1
1131,70c10a,OMS783,2025-12-30 02:48:39,35.0,70.57580206423158,32.76967917430737,MEDIUM,1
1132,70c10a,OMS784,2025-12-30 05:18:34,0.0,83.91206022621351,6.435175909514595,LOW,1
1133,70c10b,OMS705,2025-12-29 02:44:02,0.0,58.74991228934832,16.50003508426067,LOW,1
1134,70c10b,OMS706,2025-12-29 04:44:07,0.0,75.26126785653624,9.895492857385506,LOW,1
1135,70c10d,OMS761,2025-12-29 03:54:07,0.0,60.77102701339447,15.691589194642212,LOW,1
1136,70c10d,OMS762,2025-12-29 05:24:05,0.0,68.70328588520147,12.518685645919414,LOW,1
1137,70c10d,OMS735,2025-12-30 02:38:38,0.0,99.05932199270231,0.3762712029190766,LOW,1
1138,70c10d,OMS736,2025-12-30 05:18:34,0.0,98.4384122563802,0.6246350974479186,LOW,1
1139,70c10e,OMS735,2025-12-29 02:14:08,0.0,99.22932028783447,0.30827188486621254,LOW,1
1140,70c10e,OMS736,2025-12-29 04:44:07,0.0,95.83971817579744,1.6641127296810225,LOW,1
1141,70c10e,OMS761,2025-12-30 03:28:39,0.0,73.6354619851393,10.54581520594428,LOW,1
1142,70c11c,OMA265,2025-12-29 08:04:08,35.0,53.03471308948091,39.78611476420764,MEDIUM,1
1143,70c11c,OMA211,2025-12-30 06:48:37,35.0,66.53686680810729,34.38525327675708,MEDIUM,1
1144,70c11d,OMA318,2025-12-29 15:51:45,0.0,76.3195713833582,9.472171446656722,LOW,1
1145,70c11d,OMA265,2025-12-30 07:38:20,35.0,66.18824891049906,34.524700435800376,MEDIUM,1
1146,70c11e,OMA235,2025-12-29 06:04:04,0.0,98.93653881133437,0.42538447546625097,LOW,1
1147,70c11e,OMA236,2025-12-29 09:24:04,0.0,99.22951392221532,0.30819443111387274,LOW,1
1148,70c122,OMA849,2025-12-29 05:44:09,0.0,93.65086288603553,2.53965484558579,LOW,1
1149,70c122,OMA850,2025-12-29 17:13:08,0.0,98.08153484981756,0.7673860600729768,LOW,1
1150,70c122,OMA849,2025-12-30 05:58:33,0.0,80.75284054224224,7.698863783103104,LOW,1
1151,70c125,OMA817,2025-12-29 02:34:07,0.0,93.2449897704252,2.7020040918299175,LOW,1
1152,70c126,OMS463,2025-12-30 03:08:38,0.0,93.00742479584375,2.7970300816625016,LOW,1
1153,70c13c,OMS401,2025-12-30 07:38:20,0.0,66.13935497007223,13.544258011971108,LOW,1
1154,70c13c,OMS402,2025-12-30 09:48:34,0.0,70.19042574253275,11.9238297029869,LOW,1
1155,70c13d,OMS497,2025-12-29 07:24:06,35.0,66.9729838293384,34.210806468264636,MEDIUM,1
1156,70c13d,OMS498,2025-12-29 09:44:08,0.0,75.88311834345234,9.646752662619065,LOW,1
1157,70c13d,OMS497,2025-12-30 07:18:12,35.0,48.63566777721213,41.54573288911515,MEDIUM,1
1158,70c13d,OMS498,2025-12-30 09:38:37,0.0,75.17428809323893,9.93028476270443,LOW,1
1159,70c13e,OMS401,2025-12-29 08:24:06,0.0,64.8375840387325,14.064966384507,LOW,1
1160,70c13e,OMS774,2025-12-30 06:48:37,0.0,97.55285529509304,0.9788578819627844,LOW,1
1161,70c149,OMS466,2025-12-29 05:54:05,0.0,94.40160379913644,2.2393584803454245,LOW,1
1162,71002a,SVA846,2025-12-30 09:58:35,0.0,91.80954097010266,3.2761836119589365,LOW,1
1163,71002b,SVA884,2025-12-30 07:08:35,0.0,86.26380933453696,5.494476266185217,LOW,1
1164,71002c,SVA887,2025-12-29 23:48:40,0.0,91.69242127286081,3.323031490855675,LOW,1
1165,71004c,SVA774,2025-12-29 17:23:08,35.0,61.07131682707113,36.57147326917155,MEDIUM,1
1166,71004e,SVA890,2025-12-29 09:04:08,35.0,60.999351235813926,36.60025950567443,MEDIUM,1
1167,710051,SVA754,2025-12-29 08:14:07,0.0,97.86942899327987,0.8522284026880528,LOW,1
1168,710051,SVA753,2025-12-30 03:18:38,0.0,99.40727968782141,0.23708812487143405,LOW,1
1169,710055,SVA813,2025-12-29 18:23:08,0.0,68.95076990792582,12.419692036829673,LOW,1
1170,710056,SVA826,2025-12-29 15:51:45,0.0,89.16374890730305,4.334500437078782,LOW,1
1171,710056,SVA827,2025-12-30 03:08:38,0.0,95.29831869615579,1.8806725215376845,LOW,1
1172,710057,SVA808,2025-12-29 10:14:09,0.0,68.5013455142079,12.599461794316841,LOW,1
1173,71005a,SVA816,2025-12-29 01:24:06,0.0,96.03902221960925,1.5843911121562997,LOW,1
1174,71005a,SVA772,2025-12-30 00:08:41,10.0,73.74907555230591,16.500369779077637,LOW,1
1175,71005a,SVA773,2025-12-30 03:08:38,0.0,84.51824527093726,6.192701891625098,LOW,1
1176,71005b,SVA784,2025-12-29 08:14:07,35.0,62.763826849836356,35.894469260065456,MEDIUM,1
1177,71005e,SVA827,2025-12-29 03:14:06,0.0,98.09184705341106,0.7632611786355767,LOW,1
1178,71005f,SVA808,2025-12-30 09:38:37,0.0,66.70562106913351,13.317751572346594,LOW,1
1179,710060,SVA803,2025-12-30 01:28:36,0.0,72.71861102584049,10.912555589663805,LOW,1
1180,710063,SVA740,2025-12-29 03:14:06,35.0,61.49058098584564,36.40376760566174,MEDIUM,1
1181,710063,SVA741,2025-12-29 07:04:08,25.0,70.89741899200402,26.641032403198395,LOW,1
1182,7100b3,SVA862,2025-12-29 06:14:08,0.0,94.62355356595137,2.1505785736194527,LOW,1
1183,7100b3,SVA862,2025-12-29 07:04:08,0.0,99.15263623996144,0.3389455040154246,LOW,1
1184,7100b3,SVA862,2025-12-30 07:18:12,0.0,97.8790707290889,0.8483717083644422,LOW,1
1185,7100b4,SVA871,2025-12-29 01:24:06,0.0,93.32979628950254,2.6680814841989844,LOW,1
1186,7100c0,SVA756,2025-12-29 10:04:07,35.0,66.0670728413303,34.57317086346788,MEDIUM,1
1187,7100c1,SVA806,2025-12-29 09:54:04,0.0,59.20142901442351,16.319428394230595,LOW,1
1188,7100c2,SVA816,2025-12-30 00:58:38,0.0,98.63657605631765,0.5453695774729397,LOW,1
1189,7100c3,SVA803,2025-12-29 01:54:09,0.0,82.85460503275227,6.858157986899091,LOW,1
1190,7100c3,SVA758,2025-12-29 17:53:07,10.0,75.31268368957338,15.87492652417065,LOW,1
1191,710100,SVA993,2025-12-30 05:48:34,0.0,93.10424092047639,2.758303631809446,LOW,1
1192,710101,SVA983,2025-12-29 08:14:07,0.0,91.8449736999908,3.2620105200036793,LOW,1
1193,710102,SVA3961,2025-12-29 23:28:38,0.0,93.70318322459413,2.5187267101623494,LOW,1
1194,710103,SVA965,2025-12-29 05:34:08,0.0,90.6312425843639,3.747502966254439,LOW,1
1195,710103,SVA963,2025-12-30 05:48:34,0.0,88.31320548482324,4.674717806070703,LOW,1
1196,710104,SVA770,2025-12-29 10:14:09,10.0,74.55853426238595,16.176586295045624,LOW,1
1197,710108,SVA772,2025-12-28 23:48:41,35.0,68.45161248384318,33.619355006462726,MEDIUM,1
1198,710108,SVA773,2025-12-29 03:04:06,0.0,75.17183496454463,9.93126601418215,LOW,1
1199,71011d,SVA889,2025-12-29 02:04:07,0.0,93.6776710909796,2.5289315636081597,LOW,1
1200,71011d,SVA852,2025-12-29 16:51:45,0.0,93.20556126302108,2.7177754947915673,LOW,1
1201,71011d,SVA852,2025-12-29 18:03:07,0.0,91.51102868329362,3.3955885266825536,LOW,1
1202,71011d,SVA853,2025-12-30 02:08:35,0.0,97.33567427247942,1.065730291008231,LOW,1
1203,710120,SVA849,2025-12-30 03:28:39,0.0,94.34145997229928,2.2634160110802894,LOW,1
1204,710124,SVA882,2025-12-29 09:54:04,0.0,89.5779183667871,4.168832653285159,LOW,1
1205,710124,SVA883,2025-12-29 23:38:34,0.0,92.19464967885938,3.122140128456249,LOW,1
1206,710415,SVA871,2025-12-30 01:28:36,0.0,95.44199717599919,1.8232011296003237,LOW,1
1207,7105ab,SVA834,2025-12-29 08:24:06,0.0,95.16450740201984,1.9341970391920655,LOW,1
1208,7105ab,SVA835,2025-12-29 18:45:15,0.0,96.91919194377778,1.2323232224888898,LOW,1
1209,7105ab,SVA834,2025-12-30 08:38:36,0.0,91.9858125259002,3.20567498963992,LOW,1
1210,7105ad,SVA841,2025-12-29 03:24:06,0.0,98.29526953930913,0.6818921842763473,LOW,1
1211,7105ad,SVA840,2025-12-29 17:23:08,0.0,86.96696613581727,5.213213545673091,LOW,1
1212,7105ad,SVA841,2025-12-30 03:08:38,0.0,98.3450089317307,0.6619964273077188,LOW,1
1213,7105af,SVA856,2025-12-29 08:14:07,0.0,99.12431699451754,0.3502732021929831,LOW,1
1214,7105af,SVA857,2025-12-30 03:48:37,0.0,96.69783931013986,1.320864275944058,LOW,1
1215,7105b1,SVA844,2025-12-29 09:24:04,0.0,90.74550853887268,3.7017965844509266,LOW,1
1216,7105b1,SVA845,2025-12-29 16:01:36,0.0,96.9944661134888,1.202213554604481,LOW,1
1217,7105b1,SVA845,2025-12-29 17:33:04,0.0,91.70167617979968,3.3193295280801296,LOW,1
1218,7105b2,SVA3624,2025-12-29 17:43:10,0.0,90.50045801995009,3.799816792019965,LOW,1
1219,7105b2,SVA3625,2025-12-30 02:58:37,0.0,95.2749214540682,1.8900314183727176,LOW,1
1220,7105bc,KNE321,2025-12-29 02:24:07,0.0,35.568038763153915,25.77278449473844,LOW,-1
1221,7105bc,KNE322,2025-12-29 04:44:07,35.0,53.00108750612467,39.799564997550135,MEDIUM,1
1222,710d9c,KNE329,2025-12-29 02:24:07,0.0,66.41568842886919,13.433724628452325,LOW,1
1223,710d9c,KNE329,2025-12-29 09:34:05,0.0,74.58070488497656,10.167718046009378,LOW,1
1224,710d9c,KNE330D,2025-12-30 02:58:37,0.0,76.8586051780171,9.25655792879316,LOW,1
1225,717c74,KNE333,2025-12-30 08:38:36,0.0,66.23936703979342,13.504253184082632,LOW,1
1226,717c76,KNE896,2025-12-30 09:28:35,10.0,65.6625075877344,19.734996964906244,LOW,1
1227,717ccb,KNE333,2025-12-29 10:24:06,0.0,91.37672864955942,3.4493085401762302,LOW,1
1228,717cd3,FAD656,2025-12-29 16:01:36,35.0,53.586527878315074,39.565388848673976,MEDIUM,1
1229,717ce7,KNE325,2025-12-30 06:38:36,0.0,99.07399930134603,0.37040027946158605,LOW,1
1230,717ce7,KNE326,2025-12-30 09:58:35,0.0,97.62089558998186,0.9516417640072575,LOW,1
1231,71c345,KAL952,2025-12-29 01:44:09,0.0,91.18327882758861,3.5266884689645566,LOW,1
1232,71c345,KAL497,2025-12-29 15:51:45,0.0,59.03782582450174,16.384869670199304,LOW,1
1233,71c391,KAL952,2025-12-30 01:58:37,0.0,86.54443903750779,5.382224384996886,LOW,1
1234,728642,IAW441,2025-12-30 03:48:37,10.0,82.27455615125879,13.090177539496484,LOW,1
1235,728683,IAW474,2025-12-29 04:44:07,0.0,96.89085300988576,1.2436587960456962,LOW,1
1236,73348b,IRB9775,2025-12-29 00:48:39,0.0,96.36764136805317,1.4529434527787317,LOW,1
1237,733545,IRM051,2025-12-29 04:44:07,25.0,20.067729341386602,46.97290826344536,MEDIUM,-1
1238,733545,IRM050,2025-12-30 00:28:37,0.0,94.5468952071111,2.1812419171555577,LOW,1
1239,7335b1,IRM087,2025-12-29 01:44:09,0.0,79.6347561055438,8.14609755778248,LOW,1
1240,7335b1,IRM086,2025-12-30 00:58:38,0.0,79.24567162331395,8.30173135067442,LOW,1
1241,738073,ELY081,2025-12-30 10:08:34,0.0,96.94064436553785,1.2237422537848603,LOW,1
1242,738075,ELY082,2025-12-29 01:34:05,0.0,96.40417076125846,1.4383316954966177,LOW,1
1243,738076,ELY082,2025-12-30 01:38:40,0.0,97.14568456897632,1.1417261724094716,LOW,1
1244,7380c0,ELY083,2025-12-29 08:54:06,0.0,92.93233196306788,2.827067214772848,LOW,1
1245,7380c0,ELY084,2025-12-29 18:25:18,0.0,97.51292398095325,0.9948304076187015,LOW,1
1246,7380cc,ELY083,2025-12-30 08:18:37,0.0,90.78840003886843,3.6846399844526276,LOW,1
1247,744823,RJA190,2025-12-30 02:58:37,0.0,78.24511052096285,8.701955791614859,LOW,1
1248,75002b,XAX605,2025-12-30 02:38:38,0.0,92.55197955540132,2.9792081778394732,LOW,1
1249,75006f,XAX605,2025-12-29 01:44:09,0.0,88.3094840680005,4.6762063727998,LOW,1
1250,750140,AXM9,2025-12-29 23:58:37,0.0,70.33407703039738,11.866369187841048,LOW,1
1251,750140,AXM8,2025-12-30 01:28:36,0.0,82.55518837497094,6.977924650011625,LOW,1
1252,7501e9,XAX701,2025-12-29 04:04:06,0.0,93.3691472620938,2.6523410951624786,LOW,1
1253,7501e9,XAX700,2025-12-29 16:01:36,0.0,90.01490012575276,3.9940399496988963,LOW,1
1254,7501e9,XAX701,2025-12-30 03:48:37,0.0,97.63513670660625,0.9459453173575014,LOW,1
1255,750208,MAS109,2025-12-29 00:48:39,0.0,66.33197921728971,13.467208313084114,LOW,1
1256,750208,MAS185,2025-12-30 00:38:34,0.0,76.13770094650397,9.544919621398412,LOW,1
1257,75020e,MAS115,2025-12-29 23:28:38,0.0,97.0123225833508,1.1950709666596822,LOW,1
1258,750254,MAS115,2025-12-28 23:48:41,0.0,71.30327986451347,11.478688054194613,LOW,1
1259,750254,MAS195,2025-12-30 00:18:35,0.0,67.55306618791391,12.978773524834436,LOW,1
1260,750257,MAS191,2025-12-28 23:48:41,0.0,88.66651188567789,4.533395245728843,LOW,1
1261,750259,MAS151,2025-12-29 01:44:09,0.0,97.71010925759003,0.9159562969639865,LOW,1
1262,750259,MAS155,2025-12-30 02:58:37,0.0,97.5823843497077,0.9670462601169221,LOW,1
1263,75025a,MAS164,2025-12-30 03:38:37,0.0,98.64001227657886,0.5439950893684568,LOW,1
1264,75025b,MAS190,2025-12-29 18:45:15,0.0,89.22510844560811,4.309956621756754,LOW,1
1265,75025b,MAS191,2025-12-30 01:48:39,0.0,26.040507166724016,29.583797133310398,LOW,-1
1266,75025d,MAS164,2025-12-29 03:54:07,0.0,91.63239273278323,3.347042906886708,LOW,1
1267,75025f,MAS195,2025-12-29 00:28:46,0.0,73.8284594802368,10.46861620790528,LOW,1
1268,750263,MAS6244,2025-12-29 16:51:45,0.0,96.2644789220457,1.4942084311817212,LOW,1
1269,750263,MAS6244,2025-12-29 17:53:07,0.0,70.95927086597506,11.616291653609977,LOW,1
1270,75026b,XAX183,2025-12-28 23:48:41,0.0,71.12612820851034,11.549548716595865,LOW,1
1271,750281,MAS117,2025-12-29 00:18:37,0.0,73.28661753674123,10.685352985303508,LOW,1
1272,75029e,MAS7070,2025-12-28 23:48:41,10.0,75.04502900304428,15.98198839878229,LOW,1
1273,75029e,MAS7071,2025-12-29 01:54:09,0.0,82.05839672268219,7.176641310927124,LOW,1
1274,7502c2,MXD161,2025-12-30 01:08:40,0.0,79.84842473002412,8.060630107990352,LOW,1
1275,7502d8,MXD131,2025-12-29 15:51:45,0.0,66.13431247210202,13.54627501115919,LOW,1
1276,7502d8,MXD132,2025-12-29 18:03:07,35.0,47.128630938451195,42.148547624619525,MEDIUM,1
1277,7502da,MXD165,2025-12-29 23:38:34,0.0,78.14666981737435,8.741332073050263,LOW,1
1278,7502db,MXD206,2025-12-28 23:48:41,0.0,95.85881101419467,1.6564755943221314,LOW,1
1279,75031a,MAS184,2025-12-28 23:48:41,0.0,14.83833074704225,34.064667701183104,MEDIUM,-1
1280,75031a,MAS185,2025-12-29 01:24:06,0.0,64.91087930115373,14.03564827953851,LOW,1
1281,7503b1,AXM14,2025-12-28 23:48:41,0.0,94.9945762445998,2.0021695021600805,LOW,1
1282,7503e6,9MIII,2025-12-29 17:43:10,0.0,98.28618717042488,0.6855251318300475,LOW,1
1283,750419,AXM18,2025-12-28 23:58:46,0.0,94.88226406166146,2.0470943753354165,LOW,1
1284,750421,MXD713,2025-12-30 00:18:35,0.0,96.71145316682086,1.315418733271656,LOW,1
1285,750421,MXD714,2025-12-30 07:58:34,0.0,98.80106574469562,0.47957370212175193,LOW,1
1286,750422,MXD756,2025-12-29 02:14:08,0.0,37.719726984888844,24.912109206044462,LOW,-1
1287,750423,MXD713,2025-12-29 00:38:36,0.0,96.80507040792394,1.277971836830426,LOW,1
1288,750423,MXD713,2025-12-29 01:44:09,0.0,97.88153076247929,0.8473876950082855,LOW,1
1289,750423,MXD714,2025-12-29 08:24:06,0.0,92.68797583823073,2.924809664707709,LOW,1
1290,750425,MXD186,2025-12-29 18:45:15,0.0,96.1803624115069,1.5278550353972378,LOW,1
1291,750447,MXD706,2025-12-29 07:24:06,0.0,96.23480727940509,1.5060770882379644,LOW,1
1292,75044a,MAS3,2025-12-29 00:08:45,0.0,91.68418033287703,3.3263278668491867,LOW,1
1293,75044a,MAS20,2025-12-30 00:28:37,0.0,89.91829648652154,4.032681405391384,LOW,1
1294,75044b,MAS2,2025-12-30 01:08:40,0.0,96.01124375947482,1.595502496210071,LOW,1
1295,75044c,MAS21,2025-12-28 23:58:46,0.0,92.51312046577694,2.9947518136892257,LOW,1
1296,75044d,MAS2,2025-12-29 01:44:09,0.0,97.5374815241449,0.9850073903420423,LOW,1
1297,75044d,MAS3,2025-12-29 23:28:38,0.0,76.11255687556215,9.55497724977514,LOW,1
1298,75044e,MAS20,2025-12-29 01:44:09,0.0,97.07309531265128,1.1707618749394897,LOW,1
1299,75044e,MAS21,2025-12-30 00:18:35,0.0,91.4943507163584,3.4022597134566412,LOW,1
1300,750463,AXM32,2025-12-30 00:48:35,0.0,73.72877896772216,10.508488412911134,LOW,1
1301,75046c,MAS157,2025-12-29 07:54:02,0.0,94.03048091866123,2.3878076325355098,LOW,1
1302,75046c,MAS157,2025-12-30 07:58:34,0.0,94.78213093475767,2.08714762609693,LOW,1
1303,75046e,MAS159,2025-12-29 06:44:08,0.0,94.71606736568131,2.1135730537274755,LOW,1
1304,75046e,MAS158,2025-12-29 16:41:44,0.0,93.7860501811178,2.48557992755288,LOW,1
1305,75046e,MAS159,2025-12-30 03:38:37,0.0,99.19310502955787,0.32275798817685203,LOW,1
1306,750492,AXM36,2025-12-30 00:48:35,0.0,65.50178624625114,13.799285501499543,LOW,1
1307,7504af,AXM64,2025-12-28 23:48:41,0.0,96.29642533764553,1.4814298649417879,LOW,1
1308,7504af,AXM64,2025-12-29 23:28:38,0.0,78.99776508887182,8.400893964451274,LOW,1
1309,7504fe,AXM70,2025-12-29 23:28:38,0.0,75.48859827137932,9.804560691448273,LOW,1
1310,750525,XAX182,2025-12-29 23:28:38,0.0,48.43811228406067,20.624755086375732,LOW,1
1311,750525,XAX183,2025-12-30 02:38:38,35.0,52.272572813565674,40.09097087457373,MEDIUM,1
1312,750543,XAX122,2025-12-29 15:51:45,0.0,96.80402187754488,1.2783912489820466,LOW,1
1313,75054f,MAS197,2025-12-29 23:28:38,35.0,54.15316561187303,39.338733755250786,MEDIUM,1
1314,750550,MAS197,2025-12-28 23:48:41,0.0,80.28973564954777,7.884105740180894,LOW,1
1315,750552,MAS118D,2025-12-30 09:48:34,0.0,92.22440249290284,3.1102390028388642,LOW,1
1316,750555,MAS119D,2025-12-29 15:51:45,0.0,96.11180651184698,1.5552773952612087,LOW,1
1317,750556,MAS170,2025-12-29 09:54:04,0.0,98.33906998107702,0.6643720075691931,LOW,1
1318,750556,MAS117,2025-12-30 00:18:35,0.0,73.88286882470771,10.446852470116916,LOW,1
1319,750556,MAS172,2025-12-30 09:38:37,0.0,88.98112512315312,4.407549950738752,LOW,1
1320,750562,AXM94,2025-12-29 15:51:45,0.0,96.34764093904164,1.4609436243833445,LOW,1
1321,750562,AXM94,2025-12-29 17:43:10,0.0,73.54667461836998,10.58133015265201,LOW,1
1322,750573,MXD706,2025-12-30 09:28:35,0.0,95.63750021430768,1.7449999142769288,LOW,1
1323,750574,MXD161,2025-12-29 00:08:45,35.0,36.00756882804431,46.596972468782276,MEDIUM,-1
1324,750581,MXD215,2025-12-29 23:28:38,0.0,68.15686991217989,12.737252035128046,LOW,1
1325,750581,MXD216,2025-12-30 01:28:36,25.0,55.595611869822946,32.76175525207083,MEDIUM,1
1326,750582,MXD206,2025-12-30 01:38:40,0.0,53.719810760605846,18.512075695757662,LOW,1
1327,750583,MXD216,2025-12-29 00:48:39,0.0,72.05132038591329,11.179471845634687,LOW,1
1328,750583,MXD216,2025-12-29 02:04:07,0.0,98.09847511752788,0.7606099529888468,LOW,1
1329,750591,MAS170,2025-12-30 10:08:34,0.0,98.07954590093993,0.7681816396240265,LOW,1
1330,7582f5,PAL659,2025-12-29 02:24:07,0.0,84.28890902623401,6.284436389506396,LOW,1
1331,7582f5,PAL658,2025-12-29 15:51:45,0.0,94.92199929996204,2.0312002800151845,LOW,1
1332,7582f5,PAL658,2025-12-29 16:51:45,0.0,98.14308263297538,0.7427669468098487,LOW,1
1333,7582f5,PAL659,2025-12-30 01:38:40,0.0,82.98405902690386,6.806376389238455,LOW,1
1334,758308,PAL685,2025-12-29 07:34:07,0.0,93.12280069015226,2.750879723939096,LOW,1
1335,758308,PAL685,2025-12-30 08:28:35,0.0,91.20924194519955,3.5163032219201797,LOW,1
1336,758337,PAL655,2025-12-29 03:04:06,0.0,93.22215757843205,2.711136968627182,LOW,1
1337,75833b,PAL654,2025-12-29 15:51:45,0.0,97.15328755235136,1.1386849790594569,LOW,1
1338,75833b,PAL655,2025-12-30 02:18:37,0.0,90.51025945619281,3.795896217522875,LOW,1
1339,75875f,CEB015,2025-12-29 03:04:06,0.0,94.75579255190287,2.0976829792388516,LOW,1
1340,75875f,CEB018,2025-12-29 16:01:36,0.0,96.27571987329098,1.4897120506836075,LOW,1
1341,75875f,CEB018,2025-12-29 17:43:10,0.0,96.6680180196869,1.3327927921252412,LOW,1
1342,75875f,CEB019,2025-12-30 02:08:35,0.0,85.10732851682394,5.957068593270424,LOW,1
1343,758773,CEB014,2025-12-29 17:13:08,0.0,97.85457884787708,0.8581684608491685,LOW,1
1344,758773,CEB014,2025-12-29 18:45:15,0.0,95.84212752658594,1.6631489893656237,LOW,1
1345,758773,CEB015,2025-12-30 02:48:39,0.0,79.71524184785956,8.113903260856176,LOW,1
1346,760970,APBKP,2025-12-29 18:03:07,0.0,56.82705770597866,17.269176917608537,LOW,1
1347,7609b6,PIA248,2025-12-29 05:24:05,0.0,79.31068340051824,8.275726639792703,LOW,1
1348,7609ee,PIA305,2025-12-29 17:53:07,35.0,74.73611357013884,31.105554571944467,MEDIUM,1
1349,7609f1,FJL513,2025-12-29 02:54:07,0.0,74.01487657902094,10.394049368391627,LOW,1
1350,760a05,FJL503,2025-12-29 03:34:08,0.0,72.48303512807882,11.00678594876847,LOW,1
1351,76b449,SIA762,2025-12-29 08:14:07,0.0,48.76615836151192,20.493536655395232,LOW,1
1352,76b451,SIA441,2025-12-28 23:48:41,0.0,79.675202179506,8.1299191281976,LOW,1
1353,76b452,SIA535,2025-12-29 23:38:34,0.0,68.64542074748793,12.541831701004828,LOW,1
1354,76b452,SIA762,2025-12-30 07:58:34,0.0,50.71212653272668,19.71514938690933,LOW,1
1355,76b453,SIA441,2025-12-29 23:28:38,0.0,85.12851710152361,5.948593159390555,LOW,1
1356,76b863,TGW531,2025-12-28 23:48:41,0.0,68.89294601134755,12.442821595460982,LOW,1
1357,76b864,TGW531,2025-12-29 23:48:40,0.0,71.08329655407161,11.566681378371356,LOW,1
1358,76bcc8,TGW513,2025-12-29 16:11:36,25.0,27.711592196208137,43.91536312151675,MEDIUM,-1
1359,76bccb,TGW596,2025-12-29 18:13:07,0.0,97.13063541967016,1.1477458321319376,LOW,1
1360,76bccb,TGW597,2025-12-30 05:28:36,0.0,89.76746068770174,4.0930157249193035,LOW,1
1361,76bccc,TGW50,2025-12-29 03:34:08,0.0,93.29883991589108,2.6804640336435686,LOW,1
1362,76bccc,TGW50,2025-12-29 05:14:08,0.0,94.605025211625,2.157989915349998,LOW,1
1363,76bcce,TGW60,2025-12-30 03:48:37,0.0,70.96725313228252,11.613098747086992,LOW,1
1364,76cc61,SIA422,2025-12-29 09:44:08,0.0,80.44487113682628,7.822051545269488,LOW,1
1365,76cc6a,SIA447,2025-12-29 23:58:37,0.0,68.51835576426136,12.592657694295458,LOW,1
1366,76cc6c,SIA402,2025-12-30 03:08:38,0.0,96.55155939530651,1.3793762418773952,LOW,1
1367,76cc6c,SIA402,2025-12-30 04:48:37,35.0,79.19265940639302,29.322936237442793,LOW,1
1368,76cc6c,SIA401,2025-12-30 10:08:34,0.0,71.5696048813287,11.37215804746852,LOW,1
1369,76cc71,SIA447,2025-12-29 00:18:37,0.0,76.32072638770768,9.471709444916929,LOW,1
1370,76cc76,SIA422,2025-12-30 09:48:34,35.0,76.47374634957562,30.410501460169755,MEDIUM,1
1371,76cc81,SIA402,2025-12-29 02:24:07,0.0,96.53542461442332,1.3858301542306721,LOW,1
1372,76cc81,SIA402,2025-12-29 03:14:06,0.0,55.79069093726395,17.68372362509442,LOW,1
1373,76cc81,SIA401,2025-12-29 10:14:09,0.0,67.69539367285613,12.92184253085755,LOW,1
1374,76cccb,SIA7343,2025-12-30 04:48:37,0.0,96.93873919418867,1.224504322324532,LOW,1
1375,76cce1,SIA21,2025-12-29 09:44:08,0.0,84.96838954235996,6.012644183056017,LOW,1
1376,76cce3,SIA23,2025-12-28 23:58:46,0.0,93.9657395658892,2.4137041736443225,LOW,1
1377,76cce6,SIA23,2025-12-29 23:28:38,0.0,90.83593437468768,3.6656262501249275,LOW,1
1378,76cce7,SIA21,2025-12-30 08:48:37,0.0,75.65563915629006,9.737744337483974,LOW,1
1379,76cd01,SIA508,2025-12-29 10:04:07,0.0,71.70093435432416,11.319626258270336,LOW,1
1380,76cd02,SIA517,2025-12-28 23:48:41,35.0,55.41347756939162,38.83460897224336,MEDIUM,1
1381,76cd17,SIA517,2025-12-29 23:38:34,50.0,32.099864453333005,57.1600542186668,MEDIUM,-1
1382,76cd17,SIA508,2025-12-30 10:08:34,0.0,74.67917323730184,10.128330705079264,LOW,1
1383,76cd43,SIA328,2025-12-30 01:38:40,0.0,98.787545994079,0.4849816023684014,LOW,1
1384,76cd48,SIA352,2025-12-29 01:44:09,0.0,71.46496945370146,11.414012218519417,LOW,1
1385,76cd6d,SIA317,2025-12-28 23:48:41,0.0,83.12259642039523,6.75096143184191,LOW,1
1386,76cd6d,SIA325,2025-12-30 08:38:36,0.0,88.0812284930662,4.767508602773518,LOW,1
1387,76cd6e,SIA403,2025-12-28 23:48:41,0.0,95.36088059623765,1.8556477615049403,LOW,1
1388,76cd6e,SIA319,2025-12-30 09:18:35,0.0,81.46737704833488,7.4130491806660475,LOW,1
1389,76cd70,SIA319,2025-12-29 09:34:05,0.0,86.23009432907863,5.5079622683685505,LOW,1
1390,76cd71,SIA406,2025-12-29 17:43:10,0.0,81.80273780765133,7.27890487693947,LOW,1
1391,76cd71,SIA403,2025-12-30 00:08:41,0.0,45.40615991313011,21.837536034747956,LOW,1
1392,76cd72,SIA322,2025-12-30 00:28:37,0.0,98.38726396006952,0.6450944159721929,LOW,1
1393,76cd72,SIA322,2025-12-30 01:58:37,0.0,91.44078708211931,3.4236851671522746,LOW,1
1394,76cd76,SIA423,2025-12-28 23:58:46,0.0,64.76298737971952,14.094805048112192,LOW,1
1395,76cd76,SIA423,2025-12-29 23:58:37,10.0,60.47404012138168,21.810383951447328,LOW,1
1396,76cd79,SIA322,2025-12-29 01:44:09,0.0,98.90617503662766,0.43752998534893667,LOW,1
1397,76cd79,SIA317,2025-12-29 23:28:38,0.0,76.45199107231666,9.419203571073337,LOW,1
1398,76cd7a,SIA325,2025-12-29 08:44:04,0.0,85.79855390213531,5.680578439145876,LOW,1
1399,76cda1,SIA392,2025-12-29 03:14:06,0.0,98.05743751456721,0.7770249941731152,LOW,1
1400,76cda2,SIA301,2025-12-28 23:58:46,0.0,79.0966567192353,8.361337312305881,LOW,1
1401,76cda4,SIA304,2025-12-30 01:18:37,0.0,95.57900477863609,1.7683980885455641,LOW,1
1402,76cda7,SIA327,2025-12-28 23:48:41,0.0,88.11419523966795,4.75432190413282,LOW,1
1403,76cda7,SIA312,2025-12-30 01:58:37,0.0,93.95165423243142,2.419338307027431,LOW,1
1404,76cda8,SIA356,2025-12-29 00:54:10,0.0,99.77519710977114,0.08992115609154326,LOW,1
1405,76cda8,SIA355,2025-12-30 00:28:37,0.0,77.53559497816917,8.985762008732332,LOW,1
1406,76cdaa,SIA366,2025-12-30 03:08:38,0.0,95.31828897610636,1.8726844095574564,LOW,1
1407,76cdae,SIA356,2025-12-30 00:58:38,0.0,97.83902032718296,0.8643918691268141,LOW,1
1408,76cdb0,SIA304,2025-12-29 01:14:06,0.0,96.71653428944704,1.313386284221184,LOW,1
1409,76cdb0,SIA303,2025-12-30 00:28:37,0.0,86.26164428492318,5.495342286030729,LOW,1
1410,76cdb1,SIA328,2025-12-29 01:24:06,0.0,74.4168871749401,10.23324513002396,LOW,1
1411,76cdb1,SIA327,2025-12-29 23:28:38,0.0,73.2693156075726,10.692273756970962,LOW,1
1412,76cdb3,SIA352,2025-12-30 01:58:37,0.0,97.53150450029126,0.987398199883495,LOW,1
1413,76cdb4,SIA302,2025-12-30 03:38:37,0.0,96.52496906599141,1.3900123736034347,LOW,1
1414,76cdb5,SIA324,2025-12-29 00:38:36,0.0,73.8992281454318,10.440308741827279,LOW,1
1415,76cdb5,SIA323,2025-12-29 23:28:38,0.0,90.64000295917299,3.7439988163308047,LOW,1
1416,76cdb7,SIA377,2025-12-29 00:38:36,0.0,90.369361696381,3.852255321447598,LOW,1
1417,76cdb7,SIA324,2025-12-30 01:18:37,0.0,98.72901894563938,0.5083924217442473,LOW,1
1418,76cdb9,SIA312,2025-12-29 00:48:39,0.0,66.27235329388459,13.491058682446164,LOW,1
1419,76cdba,SIA388,2025-12-29 00:38:36,0.0,58.94012922286133,16.42394831085547,LOW,1
1420,76cdba,SIA387,2025-12-29 23:58:37,0.0,83.59468289545929,6.562126841816286,LOW,1
1421,76cee2,SIA306,2025-12-29 03:44:06,0.0,97.33111626700642,1.0675534931974313,LOW,1
1422,76cee2,SIA305,2025-12-29 23:28:38,0.0,95.33784943475742,1.8648602260970337,LOW,1
1423,76cee9,SIA335,2025-12-28 23:48:41,0.0,97.4230072304328,1.0307971078268794,LOW,1
1424,76cee9,SIA346,2025-12-30 02:28:35,0.0,98.278263228095,0.6886947087620001,LOW,1
1425,76cee9,SIA346,2025-12-30 03:58:40,0.0,94.22163610109277,2.3113455595628922,LOW,1
1426,76ceeb,SIA26,2025-12-29 01:14:06,0.0,98.12903767235942,0.7483849310562335,LOW,1
1427,76ceec,SIA495,2025-12-28 23:48:41,0.0,97.76008049818438,0.8959678007262483,LOW,1
1428,76ceef,SIA494,2025-12-29 15:51:45,0.0,96.3599828299506,1.4560068680197618,LOW,1
1429,76ceef,SIA495,2025-12-29 23:28:38,0.0,96.7121509065879,1.3151396373648425,LOW,1
1430,76cef0,SIA346,2025-12-29 02:24:07,0.0,92.67183447068565,2.931266211725739,LOW,1
1431,76cef0,SIA346,2025-12-29 03:54:07,0.0,96.4126826612883,1.4349269354846799,LOW,1
1432,76cef0,SIA345,2025-12-29 23:28:38,0.0,98.06013428422871,0.7759462863085163,LOW,1
1433,76cef1,SIA336,2025-12-29 01:44:09,0.0,97.85745174557867,0.8570193017685312,LOW,1
1434,76cef6,SIA25,2025-12-30 00:18:35,0.0,95.23406432208532,1.9063742711658733,LOW,1
1435,76cef7,SIA306,2025-12-30 02:08:35,0.0,71.32272627405764,11.470909490376943,LOW,1
1436,76cef9,SIA336,2025-12-30 01:08:40,0.0,72.71017566435476,10.915929734258095,LOW,1
1437,76cefa,SIA26,2025-12-30 01:08:40,0.0,95.73741561199289,1.7050337552028454,LOW,1
1438,77044d,ALK191,2025-12-29 02:54:07,0.0,95.01345395530592,1.994618417877632,LOW,1
1439,77044d,ALK191,2025-12-29 04:44:07,0.0,79.25808717593658,8.296765129625369,LOW,1
1440,77044d,ALK192,2025-12-29 07:24:06,25.0,61.62085534668308,30.35165786132677,MEDIUM,1
1441,77044d,ALK195,2025-12-29 16:51:45,0.0,80.04423353541657,7.982306585833374,LOW,1
1442,77044d,ALK196,2025-12-29 18:45:15,0.0,60.17322339181497,15.930710643274011,LOW,1
1443,77044e,ALK151,2025-12-29 03:34:08,0.0,85.30026449445802,5.879894202216793,LOW,1
1444,77044e,ALK152,2025-12-29 08:44:04,0.0,67.59857477416068,12.960570090335729,LOW,1
1445,770454,ALK143,2025-12-29 18:25:18,0.0,92.80264784382072,2.8789408624717114,LOW,1
1446,770454,ALK173,2025-12-30 01:48:39,35.0,71.71844654279899,32.31262138288041,MEDIUM,1
1447,770454,ALK174,2025-12-30 03:58:40,0.0,67.9693426664782,12.812262933408721,LOW,1
1448,77058c,ALK558,2025-12-29 03:04:06,0.0,75.53324608222911,9.786701567108356,LOW,1
1449,77058f,ALK506,2025-12-29 02:04:07,0.0,78.36655475203598,8.653378099185607,LOW,1
1450,770590,ALK89L,2025-12-29 10:14:09,0.0,84.6134259132527,6.154629634698921,LOW,1
1451,770590,ALK26L,2025-12-30 05:08:39,0.0,72.4003223619288,11.039871055228481,LOW,1
1452,770592,ALK26L,2025-12-29 04:04:06,0.0,72.27363036211659,11.090547855153364,LOW,1
1453,770594,ALK266,2025-12-30 06:18:36,0.0,67.84882915666678,12.860468337333288,LOW,1
1454,7705c1,ALK218,2025-12-29 04:44:07,0.0,81.01375533564398,7.594497865742409,LOW,1
1455,7705c1,ALK191,2025-12-30 03:18:38,35.0,70.9504154124497,32.61983383502012,MEDIUM,1
1456,7705c1,ALK192,2025-12-30 05:28:36,25.0,58.39374600685548,31.64250159725781,MEDIUM,1
1457,7705c3,ALK266,2025-12-29 06:24:05,0.0,83.84798338796163,6.460806644815347,LOW,1
1458,7705c3,ALK254,2025-12-30 05:38:33,0.0,82.92921258186006,6.828314967255977,LOW,1
1459,7705c4,ALK254,2025-12-29 05:14:08,0.0,79.5094021370781,8.19623914516876,LOW,1
1460,7705c4,ALK218,2025-12-30 04:58:38,0.0,88.36987300910842,4.652050796356633,LOW,1
1461,7705c6,ALK230,2025-12-29 04:24:05,0.0,74.08580812932932,10.365676748268271,LOW,1
1462,7705c6,ALK161,2025-12-29 09:04:08,0.0,56.52588658791544,17.389645364833825,LOW,1
1463,7705c6,ALK230,2025-12-30 06:08:34,0.0,82.21566426887485,7.1137342924500615,LOW,1
1464,77170d,OMS437,2025-12-29 03:34:08,0.0,75.21579451465678,9.913682194137289,LOW,1
1465,77170d,OMS438,2025-12-29 06:24:05,0.0,88.29316836160874,4.682732655356506,LOW,1
1466,77170d,OMS437,2025-12-30 02:38:38,0.0,68.20301275346559,12.718794898613766,LOW,1
1467,77170d,OMS438,2025-12-30 06:38:36,0.0,96.57473288349158,1.370106846603369,LOW,1
1468,77170e,EXV932,2025-12-29 23:28:38,0.0,97.58060956065374,0.9677561757385036,LOW,1
1469,77181f,EXV932,2025-12-28 23:48:41,0.0,86.83332506580273,5.26666997367891,LOW,1
1470,773645,ALK141,2025-12-29 00:18:37,0.0,68.25500154896183,12.697999380415268,LOW,1
1471,773645,ALK142,2025-12-29 04:04:06,0.0,54.55975250438475,18.1760989982461,LOW,1
1472,773645,ALK141,2025-12-30 00:18:35,0.0,60.685234082659974,15.72590636693601,LOW,1
1473,773645,ALK142,2025-12-30 03:08:38,0.0,49.41368786502412,20.23452485399035,LOW,1
1474,780193,CPA632,2025-12-30 03:48:37,0.0,84.41403022727094,6.234387909091623,LOW,1
1475,78021a,CPA018,2025-12-29 00:28:46,0.0,91.41832237917635,3.4326710483294622,LOW,1
1476,78021a,CPA045,2025-12-29 16:51:45,0.0,95.1623325283942,1.935066988642319,LOW,1
1477,78021a,CPA044,2025-12-29 23:48:40,0.0,82.97188579965807,6.811245680136773,LOW,1
1478,780231,CPA037,2025-12-29 07:54:02,0.0,52.51509289087382,18.993962843650475,LOW,1
1479,78029e,CSS335,2025-12-29 05:04:06,0.0,89.98042147858294,4.007831408566824,LOW,1
1480,78044f,CAO3063,2025-12-29 04:44:07,0.0,94.69875350581088,2.1204985976756463,LOW,1
1481,78044f,CAO3063,2025-12-29 07:24:06,0.0,96.60124776281882,1.359500894872474,LOW,1
1482,78044f,CAO3064,2025-12-29 15:51:45,0.0,96.09648920239937,1.5614043190402527,LOW,1
1483,78044f,CAO3064,2025-12-29 17:01:38,0.0,93.14674774055952,2.7413009037761924,LOW,1
1484,7805dc,CKK251,2025-12-29 05:04:06,0.0,88.4424870167309,4.623005193307643,LOW,1
1485,7805dc,CKK251,2025-12-29 07:24:06,0.0,97.38674388703139,1.0453024451874455,LOW,1
1486,780654,CSG2553,2025-12-29 07:24:06,0.0,87.48196734009156,5.007213063963377,LOW,1
1487,780890,CES714,2025-12-29 02:44:02,0.0,94.31160699470527,2.2753572021178914,LOW,1
1488,7808e7,CES238,2025-12-29 04:04:06,0.0,95.49776061744433,1.800895753022269,LOW,1
1489,780a0e,CPA627,2025-12-29 23:28:38,0.0,88.87503136007219,4.449987455971126,LOW,1
1490,780a0e,CPA672,2025-12-30 03:58:40,0.0,79.6941796653093,8.122328133876278,LOW,1
1491,780a2a,CPA679,2025-12-28 23:48:41,0.0,53.990968331243046,18.40361266750278,LOW,1
1492,780a2a,CPA694,2025-12-29 03:44:06,0.0,40.36526325169202,23.85389469932319,LOW,-1
1493,780a3d,CPA3117,2025-12-29 09:04:08,0.0,93.04397186367119,2.7824112545315245,LOW,1
1494,780a3d,CPA3118,2025-12-29 15:51:45,0.0,88.20216374119649,4.719134503521405,LOW,1
1495,780a63,CPA663,2025-12-30 00:18:35,0.0,82.76713874867656,6.893144500529377,LOW,1
1496,780a63,CPA660,2025-12-30 02:48:39,35.0,58.960794017929466,37.41568239282822,MEDIUM,1
1497,780a63,CPA660,2025-12-30 04:08:35,0.0,86.32284284082907,5.470862863668373,LOW,1
1498,780a64,CPA738,2025-12-29 04:34:06,0.0,94.54816691253815,2.18073323498474,LOW,1
1499,780a64,CPA679,2025-12-29 23:28:38,0.0,74.84202832631776,10.063188669472897,LOW,1
1500,780a64,CPA694,2025-12-30 03:08:38,0.0,40.193677767721354,23.92252889291146,LOW,-1
1501,780a66,CPA663,2025-12-28 23:58:46,10.0,76.44198414026454,15.423206343894185,LOW,1
1502,780a66,CPA660,2025-12-29 02:24:07,35.0,58.780792781131616,37.48768288754735,MEDIUM,1
1503,780a66,CPA660,2025-12-29 03:44:06,0.0,93.88354641014946,2.4465814359402147,LOW,1
1504,780a66,CPA731,2025-12-29 18:23:08,0.0,95.9479281382744,1.6208287446902376,LOW,1
1505,780a66,CPA738,2025-12-30 04:38:37,0.0,89.90054969514445,4.039780121942221,LOW,1
1506,780a82,CPA640,2025-12-28 23:48:41,0.0,95.04590930653225,1.9816362773870992,LOW,1
1507,780a82,CPA640,2025-12-30 00:08:41,0.0,70.74374611088322,11.702501555646712,LOW,1
1508,780a94,CPA627,2025-12-28 23:48:41,0.0,94.75736236864023,2.097055052543908,LOW,1
1509,780a94,CPA672,2025-12-29 03:54:07,0.0,89.56009034389298,4.175963862442808,LOW,1
1510,780a9b,CPA698,2025-12-28 23:48:41,0.0,86.4219514502318,5.431219419907279,LOW,1
1511,780aa3,CPA648,2025-12-29 05:34:08,0.0,89.91151184484727,4.035395262061093,LOW,1
1512,780aa4,CPA623,2025-12-29 23:38:34,35.0,70.73663105182226,32.7053475792711,MEDIUM,1
1513,780aa4,CPA624,2025-12-30 03:08:38,0.0,82.97671484788991,6.809314060844037,LOW,1
1514,780aaa,CPA624,2025-12-29 03:14:06,0.0,81.4063021838621,7.4374791264551625,LOW,1
1515,780aac,CPA632,2025-12-29 03:24:06,0.0,88.58029747752778,4.567881008988889,LOW,1
1516,780ab7,CPA698,2025-12-30 01:48:39,0.0,36.53842924018956,25.384628303924178,LOW,-1
1517,780ab9,CPA647,2025-12-29 18:13:07,0.0,93.57357556609462,2.570569773562153,LOW,1
1518,780ab9,CPA644,2025-12-30 09:08:33,0.0,88.33162370784696,4.667350516861217,LOW,1
1519,780b12,CSN6037,2025-12-29 17:33:04,0.0,93.20622529053192,2.717509883787233,LOW,1
1520,780b7e,CES237,2025-12-29 16:31:45,0.0,94.81983513610682,2.072065945557273,LOW,1
1521,780b7e,CES238,2025-12-30 04:08:35,0.0,90.6663512803227,3.73345948787092,LOW,1
1522,780bab,CES9618,2025-12-29 16:41:44,0.0,64.94612630214357,14.021549479142573,LOW,1
1523,780c00,CES705,2025-12-29 16:31:45,0.0,84.38863375028848,6.24454649988461,LOW,1
1524,780c00,CES706,2025-12-30 04:18:35,0.0,92.14809836678734,3.1407606532850654,LOW,1
1525,780c7f,CXA831,2025-12-30 01:08:40,0.0,91.38155397793699,3.447378408825205,LOW,1
1526,780ccd,CSN384,2025-12-29 06:34:06,0.0,93.37313188814144,2.650747244743423,LOW,1
1527,780ccd,CSN384,2025-12-30 06:48:37,0.0,91.54128268396644,3.383486926413423,LOW,1
1528,780d22,CES269,2025-12-29 15:51:45,0.0,96.07334707164878,1.570661171340487,LOW,1
1529,780d22,CES270,2025-12-30 04:18:35,0.0,91.8444082361848,3.262236705526078,LOW,1
1530,780d44,B8373,2025-12-30 08:38:36,0.0,90.05638114079348,3.9774475436826098,LOW,1
1531,780db1,CSN8058,2025-12-29 00:48:39,0.0,91.96057967929961,3.215768128280155,LOW,1
1532,780db1,CSN8058,2025-12-30 01:08:40,0.0,91.90153070185893,3.2393877192564275,LOW,1
1533,780dc1,CHH735,2025-12-30 06:48:37,0.0,94.59035137947619,2.1638594482095246,LOW,1
1534,780dc1,CHH735,2025-12-30 09:18:35,0.0,93.52176066384072,2.591295734463711,LOW,1
1535,780dfb,CCA762,2025-12-28 23:48:41,0.0,94.56895500209082,2.1724179991636734,LOW,1
1536,780e85,CES714,2025-12-30 03:18:38,0.0,93.41018788039796,2.6359248478408177,LOW,1
1537,780f78,CSN8436,2025-12-29 05:04:06,0.0,91.19327517946726,3.5226899282130946,LOW,1
1538,78112c,CSC3917,2025-12-29 16:31:45,0.0,87.90824180188285,4.836703279246859,LOW,1
1539,78112c,CSC3918,2025-12-30 03:28:39,0.0,91.63330408852207,3.3466783645911735,LOW,1
1540,781161,CCA452,2025-12-30 05:58:33,0.0,84.75660650765624,6.097357396937503,LOW,1
1541,7811e1,CSC3901,2025-12-29 09:24:04,0.0,73.5889378639504,10.564424854419839,LOW,1
1542,7811e1,CSC3901,2025-12-30 09:38:37,0.0,94.02580677659022,2.389677289363914,LOW,1
1543,781225,CSZ808,2025-12-29 00:38:36,0.0,88.53715035155832,4.58513985937667,LOW,1
1544,7812a1,CHH471,2025-12-30 02:48:39,0.0,94.50138910523894,2.199444357904423,LOW,1
1545,7812a1,CHH471,2025-12-30 05:18:34,0.0,95.52521857636022,1.7899125694559133,LOW,1
1546,7812a3,CHH7913,2025-12-29 03:44:06,0.0,94.55491242703754,2.178035029184986,LOW,1
1547,7812a3,CHH7913,2025-12-29 06:14:08,0.0,90.40301948513573,3.8387922059457082,LOW,1
1548,781336,CES2052,2025-12-29 01:34:05,0.0,99.22932028783447,0.30827188486621254,LOW,1
1549,781336,CES2052,2025-12-29 03:04:06,0.0,96.08363603225725,1.5665455870971017,LOW,1
1550,781362,CSN376,2025-12-29 07:14:05,0.0,94.16751184291451,2.332995262834197,LOW,1
1551,781362,CSN375,2025-12-29 17:33:04,0.0,92.94249903504992,2.8230003859800323,LOW,1
1552,781362,CSN376,2025-12-30 06:38:36,0.0,91.02866412009345,3.588534351962619,LOW,1
1553,781479,CSC3918,2025-12-29 03:34:08,0.0,94.77648105246473,2.0894075790141073,LOW,1
1554,78149d,CSN334,2025-12-29 07:24:06,0.0,91.47453256015419,3.410186975938325,LOW,1
1555,7814b7,CSN3068,2025-12-28 23:48:41,0.0,85.88166819389393,5.647332722442428,LOW,1
1556,7814b7,CSN3068,2025-12-29 23:28:38,0.0,90.5479056950224,3.780837721991043,LOW,1
1557,781565,CSZ807,2025-12-30 02:28:35,0.0,84.00192665993482,6.399229336026071,LOW,1
1558,7815f5,CES246,2025-12-29 02:04:07,0.0,93.79221826977734,2.4831126920890654,LOW,1
1559,7815f5,CES245,2025-12-29 15:51:45,0.0,93.789138626871,2.4843445492516025,LOW,1
1560,7815f5,CES246,2025-12-30 01:48:39,0.0,86.78016968614666,5.287932125541335,LOW,1
1561,7815f8,CSS375,2025-12-29 16:11:36,0.0,79.33919733609098,8.26432106556361,LOW,1
1562,7815f8,CSS375,2025-12-29 18:25:18,0.0,97.81924256704372,0.8723029731825136,LOW,1
1563,78161c,CSN6044,2025-12-29 00:48:39,0.0,91.19734181694709,3.521063273221165,LOW,1
1564,78161c,CSN6044,2025-12-29 02:04:07,0.0,92.84622920297026,2.861508318811895,LOW,1
1565,78168f,CSN6038,2025-12-28 23:48:41,0.0,84.48231575982308,6.207073696070768,LOW,1
1566,7816bd,CSC9651,2025-12-29 16:21:38,0.0,52.96492592573128,18.814029629707488,LOW,1
1567,781704,CSN8070,2025-12-28 23:48:41,0.0,35.355549101735434,25.857780359305828,LOW,-1
1568,781795,CSN334,2025-12-30 07:08:35,0.0,86.61207401360701,5.355170394557195,LOW,1
1569,781b4b,CSS157,2025-12-29 23:28:38,0.0,73.31982165976645,10.672071336093422,LOW,1
1570,781bf8,CCA426,2025-12-29 00:38:36,0.0,92.60484940914864,2.9580602363405433,LOW,1
1571,781c6e,CCA425,2025-12-29 17:33:04,0.0,90.35913339114079,3.8563466435436853,LOW,1
1572,781c6e,CCA426,2025-12-30 00:08:41,0.0,90.15149246507124,3.939403013971503,LOW,1
1573,781cb2,CSS231,2025-12-29 07:54:02,0.0,93.6958239498369,2.5216704200652376,LOW,1
1574,781cb2,CSS231,2025-12-29 10:24:06,0.0,75.12212939321256,9.951148242714977,LOW,1
1575,781d14,CSN6067,2025-12-29 10:04:07,0.0,97.72980783013564,0.9080768679457436,LOW,1
1576,781d14,CSN6067,2025-12-30 09:48:34,0.0,95.83735417635255,1.665058329458981,LOW,1
1577,781ec1,CSC9647,2025-12-30 10:08:34,0.0,96.86698961549367,1.253204153802534,LOW,1
1578,781ed7,B72CW,2025-12-29 17:43:10,0.0,33.059180912741766,26.776327634903296,LOW,-1
1579,781ed7,B72CW,2025-12-30 08:28:35,0.0,32.307320570764716,27.077071771694115,LOW,-1
1580,781efb,CSS159,2025-12-29 15:51:45,0.0,60.57388262616721,15.770446949533117,LOW,1
1581,781ff2,CSS237,2025-12-30 07:38:20,0.0,84.4404520444974,6.223819182201038,LOW,1
1582,7820d7,CSC9641,2025-12-29 15:51:45,0.0,95.41780415680891,1.832878337276435,LOW,1
1583,7820d9,CBJ689,2025-12-30 00:28:37,0.0,87.97584848300542,4.809660606797832,LOW,1
1584,7820d9,CBJ690,2025-12-30 07:28:36,0.0,83.62704172216202,6.5491833111351925,LOW,1
1585,78216a,CSG2552,2025-12-29 04:24:05,0.0,93.47680983463043,2.609276066147828,LOW,1
1586,78219a,HLF8850,2025-12-29 03:24:06,0.0,98.59937568724148,0.5602497251034094,LOW,1
1587,78219a,HLF8850,2025-12-29 04:54:04,0.0,96.10214308719111,1.5591427651235563,LOW,1
1588,7821a0,CSS239,2025-12-28 23:48:41,0.0,69.98330666233718,12.006677335065127,LOW,1
1589,7821a0,CSS239,2025-12-29 16:41:44,10.0,79.37005674220569,14.251977303117725,LOW,1
1590,7bd01b,HYT9130,2025-12-30 02:18:37,0.0,82.86390758157242,6.854436967371033,LOW,1
1591,7bd022,HYT9158,2025-12-29 15:51:45,0.0,83.02527260616337,6.789890957534652,LOW,1
1592,7bd023,HYT9068,2025-12-29 17:23:08,0.0,93.61371455590783,2.5545141776368667,LOW,1
1593,7bd029,CNW9610,2025-12-29 16:31:45,35.0,60.312764977023015,36.8748940091908,MEDIUM,1
1594,7c1470,QFA68,2025-12-29 18:03:07,0.0,70.63940460227552,11.744238159089793,LOW,1
1595,7c1475,QFA69,2025-12-29 16:11:36,35.0,67.89928987185289,33.84028405125885,MEDIUM,1
1596,7c4920,QFA1,2025-12-29 02:14:08,0.0,97.9791984786964,0.8083206085214386,LOW,1
1597,7c4920,QFA2,2025-12-30 08:48:37,0.0,79.2907777567769,8.283688897289238,LOW,1
1598,7c4927,QFA1,2025-12-30 01:08:40,0.0,97.69186892583241,0.9232524296670364,LOW,1
1599,7c492b,QFA2,2025-12-29 08:54:06,0.0,87.23230203832125,5.1070791846715,LOW,1
1600,80012d,VTDHA,2025-12-30 07:28:36,25.0,34.895406161178556,41.04183753552858,MEDIUM,-1
1601,800159,VTCSP,2025-12-29 16:21:38,0.0,48.13573494604745,20.74570602158102,LOW,1
1602,800187,VUBSF,2025-12-29 09:44:08,0.0,68.5962715482919,12.561491380683243,LOW,1
1603,800187,VUBSF,2025-12-29 18:23:08,0.0,70.43795371667206,11.824818513331179,LOW,1
1604,800194,VTCLA,2025-12-29 16:51:45,0.0,69.78086771970705,12.087652912117182,LOW,1
1605,8002f6,VUAVA,2025-12-30 09:58:35,0.0,70.42112065892255,11.831551736430981,LOW,1
1606,8002fb,INDIA1,2025-12-29 06:14:08,0.0,80.47261121746364,7.810955513014545,LOW,1
1607,8002fb,INDIA1,2025-12-29 08:04:08,0.0,77.05867079864169,9.176531680543325,LOW,1
1608,800324,RAPTOR7,2025-12-29 16:51:45,0.0,38.228659532568614,24.708536186972555,LOW,-1
1609,800373,AIC2581,2025-12-29 06:04:04,25.0,65.94243252816754,28.62302698873298,LOW,1
1610,800373,AIC2582,2025-12-29 08:44:04,35.0,58.70201308882896,37.519194764468416,MEDIUM,1
1611,800373,AIC598,2025-12-29 16:41:44,50.0,52.94419979856981,48.82232008057208,MEDIUM,1
1612,800373,AIC414,2025-12-30 07:18:12,0.0,58.0941798305281,16.76232806778876,LOW,1
1613,800396,AXB864,2025-12-29 06:34:06,0.0,68.5302676799744,12.587892928010241,LOW,1
1614,800396,AXB941,2025-12-29 18:13:07,0.0,60.083534231013495,15.966586307594604,LOW,1
1615,800396,AXB942,2025-12-30 05:18:34,0.0,79.9212776029297,8.031488958828119,LOW,1
1616,8003b0,AXB582,2025-12-29 08:54:06,0.0,71.97089487059155,11.21164205176338,LOW,1
1617,8003b0,AXB586,2025-12-30 06:28:37,0.0,68.4196694295377,12.632132228184918,LOW,1
1618,8003b1,AXB712,2025-12-29 23:28:38,0.0,99.16749421848284,0.33300231260686247,LOW,1
1619,8003b1,AXB5301,2025-12-30 06:38:36,0.0,73.31565088425646,10.673739646297419,LOW,1
1620,8003b2,AXB613,2025-12-29 03:54:07,0.0,84.22641996153654,6.3094320153853864,LOW,1
1621,8003b2,AXB613,2025-12-30 03:48:37,0.0,82.97705734361536,6.809177062553857,LOW,1
1622,8003b3,AXB376,2025-12-29 18:45:15,10.0,70.73253213951376,17.706987144194493,LOW,1
1623,8003e2,AIC186,2025-12-29 23:28:38,0.0,74.63596870849524,10.145612516601904,LOW,1
1624,8003e2,AIC186,2025-12-30 08:08:33,0.0,16.64776062531678,33.34089574987329,MEDIUM,-1
1625,8003e3,AIC126,2025-12-29 16:11:36,35.0,64.810154639417,35.075938144233206,MEDIUM,1
1626,8003e3,AIC187,2025-12-30 02:48:39,0.0,63.177483902121985,14.729006439151206,LOW,1
1627,8003e5,VUAUM,2025-12-29 16:31:45,0.0,77.18651370689157,9.12539451724337,LOW,1
1628,8003e5,VUAUM,2025-12-29 18:25:18,0.0,75.52947698353971,9.788209206584117,LOW,1
1629,8003f0,AXB2504,2025-12-29 08:14:07,0.0,75.17384874129895,9.930460503480418,LOW,1
1630,8003f0,AXB896,2025-12-30 06:08:34,0.0,78.72200461386593,8.511198154453627,LOW,1
1631,8003f0,AXB2981,2025-12-30 09:08:33,0.0,71.80236889384861,11.279052442460557,LOW,1
1632,8003f1,AXB746,2025-12-29 04:54:04,0.0,98.92378538006493,0.430485847974029,LOW,1
1633,800410,VTOBR,2025-12-29 15:51:45,0.0,40.40956221771964,23.836175112912144,LOW,-1
1634,800446,BDA102,2025-12-30 01:48:39,10.0,77.20492140622358,15.11803143751057,LOW,1
1635,800446,BDA102,2025-12-30 03:58:40,35.0,53.048587294770115,39.780565082091954,MEDIUM,1
1636,800446,BDA102,2025-12-30 05:08:39,10.0,73.25075208049265,16.69969916780294,LOW,1
1637,800446,BDA102,2025-12-30 07:18:12,50.0,41.17386349592853,53.53045460162859,MEDIUM,-1
1638,800448,AXB550,2025-12-29 03:44:06,0.0,74.58906037819645,10.16437584872142,LOW,1
1639,800448,AXB2980,2025-12-29 06:44:08,0.0,69.89612710611858,12.041549157552566,LOW,1
1640,800448,AXB2981,2025-12-29 09:14:08,0.0,73.74343381139097,10.502626475443613,LOW,1
1641,800448,AXB2985,2025-12-29 16:51:45,0.0,75.33251501655036,9.866993993379857,LOW,1
1642,800448,AXB2985,2025-12-29 18:45:15,0.0,69.82550297886776,12.069798808452896,LOW,1
1643,800448,AXB2980,2025-12-30 06:48:37,0.0,76.99193866418032,9.203224534327871,LOW,1
1644,800449,AXB476,2025-12-30 03:58:40,0.0,68.95744965606023,12.417020137575907,LOW,1
1645,800449,AXB2960,2025-12-30 08:18:37,0.0,81.63522676714955,7.345909293140181,LOW,1
1646,80044a,AXB2960,2025-12-29 08:04:08,0.0,71.65094070283718,11.33962371886513,LOW,1
1647,80044a,AXB420,2025-12-30 04:58:38,35.0,74.04099886308244,31.383600454767027,MEDIUM,1
1648,80044a,AXB1602,2025-12-30 09:28:35,0.0,65.1422824092786,13.943087036288563,LOW,1
1649,80044b,AXB556,2025-12-29 04:44:07,25.0,61.42756906324513,30.42897237470195,MEDIUM,1
1650,80044b,AXB535,2025-12-30 01:48:39,0.0,69.66635129175609,12.133459483297566,LOW,1
1651,80044b,AXB976,2025-12-30 08:58:35,0.0,99.39184469901944,0.24326212039222242,LOW,1
1652,80044c,AXB582,2025-12-30 08:48:37,0.0,61.878365684515245,15.248653726193902,LOW,1
1653,80044d,AXB639,2025-12-29 01:24:06,0.0,82.42271431022505,7.030914275909982,LOW,1
1654,80044d,AXB640,2025-12-29 08:54:06,0.0,74.5645199244814,10.17419203020744,LOW,1
1655,80044d,AXB620,2025-12-30 08:08:33,0.0,69.01560398853792,12.393758404584833,LOW,1
1656,80044e,AXB494,2025-12-29 02:24:07,35.0,56.36411714612147,38.45435314155141,MEDIUM,1
1657,80044e,AXB1602,2025-12-29 09:34:05,0.0,70.03121320181762,11.987514719272951,LOW,1
1658,800460,VTAKU,2025-12-29 08:24:06,0.0,76.6733367944843,9.330665282206281,LOW,1
1659,800462,AIC174,2025-12-29 00:18:37,10.0,74.90263973086854,16.038944107652583,LOW,1
1660,800463,AIC187,2025-12-29 02:24:07,0.0,23.080090837408285,30.76796366503669,MEDIUM,-1
1661,800463,AIC187,2025-12-29 03:44:06,0.0,77.07425538480464,9.170297846078142,LOW,1
1662,80047a,AIC817,2025-12-29 06:34:06,0.0,82.90277870540731,6.838888517837074,LOW,1
1663,80047a,AIC818,2025-12-29 10:14:09,0.0,75.68884060572256,9.724463757710977,LOW,1
1664,80047a,AIC809,2025-12-29 17:43:10,0.0,84.12203782880012,6.351184868479954,LOW,1
1665,80047a,AIC602,2025-12-30 09:18:35,50.0,48.913137627810315,50.434744948875874,MEDIUM,1
1666,80047c,AIC2754,2025-12-29 18:45:15,0.0,39.639228646809606,24.14430854127616,LOW,-1
1667,80047c,AIC810,2025-12-29 23:28:38,0.0,51.415359763570805,19.43385609457168,LOW,1
1668,80047c,AIC1799,2025-12-30 07:28:36,10.0,75.85821664616184,15.656713341535266,LOW,1
1669,8004a6,AIC2507,2025-12-29 06:34:06,0.0,61.66958462133697,15.332166151465211,LOW,1
1670,8004a6,AIC2508,2025-12-29 09:24:04,0.0,84.43470925353687,6.226116298585254,LOW,1
1671,8004a6,AIC2508,2025-12-29 10:24:06,0.0,77.8076757141635,8.876929714334603,LOW,1
1672,8004a6,AIC2504,2025-12-29 16:21:38,0.0,78.88180878245963,8.447276487016149,LOW,1
1673,8004a7,AIC415,2025-12-29 06:44:08,25.0,65.08283002389113,28.966867990443546,LOW,1
1674,8004a7,AIC416,2025-12-29 09:44:08,0.0,80.5189127536446,7.792434898542161,LOW,1
1675,8004a7,AIC1736,2025-12-29 17:53:07,25.0,58.2108367973962,31.71566528104152,MEDIUM,1
1676,8004a7,AIC603,2025-12-30 05:28:36,0.0,65.23680682860267,13.905277268558933,LOW,1
1677,8004a7,AIC604,2025-12-30 07:28:36,0.0,65.06627291514089,13.973490833943647,LOW,1
1678,8004af,VTTDT,2025-12-29 16:01:36,35.0,50.07742280947283,40.969030876210866,MEDIUM,1
1679,8004d5,AIC640,2025-12-29 18:23:08,0.0,86.21250183686388,5.514999265254449,LOW,1
1680,8004d5,AIC639,2025-12-29 23:28:38,0.0,77.4076804681395,9.0369278127442,LOW,1
1681,8004d6,AIC970,2025-12-29 00:28:46,25.0,36.734582227477226,40.30616710900911,MEDIUM,-1
1682,8004d6,AIC2891,2025-12-29 05:54:05,35.0,46.18868748330641,42.524525006677436,MEDIUM,1
1683,8004d6,AIC2892,2025-12-29 08:14:07,0.0,47.26010317972491,21.095958728110038,LOW,1
1684,8004d6,AIC2998,2025-12-29 16:11:36,0.0,64.87936452968107,14.048254188127572,LOW,1
1685,8004d6,AIC493,2025-12-30 07:08:35,25.0,40.95010819156171,38.61995672337532,MEDIUM,-1
1686,8004d6,AIC494,2025-12-30 09:28:35,10.0,72.47671864537352,17.00931254185059,LOW,1
1687,8004de,AIC180,2025-12-30 03:18:38,10.0,66.8844216098572,19.246231356057123,LOW,1
1688,8004df,AIC127,2025-12-29 03:44:06,35.0,62.32871273174947,36.06851490730021,MEDIUM,1
1689,8004e0,AIC866,2025-12-30 05:58:33,10.0,74.44361751455048,16.222552994179807,LOW,1
1690,8004fb,BDA304,2025-12-30 02:48:39,35.0,74.94319991926574,31.022720032293705,MEDIUM,1
1691,8004fb,BDA403,2025-12-30 04:48:37,35.0,70.40713671917983,32.83714531232807,MEDIUM,1
1692,800520,AIC414,2025-12-29 07:14:05,0.0,49.55010645114701,20.179957419541196,LOW,1
1693,800520,AIC2584,2025-12-29 23:38:34,0.0,78.71117396380818,8.515530414476729,LOW,1
1694,800520,AIC2581,2025-12-30 05:58:33,50.0,54.87081415255538,48.05167433897785,MEDIUM,1
1695,800520,AIC2582,2025-12-30 08:38:36,10.0,69.61429848283309,18.154280606866763,LOW,1
1696,800521,AIC471,2025-12-29 09:34:05,25.0,78.30555179815327,23.67777928073869,LOW,1
1697,800521,AIC1895,2025-12-29 23:28:38,0.0,60.18115599230985,15.927537603076061,LOW,1
1698,80052b,AIC1769,2025-12-29 07:14:05,35.0,64.47042636963192,35.21182945214723,MEDIUM,1
1699,80052b,AIC1769,2025-12-29 09:24:04,0.0,72.5796877003702,10.96812491985192,LOW,1
1700,80052b,AIC1713,2025-12-29 15:51:45,0.0,78.76162170019848,8.49535131992061,LOW,1
1701,80052b,AIC1713,2025-12-29 17:43:10,0.0,79.22868891306669,8.308524434773323,LOW,1
1702,80052b,AIC1769,2025-12-30 07:28:36,0.0,82.93038569955598,6.827845720177606,LOW,1
1703,80052b,AIC1769,2025-12-30 09:18:35,0.0,74.97993870705285,10.00802451717886,LOW,1
1704,80052d,AIC681,2025-12-29 18:03:07,0.0,71.48347185761057,11.406611256955774,LOW,1
1705,80052d,AIC2728,2025-12-30 05:08:39,25.0,55.84870886591433,32.66051645363427,MEDIUM,1
1706,80052d,AIC2728,2025-12-30 06:18:36,0.0,77.5490151706176,8.980393931752962,LOW,1
1707,80052d,AIC2729,2025-12-30 08:38:36,0.0,84.17233108452699,6.331067566189205,LOW,1
1708,80052d,AIC2729,2025-12-30 10:08:34,0.0,61.375810442334284,15.449675823066286,LOW,1
1709,80053e,AIC970,2025-12-30 00:58:38,35.0,58.85203604527267,37.459185581890935,MEDIUM,1
1710,80053e,AIC2892,2025-12-30 08:08:33,0.0,45.49617596597208,21.80152961361117,LOW,1
1711,80053f,AIC2584,2025-12-28 23:48:41,0.0,50.01595873022279,19.993616507910886,LOW,1
1712,80053f,AIC603,2025-12-29 05:24:05,35.0,60.42522001014577,36.82991199594169,MEDIUM,1
1713,80053f,AIC604,2025-12-29 07:44:01,0.0,71.40451720966536,11.438193116133858,LOW,1
1714,80053f,AIC696,2025-12-29 15:51:45,0.0,10.570790988585943,35.771683604565624,MEDIUM,-1
1715,80053f,AIC471,2025-12-30 07:28:36,0.0,73.23991248944783,10.704035004220868,LOW,1
1716,80053f,AIC472,2025-12-30 09:08:33,0.0,78.9265501748736,8.429379930050562,LOW,1
1717,800543,AIC829,2025-12-29 00:38:36,0.0,70.23710408300393,11.90515836679843,LOW,1
1718,800543,AIC830,2025-12-29 05:24:05,0.0,81.28178278352681,7.487286886589278,LOW,1
1719,800543,AIC830,2025-12-29 07:44:01,0.0,82.11554134399731,7.153783462401077,LOW,1
1720,800543,AIC917,2025-12-29 10:24:06,0.0,73.90879282039225,10.4364828718431,LOW,1
1721,800543,AIC918,2025-12-29 18:35:17,0.0,64.22790659981561,14.308837360073756,LOW,1
1722,800543,AIC829,2025-12-30 00:58:38,35.0,74.24415994757018,31.30233602097193,MEDIUM,1
1723,800543,AIC829,2025-12-30 02:58:37,0.0,76.34380731074096,9.462477075703617,LOW,1
1724,800543,AIC830,2025-12-30 05:08:39,0.0,79.1057811551394,8.357687537944242,LOW,1
1725,800543,AIC830,2025-12-30 07:28:36,0.0,79.25427627670567,8.298289489317733,LOW,1
1726,80057c,AIC1839,2025-12-29 16:11:36,0.0,81.38452724663466,7.446189101346135,LOW,1
1727,80057c,AIC1839,2025-12-29 17:23:08,35.0,58.16848277028063,37.73260689188775,MEDIUM,1
1728,80057c,AIC1880,2025-12-29 23:58:37,0.0,73.51444254905107,10.594222980379573,LOW,1
1729,80057d,AIC213,2025-12-29 09:24:04,0.0,75.78262456999451,9.686950172002197,LOW,1
1730,80057d,AIC219,2025-12-29 15:51:45,0.0,53.9426561167661,18.42293755329356,LOW,1
1731,80057d,AIC220,2025-12-29 17:43:10,0.0,74.14667849881567,10.34132860047373,LOW,1
1732,80057d,AIC223,2025-12-29 23:48:40,0.0,73.86230174843375,10.455079300626501,LOW,1
1733,80057d,AIC224,2025-12-30 06:18:36,0.0,66.72263314335412,13.310946742658354,LOW,1
1734,80057d,AIC917,2025-12-30 10:18:36,0.0,65.89713041583902,13.641147833664395,LOW,1
1735,800583,AIC174,2025-12-30 06:28:37,10.0,69.91537343808683,18.033850624765268,LOW,1
1736,800584,AIC188,2025-12-29 16:31:45,35.0,72.15987147782218,32.136051408871126,MEDIUM,1
1737,800588,AIC277,2025-12-29 05:04:06,0.0,77.52886076923689,8.988455692305246,LOW,1
1738,800588,AIC211,2025-12-29 18:13:07,0.0,62.30071364881452,15.079714540474193,LOW,1
1739,800588,AIC277,2025-12-30 04:18:35,0.0,74.27798452336489,10.288806190654043,LOW,1
1740,800589,AIC224,2025-12-29 06:34:06,0.0,76.87104590792549,9.251581636829803,LOW,1
1741,800589,AIC278,2025-12-29 18:23:08,0.0,90.88418868717409,3.646324525130365,LOW,1
1742,800589,AIC213,2025-12-30 09:28:35,0.0,72.7303516463614,10.907859341455442,LOW,1
1743,80058a,AIC885,2025-12-29 07:54:02,0.0,82.56060325453083,6.975758698187668,LOW,1
1744,80058a,AIC815,2025-12-29 16:31:45,10.0,70.99749021394797,17.601003914420815,LOW,1
1745,80058a,AIC2509,2025-12-29 18:45:15,0.0,72.25662483804554,11.097350064781786,LOW,1
1746,80058a,AIC2510,2025-12-29 23:28:38,0.0,40.287532624953776,23.88498695001849,LOW,-1
1747,80058a,AIC879,2025-12-30 06:58:37,0.0,51.30464694584304,19.478141221662785,LOW,1
1748,80058a,AIC880,2025-12-30 10:18:36,0.0,78.45270606572532,8.61891757370987,LOW,1
1749,8005d5,SEJ655,2025-12-29 08:04:08,0.0,70.03543838075474,11.985824647698104,LOW,1
1750,8005d5,SEJ488T,2025-12-29 10:14:09,0.0,78.0861210524608,8.765551579015682,LOW,1
1751,8005d5,SEJ487,2025-12-29 17:01:38,0.0,71.61686460841445,11.353254156634222,LOW,1
1752,8005d5,SEJ668,2025-12-30 00:18:35,50.0,60.37165886832747,45.85133645266901,MEDIUM,1
1753,8005eb,AIC156,2025-12-30 10:18:36,0.0,80.48654792827082,7.805380828691671,LOW,1
1754,8005ed,AIC2028,2025-12-29 07:54:02,35.0,57.31433543850114,38.07426582459955,MEDIUM,1
1755,8005ed,AIC2028,2025-12-30 08:18:37,35.0,49.63202361496913,41.147190554012354,MEDIUM,1
1756,8005ee,AIC996,2025-12-29 04:44:07,35.0,61.39984301648765,36.44006279340494,MEDIUM,1
1757,8005ee,AIC423,2025-12-29 09:54:04,0.0,78.77596889441695,8.489612442233222,LOW,1
1758,8005ef,AIC537,2025-12-29 17:23:08,0.0,66.2522523837275,13.499099046509002,LOW,1
1759,8005ef,AIC308,2025-12-30 02:38:38,0.0,38.03085998419857,24.787656006320574,LOW,-1
1760,8005f1,AIC314,2025-12-28 23:48:41,0.0,89.49729777283964,4.201080890864143,LOW,1
1761,8005f4,AIC170,2025-12-29 09:54:04,0.0,61.96721933714145,15.21311226514342,LOW,1
1762,8005f5,VTSSF,2025-12-29 15:51:45,0.0,76.25733357177997,9.497066571288014,LOW,1
1763,800661,VTSNP,2025-12-30 08:38:36,0.0,96.98447303950654,1.2062107841973841,LOW,1
1764,80067a,VTUDR,2025-12-30 07:18:12,0.0,68.431817778105,12.627272888758,LOW,1
1765,80067a,VTUDR,2025-12-30 08:38:36,35.0,45.99493001682205,42.60202799327118,MEDIUM,1
1766,80067f,SEJ386,2025-12-29 00:28:46,35.0,41.68292901263581,44.32682839494568,MEDIUM,1
1767,80067f,SEJ386,2025-12-29 01:34:05,0.0,63.40329587006608,14.638681651973569,LOW,1
1768,80067f,SEJ9966,2025-12-29 16:01:36,0.0,53.2275266554144,18.70898933783424,LOW,1
1769,80067f,SEJ938,2025-12-29 18:23:08,25.0,58.89985526853891,31.440057892584438,MEDIUM,1
1770,80067f,SEJ9900,2025-12-30 01:58:37,0.0,78.41639332102906,8.633442671588375,LOW,1
1771,80067f,SEJ661,2025-12-30 10:08:34,0.0,81.85783366734087,7.256866533063652,LOW,1
1772,800728,BDA684,2025-12-30 02:58:37,0.0,74.25277494532716,10.298890021869136,LOW,1
1773,800728,BDA486,2025-12-30 05:28:36,0.0,81.07705817126963,7.569176731492149,LOW,1
1774,800732,AIC148,2025-12-29 00:38:36,35.0,62.752202859603216,35.899118856158715,MEDIUM,1
1775,800732,AIC147,2025-12-29 05:14:08,0.0,85.68525697927411,5.7258972082903545,LOW,1
1776,800732,AIC148,2025-12-30 01:08:40,50.0,57.89508069097107,46.841967723611575,MEDIUM,1
1777,800732,AIC147,2025-12-30 04:38:37,50.0,54.16076852848274,48.3356925886069,MEDIUM,1
1778,800734,AIC154,2025-12-29 09:04:08,35.0,62.847279928577436,35.86108802856903,MEDIUM,1
1779,800734,AIC996,2025-12-30 04:18:35,50.0,56.7204081290745,47.3118367483702,MEDIUM,1
1780,800735,AIC138,2025-12-29 09:24:04,35.0,61.871852575684194,36.25125896972632,MEDIUM,1
1781,800735,AIC142,2025-12-30 09:08:33,10.0,73.1290163331053,16.748393466757882,LOW,1
1782,800737,AIC984,2025-12-29 04:04:06,0.0,54.792192668392424,18.083122932643032,LOW,1
1783,800737,AIC910,2025-12-29 15:51:45,0.0,19.682660415130787,32.12693583394769,MEDIUM,-1
1784,800737,AIC984,2025-12-30 03:38:37,0.0,79.52538425704346,8.189846297182617,LOW,1
1785,800738,AIC428,2025-12-29 16:41:44,35.0,59.576914741693784,37.16923410332249,MEDIUM,1
1786,800738,AIC314,2025-12-30 00:58:38,0.0,47.89766394036004,20.840934423855984,LOW,1
1787,800739,AIC427,2025-12-29 09:54:04,25.0,56.87220274978504,32.251118900085984,MEDIUM,1
1788,800739,AIC133,2025-12-29 15:51:45,0.0,93.32758463988353,2.66896614404659,LOW,1
1789,80073b,AIC308,2025-12-29 02:24:07,0.0,78.75136841229781,8.499452635080877,LOW,1
1790,80073b,AIC308,2025-12-29 03:14:06,0.0,94.3578028691073,2.256878852357079,LOW,1
1791,80073b,AIC309,2025-12-30 01:28:36,0.0,92.72880515798843,2.908477936804627,LOW,1
1792,80073b,AIC309,2025-12-30 03:18:38,35.0,66.19121282615123,34.52351486953951,MEDIUM,1
1793,80073c,AIC142,2025-12-29 08:54:06,10.0,74.5506602919895,16.179735883204202,LOW,1
1794,80073c,AIC152,2025-12-30 08:48:37,35.0,75.81410702499252,30.674357190002993,MEDIUM,1
1795,80073d,AIC312,2025-12-30 01:28:36,0.0,41.746774495861146,23.301290201655544,LOW,1
1796,80073e,AIC357,2025-12-29 15:51:45,0.0,57.88448723686888,16.846205105252448,LOW,1
1797,80073f,AIC309,2025-12-29 01:24:06,0.0,47.378937619217496,21.048424952313002,LOW,1
1798,80073f,AIC929,2025-12-29 06:14:08,35.0,58.48653176145814,37.60538729541675,MEDIUM,1
1799,80073f,AIC930,2025-12-29 15:51:45,0.0,45.08419476786372,21.96632209285451,LOW,1
1800,800740,AIC152,2025-12-29 08:24:06,35.0,62.75339829734055,35.89864068106378,MEDIUM,1
1801,800741,AIC301,2025-12-29 01:44:09,0.0,46.95314070293745,21.21874371882502,LOW,1
1802,800741,AIC302,2025-12-30 01:58:37,0.0,32.99743067584566,26.801027729661737,LOW,-1
1803,800742,AIC302,2025-12-29 01:24:06,0.0,46.97095397668053,21.211618409327787,LOW,1
1804,800742,AIC301,2025-12-30 01:48:39,0.0,92.72880515798843,2.908477936804627,LOW,1
1805,800742,AIC301,2025-12-30 03:28:39,35.0,66.08343475010079,34.566626099959684,MEDIUM,1
1806,800742,AIC929,2025-12-30 06:28:37,25.0,53.570911777939024,33.571635288824396,MEDIUM,1
1807,80074c,VTAJM,2025-12-29 16:01:36,0.0,73.76539818118901,10.493840727524395,LOW,1
1808,80074c,VTAJM,2025-12-29 18:23:08,0.0,90.01779435179867,3.992882259280532,LOW,1
1809,800756,IGO41H,2025-12-29 05:04:06,50.0,45.434867597607386,51.82605296095704,MEDIUM,1
1810,800756,IGO6674,2025-12-29 08:04:08,35.0,64.0855679146988,35.36577283412048,MEDIUM,1
1811,800756,IGO2167,2025-12-29 15:51:45,0.0,92.98930588873894,2.804277644504424,LOW,1
1812,800756,IGO2167,2025-12-29 17:13:08,0.0,75.10472884073266,9.958108463706935,LOW,1
1813,800756,IGO5249,2025-12-29 23:28:38,0.0,61.68616768206553,15.32553292717379,LOW,1
1814,800756,IGO5393,2025-12-30 01:18:37,35.0,62.05659167279103,36.17736333088359,MEDIUM,1
1815,800756,IGO6467,2025-12-30 07:38:20,0.0,66.43552923757645,13.425788304969423,LOW,1
1816,800756,IGO6092,2025-12-30 09:28:35,0.0,79.95384671994307,8.01846131202277,LOW,1
1817,800796,VUAUI,2025-12-29 10:24:06,35.0,30.21199652088763,48.915201391644956,MEDIUM,-1
1818,800796,VUAUI,2025-12-29 15:51:45,0.0,81.86341220522438,7.254635117910249,LOW,1
1819,800796,VUAUI,2025-12-30 09:48:34,0.0,79.40161719221246,8.239353123115018,LOW,1
1820,8007b0,IGO460,2025-12-29 07:54:02,0.0,60.273880875726036,15.890447649709586,LOW,1
1821,8007b0,IGO2054,2025-12-29 16:01:36,0.0,65.28600685267571,13.885597258929716,LOW,1
1822,8007b0,IGO2055,2025-12-29 18:23:08,0.0,76.14645214338086,9.541419142647658,LOW,1
1823,8007b2,IGO6113,2025-12-29 17:23:08,0.0,73.5408267668197,10.583669293272118,LOW,1
1824,8007b2,IGO5245,2025-12-30 06:08:34,10.0,71.0747660191599,17.570093592336043,LOW,1
1825,8007b2,IGO239P,2025-12-30 08:18:37,35.0,58.341878855870355,37.66324845765186,MEDIUM,1
1826,8007b3,IGO274H,2025-12-29 07:44:01,35.0,65.64613737256298,34.74154505097481,MEDIUM,1
1827,8007b3,IGO539,2025-12-29 09:04:08,0.0,75.83294810065821,9.666820759736716,LOW,1
1828,8007b3,IGO540C,2025-12-29 16:31:45,35.0,55.02258683430304,38.990965266278785,MEDIUM,1
1829,8007c9,IGO217P,2025-12-29 07:14:05,0.0,77.35473040443676,9.058107838225295,LOW,1
1830,8007c9,IGO5130,2025-12-29 09:04:08,0.0,69.82114847704932,12.071540609180273,LOW,1
1831,8007c9,IGO582C,2025-12-29 15:51:45,35.0,72.18368240852347,32.126527036590616,MEDIUM,1
1832,8007c9,IGO072,2025-12-30 04:48:37,10.0,74.65737177710874,16.137051289156506,LOW,1
1833,8007c9,IGO1633,2025-12-30 07:48:33,0.0,59.32837775598426,16.268648897606294,LOW,1
1834,8007ca,IGO617C,2025-12-28 23:48:41,0.0,81.09940135893605,7.560239456425581,LOW,1
1835,8007ca,IGO5093,2025-12-29 06:54:07,0.0,97.13688242928184,1.145247028287264,LOW,1
1836,8007ca,IGO5093,2025-12-29 08:04:08,10.0,75.40758069515188,15.83696772193925,LOW,1
1837,8007ca,IGO204F,2025-12-29 10:24:06,0.0,72.24645330475178,11.101418678099288,LOW,1
1838,8007ca,IGO6752,2025-12-29 17:01:38,25.0,63.14830385962735,29.740678456149062,LOW,1
1839,8007ca,IGO146,2025-12-30 06:08:34,0.0,74.61567500816425,10.153729996734302,LOW,1
1840,8007ca,IGO146,2025-12-30 08:18:37,0.0,71.70716254277745,11.31713498288902,LOW,1
1841,8007cc,IGO83C,2025-12-29 03:44:06,0.0,95.22238645861421,1.911045416554316,LOW,1
1842,8007cc,IGO65F,2025-12-29 08:34:04,0.0,96.70656023806654,1.3173759047733826,LOW,1
1843,8007cc,IGO17P,2025-12-29 18:35:17,25.0,53.96739139413178,33.41304344234729,MEDIUM,1
1844,8007cc,IGO63W,2025-12-30 02:58:37,0.0,95.56020064642291,1.7759197414308348,LOW,1
1845,8007cd,IGO1006,2025-12-29 07:04:08,0.0,68.73250763412125,12.506996946351501,LOW,1
1846,8007cd,IGO6496,2025-12-29 15:51:45,0.0,71.630451992783,11.347819202886804,LOW,1
1847,8007cd,IGO6496,2025-12-29 18:13:07,0.0,64.28178857541845,14.287284569832622,LOW,1
1848,8007cd,IGO1006,2025-12-30 06:58:37,0.0,68.33453629577382,12.666185481690475,LOW,1
1849,8007ce,IGO738E,2025-12-30 09:28:35,0.0,71.23301503576698,11.506793985693207,LOW,1
1850,8007cf,IGO829,2025-12-29 07:44:01,25.0,68.34112168136565,27.66355132745374,LOW,1
1851,8007cf,IGO882,2025-12-29 09:34:05,35.0,54.16059318439626,39.3357627262415,MEDIUM,1
1852,8007cf,IGO1426,2025-12-30 04:48:37,35.0,72.46642282912431,32.01343086835028,MEDIUM,1
1853,8007cf,IGO975Y,2025-12-30 07:38:20,0.0,78.96506225672073,8.41397509731171,LOW,1
1854,8007df,IGO193J,2025-12-29 06:54:07,0.0,74.53917981993955,10.184328072024181,LOW,1
1855,8007df,IGO150V,2025-12-29 17:53:07,0.0,75.55274503140566,9.778901987437735,LOW,1
1856,8007df,IGO24E,2025-12-30 02:48:39,35.0,20.72897791392329,52.708408834430685,MEDIUM,-1
1857,8007df,IGO530F,2025-12-30 06:48:37,35.0,59.808383042869124,37.07664678285235,MEDIUM,1
1858,8007df,IGO646F,2025-12-30 09:38:37,10.0,68.11829951986402,18.75268019205439,LOW,1
1859,800877,AGM00001,2025-12-29 06:54:07,0.0,23.852112566201452,30.459154973519418,MEDIUM,-1
1860,800877,AGM00001,2025-12-30 05:28:36,0.0,23.63455598634228,30.54617760546309,MEDIUM,-1
1861,800877,AGM00001,2025-12-30 07:58:34,0.0,24.50980218904054,30.196079124383786,MEDIUM,-1
1862,80087a,FOLOWME3,2025-12-29 03:34:08,0.0,24.148924718014978,30.34043011279401,MEDIUM,-1
1863,80087a,FOLOWME3,2025-12-30 09:48:34,0.0,24.008895949236436,30.396441620305428,MEDIUM,-1
1864,80087b,FOLOWME4,2025-12-29 16:01:36,0.0,24.332326694317953,30.267069322272818,MEDIUM,-1
1865,80087b,FOLOWME4,2025-12-29 18:03:07,0.0,24.973656772367107,30.010537291053158,MEDIUM,-1
1866,80087d,FOLOWME6,2025-12-29 03:34:08,0.0,18.229367075923292,32.70825316963069,MEDIUM,-1
1867,80087d,FOLOWME6,2025-12-29 08:44:04,0.0,23.348051870103387,30.660779251958644,MEDIUM,-1
1868,80087d,FOLOWME6,2025-12-29 17:13:08,0.0,23.32181406028534,30.67127437588587,MEDIUM,-1
1869,80087d,FOLOWME6,2025-12-29 23:28:38,0.0,22.428633223514147,31.028546710594345,MEDIUM,-1
1870,80087d,FOLOWME6,2025-12-30 03:58:40,0.0,24.9945327531069,30.002186898757245,MEDIUM,-1
1871,80087f,WILDLIF1,2025-12-30 08:08:33,0.0,24.985971852387397,30.005611259045043,MEDIUM,-1
1872,80087f,WILDLIF1,2025-12-30 09:38:37,0.0,24.74747111332922,30.10101155466831,MEDIUM,-1
1873,800892,FOLOWME1,2025-12-29 03:34:08,0.0,25.30952048244703,29.87619180702119,LOW,-1
1874,800892,FOLOWME1,2025-12-29 07:24:06,0.0,23.250577306761063,30.699769077295578,MEDIUM,-1
1875,800892,FOLOWME1,2025-12-29 08:54:06,0.0,21.09589766526687,31.56164093389325,MEDIUM,-1
1876,800892,FOLOWME1,2025-12-29 15:51:45,0.0,21.10401721119904,31.55839311552039,MEDIUM,-1
1877,800892,FOLOWME1,2025-12-30 03:28:39,0.0,21.774968041166787,31.290012783533285,MEDIUM,-1
1878,800892,FOLOWME1,2025-12-30 05:48:34,0.0,23.080090837408285,30.76796366503669,MEDIUM,-1
1879,800892,FOLOWME1,2025-12-30 08:58:35,0.0,20.797986735114655,31.68080530595414,MEDIUM,-1
1880,8008c2,IGO2315,2025-12-29 07:34:07,0.0,43.704691116699216,22.518123553320315,LOW,1
1881,8008c2,IGO92HY,2025-12-29 08:54:06,10.0,57.48728074962615,23.00508770014954,LOW,1
1882,8008c2,IGO5007,2025-12-29 16:41:44,0.0,68.71076562339712,12.515693750641152,LOW,1
1883,8008c2,IGO204F,2025-12-30 08:38:36,0.0,70.98152826732925,11.6073886930683,LOW,1
1884,8008c3,IGO769Y,2025-12-29 10:24:06,0.0,73.82736956561591,10.469052173753637,LOW,1
1885,8008c3,IGO775C,2025-12-29 16:51:45,10.0,67.9754070196819,18.80983719212724,LOW,1
1886,8008c3,IGO342P,2025-12-29 18:35:17,0.0,80.58979102268067,7.764083590927732,LOW,1
1887,8008c3,IGO617C,2025-12-30 02:18:37,35.0,62.15318391515648,36.13872643393741,MEDIUM,1
1888,8008c3,IGO617C,2025-12-30 03:38:37,0.0,91.30062967509475,3.4797481299620987,LOW,1
1889,8008c3,IGO5093,2025-12-30 06:58:37,0.0,92.60973882776489,2.9561044688940457,LOW,1
1890,8008c3,IGO5093,2025-12-30 08:08:33,10.0,78.45907947939712,14.616368208241154,LOW,1
1891,8008c3,IGO5187,2025-12-30 10:18:36,0.0,66.06386744094894,13.574453023620425,LOW,1
1892,8008c6,FLW ME 4,2025-12-29 02:34:07,0.0,20.841022817409918,31.663590873036032,MEDIUM,-1
1893,8008c6,FLW ME 4,2025-12-29 07:54:02,0.0,19.446062782729427,32.22157488690823,MEDIUM,-1
1894,8008c6,FLW ME 4,2025-12-30 07:18:12,0.0,23.073239166306372,30.770704333477454,MEDIUM,-1
1895,8008c7,FLW ME2,2025-12-29 09:34:05,0.0,23.890053398712006,30.443978640515198,MEDIUM,-1
1896,8008c7,FLW ME2,2025-12-29 23:28:38,0.0,12.29420082045873,35.082319671816514,MEDIUM,-1
1897,8008c7,FLW ME2,2025-12-30 06:18:36,0.0,12.02796648467352,35.18881340613059,MEDIUM,-1
1898,8008d4,FLW ME 1,2025-12-29 02:14:08,0.0,22.930991427139958,30.82760342914402,MEDIUM,-1
1899,8008d4,FLW ME 1,2025-12-29 05:44:09,0.0,20.763591006525072,31.694563597389973,MEDIUM,-1
1900,8008d4,FLW ME 1,2025-12-29 08:14:07,0.0,23.497498425345178,30.60100062986193,MEDIUM,-1
1901,8008d4,FLW ME 1,2025-12-29 16:11:36,0.0,23.34432186189511,30.662271255241958,MEDIUM,-1
1902,8008d4,FLW ME 1,2025-12-29 23:48:40,0.0,24.540282325132214,30.18388706994712,MEDIUM,-1
1903,8008d4,FLW ME 1,2025-12-30 03:48:37,0.0,23.60393115076435,30.55842753969426,MEDIUM,-1
1904,8008d4,FLW ME 1,2025-12-30 04:38:37,0.0,22.41030324168484,31.035878703326063,MEDIUM,-1
1905,800af1,IGO436H,2025-12-29 06:54:07,35.0,56.26965979117212,38.49213608353115,MEDIUM,1
1906,800af1,IGO114H,2025-12-29 16:11:36,0.0,81.01517247760476,7.593931008958094,LOW,1
1907,800af1,IGO114H,2025-12-29 17:43:10,0.0,67.64838877591231,12.940644489635076,LOW,1
1908,800af1,IGO966,2025-12-30 07:28:36,50.0,40.246353477059905,53.90145860917604,MEDIUM,-1
1909,800af1,IGO966,2025-12-30 09:28:35,0.0,51.311906267158676,19.475237493136532,LOW,1
1910,800af4,IGO7171,2025-12-29 05:54:05,0.0,61.85534163231814,15.257863347072746,LOW,1
1911,800af4,IGO7257,2025-12-29 08:14:07,0.0,74.75302106475648,10.098791574097408,LOW,1
1912,800af4,IGO525,2025-12-29 16:51:45,0.0,72.36960688293469,11.052157246826125,LOW,1
1913,800af4,IGO6176,2025-12-30 07:28:36,0.0,80.84461242540917,7.662155029836334,LOW,1
1914,800af4,IGO6075,2025-12-30 09:28:35,0.0,79.9173390950157,8.033064361993718,LOW,1
1915,800af5,IGO1496,2025-12-29 06:04:04,0.0,99.3193375890288,0.2722649643884779,LOW,1
1916,800af5,IGO6372,2025-12-29 10:14:09,0.0,96.8255611311945,1.2697755475221983,LOW,1
1917,800af5,IGO6371,2025-12-29 16:31:45,0.0,87.23069435464315,5.107722258142741,LOW,1
1918,800af5,IGO5274,2025-12-29 23:28:38,0.0,69.47641041808525,12.2094358327659,LOW,1
1919,800b05,BDA154,2025-12-30 01:28:36,0.0,75.2726312142479,9.890947514300843,LOW,1
1920,800b05,BDA154,2025-12-30 03:08:38,35.0,30.63649129690362,48.745403481238554,MEDIUM,-1
1921,800b05,BDA154,2025-12-30 05:48:34,0.0,81.27555557850994,7.489777768596025,LOW,1
1922,800b07,VTHLH,2025-12-30 09:58:35,0.0,34.14938639033673,26.34024544386531,LOW,-1
1923,800b12,IGO263L,2025-12-29 00:28:46,35.0,62.86797053037674,35.852811787849305,MEDIUM,1
1924,800b12,IGO2002,2025-12-29 16:11:36,0.0,69.73007679605091,12.107969281579637,LOW,1
1925,800b12,IGO26H,2025-12-30 00:38:34,0.0,70.30708943870283,11.877164224518868,LOW,1
1926,800b14,IGO6009,2025-12-29 08:54:06,35.0,66.14429335679063,34.54228265728375,MEDIUM,1
1927,800b14,IGO138P,2025-12-29 17:43:10,0.0,84.20523218837921,6.317907124648315,LOW,1
1928,800b14,IGO7171,2025-12-30 05:58:33,0.0,73.6621965225516,10.535121390979363,LOW,1
1929,800b14,IGO7257,2025-12-30 08:08:33,0.0,77.60893909590386,8.956424361638454,LOW,1
1930,800b30,AXB1289,2025-12-29 18:45:15,0.0,65.2647446358742,13.894102145650322,LOW,1
1931,800b30,AXB104W,2025-12-30 00:38:34,35.0,67.85163690014599,33.859345239941604,MEDIUM,1
1932,800b43,AXB2720,2025-12-29 23:28:38,0.0,72.56159351523353,10.97536259390659,LOW,1
1933,800b43,AXB2739,2025-12-30 01:48:39,0.0,70.30295048176123,11.878819807295509,LOW,1
1934,800b43,AXB2115,2025-12-30 07:08:35,0.0,57.915582744971,16.8337669020116,LOW,1
1935,800b44,AXB136,2025-12-29 03:04:06,50.0,64.13692623797054,44.34522950481178,MEDIUM,1
1936,800b44,AXB164,2025-12-30 03:48:37,35.0,67.40800144786931,34.036799420852276,MEDIUM,1
1937,800b45,BDA481,2025-12-30 02:38:38,0.0,81.86451708189686,7.2541931672412545,LOW,1
1938,800b45,BDA481,2025-12-30 04:48:37,10.0,74.8658652566045,16.053653897358203,LOW,1
1939,800b45,BDA481,2025-12-30 06:38:36,0.0,71.16501992741898,11.533992029032408,LOW,1
1940,800b52,LLR507,2025-12-29 07:24:06,0.0,55.711986852019336,17.715205259192267,LOW,1
1941,800b52,LLR508,2025-12-29 16:41:44,0.0,60.94579861550804,15.621680553796786,LOW,1
1942,800b52,LLR547,2025-12-29 18:45:15,0.0,63.91649233220346,14.433403067118617,LOW,1
1943,800b52,LLR507,2025-12-30 07:58:34,0.0,62.820640160815735,14.871743935673706,LOW,1
1944,800b54,LLR638,2025-12-29 15:51:45,0.0,56.082145042602626,17.56714198295895,LOW,1
1945,800b54,LLR979,2025-12-29 18:35:17,0.0,69.46139621549868,12.215441513800528,LOW,1
1946,800b54,LLR751,2025-12-30 07:08:35,0.0,61.19057481820985,15.52377007271606,LOW,1
1947,800b54,LLR752,2025-12-30 10:18:36,0.0,71.7382678431829,11.304692862726842,LOW,1
1948,800b61,AXB174,2025-12-29 07:14:05,10.0,79.7629132327412,14.094834706903521,LOW,1
1949,800b61,AXB174,2025-12-30 06:58:37,35.0,73.38279182498606,31.646883270005578,MEDIUM,1
1950,800b61,AXB178,2025-12-30 10:08:34,35.0,31.127953747166256,48.548818501133496,MEDIUM,-1
1951,800b63,AXB1229,2025-12-29 23:28:38,0.0,43.801250332224015,22.479499867110395,LOW,1
1952,800b63,AXB1197,2025-12-30 09:48:34,25.0,50.762789682039205,34.694884127184324,MEDIUM,1
1953,800b6a,VTUPK,2025-12-29 16:41:44,0.0,31.85719113883341,27.257123544466637,LOW,-1
1954,800b80,SEJ903,2025-12-29 06:24:05,0.0,56.687690220454705,17.324923911818118,LOW,1
1955,800b80,SEJ904,2025-12-29 08:44:04,0.0,51.54605079954967,19.381579680180135,LOW,1
1956,800b80,SEJ160,2025-12-29 16:31:45,0.0,76.37827252833675,9.4486909886653,LOW,1
1957,800b81,SEJ121,2025-12-29 06:44:08,0.0,77.31954451170584,9.072182195317664,LOW,1
1958,800b81,SEJ122,2025-12-29 08:44:04,0.0,77.97341765386221,8.810632938455115,LOW,1
1959,800b81,SEJ187,2025-12-29 17:13:08,0.0,60.79447158414565,15.682211366341742,LOW,1
1960,800b81,SEJ121,2025-12-30 06:28:37,0.0,79.1564349057981,8.337426037680762,LOW,1
1961,800b81,SEJ122,2025-12-30 08:38:36,0.0,78.07492385515188,8.770030457939248,LOW,1
1962,800b82,SEJ185,2025-12-28 23:48:41,35.0,60.72878244868351,36.7084870205266,MEDIUM,1
1963,800b82,SEJ130,2025-12-29 07:14:05,0.0,61.662952262090734,15.334819095163708,LOW,1
1964,800b82,SEJ757,2025-12-29 23:28:38,0.0,61.18054224733533,15.527783101065868,LOW,1
1965,800b82,SEJ185,2025-12-30 02:38:38,0.0,63.18354470711634,14.726582117153464,LOW,1
1966,800b82,SEJ130,2025-12-30 06:18:36,0.0,51.73010584648782,19.307957661404874,LOW,1
1967,800b82,SEJ130,2025-12-30 10:08:34,0.0,77.67985780776291,8.928056876894834,LOW,1
1968,800b85,VTFML,2025-12-29 08:54:06,0.0,69.38966216320348,12.244135134718608,LOW,1
1969,800b94,VTOMM,2025-12-29 16:51:45,0.0,74.62173214157244,10.151307143371026,LOW,1
1970,800b9a,AXB476,2025-12-29 04:14:05,35.0,53.633119587181355,39.54675216512746,MEDIUM,1
1971,800b9a,AXB412,2025-12-30 02:08:35,0.0,69.93263744185568,12.026945023257731,LOW,1
1972,800ba0,LLR770,2025-12-29 09:54:04,0.0,64.99458803177983,14.00216478728807,LOW,1
1973,800ba0,LLR784,2025-12-29 16:51:45,0.0,66.3801435095416,13.447942596183362,LOW,1
1974,800ba9,BDA201,2025-12-30 00:38:34,0.0,59.444501139421114,16.222199544231554,LOW,1
1975,800ba9,BDA201,2025-12-30 04:18:35,0.0,82.28955504351202,7.0841779825951905,LOW,1
1976,800ba9,BDA201D,2025-12-30 07:28:36,0.0,75.5606730126746,9.775730794930162,LOW,1
1977,800bb5,IGO6552,2025-12-29 16:41:44,0.0,66.75390666369503,13.298437334521987,LOW,1
1978,800bb5,IGO6552,2025-12-29 18:03:07,0.0,72.21359447359514,11.114562210561946,LOW,1
1979,800bb5,IGO6056,2025-12-30 10:08:34,0.0,86.22028532998569,5.511885868005726,LOW,1
1980,800bc0,IGO346K,2025-12-29 16:51:45,35.0,55.315110466658396,38.87395581333664,MEDIUM,1
1981,800bc0,IGO346K,2025-12-29 18:13:07,0.0,90.7795694969918,3.6881722012032814,LOW,1
1982,800bc1,IGO6977,2025-12-29 06:44:08,0.0,79.07695943512797,8.36921622594881,LOW,1
1983,800bc1,IGO95JE,2025-12-29 08:54:06,0.0,95.32605335402322,1.8695786583907137,LOW,1
1984,800bc1,IGO2166,2025-12-29 17:43:10,0.0,81.2173783813995,7.5130486474402005,LOW,1
1985,800bc1,IGO201,2025-12-30 09:48:34,0.0,81.84170965174098,7.2633161393036065,LOW,1
1986,800bc4,IGO246W,2025-12-29 06:24:05,0.0,81.55331400192692,7.378674399229232,LOW,1
1987,800bc4,IGO246W,2025-12-29 08:44:04,10.0,76.05182958257423,15.579268166970309,LOW,1
1988,800bc4,IGO71KJ,2025-12-29 16:01:36,0.0,66.17152504207199,13.531389983171204,LOW,1
1989,800bc4,IGO48MV,2025-12-29 18:13:07,0.0,77.61291264444229,8.954834942223085,LOW,1
1990,800bc4,IGO5237,2025-12-30 05:58:33,25.0,66.05416426167636,28.578334295329455,LOW,1
1991,800bc4,IGO5237,2025-12-30 07:08:35,0.0,90.13479786433764,3.9460808542649435,LOW,1
1992,800bc4,IGO363Y,2025-12-30 09:08:33,0.0,90.52773757582878,3.788904969668488,LOW,1
1993,800bc5,VTKZN,2025-12-29 09:44:08,0.0,74.18170871103868,10.327316515584528,LOW,1
1994,800bcc,SEJ487,2025-12-29 00:08:45,0.0,62.13693620349081,15.145225518603675,LOW,1
1995,800bcc,SEJ487,2025-12-29 02:04:07,25.0,79.48312071457723,23.20675171416911,LOW,1
1996,800bcc,SEJ488,2025-12-29 08:04:08,0.0,76.64451011443313,9.342195954226748,LOW,1
1997,800bcc,SEJ664,2025-12-29 15:51:45,0.0,74.51730836366973,10.19307665453211,LOW,1
1998,800bcc,SEJ664,2025-12-29 18:13:07,0.0,79.42955614823784,8.228177540704866,LOW,1
1999,800bcc,SEJ268,2025-12-30 00:58:38,0.0,74.1224232779539,10.35103068881844,LOW,1
2000,800bd4,AIC2256,2025-12-29 05:14:08,0.0,57.34953019580495,17.06018792167802,LOW,1
2001,800bd4,AIC2624,2025-12-29 16:11:36,0.0,67.3826300050339,13.04694799798644,LOW,1
2002,800bd4,AIC1858,2025-12-30 00:28:37,0.0,83.2534813688342,6.6986074524663195,LOW,1
2003,800bd4,AIC1858,2025-12-30 02:38:38,10.0,74.28855721470262,16.284577114118953,LOW,1
2004,800bd4,AIC215,2025-12-30 08:38:36,35.0,55.62630863684302,38.749476545262795,MEDIUM,1
2005,800bd5,VTRSG,2025-12-29 17:13:08,0.0,93.50941664382995,2.59623334246802,LOW,1
2006,800bd5,VTRSG,2025-12-29 18:35:17,0.0,74.9058919399656,10.037643224013761,LOW,1
2007,800be5,AIC2785,2025-12-29 06:44:08,35.0,42.07125532625677,44.171497869497294,MEDIUM,1
2008,800be5,AIC2502,2025-12-30 09:18:35,0.0,44.230592775548054,22.30776288978078,LOW,1
2009,800be6,AIC2250,2025-12-29 04:54:04,50.0,55.00208048221296,47.999167807114816,MEDIUM,1
2010,800be6,AIC432,2025-12-29 15:51:45,0.0,87.82264488610541,4.870942045557837,LOW,1
2011,800be6,AIC432,2025-12-29 17:13:08,0.0,63.40196413702526,14.639214345189897,LOW,1
2012,800be6,AIC2642,2025-12-29 23:28:38,0.0,41.52108608181719,23.391565567273126,LOW,-1
2013,800be6,AIC2507,2025-12-30 06:18:36,0.0,60.91410410470962,15.634358358116152,LOW,1
2014,800be6,AIC2508,2025-12-30 09:08:33,0.0,69.81179503085211,12.075281987659157,LOW,1
2015,800be7,AIC2821,2025-12-29 07:04:08,0.0,65.67909384179713,13.728362463281151,LOW,1
2016,800be7,AIC2822,2025-12-29 09:54:04,0.0,86.38520656666752,5.445917373332993,LOW,1
2017,800bef,AIC2492,2025-12-29 15:51:45,0.0,73.95132541273401,10.419469834906398,LOW,1
2018,800bef,AIC2246,2025-12-30 04:58:38,35.0,58.801733795241695,37.47930648190332,MEDIUM,1
2019,800bef,AIC2789,2025-12-30 10:18:36,0.0,71.4125430592088,11.434982776316481,LOW,1
2020,800bf9,AIC1832,2025-12-29 00:18:37,0.0,60.358617084337766,15.856553166264895,LOW,1
2021,800bf9,AIC2499,2025-12-29 06:34:06,0.0,69.85905481250477,12.056378074998094,LOW,1
2022,800bf9,AIC2500,2025-12-29 08:24:06,0.0,77.68992253780908,8.924030984876367,LOW,1
2023,800bf9,AIC487,2025-12-29 16:31:45,10.0,68.33598590811604,18.665605636753583,LOW,1
2024,800bf9,AIC487,2025-12-29 18:03:07,0.0,81.3548307132381,7.45806771470476,LOW,1
2025,800bf9,AIC817,2025-12-30 06:18:36,0.0,72.02783956274911,11.188864174900358,LOW,1
2026,800bf9,AIC818,2025-12-30 09:18:35,0.0,82.65296481643414,6.938814073426347,LOW,1
2027,800bfa,AIC2779,2025-12-29 08:34:04,10.0,62.21963331677079,21.112146673291683,LOW,1
2028,800bfa,AIC2855,2025-12-29 10:24:06,0.0,74.06012632743997,10.375949469024011,LOW,1
2029,800bfa,AIC2531,2025-12-29 17:13:08,0.0,66.92847733151646,13.228609067393416,LOW,1
2030,800bfa,AIC2858,2025-12-30 03:18:38,0.0,67.39256594858576,13.042973620565698,LOW,1
2031,800bfa,AIC2821,2025-12-30 07:08:35,0.0,68.97249059909893,12.411003760360428,LOW,1
2032,800bfa,AIC2822,2025-12-30 09:48:34,0.0,72.86683357690845,10.853266569236622,LOW,1
2033,800bfb,AIC2303,2025-12-28 23:48:41,0.0,75.583886813327,9.766445274669202,LOW,1
2034,800bfb,AIC2255,2025-12-29 17:13:08,0.0,78.02091812247635,8.791632751009463,LOW,1
2035,800bfb,AIC2256,2025-12-30 04:48:37,35.0,70.80112647454345,32.67954941018262,MEDIUM,1
2036,800bfb,AIC2937,2025-12-30 09:28:35,0.0,72.49945844536599,11.000216621853605,LOW,1
2037,800c07,AIC495,2025-12-29 09:24:04,0.0,66.36981826240601,13.452072695037595,LOW,1
2038,800c07,AIC882,2025-12-29 16:51:45,10.0,69.45004984383111,18.219980062467556,LOW,1
2039,800c07,AIC2710,2025-12-29 23:28:38,0.0,66.4873614620203,13.40505541519188,LOW,1
2040,800c07,AIC2336,2025-12-30 02:38:38,25.0,24.65636758373067,45.13745296650774,MEDIUM,-1
2041,800c08,AIC2337,2025-12-29 15:51:45,0.0,96.60130421769031,1.359478312923875,LOW,1
2042,800c08,AIC2338,2025-12-29 23:48:40,0.0,81.82212978596021,7.2711480856159145,LOW,1
2043,800c08,AIC2785,2025-12-30 06:48:37,35.0,52.44529828916234,40.021880684335066,MEDIUM,1
2044,800c08,AIC2786,2025-12-30 09:08:33,35.0,38.99139048252264,45.40344380699095,MEDIUM,-1
2045,800c09,LLR803,2025-12-29 09:04:08,0.0,67.27260214875896,13.090959140496416,LOW,1
2046,800c09,LLR697,2025-12-30 08:18:37,0.0,46.97362076872915,21.210551692508343,LOW,1
2047,800c0b,AIC2857,2025-12-28 23:48:41,0.0,70.17891155891606,11.928435376433578,LOW,1
2048,800c0b,AIC2402,2025-12-29 06:44:08,0.0,73.89392658029206,10.442429367883177,LOW,1
2049,800c0b,AIC2418,2025-12-29 16:51:45,0.0,69.71196338376168,12.115214646495327,LOW,1
2050,800c0b,AIC2418,2025-12-29 18:45:15,0.0,73.24737561138603,10.701049755445588,LOW,1
2051,800c0b,AIC2559,2025-12-30 08:08:33,25.0,65.4522011019832,28.81911955920672,LOW,1
2052,800c0c,AIC2410,2025-12-28 23:48:41,0.0,87.94289804636121,4.822840781455517,LOW,1
2053,800c0c,AIC2410,2025-12-29 01:34:05,0.0,77.55137915036325,8.979448339854702,LOW,1
2054,800c0c,AIC2452,2025-12-29 04:04:06,25.0,51.79893020911491,34.28042791635404,MEDIUM,1
2055,800c0c,AIC2452,2025-12-29 05:24:05,10.0,79.49004404243338,14.203982383026647,LOW,1
2056,800c0c,AIC2560,2025-12-29 07:34:07,0.0,69.68700358278414,12.125198566886343,LOW,1
2057,800c0c,AIC2481,2025-12-29 18:03:07,0.0,73.55648190981127,10.577407236075494,LOW,1
2058,800c0c,AIC2482,2025-12-29 23:38:34,0.0,72.85946271317113,10.85621491473155,LOW,1
2059,800c0c,AIC2873,2025-12-30 07:48:33,35.0,61.43431665209861,36.42627333916056,MEDIUM,1
2060,800c11,IGO6566,2025-12-28 23:48:41,0.0,72.22807062247915,11.10877175100834,LOW,1
2061,800c11,IGO6913,2025-12-30 07:58:34,0.0,76.05480787151544,9.578076851393826,LOW,1
2062,800c12,IGO296Y,2025-12-29 05:44:09,10.0,68.8823746313524,18.447050147459038,LOW,1
2063,800c12,IGO296Y,2025-12-29 07:24:06,0.0,86.39078527862523,5.443685888549908,LOW,1
2064,800c12,IGO6302,2025-12-29 09:14:08,0.0,94.33119953999557,2.2675201840017736,LOW,1
2065,800c12,IGO6302,2025-12-29 10:24:06,0.0,81.36488553840333,7.454045784638669,LOW,1
2066,800c12,IGO67DM,2025-12-29 15:51:45,0.0,66.72198215699217,13.311207137203134,LOW,1
2067,800c13,VTPVK,2025-12-29 15:51:45,0.0,92.31957905072979,3.072168379708086,LOW,1
2068,800c13,VTPVK,2025-12-29 18:13:07,0.0,84.22504418997053,6.309982324011788,LOW,1
2069,800c16,IGO461E,2025-12-29 03:44:06,0.0,78.82871865131209,8.468512539475165,LOW,1
2070,800c16,IGO6312,2025-12-29 10:24:06,0.0,92.2974782183812,3.08100871264752,LOW,1
2071,800c16,IGO982,2025-12-29 17:01:38,0.0,77.04046050260915,9.18381579895634,LOW,1
2072,800c16,IGO415,2025-12-30 07:48:33,0.0,70.9459288616778,11.621628455328882,LOW,1
2073,800c38,IGO752E,2025-12-29 05:54:05,50.0,54.888792418110704,48.04448303275572,MEDIUM,1
2074,800c38,IGO292,2025-12-29 16:51:45,0.0,67.84234748470148,12.863061006119409,LOW,1
2075,800c38,IGO142K,2025-12-29 23:48:40,10.0,71.89708792787094,17.241164828851623,LOW,1
2076,800c38,IGO560M,2025-12-30 05:38:33,35.0,43.59394946559249,43.562420213763005,MEDIUM,1
2077,800c38,IGO714C,2025-12-30 07:48:33,35.0,56.84797798002855,38.26080880798858,MEDIUM,1
2078,800c3a,LLR634,2025-12-29 15:51:45,0.0,58.4195636996073,16.63217452015708,LOW,1
2079,800c3c,AIC2860,2025-12-29 08:44:04,35.0,71.96410253554718,32.214358985781125,MEDIUM,1
2080,800c3c,AIC2811,2025-12-30 00:58:38,35.0,75.77573246249061,30.689707015003755,MEDIUM,1
2081,800c3c,AIC2605,2025-12-30 06:38:36,0.0,64.98975072065285,14.00409971173886,LOW,1
2082,800c3c,AIC2606,2025-12-30 09:38:37,0.0,83.78018372413477,6.4879265103460915,LOW,1
2083,800c42,AIC2710,2025-12-28 23:48:41,0.0,50.81468129416766,19.674127482332935,LOW,1
2084,800c42,AIC2885,2025-12-29 03:44:06,35.0,66.97943930543045,34.208224277827824,MEDIUM,1
2085,800c42,AIC2376,2025-12-29 15:51:45,0.0,96.20329226155059,1.5186830953797654,LOW,1
2086,800c42,AIC2377,2025-12-29 23:28:38,0.0,74.2500752230487,10.299969910780522,LOW,1
2087,800c43,AIC2884,2025-12-29 06:14:08,0.0,84.91540337122619,6.033838651509524,LOW,1
2088,800c43,AIC2884,2025-12-29 08:24:06,35.0,79.7902722512095,29.0838910995162,LOW,1
2089,800c43,AIC2335,2025-12-29 18:03:07,0.0,95.10596903855297,1.9576123845788118,LOW,1
2090,800c43,AIC2386,2025-12-30 00:48:35,35.0,57.65170437379801,37.939318250480795,MEDIUM,1
2091,800c43,AIC2386,2025-12-30 02:18:37,0.0,97.8466454143719,0.8613418342512376,LOW,1
2092,800c44,AIC2336,2025-12-29 03:54:07,0.0,37.507124437343975,24.997150225062413,LOW,-1
2093,800c44,AIC2333,2025-12-29 10:14:09,0.0,98.08263920057662,0.7669443197693511,LOW,1
2094,800c44,AIC2664,2025-12-29 15:51:45,35.0,61.205781999720095,36.517687200111965,MEDIUM,1
2095,800c44,AIC2463,2025-12-30 06:58:37,25.0,50.41401111443287,34.83439555422686,MEDIUM,1
2096,800c44,AIC2427,2025-12-30 09:58:35,0.0,73.9695272786665,10.412189088533399,LOW,1
2097,800c48,AIC2212,2025-12-29 03:04:06,0.0,94.27997923508201,2.288008305967196,LOW,1
2098,800c48,AIC2896,2025-12-29 07:54:02,25.0,72.70582868433152,25.91766852626739,LOW,1
2099,800c48,AIC3327,2025-12-29 16:51:45,0.0,78.98776571204122,8.40489371518351,LOW,1
2100,800c48,AIC532,2025-12-29 23:28:38,0.0,68.64687428784596,12.541250284861617,LOW,1
2101,800c48,AIC2883,2025-12-30 06:08:34,0.0,70.64749929148881,11.741000283404475,LOW,1
2102,800c48,AIC2883,2025-12-30 07:58:34,35.0,65.40494627474827,34.838021490100694,MEDIUM,1
2103,800c4a,AIC2728,2025-12-29 05:04:06,10.0,57.16050856056807,23.135796575772773,LOW,1
2104,800c4a,AIC2728,2025-12-29 06:24:05,0.0,59.775594010661436,16.089762395735427,LOW,1
2105,800c4a,AIC2780,2025-12-29 16:31:45,0.0,79.48006555531245,8.20797377787502,LOW,1
2106,800c4a,AIC2212,2025-12-30 03:08:38,0.0,95.57994994388392,1.768020022446433,LOW,1
2107,800c4a,AIC2896,2025-12-30 07:48:33,35.0,77.36561425330108,30.05375429867957,MEDIUM,1
2108,800c4b,AIC2814,2025-12-28 23:48:41,0.0,78.67081731790363,8.531673072838549,LOW,1
2109,800c4b,AIC2883,2025-12-29 06:34:06,0.0,70.99242647132688,11.60302941146925,LOW,1
2110,800c4b,AIC2883,2025-12-29 08:24:06,35.0,71.02728385388507,32.589086458445976,MEDIUM,1
2111,800c4b,AIC2788,2025-12-29 10:14:09,0.0,71.56659709200714,11.373361163197144,LOW,1
2112,800c4b,AIC2275,2025-12-29 17:33:04,0.0,97.28096831235148,1.0876126750594097,LOW,1
2113,800c4b,AIC2275,2025-12-29 18:45:15,0.0,70.50902527146789,11.796389891412844,LOW,1
2114,800c4b,AIC2250,2025-12-30 04:38:37,50.0,65.78038171106424,43.6878473155743,MEDIUM,1
2115,800c50,VTCVV,2025-12-29 10:14:09,25.0,55.4586604825401,32.816535806983964,MEDIUM,1
2116,800c63,IGO2053,2025-12-29 07:14:05,0.0,37.892687295640854,24.842925081743658,LOW,-1
2117,800c63,IGO358V,2025-12-29 09:04:08,0.0,75.3609264976497,9.85562940094012,LOW,1
2118,800c63,IGO358V,2025-12-29 10:24:06,35.0,64.90346510129037,35.038613959483854,MEDIUM,1
2119,800c63,IGO260J,2025-12-29 16:31:45,50.0,52.09938108466821,49.16024756613272,MEDIUM,1
2120,800c63,IGO260J,2025-12-29 18:13:07,0.0,68.67102193923644,12.531591224305425,LOW,1
2121,800c63,IGO5029,2025-12-29 23:28:38,0.0,39.7520579903647,24.09917680385412,LOW,-1
2122,800c63,IGO5197,2025-12-30 01:08:40,0.0,73.42188464916758,10.63124614033297,LOW,1
2123,800c63,IGO596,2025-12-30 02:48:39,0.0,67.81742811728792,12.873028753084833,LOW,1
2124,800c63,IGO511H,2025-12-30 06:18:36,0.0,64.90272902276998,14.038908390892011,LOW,1
2125,800c64,AIC2727,2025-12-28 23:48:41,35.0,39.203430382941995,45.318627846823205,MEDIUM,-1
2126,800c64,AIC2644,2025-12-29 06:54:07,35.0,55.4079866149308,38.83680535402768,MEDIUM,1
2127,800c64,AIC2644,2025-12-29 09:14:08,25.0,56.69797207538997,32.32081116984401,MEDIUM,1
2128,800c64,AIC2445,2025-12-29 15:51:45,0.0,65.85860501549452,13.656557993802194,LOW,1
2129,800c64,AIC435,2025-12-29 18:25:18,35.0,56.70752867381793,38.31698853047283,MEDIUM,1
2130,800c64,AIC2625,2025-12-30 06:28:37,35.0,55.148460411322496,38.94061583547101,MEDIUM,1
2131,800c64,AIC2466,2025-12-30 09:38:37,25.0,66.89317292098691,28.242730831605236,LOW,1
2132,800c6d,IGO7227,2025-12-29 07:54:02,0.0,68.26820069714105,12.692719721143579,LOW,1
2133,800c6d,IGO7233,2025-12-29 09:54:04,0.0,63.703739485349395,14.518504205860243,LOW,1
2134,800c70,IGO6321,2025-12-30 10:08:34,0.0,79.57614103142717,8.169543587429132,LOW,1
2135,800c71,IGO924,2025-12-29 07:14:05,0.0,79.10317419377253,8.358730322490988,LOW,1
2136,800c71,IGO993W,2025-12-29 16:31:45,35.0,51.29805648731482,40.48077740507408,MEDIUM,1
2137,800c71,IGO579F,2025-12-29 18:03:07,25.0,56.051559370815866,32.57937625167365,MEDIUM,1
2138,800c71,IGO976V,2025-12-29 23:58:37,0.0,76.77972455433454,9.288110178266185,LOW,1
2139,800c71,IGO263L,2025-12-30 01:38:40,25.0,51.37117211404862,34.451531154380554,MEDIUM,1
2140,800c71,IGO6457,2025-12-30 07:48:33,0.0,64.61355013419191,14.154579946323237,LOW,1
2141,800c74,IGO146,2025-12-29 07:24:06,10.0,71.59194969163191,17.363220123347237,LOW,1
2142,800c74,IGO146,2025-12-29 09:24:04,0.0,72.64273723848649,10.942905104605405,LOW,1
2143,800c74,IGO433,2025-12-29 16:11:36,35.0,55.173004394591466,38.93079824216342,MEDIUM,1
2144,800c74,IGO442Y,2025-12-29 17:43:10,0.0,50.62728344941815,19.74908662023274,LOW,1
2145,800c74,IGO634Y,2025-12-30 04:28:41,0.0,82.08344364588517,7.166622541645933,LOW,1
2146,800c74,IGO273F,2025-12-30 07:08:35,0.0,67.44349284611539,13.022602861553844,LOW,1
2147,800c83,AXB1516,2025-12-29 16:41:44,10.0,71.24427453710517,17.502290185157932,LOW,1
2148,800c83,AXB1577,2025-12-29 23:28:38,35.0,75.38499845307506,30.846000618769978,MEDIUM,1
2149,800c83,AXB1517,2025-12-30 10:18:36,50.0,32.84080384502693,56.86367846198923,MEDIUM,-1
2150,800c85,AIC2387,2025-12-29 01:04:06,10.0,72.05313477428024,17.178746090287905,LOW,1
2151,800c85,AIC420,2025-12-29 16:41:44,25.0,45.30170787734493,36.87931684906203,MEDIUM,1
2152,800c85,AIC420,2025-12-29 18:13:07,35.0,60.232408883449935,36.907036446620026,MEDIUM,1
2153,800c85,AIC2758,2025-12-30 03:28:39,0.0,77.51286927150666,8.994852291397336,LOW,1
2154,800c85,AIC415,2025-12-30 06:38:36,0.0,71.51469784055487,11.394120863778051,LOW,1
2155,800c85,AIC416,2025-12-30 09:38:37,0.0,77.70834606091648,8.916661575633407,LOW,1
2156,800c86,AIC2378,2025-12-29 03:44:06,0.0,45.27440840819628,21.89023663672149,LOW,1
2157,800c86,AIC2304,2025-12-29 15:51:45,0.0,84.6861163363043,6.125553465478283,LOW,1
2158,800c86,AIC2303,2025-12-29 23:28:38,0.0,54.5392287256218,18.184308509751283,LOW,1
2159,800c86,AIC2897,2025-12-30 08:48:37,25.0,44.23505331058689,37.305978675765246,MEDIUM,1
2160,800c87,AIC2422,2025-12-29 02:14:08,10.0,74.27270649031013,16.29091740387595,LOW,1
2161,800c87,AIC3417,2025-12-29 06:34:06,35.0,64.60740315630076,35.157038737479695,MEDIUM,1
2162,800c87,AIC3418,2025-12-29 09:34:05,0.0,77.46335367827855,9.01465852868858,LOW,1
2163,800c87,AIC2939,2025-12-29 17:43:10,0.0,74.8749378948214,10.05002484207144,LOW,1
2164,800c87,AIC2895,2025-12-30 05:08:39,0.0,75.83666136162944,9.665335455348226,LOW,1
2165,800c87,AIC2886,2025-12-30 09:58:35,25.0,64.28523552868845,29.285905788524623,LOW,1
2166,800c88,AIC2290,2025-12-29 03:54:07,0.0,55.29271371112333,17.88291451555067,LOW,1
2167,800c88,AIC2354,2025-12-29 08:04:08,0.0,80.91277193425292,7.6348912262988335,LOW,1
2168,800c88,AIC2354,2025-12-29 09:24:04,0.0,41.167186309820636,23.533125476071746,LOW,-1
2169,800c88,AIC2353,2025-12-29 15:51:45,0.0,97.09795902017255,1.1608163919309789,LOW,1
2170,800c88,AIC2353,2025-12-29 17:23:08,0.0,76.05028606429762,9.57988557428095,LOW,1
2171,800c88,AIC2290,2025-12-30 03:38:37,0.0,78.14071852773849,8.743712588904605,LOW,1
2172,800c88,AIC2787,2025-12-30 06:48:37,35.0,46.59010428783493,42.36395828486603,MEDIUM,1
2173,800c89,AIC2246,2025-12-29 04:54:04,50.0,36.33936911935138,55.46425235225945,MEDIUM,-1
2174,800c89,AIC2655,2025-12-29 18:23:08,0.0,76.20210223021449,9.519159107914204,LOW,1
2175,800c8e,AIC2986,2025-12-29 00:18:37,0.0,76.18530080719447,9.525879677122214,LOW,1
2176,800c8e,AIC2577,2025-12-29 03:34:08,0.0,78.06080388459145,8.77567844616342,LOW,1
2177,800c8e,AIC2559,2025-12-29 07:44:01,0.0,72.78269194550384,10.886923221798464,LOW,1
2178,800c8e,AIC2542,2025-12-29 10:04:07,0.0,76.96976721779393,9.212093112882428,LOW,1
2179,800c8e,AIC2541,2025-12-29 15:51:45,0.0,59.544296740290534,16.182281303883787,LOW,1
2180,800c8e,AIC2537,2025-12-29 17:53:07,0.0,73.98160394368377,10.407358422526494,LOW,1
2181,800c8f,AIC2771,2025-12-29 07:24:06,35.0,55.656863371317776,38.737254651472895,MEDIUM,1
2182,800c8f,AIC2771,2025-12-29 08:44:04,50.0,11.129329299779013,65.5482682800884,HIGH,-1
2183,800c8f,AIC2659,2025-12-29 16:41:44,0.0,78.00374690563821,8.798501237744716,LOW,1
2184,800c8f,AIC2660,2025-12-29 18:35:17,0.0,82.62945103642335,6.948219585430661,LOW,1
2185,800c8f,AIC2771,2025-12-30 07:28:36,0.0,67.71900260875387,12.912398956498453,LOW,1
2186,800c8f,AIC2771,2025-12-30 08:48:37,50.0,38.679300299454844,54.528279880218065,MEDIUM,-1
2187,800cb9,AIC2927,2025-12-29 10:04:07,25.0,66.16889700037636,28.53244119984946,LOW,1
2188,800cb9,AIC2600,2025-12-29 17:33:04,0.0,78.8346313841878,8.46614744632488,LOW,1
2189,800cb9,AIC2661,2025-12-29 23:28:38,0.0,69.81150367217761,12.075398531128958,LOW,1
2190,800cb9,AIC2571,2025-12-30 08:48:37,25.0,48.653383743014636,35.53864650279415,MEDIUM,1
2191,800cba,AIC2757,2025-12-29 00:28:46,0.0,80.4453165355253,7.821873385789883,LOW,1
2192,800cba,AIC2654,2025-12-29 09:14:08,10.0,81.25622766107965,13.497508935568142,LOW,1
2193,800cba,AIC2601,2025-12-29 17:13:08,0.0,57.72147315112079,16.911410739551684,LOW,1
2194,800cba,AIC2608,2025-12-30 00:28:37,0.0,76.49505373686004,9.401978505255983,LOW,1
2195,800cba,AIC2608,2025-12-30 01:28:36,25.0,69.55074600016579,27.179701599933686,LOW,1
2196,800cba,AIC2560,2025-12-30 07:28:36,0.0,79.01665684729056,8.393337261083776,LOW,1
2197,800cbe,IGO4FJ,2025-12-29 15:51:45,0.0,60.64147712072891,15.743409151708438,LOW,1
2198,800cbe,IGO4MK,2025-12-29 18:35:17,0.0,65.14759822155821,13.940960711376716,LOW,1
2199,800cbf,IGO7603,2025-12-29 18:03:07,0.0,65.13093726201286,13.947625095194855,LOW,1
2200,800cc7,AIC2858,2025-12-29 03:34:08,0.0,82.55047631772338,6.979809472910649,LOW,1
2201,800cc7,AIC2930,2025-12-29 07:44:01,35.0,53.65008683646677,39.539965265413294,MEDIUM,1
2202,800cc7,AIC2930,2025-12-29 09:04:08,10.0,82.36429267500861,13.054282929996555,LOW,1
2203,800cc7,AIC1ZG,2025-12-29 16:41:44,35.0,51.63215381058059,40.347138475767764,MEDIUM,1
2204,800cc7,AIC2355,2025-12-30 08:28:35,0.0,42.724296918633875,22.910281232546453,LOW,1
2205,800cc8,AIC2389,2025-12-28 23:48:41,0.0,69.00368444595743,12.398526221617027,LOW,1
2206,800cc8,AIC2463,2025-12-29 07:44:01,0.0,77.21169053438724,9.115323786245103,LOW,1
2207,800cc8,AIC2813,2025-12-29 18:13:07,35.0,68.49251268284263,33.60299492686295,MEDIUM,1
2208,800cc8,AIC2814,2025-12-29 23:58:37,10.0,76.28365239275526,15.486539042897897,LOW,1
2209,800cc8,AIC2885,2025-12-30 02:48:39,0.0,68.07907565203925,12.768369739184301,LOW,1
2210,800cc8,AIC2779,2025-12-30 08:28:35,35.0,71.81131925708117,32.27547229716753,MEDIUM,1
2211,800cc9,AXB1017,2025-12-29 15:51:45,0.0,38.97813686526113,24.40874525389555,LOW,-1
2212,800cc9,AXB1064,2025-12-29 17:43:10,35.0,57.0716959081093,38.17132163675628,MEDIUM,1
2213,800cd5,AXB942,2025-12-29 05:54:05,0.0,79.3901580963354,8.243936761465841,LOW,1
2214,800cd6,AXB1891,2025-12-29 08:04:08,0.0,70.11475368169219,11.954098527323124,LOW,1
2215,800cd6,AXB1530,2025-12-29 16:21:38,0.0,92.35591554709139,3.057633781163446,LOW,1
2216,800cd6,AXB2504,2025-12-30 08:38:36,0.0,56.861128541555566,17.255548583377774,LOW,1
2217,800cdc,IGO336,2025-12-29 00:18:37,0.0,73.17427583350798,10.73028966659681,LOW,1
2218,800cdc,IGO441E,2025-12-29 17:13:08,0.0,79.42328725078221,8.230685099687117,LOW,1
2219,800cdc,IGO6312,2025-12-30 07:38:20,0.0,73.28890025297028,10.684439898811888,LOW,1
2220,800cdc,IGO927,2025-12-30 09:48:34,0.0,90.20062848037001,3.9197486078519947,LOW,1
2221,800ce4,AXB1577,2025-12-29 01:54:09,50.0,60.66196702746138,45.73521318901545,MEDIUM,1
2222,800ce4,AXB1584,2025-12-29 06:04:04,0.0,76.36611582816862,9.453553668732553,LOW,1
2223,800ce4,AXB1584,2025-12-29 08:04:08,0.0,65.3567899103835,13.857284035846602,LOW,1
2224,800ce4,AXB2760,2025-12-29 10:14:09,0.0,75.48395592257215,9.80641763097114,LOW,1
2225,800ce4,AXB2052,2025-12-29 16:11:36,0.0,70.02867954302428,11.988528182790288,LOW,1
2226,800ce4,AXB2053,2025-12-29 18:03:07,0.0,78.09698169148604,8.761207323405586,LOW,1
2227,800ce4,AXB1584,2025-12-30 05:58:33,10.0,69.28790134900404,18.28483946039838,LOW,1
2228,800ce4,AXB1584,2025-12-30 08:08:33,0.0,80.55309450553082,7.778762197787671,LOW,1
2229,800ce4,AXB2760,2025-12-30 10:08:34,25.0,70.16273118363698,26.93490752654521,LOW,1
2230,800ce8,AIC2546,2025-12-29 23:48:40,0.0,68.7365933232026,12.505362670718961,LOW,1
2231,800cee,IGO397M,2025-12-29 15:51:45,10.0,77.449834703435,15.020066118626,LOW,1
2232,800cee,IGO6641,2025-12-29 18:03:07,0.0,67.24016861728933,13.10393255308427,LOW,1
2233,800cf1,VTARM,2025-12-29 16:41:44,0.0,76.45125071937291,9.419499712250838,LOW,1
2234,800cf7,IGO7005,2025-12-29 07:44:01,0.0,66.07172187891658,13.57131124843337,LOW,1
2235,800cf7,IGO7005,2025-12-30 07:48:33,0.0,66.97921433585942,13.208314265656231,LOW,1
2236,800cf7,IGO7005,2025-12-30 09:18:35,0.0,52.55017287742402,18.979930849030392,LOW,1
2237,800cfb,IGO7197,2025-12-29 17:43:10,0.0,59.83316658256828,16.066733366972688,LOW,1
2238,800cfe,AIC2787,2025-12-29 06:44:08,35.0,56.01353364554038,38.594586541783855,MEDIUM,1
2239,800cfe,AIC2247,2025-12-29 09:54:04,0.0,78.80949680584793,8.476201277660829,LOW,1
2240,800cfe,AIC2248,2025-12-29 18:45:15,0.0,67.68295980009296,12.926816079962817,LOW,1
2241,800cfe,AIC2884,2025-12-30 06:18:36,0.0,73.26354341285332,10.694582634858671,LOW,1
2242,800cfe,AIC2884,2025-12-30 08:38:36,0.0,77.1037039946773,9.15851840212908,LOW,1
2243,800cff,AIC2239,2025-12-29 09:24:04,25.0,70.62123919643928,26.751504321424292,LOW,1
2244,800cff,AIC2240,2025-12-29 17:33:04,35.0,78.38866621298726,29.644533514805097,LOW,1
2245,800cff,AIC2986,2025-12-30 01:48:39,0.0,74.99963719119302,10.000145123522794,LOW,1
2246,800cff,AIC2535,2025-12-30 06:58:37,35.0,44.9517089997779,43.01931640008884,MEDIUM,1
2247,800cff,AIC2536,2025-12-30 09:48:34,35.0,54.081316538117214,39.36747338475311,MEDIUM,1
2248,800d01,IGO194,2025-12-29 06:14:08,0.0,76.5281738056563,9.388730477737482,LOW,1
2249,800d01,IGO249,2025-12-29 08:34:04,0.0,71.68410977470023,11.326356090119909,LOW,1
2250,800d01,IGO6279,2025-12-29 16:41:44,0.0,76.84838482065568,9.260646071737728,LOW,1
2251,800d01,IGO6280,2025-12-29 18:35:17,0.0,80.10991220343135,7.956035118627461,LOW,1
2252,800d03,SEJ1077,2025-12-29 06:34:06,0.0,69.03767875493436,12.384928498026255,LOW,1
2253,800d03,SEJ1081,2025-12-29 10:04:07,0.0,68.43668655922613,12.625325376309547,LOW,1
2254,800d03,SEJ1082,2025-12-29 16:41:44,0.0,44.30910446770021,22.276358212919916,LOW,1
2255,800d03,SEJ1077,2025-12-30 06:28:37,0.0,68.76743775159785,12.49302489936086,LOW,1
2256,800d03,SEJ1081,2025-12-30 10:08:34,0.0,65.34764675245953,13.86094129901619,LOW,1
2257,800d06,VTSNB,2025-12-29 15:51:45,0.0,65.37183163080276,13.851267347678897,LOW,1
2258,800d08,SEJ9495,2025-12-29 10:14:09,0.0,54.5001181630058,18.19995273479768,LOW,1
2259,800d08,SEJ9615,2025-12-29 15:51:45,0.0,66.12366385050294,13.550534459798826,LOW,1
2260,800d08,SEJ9614,2025-12-29 18:03:07,0.0,59.3270177309547,16.26919290761812,LOW,1
2261,800d09,IGO094,2025-12-29 07:44:01,0.0,98.20227583284851,0.7190896668605945,LOW,1
2262,800d09,IGO658,2025-12-29 17:23:08,0.0,63.78324316477272,14.486702734090912,LOW,1
2263,800d09,IGO924,2025-12-30 07:08:35,35.0,63.816912795263285,35.47323488189468,MEDIUM,1
2264,800d0f,IGO937E,2025-12-29 08:24:06,0.0,70.49324946080317,11.802700215678733,LOW,1
2265,800d0f,IGO937E,2025-12-29 09:54:04,0.0,51.23506884220391,19.50597246311844,LOW,1
2266,800d0f,IGO057,2025-12-29 17:43:10,0.0,96.81208676136184,1.2751652954552641,LOW,1
2267,800d0f,IGO060,2025-12-30 04:08:35,0.0,60.303767061880386,15.878493175247847,LOW,1
2268,800d0f,IGO6431,2025-12-30 08:18:37,35.0,61.832688275621194,36.26692468975152,MEDIUM,1
2269,800d10,IGO1707,2025-12-29 00:18:37,0.0,51.892465972749946,19.24301361090002,LOW,1
2270,800d10,IGO6790,2025-12-29 18:35:17,0.0,78.72530420459339,8.509878318162647,LOW,1
2271,800d10,IGO2279,2025-12-30 01:58:37,0.0,62.990866223954356,14.803653510418258,LOW,1
2272,800d10,IGO1151,2025-12-30 07:58:34,35.0,63.57283823428855,35.57086470628458,MEDIUM,1
2273,800d13,SEJ263,2025-12-29 07:44:01,50.0,26.887634692003473,59.244946123198616,MEDIUM,-1
2274,800d13,SEJ254,2025-12-29 16:51:45,0.0,56.42023483228409,17.431906067086366,LOW,1
2275,800d13,SEJ9911,2025-12-30 06:48:37,35.0,27.11630793319642,50.15347682672143,MEDIUM,-1
2276,800d13,SEJ9911,2025-12-30 08:18:37,35.0,58.722282729642075,37.51108690814317,MEDIUM,1
2277,800d13,SEJ937,2025-12-30 10:18:36,0.0,72.14835517107154,11.140657931571383,LOW,1
2278,800d17,SEJ2924,2025-12-29 16:51:45,0.0,65.96679848874496,13.613280604502018,LOW,1
2279,800d18,SEJ2441,2025-12-29 08:14:07,0.0,55.48576912408995,17.805692350364023,LOW,1
2280,800d18,SEJ9176,2025-12-29 15:51:45,0.0,64.72272924725024,14.110908301099904,LOW,1
2281,800d18,SEJ9170,2025-12-29 18:03:07,0.0,67.98090993838753,12.80763602464499,LOW,1
2282,800d18,SEJ2941,2025-12-30 06:48:37,0.0,66.86496155417724,13.254015378329104,LOW,1
2283,800d18,SEJ2942,2025-12-30 08:58:35,0.0,64.85961305206649,14.056154779173404,LOW,1
2284,800d1b,SEJ052,2025-12-29 03:54:07,0.0,69.24570661864382,12.301717352542472,LOW,1
2285,800d1b,SEJ937,2025-12-29 08:24:06,10.0,81.06657928598717,13.573368285605131,LOW,1
2286,800d1b,SEJ526,2025-12-29 16:51:45,0.0,71.34712563033862,11.461149747864551,LOW,1
2287,800d1b,SEJ526,2025-12-29 18:13:07,0.0,62.046520828910786,15.181391668435687,LOW,1
2288,800d1b,SEJ052,2025-12-30 03:58:40,0.0,73.74768408096513,10.50092636761395,LOW,1
2289,800d1b,SEJ937,2025-12-30 06:08:34,0.0,74.09311947721267,10.362752209114934,LOW,1
2290,800d1b,SEJ937,2025-12-30 07:18:12,10.0,81.08820859218152,13.564716563127394,LOW,1
2291,800d2c,IGO5245,2025-12-29 05:54:05,35.0,74.15168895040595,31.339324419837617,MEDIUM,1
2292,800d2c,IGO239P,2025-12-29 08:34:04,35.0,60.96728337330977,36.613086650676095,MEDIUM,1
2293,800d2c,IGO58MV,2025-12-29 18:13:07,0.0,66.643233174806,13.342706730077602,LOW,1
2294,800d2c,IGO274H,2025-12-30 07:38:20,35.0,55.28267956332571,38.88692817466972,MEDIUM,1
2295,800d2c,IGO539,2025-12-30 09:08:33,0.0,77.12026618829847,9.151893524680611,LOW,1
2296,800d2d,IGO2774,2025-12-30 01:18:37,0.0,79.97305142189839,8.010779431240644,LOW,1
2297,800d2d,IGO2774,2025-12-30 02:28:35,50.0,31.46125270598402,57.41549891760639,MEDIUM,-1
2298,800d2d,IGO245,2025-12-30 06:08:34,0.0,66.65317318548118,13.33873072580753,LOW,1
2299,800d34,IGO2109,2025-12-28 23:58:46,10.0,75.65407554692837,15.738369781228654,LOW,1
2300,800d34,IGO1633,2025-12-29 07:34:07,0.0,40.36024440732309,23.855902237070765,LOW,-1
2301,800d34,IGO637V,2025-12-29 18:23:08,50.0,54.35495473725906,48.25801810509638,MEDIUM,1
2302,800d34,IGO6472,2025-12-30 00:48:35,0.0,68.86783810122418,12.452864759510328,LOW,1
2303,800d34,IGO6472,2025-12-30 04:38:37,0.0,61.6367958717222,15.34528165131112,LOW,1
2304,800d34,IGO939,2025-12-30 06:48:37,0.0,83.30087308231207,6.679650767075174,LOW,1
2305,800d36,IGO265C,2025-12-29 05:24:05,0.0,79.65254608734948,8.13898156506021,LOW,1
2306,800d36,IGO375P,2025-12-29 08:14:07,10.0,76.42228778654193,15.431084885383228,LOW,1
2307,800d36,IGO6571,2025-12-29 10:04:07,50.0,43.00478739567998,52.79808504172801,MEDIUM,1
2308,800d36,IGO248Y,2025-12-29 16:31:45,35.0,51.35152375639423,40.459390497442314,MEDIUM,1
2309,800d36,IGO297L,2025-12-29 18:45:15,0.0,80.03955704359007,7.9841771825639745,LOW,1
2310,800d36,IGO91NP,2025-12-30 06:38:36,25.0,66.8637979397974,28.254480824081043,LOW,1
2311,800d36,IGO92NP,2025-12-30 08:48:37,35.0,74.05060506701997,31.379757973192014,MEDIUM,1
2312,800d37,IGO399,2025-12-29 17:43:10,0.0,94.74455245693257,2.102179017226973,LOW,1
2313,800d3c,AXB2914,2025-12-29 06:54:07,0.0,70.70065496827078,11.719738012691687,LOW,1
2314,800d3c,AXB2915,2025-12-29 09:14:08,0.0,67.29538511033854,13.081845955864583,LOW,1
2315,800d3c,AXB2892,2025-12-29 16:41:44,10.0,67.49231076467305,19.00307569413078,LOW,1
2316,800d3c,AXB2430,2025-12-29 18:03:07,0.0,76.63215248235315,9.347139007058741,LOW,1
2317,800d40,AIC2758,2025-12-29 00:18:37,25.0,69.25893707371569,27.29642517051373,LOW,1
2318,800d40,AIC2758,2025-12-29 02:04:07,0.0,81.41617886016321,7.433528455934715,LOW,1
2319,800d40,AIC2441,2025-12-29 16:11:36,0.0,63.31710789751774,14.673156840992906,LOW,1
2320,800d40,AIC2499,2025-12-30 06:18:36,0.0,62.56944130812026,14.972223476751896,LOW,1
2321,800d40,AIC2500,2025-12-30 08:28:35,0.0,79.4291512157304,8.22833951370784,LOW,1
2322,800d41,AIC2377,2025-12-28 23:48:41,35.0,75.12895874543585,30.948416501825662,MEDIUM,1
2323,800d41,AIC215,2025-12-29 05:14:08,35.0,49.608490144056105,41.15660394237756,MEDIUM,1
2324,800d41,AIC216,2025-12-29 08:04:08,0.0,72.050168096161,11.1799327615356,LOW,1
2325,800d41,AIC218,2025-12-29 15:51:45,35.0,63.034314218997196,35.78627431240112,MEDIUM,1
2326,800d41,AIC237,2025-12-29 17:53:07,0.0,65.73290681781762,13.706837272872953,LOW,1
2327,800d41,AIC238,2025-12-29 23:28:38,0.0,23.31117259654431,30.67553096138228,MEDIUM,-1
2328,800d41,AIC2378,2025-12-30 02:48:39,0.0,43.97000562606304,22.411997749574784,LOW,1
2329,800d41,AIC2379,2025-12-30 10:08:34,0.0,97.06972180671603,1.172111277313587,LOW,1
2330,800d52,LLR771,2025-12-29 18:03:07,0.0,59.46260911013533,16.21495635594587,LOW,1
2331,800d6a,IGO7226,2025-12-29 18:23:08,0.0,55.37354149474649,17.850583402101403,LOW,1
2332,800d6a,IGO2KC,2025-12-30 06:38:36,0.0,61.14113967522201,15.543544129911197,LOW,1
2333,800d6a,IGO5LY,2025-12-30 08:58:35,0.0,62.04401262444848,15.18239495022061,LOW,1
2334,800d7a,SEJ250,2025-12-29 00:08:45,35.0,27.98830251804146,49.804678992783415,MEDIUM,-1
2335,800d7a,SEJ251,2025-12-29 04:04:06,0.0,54.33917024163664,18.264331903345347,LOW,1
2336,800d7a,SEJ251,2025-12-30 03:48:37,0.0,67.86496532766247,12.854013868935011,LOW,1
2337,800d8b,AXB240,2025-12-29 06:04:04,0.0,77.43392980143047,9.026428079427815,LOW,1
2338,800d8b,AXB2143,2025-12-29 09:34:05,0.0,97.72433301995105,0.9102667920195814,LOW,1
2339,800d8b,AXB2143,2025-12-30 08:48:37,0.0,89.3253879827364,4.269844806905439,LOW,1
2340,800da0,AIC1804,2025-12-29 00:18:37,10.0,58.62900509596456,22.548397961614178,LOW,1
2341,800da0,AIC3423,2025-12-29 07:24:06,25.0,58.680945041470196,31.527621983411922,MEDIUM,1
2342,800da0,AIC1802,2025-12-29 23:28:38,0.0,76.73849613363312,9.304601546546753,LOW,1
2343,800da0,AIC1771,2025-12-30 09:28:35,10.0,55.12301147780641,23.950795408877436,LOW,1
2344,800da2,SEJ9614,2025-12-30 04:38:37,0.0,74.2419370400995,10.303225183960201,LOW,1
2345,800da2,SEJ141,2025-12-30 07:58:34,0.0,79.57062935928164,8.171748256287344,LOW,1
2346,800da2,SEJ186,2025-12-30 10:08:34,0.0,78.17348484109989,8.730606063560044,LOW,1
2347,800daf,AIC1729,2025-12-29 06:34:06,35.0,56.44477551000784,38.42208979599687,MEDIUM,1
2348,800daf,AIC1812,2025-12-29 09:54:04,0.0,83.03952700717849,6.784189197128604,LOW,1
2349,800daf,AIC1757,2025-12-29 15:51:45,0.0,66.52965924502696,13.388136301989215,LOW,1
2350,800daf,AIC1869,2025-12-29 17:13:08,0.0,50.51840378392916,19.792638486428338,LOW,1
2351,800daf,AIC495,2025-12-30 09:58:35,25.0,32.2856892824563,42.085724287017484,MEDIUM,-1
2352,800db0,AIC1725,2025-12-29 05:44:09,35.0,49.741527607699474,41.10338895692021,MEDIUM,1
2353,800db0,AIC1860,2025-12-29 08:54:06,0.0,75.95852059578296,9.616591761686818,LOW,1
2354,800db0,AIC1859,2025-12-29 18:45:15,0.0,78.21963310164865,8.71214675934054,LOW,1
2355,800db0,AIC1821,2025-12-29 23:28:38,0.0,53.782317036285825,18.48707318548567,LOW,1
2356,800db2,IGO3EP,2025-12-29 08:34:04,0.0,63.01315384117184,14.794738463531264,LOW,1
2357,800db2,IGO3EP,2025-12-30 09:38:37,0.0,57.01520342307791,17.193918630768838,LOW,1
2358,800dba,IGO2447,2025-12-29 06:14:08,0.0,80.2778028998524,7.888878840059039,LOW,1
2359,800dba,IGO376E,2025-12-29 08:34:04,50.0,43.41379473251246,52.63448210699502,MEDIUM,1
2360,800dba,IGO553W,2025-12-29 10:14:09,50.0,53.61171629571482,48.55531348171407,MEDIUM,1
2361,800dba,IGO7317,2025-12-29 16:21:38,0.0,70.60096370252784,11.759614518988867,LOW,1
2362,800dba,IGO7251,2025-12-29 18:13:07,0.0,60.62601788231327,15.749592847074693,LOW,1
2363,800dba,IGO553W,2025-12-30 08:58:35,35.0,68.3268720707269,33.669251171709234,MEDIUM,1
2364,80138d,AXB2739,2025-12-29 01:54:09,0.0,72.17101424140874,11.131594303436504,LOW,1
2365,80138d,AXB2115,2025-12-29 07:04:08,0.0,68.06663099666373,12.773347601334507,LOW,1
2366,801396,AIC2897,2025-12-29 06:04:04,0.0,57.41202645902689,17.035189416389244,LOW,1
2367,801396,AIC2867,2025-12-29 18:03:07,0.0,81.46224044729964,7.415103821080146,LOW,1
2368,801396,AIC2433,2025-12-30 00:18:35,0.0,64.50151576834054,14.199393692663785,LOW,1
2369,801396,AIC2422,2025-12-30 03:08:38,35.0,67.94248658538369,33.82300536584653,MEDIUM,1
2370,80139b,AIC2845,2025-12-29 07:14:05,0.0,68.20501703636455,12.71799318545418,LOW,1
2371,80139b,AIC2846,2025-12-29 10:24:06,0.0,64.21384585677986,14.314461657288058,LOW,1
2372,80139b,AIC2472,2025-12-29 17:23:08,0.0,75.56710183707635,9.773159265169461,LOW,1
2373,80139b,AIC2909,2025-12-30 00:48:35,0.0,81.81356752840364,7.274572988638545,LOW,1
2374,80139b,AIC2906,2025-12-30 07:08:35,10.0,71.39763542379852,17.440945830480594,LOW,1
2375,80139b,AIC2963,2025-12-30 09:08:33,35.0,61.6352433220209,36.34590267119164,MEDIUM,1
2376,80139e,AIC2851,2025-12-29 08:14:07,10.0,69.27481421386112,18.290074314455552,LOW,1
2377,80139e,AIC2944,2025-12-29 16:11:36,0.0,82.35193271334539,7.059226914661844,LOW,1
2378,80139e,AIC2284,2025-12-30 03:38:37,10.0,73.99450641832571,16.402197432669716,LOW,1
2379,8013a3,AIC2204,2025-12-29 03:24:06,0.0,98.38388730890117,0.6464450764395338,LOW,1
2380,8013a3,AIC2626,2025-12-29 08:34:04,0.0,75.01277027176788,9.99489189129285,LOW,1
2381,8013a3,AIC2854,2025-12-29 18:13:07,0.0,64.02046743926265,14.391813024294942,LOW,1
2382,8013a3,AIC2832,2025-12-30 08:48:37,35.0,74.4946556561925,31.202137737522996,MEDIUM,1
2383,8013a4,AIC2428,2025-12-29 08:34:04,25.0,38.698104050951194,39.52075837961952,MEDIUM,-1
2384,8013a4,AIC2428,2025-12-29 09:44:08,25.0,67.36975484822769,28.05209806070893,LOW,1
2385,8013a4,AIC2459,2025-12-29 18:13:07,0.0,70.89850957180184,11.640596171279265,LOW,1
2386,8013ae,IGO063,2025-12-29 03:24:06,25.0,60.322457533743915,30.871016986502433,MEDIUM,1
2387,8013ae,IGO064,2025-12-29 17:01:38,10.0,71.22295405921462,17.510818376314155,LOW,1
2388,8013ae,IGO063,2025-12-30 01:08:40,0.0,67.5989743940367,12.96041024238532,LOW,1
2389,8013b2,AIC2832,2025-12-29 08:54:06,35.0,77.47759085419466,30.008963658322138,MEDIUM,1
2390,8013b2,AIC2759,2025-12-29 18:13:07,0.0,68.66971339147169,12.532114643411326,LOW,1
2391,8013b2,AIC2437,2025-12-30 03:58:40,0.0,84.20803561833361,6.316785752666556,LOW,1
2392,8013b2,AIC2437,2025-12-30 05:08:39,0.0,48.70070642693866,20.51971742922454,LOW,1
2393,8013b2,AIC2851,2025-12-30 08:28:35,0.0,72.7801901616898,10.88792393532408,LOW,1
2394,8013c3,AIC2026,2025-12-29 03:24:06,35.0,68.35611934544502,33.65755226182199,MEDIUM,1
2395,8013c6,IGO6926,2025-12-29 01:34:05,0.0,78.49658758553272,8.601364965786912,LOW,1
2396,8013c6,IGO6926,2025-12-29 02:44:02,10.0,77.81659996814312,14.87336001274275,LOW,1
2397,8013c6,IGO73VC,2025-12-29 09:34:05,0.0,82.26775180639864,7.092899277440546,LOW,1
2398,8013c6,IGO82RM,2025-12-29 16:01:36,35.0,64.2136624105058,35.314535035797675,MEDIUM,1
2399,8013c6,IGO867W,2025-12-30 00:18:35,10.0,59.453911389672186,22.218435444131128,LOW,1
2400,8013c6,IGO749L,2025-12-30 08:58:35,0.0,65.12780939925423,13.948876240298308,LOW,1
2401,8013c8,IGO1804,2025-12-29 07:44:01,10.0,74.94929069672581,16.020283721309674,LOW,1
2402,8013c8,IGO1153,2025-12-29 10:14:09,35.0,42.28770162798599,44.084919348805606,MEDIUM,1
2403,8013c8,IGO1808,2025-12-30 06:18:36,50.0,65.80619190338027,43.67752323864789,MEDIUM,1
2404,8013c8,IGO5104,2025-12-30 09:38:37,25.0,59.72318832830554,31.110724668677786,MEDIUM,1
2405,8013c9,IGO104,2025-12-29 16:01:36,0.0,93.79000691979239,2.4839972320830443,LOW,1
2406,8013c9,IGO1238,2025-12-30 09:28:35,35.0,72.26891524075901,32.092433903696396,MEDIUM,1
2407,8013cb,IGO1268,2025-12-29 03:04:06,0.0,74.45452805080272,10.218188779678911,LOW,1
2408,8013cb,IGO1131,2025-12-29 05:44:09,10.0,59.897647838959365,22.040940864416253,LOW,1
2409,8013cb,IGO1134,2025-12-29 10:14:09,25.0,60.812104306541215,30.675158277383517,MEDIUM,1
2410,8013cb,IGO6223,2025-12-29 17:13:08,0.0,76.86716109188636,9.253135563245456,LOW,1
2411,8013cb,IGO242M,2025-12-29 18:45:15,0.0,75.8483265416379,9.660669383344839,LOW,1
2412,8013cb,IGO764J,2025-12-30 06:58:37,0.0,56.84559727619962,17.261761089520153,LOW,1
2413,8013cb,IGO6009,2025-12-30 08:48:37,0.0,70.10651046741738,11.957395813033049,LOW,1
2414,8013cc,AIC2768,2025-12-29 16:11:36,0.0,64.78731296899515,14.08507481240194,LOW,1
2415,8013ce,IGO3478,2025-12-29 09:24:04,10.0,66.11429262357682,19.554282950569274,LOW,1
2416,8013ce,IGO6676,2025-12-29 15:51:45,0.0,79.50782303570648,8.196870785717408,LOW,1
2417,8013ce,IGO6676,2025-12-29 17:13:08,0.0,67.20406305048219,13.118374779807125,LOW,1
2418,8013ce,IGO5161,2025-12-30 06:28:37,25.0,39.0979589326014,39.360816426959445,MEDIUM,-1
2419,8013ce,IGO6551,2025-12-30 09:18:35,0.0,47.0239291208704,21.190428351651843,LOW,1
2420,8013cf,IGO233P,2025-12-29 06:44:08,0.0,76.26900344510734,9.492398621957063,LOW,1
2421,8013cf,IGO233P,2025-12-29 08:34:04,0.0,67.81788414585372,12.87284634165851,LOW,1
2422,8013cf,IGO223,2025-12-29 18:13:07,0.0,68.81307289144397,12.474770843422414,LOW,1
2423,8013d5,IGO377W,2025-12-28 23:48:41,0.0,83.86662170770582,6.453351316917673,LOW,1
2424,8013d5,IGO6494,2025-12-29 06:44:08,50.0,58.81621744863872,46.473513020544516,MEDIUM,1
2425,8013d5,IGO6513,2025-12-29 08:24:06,35.0,65.16529782318291,34.93388087072684,MEDIUM,1
2426,8013d5,IGO473M,2025-12-29 18:35:17,0.0,80.39637232258993,7.84145107096403,LOW,1
2427,8013d5,IGO107V,2025-12-30 00:08:41,50.0,60.562622832805296,45.77495086687788,MEDIUM,1
2428,8013d5,IGO699J,2025-12-30 04:48:37,10.0,68.0195402112378,18.792183915504882,LOW,1
2429,8013d5,IGO699J,2025-12-30 06:48:37,35.0,66.22464504527707,34.51014198188917,MEDIUM,1
2430,8013d6,AIC2202,2025-12-29 23:28:38,10.0,72.28967811649177,17.08412875340329,LOW,1
2431,8013d6,AIC2930,2025-12-30 08:58:35,0.0,79.30054039444553,8.279783842221788,LOW,1
2432,8013d8,IGO530F,2025-12-29 06:24:05,25.0,68.30824737855754,27.676701048576987,LOW,1
2433,8013d8,IGO646F,2025-12-29 09:04:08,25.0,70.28958988033668,26.88416404786533,LOW,1
2434,8013d8,IGO41F,2025-12-30 03:18:38,0.0,67.62760350702447,12.948958597190211,LOW,1
2435,8013d8,IGO907,2025-12-30 08:18:37,25.0,61.176093074234466,30.529562770306214,MEDIUM,1
2436,8013d8,IGO907,2025-12-30 09:28:35,35.0,57.916653169895234,37.83333873204191,MEDIUM,1
2437,8013da,IGO6252,2025-12-29 00:38:36,0.0,76.69446527533111,9.322213889867555,LOW,1
2438,8013da,IGO9056,2025-12-29 09:44:08,0.0,74.65113995455668,10.139544018177327,LOW,1
2439,8013da,IGO6015,2025-12-29 16:31:45,25.0,77.93928144646908,23.824287421412368,LOW,1
2440,8013da,IGO1439,2025-12-30 10:08:34,0.0,80.08807791570796,7.964768833716818,LOW,1
2441,8013db,IGO751E,2025-12-29 18:23:08,0.0,76.21529208511352,9.513883165954594,LOW,1
2442,8013db,IGO27C,2025-12-29 23:38:34,0.0,95.00571518783572,1.9977139248657125,LOW,1
2443,8013db,IGO1496,2025-12-30 06:18:36,0.0,85.77844449764673,5.688622200941308,LOW,1
2444,8013dc,IGO79AE,2025-12-29 06:34:06,10.0,74.72456958736869,16.110172165052525,LOW,1
2445,8013dc,IGO259U,2025-12-29 09:14:08,0.0,72.8649173235222,10.854033070591118,LOW,1
2446,8013dc,IGO6379,2025-12-29 16:11:36,35.0,58.51745808676952,37.59301676529219,MEDIUM,1
2447,8013dc,IGO86KN,2025-12-29 18:35:17,0.0,83.26018451828342,6.695926192686631,LOW,1
2448,8013dc,IGO6550,2025-12-29 23:38:34,0.0,45.41506726111755,21.83397309555298,LOW,1
2449,8013dc,IGO364,2025-12-30 07:28:36,50.0,52.39229340530582,49.043082637877674,MEDIUM,1
2450,8013df,IGO6497,2025-12-29 09:34:05,0.0,91.3732277008164,3.45070891967344,LOW,1
2451,8013df,IGO347J,2025-12-29 16:41:44,0.0,90.0882619084651,3.9646952366139603,LOW,1
2452,8013df,IGO257P,2025-12-30 05:48:34,0.0,73.02475764830793,10.79009694067683,LOW,1
2453,8013df,IGO6629,2025-12-30 07:38:20,0.0,71.97160881935488,11.211356472258046,LOW,1
2454,8013df,IGO904,2025-12-30 09:38:37,0.0,66.65151305519144,13.339394777923424,LOW,1
2455,8013e2,IGO6469,2025-12-29 00:08:45,10.0,51.98506813428829,25.205972746284687,LOW,1
2456,8013e2,IGO201,2025-12-29 10:24:06,35.0,55.36412087538709,38.85435164984517,MEDIUM,1
2457,8013e2,IGO6344,2025-12-29 16:01:36,10.0,65.10423271117473,19.95830691553011,LOW,1
2458,8013e2,IGO516K,2025-12-30 02:38:38,25.0,52.508901964569915,33.996439214172035,MEDIUM,1
2459,8013e2,IGO2447,2025-12-30 05:48:34,0.0,75.2410455482377,9.903581780704924,LOW,1
2460,8013e2,IGO376E,2025-12-30 08:18:37,50.0,45.19046557002768,51.92381377198893,MEDIUM,1
2461,8013e2,IGO35LM,2025-12-30 09:58:35,0.0,71.59070263248321,11.363718947006715,LOW,1
2462,8013e4,IGO7304,2025-12-30 09:18:35,0.0,54.89348011223439,18.042607955106245,LOW,1
2463,8013e5,IGO2773,2025-12-28 23:48:41,0.0,61.50936006382892,15.396255974468431,LOW,1
2464,8013e5,IGO2262,2025-12-29 05:44:09,25.0,65.18518952890655,28.92592418843738,LOW,1
2465,8013e5,IGO6265,2025-12-29 09:14:08,0.0,49.263513615046755,20.294594553981298,LOW,1
2466,8013e5,IGO244Y,2025-12-29 16:31:45,0.0,79.65696891053454,8.137212435786182,LOW,1
2467,8013e5,IGO321C,2025-12-29 18:45:15,0.0,96.89876850201385,1.2404925991944595,LOW,1
2468,8013e5,IGO501N,2025-12-29 23:58:37,0.0,74.11321621712749,10.354713513149006,LOW,1
2469,8013ea,AIC2605,2025-12-29 07:04:08,0.0,65.01866166391305,13.99253533443478,LOW,1
2470,8013ea,AIC2606,2025-12-29 09:44:08,0.0,79.1546204384269,8.33815182462924,LOW,1
2471,8013ea,AIC2596,2025-12-29 18:03:07,0.0,70.96741057279016,11.613035770883938,LOW,1
2472,8013ea,AIC2699,2025-12-29 23:38:34,0.0,72.64200980538774,10.943196077844902,LOW,1
2473,8013ed,AIC2437,2025-12-29 00:08:45,0.0,48.01016563573071,20.795933745707718,LOW,1
2474,8013ed,AIC2928,2025-12-29 08:04:08,10.0,71.83869374389126,17.264522502443498,LOW,1
2475,8013ed,AIC2116,2025-12-29 23:28:38,0.0,54.91129073009954,18.035483707960186,LOW,1
2476,8013f3,IGO898,2025-12-29 07:44:01,0.0,68.07818268793534,12.768726924825865,LOW,1
2477,8013f3,IGO860,2025-12-29 09:54:04,0.0,59.902720564549554,16.03891177418018,LOW,1
2478,8013f3,IGO818,2025-12-29 17:23:08,25.0,72.77431882958722,25.890272468165115,LOW,1
2479,8013f3,IGO211,2025-12-30 06:58:37,0.0,73.33219848984666,10.667120604061337,LOW,1
2480,8013f6,IGO55V,2025-12-29 07:14:05,35.0,63.36944873890009,35.65222050443997,MEDIUM,1
2481,8013f6,IGO629,2025-12-29 16:01:36,0.0,73.66708870004052,10.533164519983792,LOW,1
2482,8013f6,IGO417E,2025-12-29 18:25:18,0.0,60.90955276435885,15.63617889425646,LOW,1
2483,8013f6,IGO55V,2025-12-30 07:08:35,35.0,63.26934708344852,35.69226116662059,MEDIUM,1
2484,8013f8,IGO406F,2025-12-29 07:04:08,35.0,60.569983974286394,36.77200641028544,MEDIUM,1
2485,8013f8,IGO6604,2025-12-29 15:51:45,0.0,65.25267032008628,13.898931871965488,LOW,1
2486,8013f8,IGO61F,2025-12-30 00:08:41,0.0,96.03045124549831,1.587819501800675,LOW,1
2487,8013f8,IGO1440,2025-12-30 07:48:33,0.0,78.57448100252032,8.570207598991875,LOW,1
2488,8013fb,IGO1655,2025-12-29 02:14:08,0.0,60.9981995897289,15.600720164108441,LOW,1
2489,8013fb,IGO1656,2025-12-29 07:14:05,0.0,98.29219762446535,0.683120950213862,LOW,1
2490,8013fb,IGO1656,2025-12-29 08:14:07,35.0,67.52470567592601,33.990117729629596,MEDIUM,1
2491,8013fb,IGO35LM,2025-12-29 10:04:07,0.0,68.06666338920259,12.773334644318965,LOW,1
2492,8013fb,IGO567K,2025-12-29 16:51:45,0.0,76.4715783582777,9.411368656688921,LOW,1
2493,8013fb,IGO567K,2025-12-29 18:35:17,0.0,67.11371555782961,13.154513776868157,LOW,1
2494,8013fb,IGO6977,2025-12-30 06:48:37,0.0,78.91609335917487,8.433562656330054,LOW,1
2495,8013fb,IGO95JE,2025-12-30 08:48:37,0.0,87.12860306847293,5.14855877261083,LOW,1
2496,8013fc,IGO1273,2025-12-30 00:28:37,0.0,96.36067201635645,1.4557311934574217,LOW,1
2497,8013fc,IGO43C,2025-12-30 06:28:37,0.0,95.82703635981791,1.669185456072836,LOW,1
2498,8013fd,IGO6129,2025-12-29 01:34:05,25.0,32.93165788159141,41.82733684736344,MEDIUM,-1
2499,8013fd,IGO721,2025-12-29 05:34:08,25.0,51.47662488637003,34.40935004545199,MEDIUM,1
2500,8013fd,IGO490,2025-12-29 17:13:08,0.0,62.73160148525341,14.907359405898639,LOW,1
2501,8013fd,IGO571E,2025-12-29 23:28:38,0.0,76.91419871691748,9.234320513233007,LOW,1
2502,8013fd,IGO1425,2025-12-30 06:08:34,0.0,83.65361695624419,6.538553217502323,LOW,1
2503,8013fe,AIC2844,2025-12-29 09:34:05,0.0,31.465573987330103,27.41377040506796,LOW,-1
2504,8013fe,AIC2776,2025-12-30 02:38:38,25.0,63.65719966076113,29.53712013569555,LOW,1
2505,8013fe,AIC2943,2025-12-30 07:38:20,25.0,67.77523157861826,27.8899073685527,LOW,1
2506,8013fe,AIC2943,2025-12-30 08:58:35,0.0,46.60449313383993,21.35820274646403,LOW,1
2507,801402,IGO93F,2025-12-29 04:24:05,0.0,72.70444535246759,10.918221859012966,LOW,1
2508,801403,AXB198,2025-12-29 02:54:07,10.0,59.40016636519693,22.23993345392123,LOW,1
2509,801403,AXB871,2025-12-30 08:18:37,0.0,74.50804351517945,10.19678259392822,LOW,1
2510,801404,IGO672P,2025-12-29 17:13:08,0.0,69.54599518295902,12.181601926816393,LOW,1
2511,801404,IGO107Y,2025-12-30 10:18:36,0.0,85.03035489966487,5.987858040134052,LOW,1
2512,801405,IGO2343,2025-12-29 03:54:07,25.0,69.64666066172995,27.14133573530802,LOW,1
2513,801405,IGO6763,2025-12-29 06:44:08,0.0,75.05599207864839,9.977603168540647,LOW,1
2514,801405,IGO6763,2025-12-29 07:54:02,10.0,72.22901416230602,17.108394335077595,LOW,1
2515,801405,IGO6748,2025-12-29 09:34:05,35.0,55.47941903242517,38.80823238702993,MEDIUM,1
2516,801405,IGO6383,2025-12-29 15:51:45,0.0,73.23880467306532,10.704478130773873,LOW,1
2517,801405,IGO794H,2025-12-29 18:03:07,0.0,74.75922662334239,10.096309350663047,LOW,1
2518,801405,IGO625W,2025-12-30 01:08:40,0.0,66.87131734916171,13.251473060335314,LOW,1
2519,801405,IGO264N,2025-12-30 04:28:41,0.0,64.64496142151629,14.142015431393487,LOW,1
2520,801405,IGO264N,2025-12-30 05:38:33,10.0,81.72811123285047,13.308755506859814,LOW,1
2521,801405,IGO5022,2025-12-30 07:48:33,0.0,64.98465316242962,14.006138735028152,LOW,1
2522,801406,AIC2030,2025-12-29 09:04:08,10.0,73.67846201943586,16.528615192225658,LOW,1
2523,801406,AIC2030,2025-12-30 08:58:35,35.0,75.15314451723452,30.938742193106194,MEDIUM,1
2524,801408,AIC2439,2025-12-29 00:18:37,0.0,75.55989073122886,9.776043707508457,LOW,1
2525,801408,AIC2439,2025-12-29 01:34:05,0.0,75.55611220430872,9.777555118276513,LOW,1
2526,801408,AIC2789,2025-12-29 10:24:06,0.0,81.12579160430971,7.549683358276116,LOW,1
2527,801408,AIC2849,2025-12-29 18:03:07,0.0,60.32998131161711,15.868007475353156,LOW,1
2528,801408,AIC2452,2025-12-30 05:08:39,35.0,63.36707594016525,35.6531696239339,MEDIUM,1
2529,801409,AIC2403,2025-12-29 16:21:38,0.0,66.39952477726744,13.440190089093022,LOW,1
2530,801409,AIC2403,2025-12-29 18:23:08,0.0,75.95470977675683,9.618116089297269,LOW,1
2531,801409,AIC2708,2025-12-29 23:28:38,0.0,36.63085588324402,25.347657646702395,LOW,-1
2532,801409,AIC2525,2025-12-30 06:18:36,25.0,54.25111416878831,33.299554332484675,MEDIUM,1
2533,80140a,IGO5002,2025-12-29 06:04:04,35.0,66.96112245987888,34.21555101604845,MEDIUM,1
2534,80140a,IGO5167,2025-12-29 08:24:06,0.0,50.06751323603538,19.972994705585847,LOW,1
2535,80140a,IGO752E,2025-12-30 06:08:34,50.0,54.14910291117899,48.340358835528406,MEDIUM,1
2536,80140b,IGO495,2025-12-29 08:34:04,0.0,53.93137536133098,18.42744985546761,LOW,1
2537,80140b,IGO644H,2025-12-29 17:33:04,25.0,63.225837813544814,29.709664874582074,LOW,1
2538,80140e,AXB866,2025-12-29 05:04:06,35.0,74.75729958704936,31.09708016518026,MEDIUM,1
2539,80140e,AXB2507,2025-12-29 18:23:08,0.0,64.3710015451337,14.251599381946523,LOW,1
2540,80140e,AXB2024,2025-12-29 23:48:40,0.0,67.75505702892292,12.897977188430833,LOW,1
2541,801410,IGO103Y,2025-12-29 08:44:04,0.0,65.66765800757533,13.73293679696987,LOW,1
2542,801410,IGO331K,2025-12-29 15:51:45,0.0,83.52427542358105,6.590289830567582,LOW,1
2543,801411,IGO54F,2025-12-29 01:34:05,10.0,72.05684187505726,17.177263249977095,LOW,1
2544,801411,IGO53V,2025-12-29 17:23:08,0.0,73.13822381672175,10.7447104733113,LOW,1
2545,801411,IGO6627,2025-12-29 23:28:38,25.0,73.9410550564488,25.42357797742048,LOW,1
2546,801414,IGO7351,2025-12-29 09:44:08,0.0,48.583179777522716,20.566728088990914,LOW,1
2547,801414,IGO7505,2025-12-29 16:21:38,0.0,63.50801793725734,14.596792825097063,LOW,1
2548,801414,IGO7505,2025-12-29 17:53:07,0.0,55.919853342390034,17.63205866304399,LOW,1
2549,801414,IGO7351,2025-12-30 09:48:34,0.0,51.81174225508855,19.27530309796458,LOW,1
2550,801415,IGO7WP,2025-12-29 08:44:04,0.0,64.77384600769346,14.090461596922616,LOW,1
2551,801415,IGO8YK,2025-12-29 17:13:08,0.0,58.25964510112341,16.696141959550637,LOW,1
2552,801415,IGO7WP,2025-12-30 08:48:37,0.0,61.68111790359349,15.327552838562605,LOW,1
2553,80141c,IGO704,2025-12-29 10:04:07,35.0,73.23483741016186,31.706065035935257,MEDIUM,1
2554,80141c,IGO236,2025-12-30 05:18:34,0.0,76.38319462338339,9.446722150646645,LOW,1
2555,80141c,IGO6241,2025-12-30 07:38:20,0.0,82.08169370324873,7.167322518700508,LOW,1
2556,80141d,AIC2183,2025-12-29 08:24:06,0.0,78.26191048063457,8.695235807746172,LOW,1
2557,80141d,AIC2183,2025-12-29 09:44:08,50.0,54.11184746363791,48.35526101454484,MEDIUM,1
2558,80141d,AIC2217,2025-12-29 17:01:38,10.0,52.05653964548191,25.177384141807234,LOW,1
2559,80141d,AIC2218,2025-12-29 23:48:40,10.0,67.91792746539791,18.832829013840836,LOW,1
2560,80141d,AIC2928,2025-12-30 07:58:34,35.0,79.04263529930964,29.382945880276147,LOW,1
2561,80141d,AIC2927,2025-12-30 10:08:34,0.0,78.05535596220477,8.777857615118092,LOW,1
2562,80141e,AIC2810,2025-12-29 07:54:02,35.0,68.85421624312072,33.458313502751714,MEDIUM,1
2563,80141e,AIC2955,2025-12-29 18:35:17,0.0,77.98239804517287,8.807040781930851,LOW,1
2564,80141e,AIC2988,2025-12-29 23:28:38,0.0,62.193467298772646,15.122613080490943,LOW,1
2565,80141e,AIC2757,2025-12-30 02:18:37,0.0,79.15288577307892,8.338845690768432,LOW,1
2566,80141e,AIC2757,2025-12-30 03:48:37,0.0,77.65675347270009,8.937298610919965,LOW,1
2567,80141e,AIC2810,2025-12-30 07:58:34,25.0,61.83569918661642,30.265720325353435,MEDIUM,1
2568,80141e,AIC2467,2025-12-30 10:18:36,35.0,58.30246552512729,37.67901378994908,MEDIUM,1
2569,80141f,IGO709M,2025-12-28 23:48:41,0.0,72.8319581715958,10.86721673136168,LOW,1
2570,80141f,IGO413K,2025-12-29 07:24:06,25.0,53.4644125465532,33.61423498137872,MEDIUM,1
2571,80141f,IGO547J,2025-12-29 10:14:09,0.0,54.70665072555387,18.117339709778452,LOW,1
2572,80141f,IGO559,2025-12-29 16:01:36,0.0,56.83288332414213,17.26684667034315,LOW,1
2573,80141f,IGO567,2025-12-30 05:38:33,0.0,70.55822069932792,11.776711720268834,LOW,1
2574,80141f,IGO5297,2025-12-30 07:28:36,10.0,79.54675057039242,14.181299771843033,LOW,1
2575,80141f,IGO42PW,2025-12-30 09:08:33,50.0,51.292392920675994,49.483042831729605,MEDIUM,1
2576,801421,IGO35N,2025-12-29 00:28:46,0.0,95.56240140430882,1.775039438276474,LOW,1
2577,801422,IGO2491,2025-12-29 05:14:08,50.0,55.94371789093459,47.62251284362617,MEDIUM,1
2578,801422,IGO212K,2025-12-29 07:14:05,0.0,69.28156293160856,12.287374827356576,LOW,1
2579,801422,IGO2491,2025-12-30 05:28:36,35.0,74.17223522249704,31.33110591100119,MEDIUM,1
2580,801422,IGO212K,2025-12-30 07:08:35,35.0,70.87748453812252,32.649006184750995,MEDIUM,1
2581,801424,AIC2571,2025-12-29 06:54:07,0.0,81.8073636689537,7.277054532418521,LOW,1
2582,801424,AIC2762,2025-12-29 17:13:08,0.0,61.63303988024453,15.346784047902188,LOW,1
2583,801424,AIC2844,2025-12-30 09:28:35,0.0,47.15299185408369,21.138803258366526,LOW,1
2584,801427,IGO6149,2025-12-29 18:03:07,35.0,72.95060418747107,31.81975832501157,MEDIUM,1
2585,801427,IGO704,2025-12-30 09:58:35,35.0,62.812392598075746,35.875042960769704,MEDIUM,1
2586,801428,IGO327F,2025-12-28 23:48:41,35.0,54.91506896456757,39.03397241417298,MEDIUM,1
2587,801428,IGO754E,2025-12-29 01:34:05,0.0,68.16036291000157,12.735854835999374,LOW,1
2588,801428,IGO749L,2025-12-29 09:14:08,0.0,61.802816896100516,15.278873241559793,LOW,1
2589,801428,IGO813F,2025-12-29 15:51:45,0.0,53.74467058875965,18.50213176449614,LOW,1
2590,801428,IGO485H,2025-12-29 18:45:15,0.0,93.70900053230169,2.5163997870793255,LOW,1
2591,801428,IGO541,2025-12-29 23:28:38,0.0,74.59847904734023,10.160608381063907,LOW,1
2592,801428,IGO110J,2025-12-30 02:48:39,0.0,75.77181130518511,9.691275477925956,LOW,1
2593,801428,IGO194,2025-12-30 06:18:36,0.0,74.39535129490697,10.241859482037212,LOW,1
2594,801428,IGO249,2025-12-30 08:28:35,0.0,78.4906525309638,8.60373898761448,LOW,1
2595,80142a,IGO22Q,2025-12-29 03:44:06,0.0,75.96820124398171,9.612719502407316,LOW,1
2596,80142a,IGO45H,2025-12-29 17:23:08,0.0,71.90828323841322,11.236686704634714,LOW,1
2597,80142a,IGO54F,2025-12-30 01:48:39,0.0,77.61801863192444,8.952792547230223,LOW,1
2598,80142a,IGO6497,2025-12-30 09:38:37,0.0,89.36021138115802,4.255915447536791,LOW,1
2599,80142b,IGO6650,2025-12-29 07:44:01,35.0,34.153729580319585,47.33850816787217,MEDIUM,-1
2600,80142b,IGO381V,2025-12-29 10:24:06,0.0,81.21560079479812,7.513759682080752,LOW,1
2601,80142b,IGO236W,2025-12-29 16:21:38,0.0,62.994764495854795,14.802094201658083,LOW,1
2602,80142b,IGO89HL,2025-12-29 23:28:38,0.0,81.15083122989166,7.539667508043334,LOW,1
2603,80142b,IGO742Y,2025-12-30 08:08:33,0.0,76.06821240879019,9.572715036483926,LOW,1
2604,801431,IGO62P,2025-12-29 02:34:07,0.0,96.27064646353541,1.4917414145858345,LOW,1
2605,801431,IGO36H,2025-12-29 09:04:08,0.0,70.5929355566842,11.762825777326322,LOW,1
2606,801431,IGO6647,2025-12-29 23:48:40,0.0,69.65257566457166,12.138969734171338,LOW,1
2607,801431,IGO693E,2025-12-30 06:38:36,0.0,66.10503062023804,13.557987751904784,LOW,1
2608,801431,IGO460F,2025-12-30 08:48:37,0.0,74.61686894097707,10.153252423609173,LOW,1
2609,801432,IGO2116,2025-12-29 09:44:08,0.0,97.07318609937035,1.1707255602518616,LOW,1
2610,801432,IGO241F,2025-12-30 08:28:35,35.0,66.18548933910344,34.52580426435863,MEDIUM,1
2611,801434,IGO63W,2025-12-29 02:44:02,0.0,97.1539094494902,1.13843622020392,LOW,1
2612,801435,AXB1507,2025-12-29 16:01:36,0.0,83.4437918275188,6.622483268992482,LOW,1
2613,801435,AXB866,2025-12-30 04:18:35,0.0,67.20340328285089,13.118638686859647,LOW,1
2614,801439,AIC2971,2025-12-29 16:11:36,0.0,71.5690180372292,11.372392785108321,LOW,1
2615,801439,AIC2971,2025-12-29 17:23:08,0.0,72.62934161638421,10.948263353446317,LOW,1
2616,801439,AIC2727,2025-12-29 23:58:37,35.0,49.905775136626254,41.0376899453495,MEDIUM,1
2617,801439,AIC2778,2025-12-30 08:28:35,0.0,53.72370801555753,18.51051679377699,LOW,1
2618,80143a,AIC2107,2025-12-29 10:24:06,0.0,65.24155951705713,13.90337619317715,LOW,1
2619,80143a,AIC2105,2025-12-30 01:28:36,0.0,76.82912918105008,9.26834832757997,LOW,1
2620,80143d,VTSSK,2025-12-29 07:54:02,0.0,63.41450223606926,14.634199105572296,LOW,1
2621,80143d,VTSSK,2025-12-29 23:28:38,0.0,65.17725273593982,13.929098905624073,LOW,1
2622,801441,AIC1771,2025-12-29 08:04:08,35.0,64.5276783564248,35.18892865743008,MEDIUM,1
2623,801441,AIC1840,2025-12-29 10:24:06,0.0,74.08984504813318,10.364061980746726,LOW,1
2624,801441,AIC1897,2025-12-29 16:41:44,10.0,60.11015735325183,21.95593705869927,LOW,1
2625,801441,AIC1729,2025-12-30 06:48:37,0.0,72.92119894278379,10.831520422886484,LOW,1
2626,801441,AIC1812,2025-12-30 10:08:34,0.0,77.82866548374098,8.86853380650361,LOW,1
2627,801442,IGO421P,2025-12-29 00:18:37,0.0,73.08730139604788,10.76507944158085,LOW,1
2628,801442,IGO421P,2025-12-29 01:34:05,0.0,74.29272794224427,10.282908823102293,LOW,1
2629,801442,IGO6409,2025-12-29 03:04:06,0.0,74.15812599125307,10.336749603498772,LOW,1
2630,801442,IGO6409,2025-12-29 04:04:06,35.0,72.8334957237845,31.8666017104862,MEDIUM,1
2631,801442,IGO653H,2025-12-29 06:24:05,10.0,68.15387855486604,18.738448578053585,LOW,1
2632,801442,IGO2285,2025-12-29 10:24:06,0.0,75.24473084980272,9.902107660078912,LOW,1
2633,801442,IGO6449,2025-12-29 16:01:36,0.0,94.08041329836317,2.3678346806547323,LOW,1
2634,801442,IGO6449,2025-12-29 17:23:08,10.0,73.27559595891826,16.689761616432698,LOW,1
2635,801442,IGO727E,2025-12-30 01:28:36,25.0,59.049801099447755,31.3800795602209,MEDIUM,1
2636,801442,IGO6926,2025-12-30 05:38:33,0.0,70.71897695112715,11.712409219549142,LOW,1
2637,801442,IGO6650,2025-12-30 07:38:20,0.0,68.88707494727166,12.445170021091338,LOW,1
2638,801442,IGO381V,2025-12-30 10:18:36,0.0,81.85029244113088,7.25988302354765,LOW,1
2639,801444,AXB164,2025-12-29 04:24:05,35.0,75.29986930990236,30.880052276039056,MEDIUM,1
2640,801444,AXB135,2025-12-29 08:54:06,0.0,85.00804101900185,5.99678359239926,LOW,1
2641,801444,AXB183,2025-12-29 18:13:07,0.0,72.52533952190136,10.989864191239457,LOW,1
2642,801444,AXB136,2025-12-30 04:08:35,10.0,79.08578124924259,14.365687500302966,LOW,1
2643,801444,AXB135,2025-12-30 08:28:35,10.0,65.67478795544935,19.730084817820263,LOW,1
2644,801445,IGO1642,2025-12-29 03:54:07,35.0,62.990626787955506,35.8037492848178,MEDIUM,1
2645,801445,IGO6514,2025-12-29 07:24:06,35.0,61.11184404594517,36.55526238162193,MEDIUM,1
2646,801445,IGO276,2025-12-29 09:24:04,35.0,65.61076145708263,34.75569541716695,MEDIUM,1
2647,801445,IGO1642,2025-12-30 03:58:40,0.0,68.60474539066581,12.558101843733676,LOW,1
2648,801445,IGO6514,2025-12-30 07:28:36,25.0,49.517753126849854,35.19289874926006,MEDIUM,1
2649,801445,IGO276,2025-12-30 09:38:37,35.0,73.80471762934027,31.47811294826389,MEDIUM,1
2650,801446,IGO7517,2025-12-29 16:31:45,0.0,64.4761479519315,14.209540819227403,LOW,1
2651,801446,IGO9CE,2025-12-30 06:38:36,0.0,61.69140636171225,15.323437455315101,LOW,1
2652,801446,IGO7743,2025-12-30 08:08:33,0.0,59.73647476862588,16.105410092549647,LOW,1
2653,801454,IGO6467,2025-12-29 07:24:06,0.0,73.57645914532296,10.569416341870818,LOW,1
2654,801454,IGO6092,2025-12-29 09:14:08,0.0,85.3018741828964,5.879250326841441,LOW,1
2655,801454,IGO367,2025-12-29 16:01:36,0.0,90.4168217652163,3.833271293913481,LOW,1
2656,801454,IGO83C,2025-12-30 03:28:39,0.0,97.47961136967268,1.0081554521309273,LOW,1
2657,801454,IGO213C,2025-12-30 10:18:36,0.0,97.44459397264907,1.0221624109403706,LOW,1
2658,801455,IGO1272,2025-12-29 05:44:09,0.0,64.30672120098569,14.277311519605725,LOW,1
2659,801455,IGO738E,2025-12-29 09:14:08,0.0,60.956766239597684,15.617293504160926,LOW,1
2660,801458,IGO543J,2025-12-29 16:51:45,35.0,65.2801951683183,34.88792193267268,MEDIUM,1
2661,801458,IGO217C,2025-12-30 04:48:37,0.0,79.98753261642737,8.004986953429052,LOW,1
2662,80145a,AIC2284,2025-12-29 03:44:06,35.0,73.98788713944165,31.404845144223337,MEDIUM,1
2663,80145a,AIC2204,2025-12-30 03:28:39,0.0,95.55759479536714,1.776962081853145,LOW,1
2664,80145a,AIC2872,2025-12-30 06:48:37,0.0,61.92554751702157,15.229780993191373,LOW,1
2665,80145a,AIC2970,2025-12-30 09:48:34,35.0,70.60854024434421,32.756583902262314,MEDIUM,1
2666,80145b,IGO84J,2025-12-29 05:24:05,10.0,75.86853018238557,15.652587927045772,LOW,1
2667,80145b,IGO2294,2025-12-29 16:41:44,0.0,72.27875580319179,11.088497678723286,LOW,1
2668,80145b,IGO6002,2025-12-29 23:28:38,0.0,61.45215463866848,15.419138144532608,LOW,1
2669,80145b,IGO602D,2025-12-30 04:28:41,0.0,58.34779538086976,16.660881847652096,LOW,1
2670,80145b,IGO6346,2025-12-30 06:48:37,0.0,81.10491583221386,7.558033667114455,LOW,1
2671,80145c,IGO6523,2025-12-29 17:23:08,0.0,79.45904837542047,8.216380649831814,LOW,1
2672,80145c,IGO5127,2025-12-29 23:58:37,25.0,66.1678842347544,28.532846306098243,LOW,1
2673,80145c,IGO5151,2025-12-30 06:38:36,35.0,62.363465903790946,36.05461363848362,MEDIUM,1
2674,80145c,IGO6373,2025-12-30 09:48:34,35.0,66.84194080856494,34.26322367657402,MEDIUM,1
2675,80145d,IGO423C,2025-12-29 17:13:08,0.0,71.54879040378708,11.38048383848517,LOW,1
2676,80145d,IGO73AJ,2025-12-30 09:58:35,0.0,72.68896645515147,10.924413417939412,LOW,1
2677,80145e,IGO1426,2025-12-29 03:24:06,0.0,57.92733817778074,16.829064728887705,LOW,1
2678,80145e,IGO975Y,2025-12-29 07:34:07,0.0,76.78220337874313,9.287118648502746,LOW,1
2679,80145e,IGO269,2025-12-29 18:13:07,0.0,63.8939138099241,14.44243447603036,LOW,1
2680,80145e,IGO1202,2025-12-30 04:48:37,35.0,60.244587018915254,36.9021651924339,MEDIUM,1
2681,80145f,IGO616C,2025-12-29 00:38:36,0.0,57.869584309927816,16.852166276028875,LOW,1
2682,80145f,IGO556L,2025-12-29 08:24:06,0.0,65.47111490905795,13.811554036376823,LOW,1
2683,80145f,IGO72NY,2025-12-29 10:14:09,0.0,78.13525492376081,8.745898030495676,LOW,1
2684,80145f,IGO952C,2025-12-29 15:51:45,25.0,75.65258938318046,24.738964246727818,LOW,1
2685,80145f,IGO545,2025-12-29 17:23:08,0.0,67.86329477374495,12.854682090502019,LOW,1
2686,80145f,IGO5150,2025-12-29 23:38:34,10.0,79.09709091789624,14.361163632841505,LOW,1
2687,80145f,IGO5142,2025-12-30 06:58:37,25.0,46.48211946501899,36.407152213992404,MEDIUM,1
2688,801460,IGO494W,2025-12-29 06:24:05,25.0,66.21615616133255,28.51353753546698,LOW,1
2689,801460,IGO569J,2025-12-29 08:34:04,0.0,47.093517113395464,21.162593154641815,LOW,1
2690,801460,IGO177V,2025-12-29 10:04:07,35.0,45.09295631068414,42.96281747572635,MEDIUM,1
2691,801460,IGO556L,2025-12-30 08:08:33,0.0,69.86876172420723,12.052495310317108,LOW,1
2692,801460,IGO72NY,2025-12-30 10:08:34,0.0,85.11315054742333,5.954739781030668,LOW,1
2693,801461,IGO49FP,2025-12-29 00:48:39,0.0,77.07985340620156,9.168058637519374,LOW,1
2694,801461,IGO49FP,2025-12-29 02:04:07,10.0,69.1704415582567,18.331823376697322,LOW,1
2695,801461,IGO6557,2025-12-29 06:14:08,0.0,60.27360518232379,15.890557927070484,LOW,1
2696,801461,IGO456M,2025-12-29 09:24:04,0.0,79.35371239853917,8.258515040584332,LOW,1
2697,801461,IGO68AP,2025-12-29 15:51:45,0.0,64.739894976109,14.104042009556402,LOW,1
2698,801461,IGO769E,2025-12-29 18:23:08,0.0,79.26768871899638,8.292924512401447,LOW,1
2699,801461,IGO426F,2025-12-30 00:58:38,0.0,77.81930409202599,8.872278363189606,LOW,1
2700,801461,IGO412Y,2025-12-30 04:58:38,0.0,74.8068409023937,10.07726363904252,LOW,1
2701,801462,IGO24E,2025-12-29 03:44:06,10.0,68.10974480961842,18.756102076152633,LOW,1
2702,801462,IGO6456,2025-12-29 17:53:07,0.0,80.22363468933263,7.91054612426695,LOW,1
2703,801462,IGO058,2025-12-30 09:28:35,0.0,99.80651288720898,0.0773948451164074,LOW,1
2704,801467,VTHLU,2025-12-29 10:04:07,0.0,34.011867564494814,26.395252974202073,LOW,-1
2705,80146e,IGO7091,2025-12-29 06:34:06,0.0,72.34108593361313,11.063565626554748,LOW,1
2706,80146e,IGO4HC,2025-12-29 08:24:06,0.0,64.01032002278325,14.395871990886702,LOW,1
2707,80146f,IGO423H,2025-12-29 09:44:08,0.0,73.89557714757106,10.441769140971576,LOW,1
2708,801470,IGO1502,2025-12-29 02:04:07,35.0,33.13280139925921,47.74687944029632,MEDIUM,-1
2709,801470,IGO358V,2025-12-30 08:38:36,0.0,96.96500812986636,1.2139967480534553,LOW,1
2710,80148d,IGO414,2025-12-29 16:01:36,0.0,70.88815553482364,11.644737786070545,LOW,1
2711,80148d,IGO137,2025-12-29 17:33:04,0.0,73.7024883396628,10.519004664134878,LOW,1
2712,80148d,IGO963H,2025-12-30 04:38:37,0.0,61.800102276974144,15.279959089210344,LOW,1
2713,80148d,IGO963H,2025-12-30 05:58:33,50.0,51.024262231818284,49.59029510727269,MEDIUM,1
2714,80148d,IGO563,2025-12-30 08:38:36,35.0,60.796815257807445,36.68127389687702,MEDIUM,1
2715,80148e,IGO243H,2025-12-28 23:48:41,35.0,75.20781461889067,30.916874152443732,MEDIUM,1
2716,80148e,IGO693E,2025-12-29 06:44:08,0.0,71.05074344748233,11.579702621007067,LOW,1
2717,80148e,IGO460F,2025-12-29 08:54:06,0.0,68.59665741064526,12.561337035741895,LOW,1
2718,80148e,IGO6011,2025-12-29 16:41:44,0.0,66.12086881934647,13.551652472261413,LOW,1
2719,80148e,IGO535C,2025-12-30 01:58:37,0.0,84.42793872405095,6.228824510379622,LOW,1
2720,80148e,IGO6564,2025-12-30 06:08:34,0.0,74.10935239509011,10.356259041963956,LOW,1
2721,80148e,IGO463,2025-12-30 10:08:34,0.0,70.0156448101659,11.993742075933643,LOW,1
2722,80148f,IGO207,2025-12-29 07:44:01,10.0,60.256880882325426,21.897247647069833,LOW,1
2723,80148f,IGO6103,2025-12-29 15:51:45,0.0,83.38878536227926,6.644485855088295,LOW,1
2724,80148f,IGO406F,2025-12-30 06:18:36,0.0,79.71092355540921,8.115630577836317,LOW,1
2725,80148f,IGO3438,2025-12-30 08:38:36,0.0,49.016268520405106,20.39349259183796,LOW,1
2726,801492,IGO197C,2025-12-29 00:38:36,0.0,74.92797330810491,10.028810676758036,LOW,1
2727,801492,IGO6659,2025-12-29 03:34:08,0.0,70.5845619127522,11.766175234899118,LOW,1
2728,801492,IGO542,2025-12-29 07:14:05,0.0,91.10944356738048,3.556222573047808,LOW,1
2729,801492,IGO542,2025-12-29 08:24:06,0.0,83.05362755640677,6.778548977437294,LOW,1
2730,801492,IGO256M,2025-12-29 15:51:45,0.0,46.15193706556786,21.53922517377286,LOW,1
2731,801492,IGO2235,2025-12-29 17:13:08,0.0,65.53290534617122,13.786837861531513,LOW,1
2732,801492,IGO2109,2025-12-29 23:48:40,0.0,70.08984276424636,11.964062894301458,LOW,1
2733,801492,IGO2262,2025-12-30 05:38:33,35.0,60.34439271756101,36.862242912975596,MEDIUM,1
2734,801492,IGO6265,2025-12-30 09:08:33,0.0,67.85773992698452,12.856904029206191,LOW,1
2735,801493,AIC1815,2025-12-29 17:01:38,0.0,62.79397191062076,14.882411235751697,LOW,1
2736,801493,AIC1804,2025-12-29 23:58:37,10.0,71.71961278132584,17.312154887469667,LOW,1
2737,801495,AIC2643,2025-12-28 23:48:41,10.0,74.96782272388576,16.0128709104457,LOW,1
2738,801495,AIC2778,2025-12-29 08:34:04,0.0,59.57901564864729,16.168393740541084,LOW,1
2739,801495,AIC2636,2025-12-29 15:51:45,10.0,76.60538196063456,15.357847215746176,LOW,1
2740,801495,AIC2903,2025-12-29 18:03:07,0.0,66.6190386327689,13.352384546892438,LOW,1
2741,801495,AIC2702,2025-12-30 02:28:35,35.0,44.64190995500958,43.14323601799617,MEDIUM,1
2742,801495,AIC2720,2025-12-30 07:08:35,0.0,57.682911863900976,16.92683525443961,LOW,1
2743,801499,IGO1273,2025-12-29 00:28:46,0.0,92.34135051791219,3.063459792835124,LOW,1
2744,801499,IGO43C,2025-12-29 06:24:05,0.0,97.32156636386988,1.0713734544520492,LOW,1
2745,801499,IGO521M,2025-12-29 16:11:36,0.0,66.41578836173463,13.43368465530615,LOW,1
2746,801499,IGO65F,2025-12-30 08:28:35,0.0,95.12081785011819,1.9516728599527255,LOW,1
2747,80149a,IGO6550,2025-12-28 23:48:41,35.0,76.39236761327975,30.443052954688103,MEDIUM,1
2748,80149a,IGO364,2025-12-29 07:34:07,0.0,68.82833403269409,12.468666386922365,LOW,1
2749,80149a,IGO625Y,2025-12-29 16:51:45,0.0,53.014911346730386,18.794035461307846,LOW,1
2750,80149a,IGO669F,2025-12-29 18:45:15,0.0,72.97966042110629,10.808135831557486,LOW,1
2751,80149a,IGO327F,2025-12-29 23:58:37,0.0,75.57337693162074,9.770649227351704,LOW,1
2752,80149a,IGO754E,2025-12-30 02:18:37,0.0,63.96073861356252,14.415704554574994,LOW,1
2753,80149b,IGO391,2025-12-30 07:48:33,0.0,77.26243423260227,9.09502630695909,LOW,1
2754,80149b,IGO125C,2025-12-30 09:58:35,0.0,82.04813352670611,7.180746589317557,LOW,1
2755,80149c,IGO966,2025-12-29 07:34:07,35.0,69.41674260678268,33.23330295728693,MEDIUM,1
2756,80149c,IGO966,2025-12-29 09:24:04,0.0,43.58727680092533,22.56508927962987,LOW,1
2757,80149c,IGO6825,2025-12-29 15:51:45,0.0,81.63855978083782,7.344576087664871,LOW,1
2758,80149c,IGO6759,2025-12-29 18:35:17,0.0,69.06866251429076,12.372534994283695,LOW,1
2759,80149c,IGO845V,2025-12-30 06:38:36,0.0,77.88246924613668,8.847012301545329,LOW,1
2760,80149c,IGO831E,2025-12-30 09:48:34,0.0,79.63760709011058,8.14495716395577,LOW,1
2761,80149d,IGO7227,2025-12-30 07:48:33,0.0,64.60063972352852,14.159744110588594,LOW,1
2762,80149d,IGO7233,2025-12-30 09:58:35,0.0,61.08084665039034,15.567661339843864,LOW,1
2763,80149e,IGO1313,2025-12-29 04:34:06,0.0,95.0236656711779,1.990533731528842,LOW,1
2764,80149e,IGO35N,2025-12-30 00:38:34,0.0,94.5547346669365,2.1781061332254015,LOW,1
2765,80149e,IGO1313,2025-12-30 04:28:41,0.0,95.96351219235129,1.6145951230594848,LOW,1
2766,80149f,IGO1YE,2025-12-29 09:14:08,0.0,54.38373192581768,18.24650722967293,LOW,1
2767,80149f,IGO6JF,2025-12-29 18:03:07,0.0,48.35401540848865,20.658393836604542,LOW,1
2768,80149f,IGO2TH,2025-12-30 10:08:34,0.0,49.43947902830086,20.224208388679656,LOW,1
2769,8014a3,IGO643Y,2025-12-29 15:51:45,0.0,98.01610810695416,0.7935567572183345,LOW,1
2770,8014a3,IGO709M,2025-12-29 23:38:34,0.0,73.314556916338,10.674177233464798,LOW,1
2771,8014a3,IGO709M,2025-12-30 00:38:34,10.0,77.49506597728909,15.001973609084365,LOW,1
2772,8014a3,IGO549,2025-12-30 04:58:38,10.0,70.21716596511689,17.913133613953242,LOW,1
2773,8014a3,IGO191J,2025-12-30 07:38:20,0.0,65.38585377239005,13.84565849104398,LOW,1
2774,8014a4,IGO110W,2025-12-29 08:04:08,35.0,60.170363130477284,36.93185474780908,MEDIUM,1
2775,8014a4,IGO6357,2025-12-29 17:01:38,0.0,66.68101014144449,13.327595943422205,LOW,1
2776,8014a4,IGO309,2025-12-29 18:45:15,0.0,83.46512560357482,6.613949758570072,LOW,1
2777,8014a4,IGO22Q,2025-12-30 03:48:37,0.0,82.08609052576777,7.165563789692891,LOW,1
2778,8014ad,IGO084,2025-12-29 05:44:09,10.0,80.16303000264593,13.93478799894163,LOW,1
2779,8014ad,IGO6510,2025-12-29 15:51:45,0.0,79.27531746549477,8.289873013802094,LOW,1
2780,8014ad,IGO619L,2025-12-29 17:53:07,0.0,70.15989030815382,11.936043876738474,LOW,1
2781,8014ad,IGO68F,2025-12-30 01:08:40,0.0,76.56319912989068,9.374720348043729,LOW,1
2782,8014ad,IGO84J,2025-12-30 08:58:35,0.0,81.67882629051172,7.3284694837953115,LOW,1
2783,8014ae,AIC2743,2025-12-29 05:14:08,10.0,62.090961761154134,21.16361529553835,LOW,1
2784,8014ae,AIC2744,2025-12-29 08:04:08,0.0,79.83818035465832,8.064727858136672,LOW,1
2785,8014ae,AIC2744,2025-12-29 09:04:08,35.0,66.96996932764029,34.21201226894389,MEDIUM,1
2786,8014ae,AIC2792,2025-12-30 00:18:35,0.0,81.97014051908178,7.211943792367288,LOW,1
2787,8014ae,AIC2792,2025-12-30 01:28:36,0.0,56.04801086602062,17.580795653591753,LOW,1
2788,8014ae,AIC2743,2025-12-30 05:38:33,0.0,67.4501538495121,13.019938460195158,LOW,1
2789,8014ae,AIC2744,2025-12-30 09:18:35,10.0,69.867272264827,18.053091094069202,LOW,1
2790,8014af,IGO245,2025-12-29 06:14:08,0.0,63.21152545975177,14.715389816099293,LOW,1
2791,8014af,IGO162,2025-12-29 18:03:07,50.0,59.17250072219756,46.33099971112098,MEDIUM,1
2792,8014af,IGO6249,2025-12-30 06:08:34,0.0,59.79725658195106,16.081097367219577,LOW,1
2793,8014b2,IGO3457,2025-12-29 07:54:02,0.0,44.746326034986694,22.101469586005322,LOW,1
2794,8014b2,IGO6731,2025-12-29 15:51:45,0.0,78.2004869463686,8.71980522145256,LOW,1
2795,8014b2,IGO707H,2025-12-29 17:13:08,0.0,60.40046484958999,15.839814060164006,LOW,1
2796,8014b3,IGO2273,2025-12-29 17:01:38,0.0,57.035396363675964,17.185841454529616,LOW,1
2797,8014b3,IGO1236,2025-12-30 05:48:34,0.0,52.07502357618413,19.169990569526348,LOW,1
2798,8014b3,IGO6701,2025-12-30 08:18:37,0.0,69.68378241242362,12.12648703503055,LOW,1
2799,8014b3,IGO6701,2025-12-30 09:18:35,0.0,70.59140913623895,11.76343634550442,LOW,1
2800,8014b4,IGO1236,2025-12-29 05:54:05,35.0,53.08142417556029,39.76743032977589,MEDIUM,1
2801,8014b4,IGO6701,2025-12-29 08:24:06,10.0,65.0780371690395,19.9687851323842,LOW,1
2802,8014b4,IGO199,2025-12-29 15:51:45,35.0,77.53992502200488,29.98402999119805,LOW,1
2803,8014b4,IGO255Y,2025-12-29 17:33:04,0.0,81.16699420141863,7.533202319432547,LOW,1
2804,8014b4,IGO255Y,2025-12-29 18:35:17,0.0,78.18396669850804,8.726413320596782,LOW,1
2805,8014b4,IGO6133,2025-12-30 07:28:36,25.0,44.94092541009959,37.023629835960165,MEDIUM,1
2806,8014b4,IGO49FY,2025-12-30 09:48:34,10.0,65.62150489868034,19.751398040527864,LOW,1
2807,8014bb,IGO239,2025-12-29 18:13:07,0.0,91.29594211815265,3.481623152738939,LOW,1
2808,8014bb,IGO1419,2025-12-30 00:28:37,0.0,81.16449386186582,7.534202455253672,LOW,1
2809,8014bc,IGO620Y,2025-12-29 00:48:39,0.0,64.20119975870094,14.319520096519625,LOW,1
2810,8014bc,IGO535C,2025-12-29 02:34:07,0.0,82.56799528525123,6.972801885899509,LOW,1
2811,8014bc,IGO6564,2025-12-29 06:14:08,0.0,71.8468820059206,11.261247197631759,LOW,1
2812,8014bc,IGO602L,2025-12-29 18:13:07,0.0,75.77767718242613,9.688929127029548,LOW,1
2813,8014bc,IGO460,2025-12-30 06:58:37,25.0,57.22596151559016,32.10961539376394,MEDIUM,1
2814,8014bd,IGO907,2025-12-29 08:24:06,0.0,57.980970608648065,16.807611756540776,LOW,1
2815,8014bd,IGO866,2025-12-29 17:23:08,0.0,74.26120387635346,10.295518449458616,LOW,1
2816,8014bd,IGO829,2025-12-30 07:38:20,0.0,68.70069862549826,12.519720549800695,LOW,1
2817,8014bd,IGO882,2025-12-30 09:08:33,35.0,61.84589379414953,36.261642482340186,MEDIUM,1
2818,8014c0,IGO506J,2025-12-29 17:23:08,0.0,79.82033069507118,8.071867721971529,LOW,1
2819,8014c0,IGO1167,2025-12-30 09:58:35,0.0,74.00469647945101,10.398121408219595,LOW,1
2820,8014c1,IGO696M,2025-12-29 09:14:08,35.0,74.27965404084316,31.28813838366274,MEDIUM,1
2821,8014c1,IGO390J,2025-12-30 08:58:35,0.0,83.61246112095394,6.555015551618425,LOW,1
2822,8014c4,AIC2828,2025-12-29 07:24:06,0.0,75.57546558753099,9.769813764987607,LOW,1
2823,8014c4,AIC2739,2025-12-29 09:34:05,25.0,55.75261349441188,32.69895460223525,MEDIUM,1
2824,8014c4,AIC2740,2025-12-29 16:41:44,0.0,69.19998491386818,12.32000603445273,LOW,1
2825,8014c4,AIC2609,2025-12-30 01:58:37,25.0,62.26217230607764,30.095131077568944,MEDIUM,1
2826,8014c4,AIC2404,2025-12-30 05:48:34,0.0,73.40065789892239,10.639736840431045,LOW,1
2827,8014c4,AIC2404,2025-12-30 06:58:37,10.0,77.81405226017026,14.874379095931898,LOW,1
2828,8014c4,AIC2678,2025-12-30 09:08:33,0.0,72.01921265011286,11.192314939954855,LOW,1
2829,8014c4,AIC2678,2025-12-30 10:18:36,0.0,58.45852519076614,16.616589923693546,LOW,1
2830,8014c8,IGO264N,2025-12-29 02:14:08,35.0,62.6023793611374,35.95904825554504,MEDIUM,1
2831,8014c8,IGO2275,2025-12-29 06:24:05,0.0,83.65536526883453,6.537853892466188,LOW,1
2832,8014c8,IGO2275,2025-12-29 08:14:07,0.0,76.87016733128085,9.25193306748766,LOW,1
2833,8014c8,IGO295J,2025-12-29 09:44:08,0.0,83.20990945035504,6.716036219857983,LOW,1
2834,8014c8,IGO2044,2025-12-29 17:01:38,35.0,64.76463647052046,35.094145411791814,MEDIUM,1
2835,8014c8,IGO2449,2025-12-29 23:28:38,0.0,19.649797407589258,32.1400810369643,MEDIUM,-1
2836,8014cf,IGO8415,2025-12-29 16:21:38,0.0,47.467391804918314,21.013043278032676,LOW,1
2837,8014cf,IGO8417,2025-12-30 08:38:36,0.0,38.1008070953576,24.75967716185696,LOW,-1
2838,8014d0,AIC2840,2025-12-28 23:48:41,0.0,62.86771885212017,14.852912459151932,LOW,1
2839,8014d0,AIC2812,2025-12-29 06:24:05,0.0,70.99695312897286,11.601218748410856,LOW,1
2840,8014d0,AIC2442,2025-12-29 17:33:04,10.0,80.9050536972905,13.637978521083802,LOW,1
2841,8014d0,AIC2828,2025-12-30 06:38:36,35.0,72.63840655283023,31.94463737886791,MEDIUM,1
2842,8014d0,AIC2739,2025-12-30 09:28:35,0.0,77.94380962960668,8.82247614815733,LOW,1
2843,8014d3,IGO1167,2025-12-29 09:54:04,0.0,77.5746494572331,8.970140217106763,LOW,1
2844,8014d3,IGO657C,2025-12-29 23:28:38,10.0,75.6090691172482,15.756372353100723,LOW,1
2845,8014d3,IGO1823,2025-12-30 05:18:34,0.0,71.1607094751319,11.535716209947243,LOW,1
2846,8014d6,IGO324,2025-12-29 18:45:15,0.0,69.55952583197337,12.17618966721065,LOW,1
2847,8014d6,IGO764Y,2025-12-29 23:28:38,0.0,70.44240620956634,11.823037516173464,LOW,1
2848,8014d8,IGO464Y,2025-12-29 17:23:08,0.0,69.72367333019945,12.110530667920223,LOW,1
2849,8014d9,IGO6117,2025-12-30 00:38:34,0.0,72.93993484970191,10.824026060119236,LOW,1
2850,8014da,AIC2546,2025-12-28 23:48:41,10.0,75.17384875211233,15.930460499155068,LOW,1
2851,8014da,AIC2937,2025-12-29 07:14:05,25.0,37.9708299514318,39.81166801942728,MEDIUM,-1
2852,8014da,AIC2451,2025-12-30 02:18:37,0.0,80.08222597226612,7.967109611093554,LOW,1
2853,8014da,AIC2451,2025-12-30 03:38:37,0.0,63.77227883835396,14.491088464658416,LOW,1
2854,8014da,AIC2354,2025-12-30 08:08:33,0.0,73.99374301868647,10.40250279252541,LOW,1
2855,8014db,AIC2625,2025-12-29 06:14:08,25.0,63.694201840327985,29.52231926386881,LOW,1
2856,8014db,AIC2466,2025-12-29 09:44:08,35.0,74.5440619173707,31.182375233051722,MEDIUM,1
2857,8014db,AIC2941,2025-12-29 16:51:45,0.0,69.39458696045993,12.242165215816028,LOW,1
2858,8014db,AIC2941,2025-12-29 18:13:07,0.0,66.20626724758063,13.51749310096775,LOW,1
2859,8014db,AIC2840,2025-12-30 00:08:41,0.0,71.27947361301717,11.488210554793131,LOW,1
2860,8014db,AIC2424,2025-12-30 08:38:36,0.0,77.91152708993148,8.835389164027408,LOW,1
2861,8014dc,IGO054,2025-12-29 08:44:04,10.0,76.51213934824113,15.395144260703546,LOW,1
2862,8014dd,AIC2383,2025-12-28 23:48:41,0.0,97.22845516842543,1.1086179326298293,LOW,1
2863,8014dd,AIC2383,2025-12-29 01:04:06,35.0,75.23362138689812,30.90655144524075,MEDIUM,1
2864,8014dd,AIC2382,2025-12-29 15:51:45,0.0,82.8590291211012,6.85638835155952,LOW,1
2865,8014dd,AIC2383,2025-12-30 02:18:37,0.0,80.9923511179303,7.603059552827881,LOW,1
2866,8014dd,AIC2469,2025-12-30 05:18:34,0.0,74.79954963810283,10.080180144758868,LOW,1
2867,8014dd,AIC2469,2025-12-30 06:28:37,0.0,71.6869170042583,11.32523319829668,LOW,1
2868,8014dd,AIC2470,2025-12-30 08:18:37,0.0,81.87358501100972,7.250565995596111,LOW,1
2869,8014dd,AIC2470,2025-12-30 09:18:35,10.0,69.14209993080476,18.343160027678096,LOW,1
2870,8014de,IGO5143,2025-12-29 00:08:45,10.0,77.16685507337503,15.133257970649987,LOW,1
2871,8014de,IGO49FY,2025-12-29 09:54:04,0.0,44.956328196374585,22.017468721450168,LOW,1
2872,8014de,IGO232H,2025-12-29 15:51:45,0.0,56.749209490297595,17.300316203880964,LOW,1
2873,8014de,IGO606W,2025-12-29 18:23:08,35.0,55.76388262396876,38.6944469504125,MEDIUM,1
2874,8014de,IGO6064,2025-12-30 02:38:38,10.0,82.69997214694263,12.92001114122295,LOW,1
2875,8014de,IGO6557,2025-12-30 05:28:36,0.0,66.68553194117716,13.325787223529137,LOW,1
2876,8014de,IGO456M,2025-12-30 08:48:37,0.0,84.406297564633,6.237480974146803,LOW,1
2877,8014df,IGO110J,2025-12-29 02:14:08,0.0,63.77083855841123,14.49166457663551,LOW,1
2878,8014df,IGO476,2025-12-29 23:28:38,0.0,72.42769875238928,11.02892049904429,LOW,1
2879,8014df,IGO102H,2025-12-30 08:08:33,0.0,77.69141419381977,8.923434322472094,LOW,1
2880,8014e3,VTVRV,2025-12-29 09:44:08,0.0,53.86983345393051,18.452066618427796,LOW,1
2881,8014e3,VTVRV,2025-12-29 15:51:45,25.0,44.803378729394616,37.07864850824215,MEDIUM,1
2882,8014e4,IGO567,2025-12-29 04:34:06,0.0,60.465968958209444,15.813612416716223,LOW,1
2883,8014e4,IGO5297,2025-12-29 06:24:05,0.0,72.77035176259943,10.891859294960227,LOW,1
2884,8014e4,IGO5123,2025-12-29 08:44:04,25.0,59.037726258345586,31.384909496661766,MEDIUM,1
2885,8014e4,IGO682,2025-12-29 18:23:08,0.0,72.27879617461387,11.088481530154452,LOW,1
2886,8014e4,IGO082,2025-12-30 06:08:34,50.0,50.72623746976648,49.70950501209341,MEDIUM,1
2887,8014e4,IGO209H,2025-12-30 09:18:35,0.0,69.25204927783791,12.299180288864836,LOW,1
2888,8014e5,IGO425C,2025-12-29 16:21:38,0.0,76.6257450889068,9.349701964437282,LOW,1
2889,8014e5,IGO449V,2025-12-29 18:03:07,0.0,56.763151842204884,17.294739263118046,LOW,1
2890,8014e5,IGO49FP,2025-12-30 02:38:38,0.0,77.6035585973263,8.958576561069481,LOW,1
2891,8014e5,IGO73VC,2025-12-30 08:28:35,0.0,67.68807225174108,12.92477109930357,LOW,1
2892,8014e5,IGO73VC,2025-12-30 09:48:34,0.0,91.32103176638047,3.4715872934478114,LOW,1
2893,8014e6,AKJ1637,2025-12-29 07:14:05,0.0,94.46419851062451,2.214320595750195,LOW,1
2894,8014e6,AKJ1638,2025-12-29 09:54:04,0.0,96.15297234190922,1.5388110632363123,LOW,1
2895,8014e6,AKJ1503,2025-12-29 15:51:45,0.0,72.87433810157164,10.850264759371345,LOW,1
2896,8014e6,AKJ1504,2025-12-29 17:43:10,0.0,75.00594104200229,9.997623583199085,LOW,1
2897,8014e6,AKJ1359,2025-12-30 07:08:35,35.0,74.14809087749575,31.3407636490017,MEDIUM,1
2898,8014e6,AKJ1719,2025-12-30 09:28:35,25.0,58.50785476727923,31.59685809308831,MEDIUM,1
2899,8014e8,IGO317,2025-12-29 07:04:08,0.0,69.90250502539449,12.038997989842205,LOW,1
2900,8014e8,IGO390J,2025-12-29 08:44:04,0.0,83.31549016434646,6.673803934261418,LOW,1
2901,8014e8,IGO327,2025-12-29 16:31:45,0.0,80.07818103395533,7.9687275864178675,LOW,1
2902,8014e8,IGO544W,2025-12-29 18:35:17,0.0,83.16910027323065,6.732359890707738,LOW,1
2903,8014e8,IGO1234,2025-12-30 07:08:35,0.0,96.98635057649557,1.205459769401773,LOW,1
2904,8014ea,LLR613,2025-12-29 09:04:08,0.0,64.39780665309397,14.240877338762415,LOW,1
2905,8014ea,LLR692,2025-12-29 17:33:04,0.0,67.19218410063942,13.123126359744232,LOW,1
2906,8014ea,LLR803,2025-12-30 07:28:36,0.0,59.957651434124884,16.016939426350046,LOW,1
2907,8014ed,AIC2609,2025-12-28 23:58:46,0.0,72.5023804186576,10.999047832536963,LOW,1
2908,8014ed,AIC2609,2025-12-29 01:24:06,0.0,69.6105006537122,12.155799738515123,LOW,1
2909,8014ed,AIC2404,2025-12-29 06:54:07,0.0,81.19437103316915,7.522251586732342,LOW,1
2910,8014ed,AIC2678,2025-12-29 08:54:06,0.0,65.35029742057763,13.859881031768948,LOW,1
2911,8014ed,AIC2678,2025-12-29 10:04:07,35.0,59.911775203238356,37.03528991870466,MEDIUM,1
2912,8014ed,AIC2473,2025-12-29 15:51:45,0.0,85.75500889017596,5.697996443929617,LOW,1
2913,8014ed,AIC2473,2025-12-29 17:23:08,35.0,70.69348121914955,32.72260751234018,MEDIUM,1
2914,8014ed,AIC2803,2025-12-30 06:48:37,0.0,74.96916620215028,10.01233351913989,LOW,1
2915,8014f1,VTGKD,2025-12-29 02:14:08,0.0,58.83439053159311,16.466243787362757,LOW,1
2916,8014f2,AKJ1405,2025-12-29 08:44:04,10.0,81.67167600833832,13.33132959666467,LOW,1
2917,8014f2,AKJ1834,2025-12-29 16:41:44,0.0,64.8570463125773,14.057181474969083,LOW,1
2918,8014f2,AKJ781Z,2025-12-30 05:38:33,0.0,96.52647879961245,1.3894084801550208,LOW,1
2919,8014f2,AKJ781Z,2025-12-30 06:28:37,35.0,65.86876908350847,34.65249236659661,MEDIUM,1
2920,8014f2,AKJ1372,2025-12-30 10:08:34,0.0,100.0,0.0,,1
2921,8014f3,AIC2792,2025-12-28 23:48:41,0.0,80.66176049702395,7.735295801190421,LOW,1
2922,8014f3,AIC2792,2025-12-29 00:48:39,10.0,75.73211037868798,15.70715584852481,LOW,1
2923,8014f3,AIC2591,2025-12-29 10:04:07,0.0,81.07814617139395,7.568741531442419,LOW,1
2924,8014f3,AIC2592,2025-12-29 17:33:04,0.0,68.18825994582305,12.72469602167078,LOW,1
2925,8014f3,AIC2733,2025-12-29 23:28:38,10.0,73.49530102987356,16.60187958805058,LOW,1
2926,8014f3,AIC2591,2025-12-30 07:38:20,25.0,49.22362805393114,35.310548778427545,MEDIUM,1
2927,8014f3,AIC2591,2025-12-30 10:08:34,0.0,72.2906431658758,11.083742733649679,LOW,1
2928,8014f4,IGO8791,2025-12-30 07:28:36,0.0,73.22822845062372,10.708708619750514,LOW,1
2929,8014f5,VTFTO,2025-12-29 16:41:44,0.0,45.61467914627558,21.75412834148977,LOW,1
2930,8014f7,IGO1443,2025-12-29 06:54:07,0.0,98.7402976473194,0.5038809410722422,LOW,1
2931,8014f7,IGO41H,2025-12-30 05:08:39,35.0,47.87341520110217,41.85063391955913,MEDIUM,1
2932,8014f7,IGO413K,2025-12-30 07:28:36,35.0,52.21776040899269,40.11289583640293,MEDIUM,1
2933,8014f7,IGO547J,2025-12-30 10:08:34,25.0,38.312057361616176,39.67517705535353,MEDIUM,-1
2934,8014f8,AKJ591,2025-12-29 06:34:06,10.0,66.87300539886346,19.250797840454617,LOW,1
2935,8014f8,AKJ590,2025-12-29 10:14:09,0.0,79.69273278197075,8.122906887211702,LOW,1
2936,8014f8,AKJ585,2025-12-29 18:35:17,0.0,73.8067383910604,10.477304643575838,LOW,1
2937,8014f8,AKJ584,2025-12-29 23:28:38,0.0,78.31030868876934,8.675876524492265,LOW,1
2938,8014f8,AKJ591,2025-12-30 07:18:12,0.0,77.10517961715036,9.157928153139858,LOW,1
2939,8014f8,AKJ590,2025-12-30 10:18:36,0.0,78.73150124912914,8.507399500348345,LOW,1
2940,8014fa,IGO657C,2025-12-28 23:58:46,35.0,61.79808836366803,36.28076465453279,MEDIUM,1
2941,8014fa,IGO1501,2025-12-29 01:44:09,10.0,50.41707433619099,25.833170265523606,LOW,1
2942,8014fa,IGO1504,2025-12-29 07:24:06,0.0,91.74458301079612,3.3021667956815524,LOW,1
2943,8014fa,IGO1502,2025-12-30 02:18:37,35.0,50.91750698540704,40.632997205837185,MEDIUM,1
2944,8014fa,IGO1601,2025-12-30 08:18:37,0.0,71.97356737136552,11.210573051453792,LOW,1
2945,8014fd,AKJ551,2025-12-29 06:14:08,0.0,62.86204762053151,14.855180951787396,LOW,1
2946,8014fd,AKJ1362,2025-12-29 09:34:05,0.0,68.18533727849936,12.725865088600257,LOW,1
2947,8014fd,AKJ1881,2025-12-29 15:51:45,0.0,70.42729202428343,11.829083190286628,LOW,1
2948,8014fd,AKJ1882,2025-12-29 17:53:07,0.0,69.28197936512558,12.28720825394977,LOW,1
2949,8014fd,AKJ1325,2025-12-30 08:28:35,0.0,90.22971979025843,3.908112083896629,LOW,1
2950,8014fe,AKJ1505,2025-12-29 06:04:04,0.0,77.91951711464881,8.832193154140475,LOW,1
2951,8014fe,AKJ1607,2025-12-29 08:24:06,0.0,70.78313106341328,11.686747574634689,LOW,1
2952,8014fe,AKJ1607,2025-12-29 09:34:05,0.0,82.1055443173349,7.157782273066039,LOW,1
2953,8014fe,AKJ1505,2025-12-30 06:08:34,0.0,75.79495981534754,9.682016073860986,LOW,1
2954,8014fe,AKJ1607,2025-12-30 08:58:35,0.0,82.60572501599192,6.957709993603231,LOW,1
2955,8014fe,AKJ1607,2025-12-30 10:08:34,0.0,80.61521607988324,7.753913568046705,LOW,1
2956,801502,IGO449F,2025-12-29 09:34:05,0.0,77.89515716201248,8.841937135195009,LOW,1
2957,801503,IGO1608,2025-12-29 00:28:46,35.0,65.35016928191769,34.85993228723292,MEDIUM,1
2958,801503,IGO511H,2025-12-29 05:44:09,25.0,42.35451757010951,38.0581929719562,MEDIUM,1
2959,801503,IGO511H,2025-12-29 06:34:06,0.0,77.01686047998398,9.19325580800641,LOW,1
2960,801503,IGO2524,2025-12-29 16:31:45,0.0,66.47491786720805,13.410032853116782,LOW,1
2961,801503,IGO597,2025-12-29 18:45:15,0.0,84.57742388445035,6.169030446219859,LOW,1
2962,801503,IGO112H,2025-12-29 23:58:37,0.0,82.81936750346034,6.872252998615863,LOW,1
2963,801503,IGO898,2025-12-30 07:48:33,0.0,61.67193348351803,15.331226606592788,LOW,1
2964,801503,IGO860,2025-12-30 09:48:34,0.0,79.48490034296807,8.206039862812771,LOW,1
2965,801506,IGO1607,2025-12-29 02:34:07,0.0,66.89676081646235,13.241295673415062,LOW,1
2966,801506,IGO1612,2025-12-29 17:33:04,0.0,69.65210315662712,12.139158737349153,LOW,1
2967,801506,IGO1701,2025-12-30 00:28:37,0.0,43.5989464363965,22.5604214254414,LOW,1
2968,801508,AKJ1738,2025-12-28 23:48:41,0.0,72.39422717079395,11.04230913168242,LOW,1
2969,801508,AKJ1325,2025-12-29 08:04:08,0.0,97.7630148490157,0.8947940603937184,LOW,1
2970,801508,AKJ3003,2025-12-29 17:33:04,0.0,74.37925605503747,10.248297577985012,LOW,1
2971,801508,AKJ1736,2025-12-30 07:18:12,0.0,61.9482193126727,15.220712274930921,LOW,1
2972,801508,AKJ882P,2025-12-30 08:58:35,35.0,62.9063743403734,35.83745026385064,MEDIUM,1
2973,801509,AKJ1172,2025-12-29 00:28:46,35.0,50.42269957734519,40.830920169061926,MEDIUM,1
2974,801509,AKJ1172,2025-12-29 02:14:08,50.0,53.921709381922696,48.431316247230924,MEDIUM,1
2975,801509,AKJ366Z,2025-12-29 04:54:04,0.0,76.19185852104789,9.523256591580845,LOW,1
2976,801509,AKJ366Z,2025-12-29 07:04:08,10.0,72.92964000714687,16.828143997141254,LOW,1
2977,801509,AKJ1928,2025-12-29 17:13:08,0.0,76.06166121268075,9.575335514927701,LOW,1
2978,801509,AKJ1927,2025-12-29 18:45:15,0.0,73.80562542729045,10.47774982908382,LOW,1
2979,801509,AKJ1528,2025-12-29 23:28:38,0.0,55.04914623014645,17.98034150794142,LOW,1
2980,801521,VUMAD,2025-12-29 09:54:04,0.0,59.80399391527926,16.078402433888296,LOW,1
2981,801523,IGO322K,2025-12-30 07:28:36,0.0,76.50959955452235,9.396160178191058,LOW,1
2982,801523,IGO513Y,2025-12-30 09:18:35,0.0,69.69479337143466,12.122082651426139,LOW,1
2983,801524,AKJ1903,2025-12-29 10:14:09,0.0,92.16757252323531,3.132970990705877,LOW,1
2984,801524,AKJ1822,2025-12-29 16:51:45,0.0,82.82026464440945,6.871894142236221,LOW,1
2985,801526,AKJ1831,2025-12-29 07:54:02,0.0,77.59340795231174,8.962636819075305,LOW,1
2986,801526,AKJ1831,2025-12-29 09:04:08,35.0,68.83646604849724,33.4654135806011,MEDIUM,1
2987,801526,AKJ1808,2025-12-29 17:13:08,0.0,62.98122362576347,14.807510549694612,LOW,1
2988,801526,AKJ1823,2025-12-30 09:48:34,0.0,76.25458945734856,9.498164217060577,LOW,1
2989,801527,IGO9204,2025-12-29 10:04:07,35.0,65.11266521485612,34.95493391405755,MEDIUM,1
2990,801527,IGO6914,2025-12-29 18:03:07,0.0,72.70216309154938,10.91913476338025,LOW,1
2991,801527,IGO1065,2025-12-29 23:28:38,0.0,90.051138580093,3.979544567962802,LOW,1
2992,801527,IGO1066,2025-12-30 03:28:39,0.0,98.70773494322613,0.5169060227095486,LOW,1
2993,801527,IGO1066,2025-12-30 04:28:41,0.0,63.22113116856802,14.711547532572792,LOW,1
2994,801527,IGO6793,2025-12-30 06:48:37,35.0,47.58464805127088,41.96614077949165,MEDIUM,1
2995,801527,IGO6179,2025-12-30 08:18:37,0.0,65.82640587894015,13.66943764842394,LOW,1
2996,801527,IGO6181,2025-12-30 09:48:34,0.0,68.01638763944314,12.793444944222745,LOW,1
2997,80152c,IGO5161,2025-12-29 06:34:06,35.0,67.98648161671869,33.805407353312525,MEDIUM,1
2998,80152c,IGO6551,2025-12-29 09:04:08,0.0,82.84222694256944,6.863109222972224,LOW,1
2999,80152c,IGO6567,2025-12-29 15:51:45,0.0,49.07969454732753,20.36812218106899,LOW,1
3000,80152c,IGO241,2025-12-29 18:13:07,0.0,71.17843525730444,11.528625897078223,LOW,1
3001,80152c,IGO5166,2025-12-30 02:18:37,0.0,52.71666528195439,18.913333887218243,LOW,1
3002,80152c,IGO440Y,2025-12-30 06:08:34,0.0,50.53157255812118,19.787370976751532,LOW,1
3003,80152c,IGO5223,2025-12-30 08:08:33,0.0,50.981585060313904,19.60736597587444,LOW,1
3004,80152c,IGO5172,2025-12-30 09:48:34,35.0,58.60398531213156,37.55840587514737,MEDIUM,1
3005,80152d,IGO692P,2025-12-29 06:04:04,0.0,79.80034609444508,8.07986156222197,LOW,1
3006,80152d,IGO633,2025-12-29 16:11:36,0.0,79.02301614329119,8.390793542683525,LOW,1
3007,80152e,IGO72V,2025-12-29 01:04:06,0.0,99.52350752589969,0.19059698964012456,LOW,1
3008,80152e,IGO71W,2025-12-29 06:44:08,0.0,89.02243141784732,4.391027432861074,LOW,1
3009,80152e,IGO47M,2025-12-29 17:13:08,0.0,82.10476560546748,7.15809375781301,LOW,1
3010,80152e,IGO72V,2025-12-30 01:08:40,0.0,81.65258580754673,7.338965676981309,LOW,1
3011,80152e,IGO71W,2025-12-30 06:38:36,0.0,86.02432615602483,5.5902695375900695,LOW,1
3012,80152f,IGO603Y,2025-12-29 06:04:04,35.0,59.19071844433206,37.32371262226718,MEDIUM,1
3013,80152f,IGO3438,2025-12-29 09:04:08,0.0,55.09208169992773,17.96316732002891,LOW,1
3014,80152f,IGO6053,2025-12-29 16:41:44,0.0,61.25786494990058,15.49685402003977,LOW,1
3015,80152f,IGO6289,2025-12-29 18:35:17,0.0,79.57436650354421,8.170253398582316,LOW,1
3016,80152f,VTIPF,2025-12-30 03:58:40,0.0,17.765241592967335,32.89390336281307,MEDIUM,-1
3017,80152f,IGO1611,2025-12-30 07:08:35,0.0,75.45808999847455,9.816764000610181,LOW,1
3018,801530,FQA321,2025-12-29 03:44:06,10.0,66.17597111128514,19.529611555485946,LOW,1
3019,801530,FQA321,2025-12-29 05:24:05,0.0,46.758906851130455,21.29643725954782,LOW,1
3020,801530,FQA342,2025-12-29 06:44:08,25.0,38.21874409134119,39.71250236346353,MEDIUM,-1
3021,801530,FQA342,2025-12-29 07:54:02,0.0,78.27085281931724,8.691658872273104,LOW,1
3022,801530,FQA321,2025-12-30 02:48:39,10.0,61.75787771720167,21.296848913119334,LOW,1
3023,801530,FQA321,2025-12-30 04:28:41,0.0,44.80241762743263,22.07903294902695,LOW,1
3024,801530,FQA342,2025-12-30 05:58:33,35.0,48.12747237442788,41.749011050228845,MEDIUM,1
3025,801530,FQA342,2025-12-30 07:18:12,35.0,76.79724541310851,30.281101834756598,MEDIUM,1
3026,801531,IGO977C,2025-12-29 05:44:09,35.0,49.89606641522905,41.04157343390838,MEDIUM,1
3027,801531,IGO922H,2025-12-29 10:24:06,0.0,73.6128545715645,10.554858171374201,LOW,1
3028,801531,IGO829F,2025-12-29 15:51:45,0.0,93.63414517915704,2.546341928337182,LOW,1
3029,801531,IGO829F,2025-12-29 17:13:08,0.0,71.55372253358544,11.378510986565823,LOW,1
3030,801531,IGO977C,2025-12-30 05:48:34,35.0,58.97802396887335,37.40879041245066,MEDIUM,1
3031,801532,IGO6445,2025-12-29 05:44:09,0.0,73.95640252941294,10.417438988234824,LOW,1
3032,801532,IGO553,2025-12-29 07:34:07,0.0,79.86060713553863,8.055757145784549,LOW,1
3033,801532,IGO495V,2025-12-29 16:41:44,0.0,95.12935435356705,1.9482582585731791,LOW,1
3034,801532,IGO609K,2025-12-30 07:58:34,0.0,62.85356209558649,14.858575161765405,LOW,1
3035,801534,AIC2838,2025-12-28 23:48:41,0.0,59.59085508227562,16.163657967089755,LOW,1
3036,801534,AIC2525,2025-12-29 06:44:08,25.0,68.25886038053441,27.696455847786233,LOW,1
3037,801534,AIC2966,2025-12-29 16:21:38,0.0,60.22828126984652,15.908687492061393,LOW,1
3038,801534,AIC2837,2025-12-29 18:25:18,25.0,67.78634103907709,27.885463584369166,LOW,1
3039,801534,AIC2838,2025-12-29 23:38:34,35.0,78.25439614496251,29.698241542014998,LOW,1
3040,801534,AIC2653,2025-12-30 04:48:37,35.0,63.67207089522414,35.53117164191035,MEDIUM,1
3041,801534,AIC2808,2025-12-30 09:58:35,25.0,64.0421934415762,29.38312262336952,LOW,1
3042,801535,VTCNS,2025-12-29 16:11:36,0.0,36.2478196266478,25.500872149340882,LOW,-1
3043,801535,VTCNS,2025-12-29 17:43:10,0.0,56.656692091852385,17.337323163259047,LOW,1
3044,801536,IGO1816,2025-12-29 07:44:01,10.0,72.45066058397127,17.019735766411493,LOW,1
3045,801536,IGO795,2025-12-29 17:53:07,25.0,50.25613187170498,34.89754725131801,MEDIUM,1
3046,801536,IGO525C,2025-12-30 00:08:41,0.0,75.92582344982873,9.62967062006851,LOW,1
3047,801536,IGO205,2025-12-30 01:58:37,0.0,63.10286519331054,14.758853922675783,LOW,1
3048,801536,IGO1131,2025-12-30 06:08:34,0.0,64.21304249059072,14.314783003763711,LOW,1
3049,801536,IGO1134,2025-12-30 10:08:34,0.0,73.75002075049557,10.499991699801775,LOW,1
3050,801538,AIC128,2025-12-29 02:54:07,35.0,42.13948474668434,44.14420610132626,MEDIUM,1
3051,801538,AIC128,2025-12-30 02:48:39,35.0,44.26946505253965,43.29221397898414,MEDIUM,1
3052,801539,AKJ568,2025-12-29 06:34:06,10.0,73.66124923438755,16.535500306244977,LOW,1
3053,801539,AKJ618,2025-12-29 09:44:08,25.0,61.24029987149418,30.503880051402327,MEDIUM,1
3054,801539,AKJ619,2025-12-29 18:03:07,0.0,95.5371268726818,1.7851492509272817,LOW,1
3055,801539,AKJ1637,2025-12-30 06:18:36,25.0,55.51459781858803,32.79416087256479,MEDIUM,1
3056,801539,AKJ1637,2025-12-30 07:28:36,0.0,96.01372207124005,1.5945111715039788,LOW,1
3057,801539,AKJ1638,2025-12-30 10:08:34,0.0,72.12227861788325,11.1510885528467,LOW,1
3058,80153b,AIC180,2025-12-29 02:24:07,50.0,49.68250244054344,50.12699902378263,MEDIUM,1
3059,80153b,AIC866,2025-12-29 06:14:08,35.0,66.33163107480247,34.46734757007901,MEDIUM,1
3060,80153b,AIC441,2025-12-29 17:43:10,0.0,72.44349757752323,11.022600968990709,LOW,1
3061,80153b,AIC816,2025-12-29 23:28:38,0.0,46.11099671787981,21.55560131284808,LOW,1
3062,80153b,AIC887,2025-12-30 03:48:37,0.0,68.96413717443158,12.414345130227368,LOW,1
3063,80153b,AIC887,2025-12-30 04:58:38,0.0,45.799782511592944,21.680086995362824,LOW,1
3064,80153b,AIC179,2025-12-30 10:08:34,0.0,76.0301783031336,9.587928678746563,LOW,1
3065,80153d,AIC887,2025-12-29 04:04:06,10.0,59.293267047342766,22.282693181062893,LOW,1
3066,80153d,AIC887,2025-12-29 05:24:05,0.0,69.92574842528471,12.029700629886117,LOW,1
3067,80153d,AIC179,2025-12-29 09:44:08,10.0,81.49067599558126,13.403729601767498,LOW,1
3068,80153e,IGO306,2025-12-29 08:14:07,0.0,67.1732890788133,13.130684368474682,LOW,1
3069,80153e,IGO6196,2025-12-30 08:48:37,0.0,87.43963520816189,5.024145916735245,LOW,1
3070,801540,IGO1707,2025-12-30 01:38:40,0.0,38.89155117378565,24.443379530485743,LOW,-1
3071,801546,AKJ562,2025-12-29 07:04:08,35.0,59.337005798219494,37.265197680712205,MEDIUM,1
3072,801546,AKJ1446,2025-12-29 09:34:05,0.0,79.43528391645607,8.225886433417571,LOW,1
3073,801546,AKJ3001,2025-12-29 15:51:45,0.0,66.78158893913135,13.287364424347459,LOW,1
3074,801546,AKJ552,2025-12-29 18:23:08,0.0,60.29243837981063,15.883024648075747,LOW,1
3075,801546,AKJ553,2025-12-30 04:38:37,0.0,73.14769727798446,10.740921088806216,LOW,1
3076,801546,AKJ1518,2025-12-30 09:08:33,0.0,62.02068085333061,15.191727658667757,LOW,1
3077,801547,AKJ694W,2025-12-29 07:34:07,10.0,60.1670892887794,21.933164284488242,LOW,1
3078,801547,AKJ1802,2025-12-29 10:04:07,35.0,64.96884733986298,35.01246106405481,MEDIUM,1
3079,801547,AKJ1803,2025-12-29 16:01:36,35.0,69.67221454113202,33.13111418354719,MEDIUM,1
3080,801547,AKJ1803,2025-12-29 18:13:07,0.0,71.07333692259756,11.570665230960977,LOW,1
3081,801547,AKJ694W,2025-12-30 06:08:34,35.0,47.45258086365634,42.01896765453746,MEDIUM,1
3082,801547,AKJ1802,2025-12-30 08:48:37,0.0,67.52245059831489,12.991019760674044,LOW,1
3083,801548,AKJ589,2025-12-29 01:54:09,0.0,70.61660090046074,11.753359639815706,LOW,1
3084,801548,AKJ586,2025-12-29 04:24:05,0.0,77.24581525229983,9.101673899080067,LOW,1
3085,801548,AKJ589,2025-12-30 00:38:34,0.0,91.54234866432726,3.3830605342690947,LOW,1
3086,801548,AKJ589,2025-12-30 01:48:39,0.0,70.68311058212231,11.726755767151076,LOW,1
3087,801548,AKJ586,2025-12-30 03:48:37,0.0,62.4490856008536,15.02036575965856,LOW,1
3088,801549,AKJ553,2025-12-29 04:24:05,35.0,60.208913875536155,36.91643444978554,MEDIUM,1
3089,801549,AKJ1410,2025-12-29 08:14:07,35.0,58.673222560591036,37.53071097576358,MEDIUM,1
3090,801549,AKJ1497,2025-12-29 16:31:45,0.0,77.01403056897684,9.194387772409266,LOW,1
3091,801549,AKJ1497,2025-12-29 17:53:07,0.0,69.75141622431373,12.099433510274508,LOW,1
3092,801549,AKJ572,2025-12-30 05:08:39,35.0,65.18352884886244,34.92658846045502,MEDIUM,1
3093,801549,AKJ618,2025-12-30 09:38:37,35.0,59.62606600861722,37.14957359655311,MEDIUM,1
3094,80154a,AKJ1906,2025-12-29 00:08:45,0.0,97.29509402592677,1.0819623896292911,LOW,1
3095,80154a,AKJ1925,2025-12-29 06:54:07,50.0,57.5511415175255,46.9795433929898,MEDIUM,1
3096,80154a,AKJ1925,2025-12-29 08:34:04,0.0,76.46632346736232,9.413470613055074,LOW,1
3097,80154a,AKJ1332,2025-12-29 18:45:15,0.0,88.78428993238832,4.486284027044673,LOW,1
3098,80154a,AKJ1906,2025-12-29 23:28:38,0.0,95.64729863642305,1.741080545430782,LOW,1
3099,80154a,AKJ1925,2025-12-30 06:38:36,50.0,54.527270573456846,48.18909177061727,MEDIUM,1
3100,80154a,AKJ1926,2025-12-30 08:28:35,35.0,55.107540650902635,38.95698373963894,MEDIUM,1
3101,80154b,IGO5153,2025-12-28 23:48:41,0.0,74.01497574089315,10.394009703642741,LOW,1
3102,80154b,IGO5133,2025-12-29 07:14:05,0.0,79.31686231864205,8.27325507254318,LOW,1
3103,80154b,IGO673M,2025-12-29 10:14:09,0.0,77.63681581370804,8.945273674516784,LOW,1
3104,80154b,IGO604P,2025-12-29 15:51:45,0.0,62.97751007596722,14.808995969613115,LOW,1
3105,80154b,IGO432M,2025-12-29 17:53:07,10.0,79.80785235426315,14.076859058294742,LOW,1
3106,80154b,IGO6416,2025-12-30 07:08:35,0.0,58.17880708762443,16.72847716495023,LOW,1
3107,80154d,IGO5010,2025-12-28 23:48:41,25.0,62.11200517072,30.155197931712,MEDIUM,1
3108,80154d,IGO5273,2025-12-29 05:54:05,0.0,83.6863419644305,6.525463214227802,LOW,1
3109,80154d,IGO5273,2025-12-29 07:44:01,35.0,76.15534698293176,30.537861206827294,MEDIUM,1
3110,80154d,IGO237L,2025-12-29 09:14:08,0.0,81.75697425158619,7.297210299365526,LOW,1
3111,80154d,IGO272E,2025-12-29 16:41:44,10.0,63.34291527344326,20.662833890622696,LOW,1
3112,80154d,IGO272E,2025-12-29 18:03:07,0.0,82.7873217487112,6.8850713005155235,LOW,1
3113,80154d,IGO5273,2025-12-30 04:58:38,25.0,45.70610874210191,36.71755650315924,MEDIUM,1
3114,80154d,IGO5273,2025-12-30 06:58:37,35.0,73.5948022205482,31.56207911178072,MEDIUM,1
3115,80154d,IGO237L,2025-12-30 09:08:33,0.0,84.74775049898592,6.100899800405632,LOW,1
3116,80154e,FQA311,2025-12-29 00:54:10,35.0,74.22838325901581,31.308646696393673,MEDIUM,1
3117,80154e,FQA322,2025-12-29 04:04:06,0.0,68.7809354546546,12.487625818138163,LOW,1
3118,80154e,FQA322,2025-12-30 05:38:33,0.0,58.99554784346871,16.40178086261252,LOW,1
3119,80154f,VTRRK,2025-12-29 08:54:06,0.0,30.337457664587788,27.865016934164885,LOW,-1
3120,801551,IGO6708,2025-12-28 23:58:46,10.0,64.54136094971275,20.1834556201149,LOW,1
3121,801551,IGO670D,2025-12-29 03:14:06,35.0,57.605434811662256,37.9578260753351,MEDIUM,1
3122,801551,IGO6907,2025-12-29 15:51:45,0.0,13.291484062937252,34.6834063748251,MEDIUM,-1
3123,801551,IGO104F,2025-12-29 17:01:38,0.0,69.18455890387953,12.326176438448186,LOW,1
3124,801551,IGO086,2025-12-30 06:48:37,0.0,92.1260517450178,3.1495793019928784,LOW,1
3125,801552,AIC2469,2025-12-29 04:54:04,0.0,61.983502831996276,15.20659886720149,LOW,1
3126,801552,AIC2469,2025-12-29 06:24:05,0.0,78.22004600318284,8.711981598726863,LOW,1
3127,801552,AIC2470,2025-12-29 08:14:07,0.0,74.9008604521163,10.039655819153479,LOW,1
3128,801552,AIC2470,2025-12-29 09:24:04,0.0,80.48228663617616,7.807085345529538,LOW,1
3129,801552,AIC2981,2025-12-29 23:28:38,0.0,38.09958684143122,24.760165263427513,LOW,-1
3130,801553,AIC2933,2025-12-29 15:51:45,0.0,82.41279008609817,7.0348839655607325,LOW,1
3131,801553,AIC2933,2025-12-29 17:01:38,0.0,68.12301987507978,12.75079204996809,LOW,1
3132,801553,AIC2410,2025-12-29 23:28:38,0.0,95.35421633779404,1.8583134648823831,LOW,1
3133,801553,AIC2410,2025-12-30 01:08:40,10.0,72.96304536586882,16.81478185365247,LOW,1
3134,801553,AIC2845,2025-12-30 07:38:20,0.0,73.98246965208459,10.407012139166165,LOW,1
3135,801553,AIC2846,2025-12-30 09:58:35,0.0,69.24825181622897,12.300699273508412,LOW,1
3136,801554,IGO549,2025-12-29 05:24:05,35.0,68.56571473103848,33.57371410758461,MEDIUM,1
3137,801554,IGO191J,2025-12-29 07:44:01,0.0,66.83045564229927,13.267817743080293,LOW,1
3138,801554,IGO96HP,2025-12-29 15:51:45,0.0,74.10292846970113,10.35882861211955,LOW,1
3139,801554,IGO6756,2025-12-29 18:13:07,0.0,72.33729720253169,11.065081118987326,LOW,1
3140,801554,IGO442,2025-12-30 09:38:37,50.0,51.78358440142768,49.28656623942893,MEDIUM,1
3141,80155a,IGO26H,2025-12-29 00:38:36,0.0,76.98219655000413,9.207121379998346,LOW,1
3142,80155a,IGO40C,2025-12-29 07:14:05,0.0,62.89978656186566,14.840085375253736,LOW,1
3143,80155a,IGO088,2025-12-30 06:18:36,0.0,69.77745516410222,12.089017934359113,LOW,1
3144,80155b,IGO196F,2025-12-29 06:34:06,0.0,69.24428869117563,12.30228452352975,LOW,1
3145,80155b,IGO42PW,2025-12-29 08:44:04,0.0,77.37402326890181,9.050390692439278,LOW,1
3146,80155b,IGO42PW,2025-12-29 10:04:07,0.0,76.86807435181682,9.252770259273275,LOW,1
3147,80155b,IGO764,2025-12-29 16:51:45,0.0,87.8751915056804,4.849923397727839,LOW,1
3148,80155b,IGO696M,2025-12-30 09:08:33,0.0,74.20176189836943,10.319295240652231,LOW,1
3149,80155c,IGO991L,2025-12-29 15:51:45,10.0,69.20241002333658,18.31903599066537,LOW,1
3150,80155c,IGO964W,2025-12-29 18:23:08,0.0,82.55739810376174,6.977040758495304,LOW,1
3151,80155c,IGO336M,2025-12-30 07:38:20,0.0,63.65498429144444,14.538006283422224,LOW,1
3152,80155c,IGO305F,2025-12-30 09:38:37,50.0,60.557532506389755,45.7769869974441,MEDIUM,1
3153,80155d,AKJ311Q,2025-12-29 00:18:37,35.0,70.76713938929109,32.693144244283566,MEDIUM,1
3154,80155d,AKJ1539,2025-12-29 01:54:09,10.0,70.87023004223012,17.651907983107954,LOW,1
3155,80155d,AKJ1324,2025-12-29 17:13:08,0.0,71.60873667155512,11.356505331377953,LOW,1
3156,80155d,AKJ448U,2025-12-29 23:28:38,0.0,74.96056502456861,10.015773990172557,LOW,1
3157,80155e,IGO4WY,2025-12-30 07:28:36,0.0,64.78227750943,14.087088996228,LOW,1
3158,80155e,IGO7255,2025-12-30 09:18:35,0.0,48.62612266001235,20.54955093599506,LOW,1
3159,80155f,AIC2145,2025-12-28 23:48:41,0.0,95.71822493179494,1.712710027282026,LOW,1
3160,80155f,AIC2817,2025-12-29 17:01:38,0.0,80.40279897455085,7.838880410179661,LOW,1
3161,80155f,AIC2651,2025-12-30 08:18:37,0.0,77.4781098923971,9.00875604304116,LOW,1
3162,80155f,AIC2651,2025-12-30 10:18:36,0.0,62.95151415730193,14.81939433707923,LOW,1
3163,801560,IGO068,2025-12-29 08:24:06,0.0,97.39880117242598,1.0404795310296096,LOW,1
3164,801566,IGO4WY,2025-12-29 07:14:05,0.0,62.463435186980846,15.014625925207662,LOW,1
3165,801566,IGO7255,2025-12-29 10:04:07,0.0,41.35512096009554,23.457951615961786,LOW,-1
3166,80156c,IGO257P,2025-12-29 05:44:09,0.0,72.42205775834957,11.031176896660174,LOW,1
3167,80156c,IGO6629,2025-12-29 07:44:01,0.0,64.27003002503355,14.29198798998658,LOW,1
3168,80156d,IGO73AJ,2025-12-29 09:24:04,0.0,74.02240808714005,10.39103676514398,LOW,1
3169,80156d,IGO969,2025-12-29 17:23:08,0.0,58.703917642229044,16.518432943108383,LOW,1
3170,80156f,VTHLV,2025-12-29 16:21:38,0.0,35.960407871683216,25.615836851326716,LOW,-1
3171,801570,BDA803,2025-12-29 23:38:34,0.0,78.48557591582406,8.605769633670377,LOW,1
3172,801570,BDA803,2025-12-30 01:28:36,0.0,57.07018065988977,17.171927736044093,LOW,1
3173,801570,BDA308,2025-12-30 03:08:38,0.0,72.50880473873758,10.996478104504968,LOW,1
3174,801570,BDA308,2025-12-30 05:28:36,50.0,53.4434758208731,48.622609671650764,MEDIUM,1
3175,801570,BDA308,2025-12-30 06:58:37,50.0,60.04088217730033,45.98364712907987,MEDIUM,1
3176,801570,BDA308,2025-12-30 09:48:34,0.0,78.08253030221526,8.766987879113897,LOW,1
3177,801571,IGO7236,2025-12-29 05:54:05,0.0,63.99984988123669,14.400060047505324,LOW,1
3178,801571,IGO7245,2025-12-29 08:04:08,0.0,65.65900400969481,13.736398396122077,LOW,1
3179,801571,IGO7714,2025-12-29 10:04:07,0.0,62.47820186722663,15.008719253109348,LOW,1
3180,801571,IGO7453,2025-12-29 17:23:08,0.0,72.4578437260552,11.01686250957792,LOW,1
3181,80157a,AKJ725K,2025-12-29 15:51:45,0.0,63.31496171867419,14.674015312530324,LOW,1
3182,80157a,AKJ193Q,2025-12-29 18:03:07,0.0,60.55454662128757,15.778181351484973,LOW,1
3183,80157c,AKJ1542,2025-12-29 16:31:45,0.0,71.09382501231465,11.562469995074139,LOW,1
3184,80157c,AKJ1543,2025-12-29 18:45:15,35.0,44.696164998300944,43.121534000679624,MEDIUM,1
3185,801580,SDG107,2025-12-29 08:14:07,0.0,94.55482182947438,2.178071268210249,LOW,1
3186,801580,SDG108,2025-12-29 16:31:45,0.0,87.45265693821459,5.018937224714165,LOW,1
3187,801580,SDG169,2025-12-29 18:23:08,0.0,87.34848441169363,5.060606235322547,LOW,1
3188,801580,SDG107,2025-12-30 08:48:37,0.0,94.84477619956925,2.062089520172299,LOW,1
3189,801581,IGO6457,2025-12-29 09:04:08,0.0,58.95861981372601,16.416552074509596,LOW,1
3190,801581,IGO359V,2025-12-29 16:01:36,0.0,69.40006299566912,12.239974801732354,LOW,1
3191,801581,IGO775,2025-12-29 17:53:07,10.0,67.02006370380582,19.19197451847767,LOW,1
3192,801581,IGO1911,2025-12-30 00:38:34,35.0,56.910046967276976,38.23598121308921,MEDIUM,1
3193,801581,IGO1058,2025-12-30 05:18:34,10.0,60.53078222612161,21.787687109551356,LOW,1
3194,801581,IGO6405,2025-12-30 08:18:37,50.0,54.742050581764296,48.10317976729428,MEDIUM,1
3195,801584,AIC1746,2025-12-29 17:01:38,10.0,69.0226477891783,18.390940884328685,LOW,1
3196,801584,AIC1725,2025-12-30 05:28:36,25.0,50.2667094268482,34.89331622926072,MEDIUM,1
3197,801584,AIC1860,2025-12-30 08:28:35,10.0,76.59035884349179,15.363856462603286,LOW,1
3198,801587,AKJ624,2025-12-29 18:03:07,0.0,98.84999877792897,0.46000048882841044,LOW,1
3199,80158a,IGO1704,2025-12-30 09:48:34,0.0,76.27918415982325,9.488326336070703,LOW,1
3200,80158b,AIC1854,2025-12-28 23:48:41,35.0,66.1348208209713,34.54607167161148,MEDIUM,1
3201,80158b,AIC1749,2025-12-29 08:34:04,0.0,65.55648871341037,13.777404514635851,LOW,1
3202,80158b,AIC1848,2025-12-29 16:31:45,10.0,78.03822380107796,14.784710479568815,LOW,1
3203,80158b,AIC1734,2025-12-29 18:45:15,0.0,70.27633568471356,11.889465726114578,LOW,1
3204,80158b,AIC1854,2025-12-29 23:28:38,0.0,75.37018352439412,9.851926590242352,LOW,1
3205,80158b,AIC1763,2025-12-30 09:48:34,35.0,63.38001488148722,35.64799404740511,MEDIUM,1
3206,80158c,AIC2025,2025-12-30 05:18:34,0.0,84.51720247527957,6.1931190098881705,LOW,1
3207,801590,AXB1057,2025-12-29 06:34:06,0.0,66.75835406657198,13.296658373371208,LOW,1
3208,801590,AXB1058,2025-12-29 10:24:06,0.0,81.7802139286689,7.28791442853244,LOW,1
3209,801590,AXB1617,2025-12-29 16:31:45,35.0,65.56315941870342,34.774736232518634,MEDIUM,1
3210,801590,AXB1618,2025-12-29 18:13:07,0.0,79.87153751469,8.051384994123998,LOW,1
3211,801590,AXB1057,2025-12-30 06:18:36,0.0,61.637237400978485,15.345105039608606,LOW,1
3212,801590,AXB1058,2025-12-30 09:08:33,0.0,67.6729826533171,12.930806938673157,LOW,1
3213,801591,AXB1042,2025-12-28 23:48:41,0.0,50.27321959115908,19.89071216353637,LOW,1
3214,801591,AXB1108,2025-12-29 06:14:08,10.0,76.45679390156636,15.417282439373457,LOW,1
3215,801591,AXB1108,2025-12-29 07:54:02,0.0,79.7909944959541,8.083602201618362,LOW,1
3216,801591,AXB1109,2025-12-29 10:14:09,0.0,95.16951972404479,1.9321921103820843,LOW,1
3217,801591,AXB1340,2025-12-29 17:23:08,0.0,91.968388083264,3.212644766694399,LOW,1
3218,801591,AXB1340,2025-12-29 18:45:15,0.0,79.30240869265424,8.279036522938304,LOW,1
3219,801591,AXB1042,2025-12-30 00:28:37,0.0,46.92388351952569,21.230446592189725,LOW,1
3220,801591,AXB1012,2025-12-30 08:38:36,0.0,79.87833368622712,8.048666525509152,LOW,1
3221,801593,VTPRI,2025-12-29 07:24:06,25.0,0.0,55.0,MEDIUM,-1
3222,801593,VTPRI,2025-12-29 16:31:45,0.0,65.3661878146071,13.85352487415716,LOW,1
3223,801594,AXB1257,2025-12-28 23:48:41,0.0,69.74180977508655,12.10327608996538,LOW,1
3224,801594,AXB1258,2025-12-29 01:34:05,0.0,69.43185825240019,12.227256699039925,LOW,1
3225,801594,AXB1258,2025-12-29 02:44:02,10.0,70.28779076135169,17.884883695459326,LOW,1
3226,801594,AXB1012,2025-12-29 08:44:04,0.0,55.07320295226123,17.97071881909551,LOW,1
3227,801594,AXB1037,2025-12-29 16:21:38,0.0,65.75851798324386,13.696592806702455,LOW,1
3228,801594,AXB1038,2025-12-29 17:53:07,0.0,62.838095586714424,14.864761765314231,LOW,1
3229,801594,AXB1108,2025-12-30 05:48:34,0.0,79.32016095515903,8.271935617936391,LOW,1
3230,801594,AXB1108,2025-12-30 06:58:37,0.0,80.67340198699951,7.730639205200197,LOW,1
3231,801594,AXB1109,2025-12-30 09:28:35,0.0,94.75436588872138,2.098253644511448,LOW,1
3232,801595,AXB1049,2025-12-29 15:51:45,0.0,63.42837412048326,14.628650351806696,LOW,1
3233,801595,AXB1049,2025-12-29 17:23:08,0.0,75.44569669589153,9.82172132164339,LOW,1
3234,801595,AXB1213,2025-12-29 23:28:38,0.0,6.532761134709832,37.38689554611607,MEDIUM,-1
3235,801595,AXB1737,2025-12-30 07:08:35,0.0,64.28710671031665,14.285157315873342,LOW,1
3236,801595,AXB1738,2025-12-30 09:18:35,0.0,71.36112912959236,11.455548348163058,LOW,1
3237,801596,IGO19H,2025-12-29 02:04:07,0.0,67.1549860695271,13.138005572189162,LOW,1
3238,801596,IGO71L,2025-12-29 08:24:06,0.0,78.07649622532689,8.769401509869244,LOW,1
3239,801596,IGO72P,2025-12-29 16:41:44,0.0,62.59000300682342,14.963998797270632,LOW,1
3240,801596,IGO91E,2025-12-29 18:35:17,25.0,59.81776046830169,31.072895812679324,MEDIUM,1
3241,801596,IGO19H,2025-12-30 02:28:35,35.0,76.73277289651166,30.306890841395337,MEDIUM,1
3242,801596,IGO71L,2025-12-30 08:08:33,0.0,63.713399554952005,14.5146401780192,LOW,1
3243,801596,IGO71L,2025-12-30 09:08:33,0.0,99.13524787513167,0.3459008499473328,LOW,1
3244,801597,AIC2361,2025-12-29 01:44:09,0.0,54.31298850878886,18.274804596484454,LOW,1
3245,801597,AIC2495,2025-12-29 09:34:05,0.0,69.99895256684583,12.000418973261668,LOW,1
3246,801597,AIC2362,2025-12-29 15:51:45,0.0,95.33361409468309,1.866554362126766,LOW,1
3247,801597,AIC2361,2025-12-30 00:48:35,0.0,39.22028391419037,24.311886434323853,LOW,-1
3248,80159a,IGO6705,2025-12-29 15:51:45,0.0,42.720858234452905,22.91165670621884,LOW,1
3249,80159a,IGO6566,2025-12-29 23:28:38,50.0,62.16892719476212,45.132429122095154,MEDIUM,1
3250,80159a,IGO1015,2025-12-30 02:18:37,0.0,68.40093152216839,12.639627391132644,LOW,1
3251,80159a,IGO1016,2025-12-30 10:08:34,0.0,45.00252773107032,21.99898890757187,LOW,1
3252,80159b,SDG228,2025-12-30 10:08:34,0.0,74.29688670288503,10.281245318845988,LOW,1
3253,80159c,AIC2872,2025-12-29 06:34:06,0.0,77.00618618314162,9.197525526743352,LOW,1
3254,80159c,AIC2970,2025-12-29 09:34:05,0.0,61.430357986743374,15.427856805302651,LOW,1
3255,80159c,AIC2646,2025-12-29 15:51:45,0.0,69.56539534264266,12.173841862942936,LOW,1
3256,80159c,AIC2879,2025-12-29 18:35:17,0.0,77.26634255486987,9.093462978052054,LOW,1
3257,80159c,AIC2870,2025-12-29 23:28:38,0.0,52.40823779142866,19.036704883428538,LOW,1
3258,80159c,AIC2577,2025-12-30 02:48:39,0.0,80.41912641686046,7.832349433255814,LOW,1
3259,80159c,AIC2860,2025-12-30 08:38:36,25.0,65.47712750240674,28.809148999037305,LOW,1
3260,80159d,AIC2608,2025-12-29 02:34:07,35.0,70.27382853709128,32.89046858516349,MEDIUM,1
3261,80159d,AIC2819,2025-12-29 16:01:36,0.0,78.67147347978536,8.531410608085855,LOW,1
3262,80159d,AIC2918,2025-12-30 06:38:36,0.0,48.94948727945249,20.420205088219006,LOW,1
3263,80159d,AIC417,2025-12-30 09:08:33,25.0,55.7729905443841,32.69080378224636,MEDIUM,1
3264,80159e,AIC130,2025-12-30 09:48:34,50.0,49.9410543988412,50.02357824046352,MEDIUM,1
3265,8015a4,IGO2279,2025-12-28 23:48:41,0.0,38.86013140770013,24.45594743691995,LOW,-1
3266,8015a6,AIC130,2025-12-29 10:24:06,0.0,76.62315270650174,9.350738917399303,LOW,1
3267,8015a6,AIC129,2025-12-30 06:28:37,35.0,35.210651572276014,46.91573937108959,MEDIUM,-1
3268,8015ab,AKJ1359,2025-12-29 08:34:04,10.0,76.21349090109705,15.514603639561182,LOW,1
3269,8015ab,AKJ1128,2025-12-29 17:01:38,0.0,70.41747581062556,11.833009675749777,LOW,1
3270,8015ab,AKJ1128,2025-12-29 18:35:17,0.0,64.59773566355679,14.160905734577284,LOW,1
3271,8015ab,AKJ1409,2025-12-30 01:38:40,0.0,76.970662798591,9.211734880563602,LOW,1
3272,8015ab,AKJ1405,2025-12-30 07:28:36,10.0,65.83159293791014,19.66736282483594,LOW,1
3273,8015ab,AKJ1405,2025-12-30 09:48:34,0.0,65.19728906224618,13.921084375101527,LOW,1
3274,8015ad,IGO442,2025-12-29 09:54:04,35.0,62.83425856407504,35.86629657436998,MEDIUM,1
3275,8015ad,IGO6572,2025-12-29 16:11:36,10.0,71.27637061457561,17.489451754169757,LOW,1
3276,8015ad,IGO6251,2025-12-29 18:35:17,50.0,27.20959739039899,59.11616104384041,MEDIUM,-1
3277,8015ad,IGO6066,2025-12-30 10:08:34,0.0,62.60478072429318,14.95808771028273,LOW,1
3278,8015b2,IGO699J,2025-12-29 05:04:06,0.0,60.39927939058348,15.840288243766608,LOW,1
3279,8015b2,IGO513Y,2025-12-29 09:04:08,0.0,74.27404802558233,10.290380789767068,LOW,1
3280,8015b2,IGO144,2025-12-29 15:51:45,0.0,81.41355637437054,7.434577450251783,LOW,1
3281,8015b2,IGO103Y,2025-12-30 07:28:36,0.0,63.01535213851493,14.79385914459403,LOW,1
3282,8015b8,IGO2774,2025-12-29 01:54:09,0.0,70.64937682977296,11.740249268090816,LOW,1
3283,8015b8,IGO2774,2025-12-29 03:14:06,50.0,68.6529187705219,42.53883249179124,MEDIUM,1
3284,8015b8,IGO139,2025-12-29 06:44:08,0.0,77.21534724791273,9.113861100834908,LOW,1
3285,8015b8,IGO249W,2025-12-29 09:04:08,50.0,43.14903178992246,52.740387284031016,MEDIUM,1
3286,8015b8,IGO6102,2025-12-29 17:53:07,0.0,69.71642681731318,12.113429273074729,LOW,1
3287,8015bc,IGO636C,2025-12-29 00:38:36,0.0,82.88839873735438,6.844640505058249,LOW,1
3288,8015bc,IGO704P,2025-12-29 06:14:08,0.0,74.70453532771072,10.118185868915715,LOW,1
3289,8015bc,IGO6925,2025-12-29 15:51:45,10.0,77.93472617534285,14.826109529862862,LOW,1
3290,8015bc,IGO552N,2025-12-29 17:33:04,0.0,71.5992689418249,11.360292423270039,LOW,1
3291,8015bc,IGO742,2025-12-30 00:08:41,0.0,73.76286496530729,10.494854013877086,LOW,1
3292,8015bf,VTHNA,2025-12-30 10:08:34,10.0,43.53680495358802,28.585278018564793,LOW,1
3293,8015c0,IGO845V,2025-12-29 06:24:05,35.0,57.44542848827617,38.02182860468953,MEDIUM,1
3294,8015c0,IGO831E,2025-12-29 10:24:06,0.0,77.82217898363294,8.871128406546825,LOW,1
3295,8015c0,IGO158,2025-12-29 15:51:45,0.0,38.415969555122324,24.633612177951072,LOW,-1
3296,8015c1,AIC2999,2025-12-28 23:48:41,0.0,44.54591322686948,22.181634709252208,LOW,1
3297,8015c1,AIC2242,2025-12-29 16:41:44,0.0,64.75947197435859,14.096211210256564,LOW,1
3298,8015c1,AIC2145,2025-12-29 23:58:37,0.0,39.15327859618513,24.33868856152595,LOW,-1
3299,8015c2,IGO501N,2025-12-29 00:18:37,0.0,74.91987482391126,10.032050070435497,LOW,1
3300,8015c2,IGO6468,2025-12-29 18:03:07,0.0,78.43435377243961,8.626258491024158,LOW,1
3301,8015c2,IGO449F,2025-12-30 09:38:37,0.0,76.12073247432173,9.55170701027131,LOW,1
3302,8015c5,AIC2147,2025-12-29 04:04:06,35.0,35.66793549155509,46.73282580337796,MEDIUM,-1
3303,8015c5,AIC2147,2025-12-29 05:34:08,0.0,92.7975734610659,2.8809706155736423,LOW,1
3304,8015c5,AIC2148,2025-12-29 18:35:17,0.0,91.23539866274439,3.5058405349022452,LOW,1
3305,8015c5,AIC2999,2025-12-30 00:48:35,0.0,78.66044395559531,8.535822417761876,LOW,1
3306,8015c5,AIC2999,2025-12-30 01:58:37,0.0,56.699067884306444,17.320372846277422,LOW,1
3307,8015c6,IGO6004,2025-12-29 05:24:05,35.0,62.5014091262573,35.99943634949708,MEDIUM,1
3308,8015c6,IGO6004,2025-12-29 08:14:07,0.0,69.79253120911065,12.082987516355741,LOW,1
3309,8015c6,IGO236E,2025-12-29 10:04:07,0.0,90.45608343259491,3.8175666269620367,LOW,1
3310,8015c6,IGO291P,2025-12-29 16:01:36,0.0,73.95014242637781,10.419943029448877,LOW,1
3311,8015c6,IGO2145,2025-12-29 17:53:07,0.0,61.78272560800495,15.28690975679802,LOW,1
3312,8015c6,IGO2773,2025-12-29 23:38:34,0.0,74.32505789469396,10.269976842122418,LOW,1
3313,8015c6,IGO2471,2025-12-30 04:48:37,10.0,68.85184291945356,18.459262832218577,LOW,1
3314,8015c6,IGO2471,2025-12-30 06:08:34,0.0,68.97267247533264,12.410931009866943,LOW,1
3315,8015c6,IGO63DM,2025-12-30 07:48:33,0.0,75.49900629236971,9.800397483052116,LOW,1
3316,8015c6,IGO63DM,2025-12-30 08:58:35,0.0,84.81196465903805,6.075214136384779,LOW,1
3317,8015c7,IGO963H,2025-12-29 05:54:05,50.0,50.68823457863522,49.724706168545914,MEDIUM,1
3318,8015c7,IGO563,2025-12-29 08:44:04,0.0,69.7654000810989,12.09383996756044,LOW,1
3319,8015c7,IGO949P,2025-12-29 15:51:45,0.0,99.1638673118971,0.3344530752411572,LOW,1
3320,8015c7,IGO345,2025-12-30 09:08:33,0.0,78.53383480017442,8.586466079930233,LOW,1
3321,8015c9,IGO6319,2025-12-29 18:13:07,0.0,65.65508566834377,13.737965732662492,LOW,1
3322,8015ca,IGO060,2025-12-29 04:44:07,0.0,62.95645452130977,14.817418191476092,LOW,1
3323,8015ca,IGO6431,2025-12-29 08:24:06,25.0,54.65137418857808,33.13945032456877,MEDIUM,1
3324,8015ca,IGO745W,2025-12-29 17:13:08,0.0,72.29980838658483,11.08007664536607,LOW,1
3325,8015ca,IGO1307,2025-12-30 00:18:35,0.0,81.89724568450337,7.24110172619865,LOW,1
3326,8015ca,IGO1346,2025-12-30 08:48:37,10.0,80.60672073892428,13.757311704430288,LOW,1
3327,8015cb,IGO082,2025-12-29 06:04:04,35.0,66.51804223700731,34.392783105197076,MEDIUM,1
3328,8015cb,IGO6293,2025-12-29 09:14:08,0.0,75.73235172719481,9.707059309122076,LOW,1
3329,8015cb,IGO756V,2025-12-29 18:13:07,0.0,81.19571100923879,7.5217155963044835,LOW,1
3330,8015cb,IGO196F,2025-12-30 05:38:33,0.0,82.52637621838055,6.989449512647781,LOW,1
3331,8015cb,IGO196F,2025-12-30 06:28:37,35.0,62.454514331285424,36.01819426748583,MEDIUM,1
3332,8015cb,IGO5167,2025-12-30 08:18:37,0.0,64.57876220168286,14.168495119326856,LOW,1
3333,8015cd,AIC2380,2025-12-29 23:38:34,0.0,56.929159604988,17.2283361580048,LOW,1
3334,8015cd,AIC2381,2025-12-30 09:38:37,0.0,92.31587679777749,3.0736492808890037,LOW,1
3335,8015ce,IGO2026,2025-12-29 08:04:08,0.0,71.13881916114221,11.544472335543118,LOW,1
3336,8015ce,IGO257H,2025-12-29 09:44:08,0.0,54.38544508631608,18.245821965473567,LOW,1
3337,8015ce,IGO82YJ,2025-12-29 16:51:45,0.0,83.11024858891386,6.755900564434455,LOW,1
3338,8015ce,IGO068,2025-12-30 08:18:37,0.0,97.30725489217538,1.0770980431298482,LOW,1
3339,8015d0,VTBNB,2025-12-30 10:18:36,0.0,74.20740858811826,10.317036564752698,LOW,1
3340,8015d3,IGO6139,2025-12-29 05:04:06,25.0,65.0769066642725,28.969237334291,LOW,1
3341,8015d3,IGO505,2025-12-29 07:54:02,50.0,44.13341694282894,52.34663322286843,MEDIUM,1
3342,8015d3,IGO472H,2025-12-29 10:04:07,35.0,59.43270458454707,37.22691816618118,MEDIUM,1
3343,8015d3,IGO874,2025-12-29 15:51:45,0.0,76.17950103679647,9.528199585281413,LOW,1
3344,8015d3,IGO874,2025-12-29 17:33:04,0.0,74.6945516986043,10.122179320558281,LOW,1
3345,8015d3,IGO233P,2025-12-30 06:28:37,0.0,66.35954547115209,13.456181811539166,LOW,1
3346,8015d3,IGO233P,2025-12-30 08:28:35,0.0,65.84307972840408,13.66276810863837,LOW,1
3347,8015d8,IGO2115,2025-12-30 07:58:34,0.0,78.31301410889714,8.674794356441145,LOW,1
3348,8015d8,IGO2116,2025-12-30 09:48:34,0.0,71.96218736490974,11.215125054036106,LOW,1
3349,8015d9,IGO49U,2025-12-29 16:51:45,0.0,73.55641619043242,10.577433523827034,LOW,1
3350,8015da,IGO393P,2025-12-28 23:48:41,0.0,7.150690012364021,37.13972399505439,MEDIUM,-1
3351,8015da,IGO1015,2025-12-29 02:04:07,0.0,53.50119439198807,18.59952224320477,LOW,1
3352,8015da,IGO1016,2025-12-29 09:54:04,0.0,49.306407878259435,20.277436848696226,LOW,1
3353,8015da,IGO1634,2025-12-29 18:45:15,0.0,93.76921485457363,2.492314058170547,LOW,1
3354,8015da,VTIPY,2025-12-30 08:48:37,0.0,10.621662803444455,35.751334878622224,MEDIUM,-1
3355,8015db,IGO1234,2025-12-29 08:14:07,0.0,96.0509259275786,1.5796296289685587,LOW,1
3356,8015db,IGO5099,2025-12-29 16:41:44,0.0,68.22847884160936,12.708608463356256,LOW,1
3357,8015db,IGO74EY,2025-12-29 18:25:18,35.0,56.3645976221063,38.454160951157476,MEDIUM,1
3358,8015db,IGO786,2025-12-29 23:38:34,0.0,78.78575573596952,8.485697705612194,LOW,1
3359,8015dd,SDG182,2025-12-29 17:53:07,0.0,79.60689473673922,8.157242105304311,LOW,1
3360,8015dd,SDG159,2025-12-30 06:28:37,0.0,80.38407451758495,7.84637019296602,LOW,1
3361,8015e2,IGO1701,2025-12-28 23:48:41,0.0,96.1054106987401,1.5578357205039595,LOW,1
3362,8015e2,IGO1702,2025-12-29 07:54:02,0.0,59.37527511771566,16.249889952913737,LOW,1
3363,8015e2,IGO1156,2025-12-29 17:01:38,0.0,75.25123773734613,9.899504905061548,LOW,1
3364,8015e2,IGO1804,2025-12-30 07:38:20,35.0,73.57787233941724,31.568851064233105,MEDIUM,1
3365,8015e3,IGO1238,2025-12-29 08:34:04,35.0,65.02286200033544,34.99085519986583,MEDIUM,1
3366,8015e4,IGO077,2025-12-29 01:04:06,0.0,73.4088466489084,10.636461340436643,LOW,1
3367,8015e4,IGO062,2025-12-30 05:18:34,35.0,53.82262819785934,39.47094872085627,MEDIUM,1
3368,8015e4,IGO6674,2025-12-30 07:28:36,35.0,64.08908781080315,35.36436487567874,MEDIUM,1
3369,8015e4,IGO6205,2025-12-30 10:18:36,0.0,76.58923281591434,9.364306873634263,LOW,1
3370,8015e5,IGO5140,2025-12-29 08:14:07,25.0,51.98244826634531,34.20702069346188,MEDIUM,1
3371,8015e5,IGO5140,2025-12-29 09:54:04,0.0,70.56444012519506,11.774223949921975,LOW,1
3372,8015e5,IGO6235,2025-12-29 17:43:10,35.0,57.984096643243674,37.80636134270253,MEDIUM,1
3373,8015e5,IGO5143,2025-12-30 00:58:38,0.0,77.91107074626487,8.835571701494052,LOW,1
3374,8015e5,IGO5140,2025-12-30 05:48:34,25.0,55.23207588896227,32.90716964441509,MEDIUM,1
3375,8015e5,IGO5140,2025-12-30 07:28:36,0.0,70.64901289801891,11.740394840792437,LOW,1
3376,8015e5,IGO445J,2025-12-30 09:28:35,0.0,79.07802120572656,8.368791517709377,LOW,1
3377,8015e6,IGO1419,2025-12-29 00:28:46,0.0,83.7322019077135,6.507119236914599,LOW,1
3378,8015e6,IGO423H,2025-12-30 09:28:35,0.0,73.46497045006893,10.614011819972427,LOW,1
3379,8015e7,IGO6032,2025-12-29 08:04:08,0.0,94.63520560192237,2.145917759231054,LOW,1
3380,8015e7,IGO197C,2025-12-30 00:28:37,0.0,63.928902273728546,14.428439090508583,LOW,1
3381,8015e7,IGO6659,2025-12-30 03:38:37,0.0,76.97596455173893,9.20961417930443,LOW,1
3382,8015e7,IGO542,2025-12-30 07:38:20,0.0,90.57604924814568,3.7695803007417283,LOW,1
3383,8015e7,IGO542,2025-12-30 08:38:36,0.0,75.89344865984597,9.642620536061612,LOW,1
3384,8015e8,VTRRN,2025-12-29 16:01:36,0.0,35.78925500919733,25.684297996321067,LOW,-1
3385,8015ed,IGO2KC,2025-12-29 06:44:08,0.0,65.49862296884974,13.800550812460102,LOW,1
3386,8015ed,IGO5LY,2025-12-29 09:44:08,0.0,66.53499498767371,13.386002004930516,LOW,1
3387,8015ee,AXB814,2025-12-29 03:24:06,0.0,98.05147029645254,0.7794118814189859,LOW,1
3388,8015ee,AXB2923,2025-12-29 06:34:06,0.0,63.692708634405996,14.522916546237603,LOW,1
3389,8015ee,AXB1513,2025-12-29 09:04:08,0.0,61.00977447129199,15.596090211483205,LOW,1
3390,8015ee,AXB1604,2025-12-29 16:41:44,0.0,71.48782519440662,11.404869922237351,LOW,1
3391,8015ef,AXB1275,2025-12-29 06:04:04,0.0,78.55768059695983,8.57692776121607,LOW,1
3392,8015ef,AXB1275,2025-12-29 07:14:05,0.0,96.56043660802976,1.3758253567880958,LOW,1
3393,8015ef,AXB1276,2025-12-29 09:54:04,0.0,95.12012333585064,1.9519506656597458,LOW,1
3394,8015ef,AXB1080,2025-12-29 16:41:44,0.0,63.61111763894333,14.55555294442267,LOW,1
3395,8015ef,AXB1053,2025-12-29 23:28:38,0.0,65.76889411043904,13.692442355824387,LOW,1
3396,8015f0,AXB1209,2025-12-29 01:04:06,35.0,45.204511852818776,42.91819525887249,MEDIUM,1
3397,8015f0,AXB1243,2025-12-29 16:11:36,0.0,79.63331914178966,8.146672343284138,LOW,1
3398,8015f0,AXB1243,2025-12-29 17:43:10,0.0,71.41587402644508,11.433650389421969,LOW,1
3399,8015f0,AXB236,2025-12-30 06:08:34,10.0,75.08903840678913,15.964384637284349,LOW,1
3400,8015f0,AXB1237,2025-12-30 08:38:36,0.0,75.41349661064169,9.834601355743326,LOW,1
3401,8015f3,IGO123F,2025-12-28 23:48:41,0.0,35.77298586521632,25.690805653913472,LOW,-1
3402,8015f3,IGO5151,2025-12-29 06:24:05,35.0,41.99299972143775,44.20280011142491,MEDIUM,1
3403,8015f3,IGO6373,2025-12-29 09:44:08,35.0,74.80981682653845,31.076073269384622,MEDIUM,1
3404,8015f3,IGO649,2025-12-29 17:13:08,25.0,51.19686502144306,34.52125399142278,MEDIUM,1
3405,8015f3,IGO1501,2025-12-30 00:58:38,25.0,53.21795127412718,33.71281949034913,MEDIUM,1
3406,8015f7,AIC161,2025-12-29 02:04:07,0.0,16.4040729731336,33.43837081074656,MEDIUM,-1
3407,8015f7,VTJRA,2025-12-30 02:08:35,0.0,20.9876452973835,31.604941881046603,MEDIUM,-1
3408,8015f7,AIC105,2025-12-30 04:08:35,10.0,71.9812656535091,17.207493738596362,LOW,1
3409,8015fc,IGO6472,2025-12-29 00:38:36,35.0,45.03414298278741,42.986342806885034,MEDIUM,1
3410,8015fc,IGO6472,2025-12-29 04:54:04,0.0,71.29943134397675,11.480227462409301,LOW,1
3411,8015fc,IGO939,2025-12-29 06:54:07,0.0,83.33394752474153,6.666420990103387,LOW,1
3412,8015fc,IGO316M,2025-12-29 17:01:38,35.0,59.70914958316514,37.11634016673395,MEDIUM,1
3413,801600,AIC101,2025-12-29 03:24:06,25.0,65.12830344064703,28.948678623741188,LOW,1
3414,801602,AIC2811,2025-12-28 23:58:46,0.0,66.88650473028889,13.245398107884444,LOW,1
3415,801602,AIC2873,2025-12-29 08:14:07,35.0,65.37205567732306,34.85117772907078,MEDIUM,1
3416,801602,AIC2478,2025-12-29 15:51:45,0.0,66.34299037556599,13.462803849773605,LOW,1
3417,801602,AIC2619,2025-12-29 18:25:18,50.0,58.01284382039389,46.79486247184245,MEDIUM,1
3418,801602,AIC2857,2025-12-29 23:48:40,0.0,69.05315735942607,12.378737056229575,LOW,1
3419,801602,AIC2654,2025-12-30 07:38:20,35.0,62.57538045738678,35.96984781704529,MEDIUM,1
3420,801602,AIC2654,2025-12-30 09:28:35,25.0,62.260300887533695,30.095879644986525,MEDIUM,1
3421,801603,AIC2653,2025-12-29 05:14:08,0.0,76.79674715895479,9.281301136418085,LOW,1
3422,801603,AIC2808,2025-12-29 08:34:04,35.0,66.50484521631753,34.398061913472986,MEDIUM,1
3423,801603,AIC2808,2025-12-29 10:24:06,0.0,80.61044302401919,7.755822790392324,LOW,1
3424,801603,AIC2484,2025-12-29 18:03:07,10.0,81.08973395119425,13.5641064195223,LOW,1
3425,801603,AIC2812,2025-12-30 06:48:37,0.0,74.57007016946122,10.171971932215513,LOW,1
3426,801604,AXB2841,2025-12-29 10:04:07,0.0,76.97635986909432,9.20945605236227,LOW,1
3427,801604,AXB2990,2025-12-29 17:23:08,0.0,74.34217340386918,10.263130638452328,LOW,1
3428,801604,AXB1228,2025-12-30 07:28:36,0.0,79.73615442000595,8.105538231997622,LOW,1
3429,801605,AXB1025,2025-12-28 23:48:41,0.0,62.401100358565955,15.039559856573618,LOW,1
3430,801605,AXB2367,2025-12-29 08:04:08,0.0,67.95465340276577,12.818138638893693,LOW,1
3431,801605,AXB2368,2025-12-29 10:04:07,0.0,65.84204251724513,13.663182993101948,LOW,1
3432,801605,AXB666,2025-12-29 18:23:08,0.0,62.490743713073094,15.003702514770763,LOW,1
3433,801605,AXB268,2025-12-30 05:08:39,50.0,56.74505048959788,47.30197980416085,MEDIUM,1
3434,801605,AXB2367,2025-12-30 08:08:33,0.0,75.5520970920659,9.779161163173638,LOW,1
3435,801605,AXB2368,2025-12-30 10:18:36,0.0,77.57348931756577,8.970604272973691,LOW,1
3436,801606,AXB2651,2025-12-29 09:34:05,0.0,72.26625720755916,11.093497116976335,LOW,1
3437,801606,AXB2986,2025-12-29 15:51:45,0.0,63.33181477741117,14.667274089035534,LOW,1
3438,801606,AXB2652,2025-12-29 18:45:15,0.0,81.49262658898056,7.402949364407778,LOW,1
3439,801606,AXB2651,2025-12-30 08:58:35,0.0,72.33032541208397,11.067869835166414,LOW,1
3440,801607,AXB1282,2025-12-29 09:14:08,10.0,76.16910572959901,15.532357708160395,LOW,1
3441,801607,AXB1023,2025-12-29 15:51:45,50.0,61.10117744671881,45.55952902131248,MEDIUM,1
3442,801607,AXB252,2025-12-30 04:38:37,35.0,56.83707815607905,38.26516873756838,MEDIUM,1
3443,801608,IGO6439,2025-12-29 07:44:01,35.0,67.26322284450109,34.09471086219956,MEDIUM,1
3444,801608,IGO619Y,2025-12-29 09:44:08,35.0,68.62183496504542,33.55126601398183,MEDIUM,1
3445,801608,IGO529H,2025-12-29 17:13:08,0.0,76.71182938973482,9.315268244106074,LOW,1
3446,80160a,IGO232C,2025-12-29 00:48:39,0.0,60.305925043622686,15.877629982550927,LOW,1
3447,80160a,IGO2046,2025-12-30 06:38:36,10.0,67.14803102913555,19.14078758834578,LOW,1
3448,80160b,IGO092,2025-12-29 06:24:05,0.0,65.05353180765562,13.978587276937754,LOW,1
3449,80160b,IGO66P,2025-12-29 09:24:04,0.0,77.43375594428127,9.026497622287492,LOW,1
3450,80160b,IGO345Y,2025-12-29 17:23:08,0.0,80.49951811065462,7.800192755738152,LOW,1
3451,80160d,AXB2927,2025-12-29 09:04:08,0.0,54.8855390786539,18.045784368538442,LOW,1
3452,80160d,AXB2963,2025-12-29 15:51:45,0.0,59.774433562060906,16.090226575175638,LOW,1
3453,80160d,AXB1979,2025-12-30 08:48:37,0.0,66.78499166528229,13.286003333887084,LOW,1
3454,80160e,IGO5127,2025-12-29 00:08:45,35.0,70.40460032736695,32.83815986905322,MEDIUM,1
3455,80160e,IGO5142,2025-12-29 07:04:08,35.0,43.696315949642155,43.52147362014314,MEDIUM,1
3456,80160e,IGO969K,2025-12-29 10:24:06,0.0,43.48536397117655,22.605854411529382,LOW,1
3457,80160e,IGO343V,2025-12-29 15:51:45,0.0,46.73713469885777,21.305146120456893,LOW,1
3458,80160e,IGO731L,2025-12-29 17:13:08,0.0,73.24986230081524,10.700055079673906,LOW,1
3459,80160e,IGO731L,2025-12-29 18:23:08,0.0,72.68971447720224,10.924114209119104,LOW,1
3460,80160f,IGO322K,2025-12-29 07:34:07,0.0,61.94388729325672,15.222445082697313,LOW,1
3461,80160f,IGO952K,2025-12-30 00:08:41,10.0,65.34228616615849,19.863085533536605,LOW,1
3462,80160f,IGO6439,2025-12-30 07:38:20,50.0,66.0861503664989,43.56553985340044,MEDIUM,1
3463,80160f,IGO619Y,2025-12-30 09:38:37,10.0,65.9062069977001,19.637517200919962,LOW,1
3464,801611,IGO9578,2025-12-29 00:28:46,50.0,53.56614048285307,48.57354380685877,MEDIUM,1
3465,801611,IGO8551,2025-12-29 07:24:06,50.0,49.61023767337991,50.155904930648035,MEDIUM,1
3466,801611,IGO8552,2025-12-29 15:51:45,0.0,73.49220448486633,10.603118206053466,LOW,1
3467,801611,IGO8551,2025-12-30 07:18:12,50.0,48.490417144792396,50.60383314208305,MEDIUM,1
3468,801612,AIC2205,2025-12-29 17:01:38,0.0,71.97652737792292,11.209389048830833,LOW,1
3469,801612,AIC2206,2025-12-30 01:08:40,35.0,49.63883386483241,41.14446645406704,MEDIUM,1
3470,801612,AIC111,2025-12-30 08:48:37,0.0,72.64676029831361,10.941295880674557,LOW,1
3471,801613,AXB2649,2025-12-29 17:13:08,0.0,76.88142272749758,9.247430909000968,LOW,1
3472,801613,AXB2927,2025-12-30 09:08:33,0.0,76.42168034857967,9.431327860568132,LOW,1
3473,801615,AXB1186,2025-12-29 17:01:38,0.0,71.31450282340941,11.474198870636236,LOW,1
3474,801615,AXB1187,2025-12-29 18:23:08,0.0,72.8379620954638,10.864815161814484,LOW,1
3475,801615,AXB2914,2025-12-30 06:38:36,0.0,56.935385661676634,17.225845735329347,LOW,1
3476,801615,AXB2915,2025-12-30 09:08:33,0.0,71.29425778817398,11.48229688473041,LOW,1
3477,801616,IGO1425,2025-12-29 00:54:10,0.0,74.96643218223386,10.013427127106457,LOW,1
3478,801616,IGO1425,2025-12-29 02:14:08,0.0,97.15824900634409,1.1367003974623628,LOW,1
3479,801616,IGO1422,2025-12-29 08:54:06,0.0,98.75022646261826,0.4999094149526968,LOW,1
3480,801616,IGO63P,2025-12-29 16:11:36,0.0,70.9529801387075,11.618807944517,LOW,1
3481,801616,IGO63P,2025-12-29 18:35:17,0.0,76.07121201645253,9.571515193418987,LOW,1
3482,801616,IGO1268,2025-12-30 02:38:38,35.0,61.99497830366944,36.20200867853222,MEDIUM,1
3483,801616,IGO436H,2025-12-30 06:48:37,0.0,75.29274817966844,9.882900728132626,LOW,1
3484,801618,SDG395,2025-12-29 08:44:04,0.0,71.86327397894287,11.254690408422853,LOW,1
3485,801618,SDG164,2025-12-29 10:14:09,0.0,58.80419944727738,16.47832022108905,LOW,1
3486,801618,SDG334,2025-12-29 16:01:36,0.0,71.16513133096066,11.533947467615736,LOW,1
3487,801618,SDG609,2025-12-29 17:53:07,0.0,58.89402842257647,16.442388630969415,LOW,1
3488,801618,SDG395,2025-12-30 08:38:36,0.0,77.77617346903219,8.889530612387125,LOW,1
3489,801618,SDG164,2025-12-30 09:48:34,0.0,58.2168168187405,16.713273272503802,LOW,1
3490,801619,IGO6913,2025-12-29 10:14:09,0.0,75.02462156244032,9.990151375023874,LOW,1
3491,801619,IGO394,2025-12-29 16:11:36,0.0,67.10192534293722,13.159229862825113,LOW,1
3492,80161a,IGO6391,2025-12-29 17:23:08,0.0,64.23118322909733,14.30752670836107,LOW,1
3493,80161a,IGO1132,2025-12-30 00:48:35,0.0,63.522588629917664,14.590964548032936,LOW,1
3494,80161a,IGO073,2025-12-30 05:18:34,0.0,61.88642880904877,15.245428476380491,LOW,1
3495,80161c,AXB2782,2025-12-29 05:14:08,0.0,58.96396360871692,16.414414556513233,LOW,1
3496,80161c,AXB2783,2025-12-29 09:24:04,0.0,67.87999087034987,12.848003651860052,LOW,1
3497,80161c,AXB2786,2025-12-29 17:23:08,0.0,68.7857369062924,12.48570523748304,LOW,1
3498,80161c,AXB2661,2025-12-29 23:28:38,25.0,62.88812454336757,29.844750182652973,LOW,1
3499,80161c,AXB2660,2025-12-30 00:48:35,0.0,69.09975748606772,12.360097005572914,LOW,1
3500,80161d,AKJ448U,2025-12-29 00:08:45,0.0,80.10723598005016,7.957105607979935,LOW,1
3501,80161d,AKJ1311,2025-12-29 06:44:08,0.0,75.21333331875644,9.914666672497425,LOW,1
3502,80161d,AKJ900U,2025-12-29 09:04:08,0.0,77.12113504246256,9.151545983014978,LOW,1
3503,80161d,AKJ873G,2025-12-30 00:18:35,0.0,70.07173253231589,11.971306987073644,LOW,1
3504,80161d,AKJ1561,2025-12-30 07:48:33,50.0,49.419290846532874,50.23228366138685,MEDIUM,1
3505,80161d,AKJ1562,2025-12-30 09:38:37,35.0,65.70045765011797,34.719816939952814,MEDIUM,1
3506,80161e,AKJ1823,2025-12-29 10:04:07,0.0,82.83293686899925,6.866825252400298,LOW,1
3507,80161e,AKJ1629,2025-12-29 16:51:45,10.0,73.37305550736929,16.650777797052285,LOW,1
3508,80161e,AKJ1809,2025-12-29 18:45:15,25.0,59.70789885143235,31.116840459427063,MEDIUM,1
3509,801621,IGO115P,2025-12-29 10:24:06,0.0,81.3087327119024,7.476506915239042,LOW,1
3510,801621,IGO5936,2025-12-29 15:51:45,0.0,93.45756514124263,2.61697394350295,LOW,1
3511,801622,IGO205,2025-12-29 00:28:46,0.0,81.65645203807568,7.337419184769726,LOW,1
3512,801622,IGO560M,2025-12-29 05:34:08,10.0,36.96634060556076,31.2134637577757,MEDIUM,-1
3513,801622,IGO714C,2025-12-29 07:44:01,35.0,49.73675024222851,41.1052999031086,MEDIUM,1
3514,801622,IGO5032,2025-12-29 17:01:38,35.0,43.37419416821525,43.6503223327139,MEDIUM,1
3515,801622,IGO5032,2025-12-29 18:35:17,0.0,79.3705634837312,8.251774606507519,LOW,1
3516,801622,IGO5551,2025-12-30 00:18:35,10.0,68.12671403889037,18.749314384443853,LOW,1
3517,801622,IGO5551,2025-12-30 01:58:37,0.0,45.64148003989,21.743407984044,LOW,1
3518,801622,IGO569J,2025-12-30 08:38:36,0.0,68.66594229203373,12.533623083186507,LOW,1
3519,801622,IGO177V,2025-12-30 10:08:34,35.0,43.22360241728353,43.71055903308659,MEDIUM,1
3520,801623,AXB112R,2025-12-29 15:51:45,0.0,77.34355605637279,9.062577577450885,LOW,1
3521,801623,AXB1085,2025-12-29 18:23:08,0.0,75.23796353245797,9.904814587016814,LOW,1
3522,801623,AXB1235,2025-12-29 23:38:34,0.0,40.48076441283616,23.807694234865536,LOW,-1
3523,801625,AIC2429,2025-12-29 07:04:08,35.0,56.582428035850945,38.36702878565963,MEDIUM,1
3524,801625,AIC2429,2025-12-29 08:54:06,0.0,46.89303147804805,21.24278740878078,LOW,1
3525,801625,AIC2853,2025-12-29 16:31:45,0.0,71.24884939752958,11.500460240988168,LOW,1
3526,801625,AIC885,2025-12-30 07:38:20,0.0,81.12107298386722,7.551570806453111,LOW,1
3527,801626,AXB1519,2025-12-29 18:35:17,35.0,62.54895747222874,35.9804170111085,MEDIUM,1
3528,801626,AXB2782,2025-12-30 04:58:38,35.0,66.35761788304214,34.456952846783146,MEDIUM,1
3529,801626,AXB2783,2025-12-30 08:48:37,10.0,69.75658743486667,18.097365026053332,LOW,1
3530,801627,AXB1538,2025-12-29 06:04:04,0.0,60.95139855742366,15.619440577030538,LOW,1
3531,801627,AXB1538,2025-12-29 07:24:06,0.0,92.45291099474633,3.018835602101467,LOW,1
3532,801627,AXB1539,2025-12-29 16:51:45,0.0,96.44315568726462,1.4227377250941515,LOW,1
3533,801627,AXB1539,2025-12-29 18:45:15,0.0,69.94871277619224,12.020514889523106,LOW,1
3534,801627,AXB1063,2025-12-30 01:48:39,0.0,78.92606326751594,8.429574692993624,LOW,1
3535,801627,AXB1046,2025-12-30 08:08:33,0.0,64.30771747858094,14.276913008567625,LOW,1
3536,801629,IGO7117,2025-12-28 23:48:41,0.0,67.31433099767975,13.074267600928103,LOW,1
3537,801629,IGO5CK,2025-12-29 16:51:45,0.0,61.445565107750376,15.42177395689985,LOW,1
3538,801629,IGO7623,2025-12-30 07:08:35,0.0,56.11387680463776,17.554449278144897,LOW,1
3539,80162c,AXB1131,2025-12-29 07:44:01,35.0,62.32667336764041,36.06933065294383,MEDIUM,1
3540,80162c,AXB1521,2025-12-29 09:14:08,35.0,43.749981499404704,43.50000740023812,MEDIUM,1
3541,80162c,AXB1523,2025-12-29 16:21:38,0.0,58.94744386629492,16.421022453482035,LOW,1
3542,80162c,AXB1524,2025-12-29 17:53:07,0.0,61.378794629921224,15.44848214803151,LOW,1
3543,80162c,AXB939,2025-12-30 06:08:34,0.0,97.82412967682468,0.870348129270127,LOW,1
3544,80162d,AXB816,2025-12-29 06:44:08,0.0,99.30267181870546,0.27893127251781497,LOW,1
3545,80162d,AXB5531,2025-12-29 09:44:08,35.0,78.36197001047275,29.6552119958109,LOW,1
3546,80162d,AXB522,2025-12-29 23:48:40,35.0,73.92509131310196,31.42996347475922,MEDIUM,1
3547,80162d,AXB5532,2025-12-30 05:28:36,0.0,77.49019244832638,9.003923020669447,LOW,1
3548,80162e,AIC2776,2025-12-29 01:34:05,35.0,59.19536652085493,37.321853391658024,MEDIUM,1
3549,80162e,AIC2943,2025-12-29 07:54:02,0.0,73.81214187778203,10.475143248887191,LOW,1
3550,80162e,AIC2943,2025-12-29 09:14:08,0.0,48.57074624867165,20.571701500531343,LOW,1
3551,80162e,AIC2626,2025-12-30 08:18:37,10.0,70.83303992655745,17.66678402937702,LOW,1
3552,801631,IGO7309,2025-12-29 15:51:45,0.0,55.18454338322848,17.926182646708607,LOW,1
3553,801631,IGO2JP,2025-12-29 18:35:17,0.0,53.33270882422578,18.666916470309687,LOW,1
3554,801632,AKJ1736,2025-12-29 07:04:08,35.0,71.21824674447446,32.51270130221022,MEDIUM,1
3555,801632,AKJ882P,2025-12-29 08:54:06,35.0,50.05022046547757,40.97991181380897,MEDIUM,1
3556,801632,AKJ1819,2025-12-29 15:51:45,0.0,70.17150374596382,11.931398501614474,LOW,1
3557,801632,AKJ1819,2025-12-29 16:51:45,35.0,80.86007174334395,28.65597130266242,LOW,1
3558,801632,AKJ1820,2025-12-29 18:45:15,35.0,54.92508765128924,39.0299649394843,MEDIUM,1
3559,801632,AKJ1738,2025-12-29 23:28:38,0.0,72.90066028599213,10.839735885603147,LOW,1
3560,801632,AKJ900U,2025-12-30 09:08:33,0.0,76.10085759561281,9.559656961754877,LOW,1
3561,801633,AKJ1141,2025-12-29 01:24:06,0.0,65.93617532102868,13.625529871588526,LOW,1
3562,801633,AKJ1518,2025-12-29 08:44:04,10.0,68.03133498623035,18.78746600550786,LOW,1
3563,801633,AKJ1491,2025-12-29 16:51:45,0.0,80.44197325368361,7.823210698526555,LOW,1
3564,801633,AKJ1375,2025-12-30 08:18:37,0.0,65.92808211763588,13.628767152945649,LOW,1
3565,801638,AXB1168,2025-12-29 15:51:45,0.0,69.21263254153857,12.314946983384573,LOW,1
3566,80163c,IGO9057,2025-12-29 07:04:08,35.0,45.6761199269158,42.72955202923368,MEDIUM,1
3567,80163c,IGO6179,2025-12-29 08:24:06,35.0,64.14661727118691,35.341353091525235,MEDIUM,1
3568,80163c,IGO6181,2025-12-29 10:14:09,0.0,63.6399089310093,14.54403642759628,LOW,1
3569,80163c,IGO23H,2025-12-29 15:51:45,0.0,46.76875932296737,21.292496270813054,LOW,1
3570,80163c,IGO1106,2025-12-29 17:53:07,0.0,36.98507974878548,25.20596810048581,LOW,-1
3571,80163c,IGO139,2025-12-30 05:58:33,0.0,65.7775186846989,13.688992526120439,LOW,1
3572,80163c,IGO249W,2025-12-30 08:28:35,50.0,39.6499033221652,54.14003867113392,MEDIUM,-1
3573,80163c,IGO530V,2025-12-30 10:08:34,0.0,60.76124997509525,15.695500009961902,LOW,1
3574,80163d,IGO1808,2025-12-29 06:54:07,35.0,72.87472796152304,31.850108815390787,MEDIUM,1
3575,80163d,IGO259W,2025-12-29 08:54:06,35.0,62.93408278700981,35.82636688519608,MEDIUM,1
3576,80163d,IGO6003,2025-12-29 17:01:38,10.0,78.04974118462526,14.780103526149896,LOW,1
3577,80163d,IGO243H,2025-12-29 23:28:38,10.0,75.41860388902808,15.83255844438877,LOW,1
3578,80163d,IGO246W,2025-12-30 09:18:35,0.0,84.25489119472451,6.298043522110198,LOW,1
3579,80163f,AIC2451,2025-12-29 00:38:36,10.0,65.85282932155899,19.658868271376406,LOW,1
3580,80163f,AIC2451,2025-12-29 02:14:08,0.0,63.61294345151248,14.55482261939501,LOW,1
3581,80163f,AIC2424,2025-12-29 07:24:06,0.0,78.91049296866848,8.435802812532609,LOW,1
3582,80163f,AIC2424,2025-12-29 08:24:06,10.0,76.25922806452589,15.496308774189647,LOW,1
3583,80163f,AIC2995,2025-12-29 10:24:06,35.0,47.50387601055826,41.9984495957767,MEDIUM,1
3584,80163f,AIC2517,2025-12-29 15:51:45,10.0,69.87551979271969,18.049792082912127,LOW,1
3585,80163f,AIC2518,2025-12-29 17:23:08,0.0,70.44593167801649,11.821627328793404,LOW,1
3586,80163f,AIC2439,2025-12-30 01:38:40,25.0,58.361641085778636,31.655343565688547,MEDIUM,1
3587,80163f,AIC2439,2025-12-30 02:58:37,0.0,47.54244114265388,20.98302354293845,LOW,1
3588,80163f,AIC2183,2025-12-30 08:28:35,0.0,77.5413701625347,8.98345193498612,LOW,1
3589,80163f,AIC2183,2025-12-30 09:48:34,35.0,65.93477458103001,34.626090167587996,MEDIUM,1
3590,801640,AIC238,2025-12-28 23:48:41,25.0,61.27549597857432,30.489801608570275,MEDIUM,1
3591,801640,AIC2355,2025-12-29 09:34:05,0.0,67.47016836062042,13.011932655751833,LOW,1
3592,801640,AIC2356,2025-12-29 16:01:36,0.0,47.0508922409285,21.179643103628603,LOW,1
3593,801640,AIC2414,2025-12-30 05:48:34,25.0,55.78273601566836,32.68690559373266,MEDIUM,1
3594,801640,AIC2414,2025-12-30 07:38:20,35.0,67.10443919896339,34.15822432041465,MEDIUM,1
3595,801640,AIC2415,2025-12-30 09:48:34,35.0,66.3362728723094,34.46549085107624,MEDIUM,1
3596,801641,AXB2807,2025-12-29 08:44:04,0.0,67.64594641005903,12.94162143597639,LOW,1
3597,801643,AXB1091,2025-12-29 16:11:36,10.0,72.37420030495517,17.050319878017934,LOW,1
3598,801643,AXB1091,2025-12-29 18:13:07,0.0,75.4586388149846,9.816544474006163,LOW,1
3599,801643,AXB1227,2025-12-30 09:48:34,0.0,73.0371187772064,10.78515248911744,LOW,1
3600,801645,AIC1882,2025-12-29 01:24:06,10.0,67.26774550532897,19.09290179786841,LOW,1
3601,801647,IGO1232,2025-12-29 07:04:08,35.0,69.03789036558614,33.384843853765545,MEDIUM,1
3602,801647,IGO591F,2025-12-29 09:44:08,0.0,69.4108487222404,12.23566051110384,LOW,1
3603,801647,IGO502E,2025-12-29 17:33:04,0.0,60.32097162634384,15.871611349462464,LOW,1
3604,801647,IGO816K,2025-12-30 01:58:37,0.0,72.77858341682348,10.888566633270608,LOW,1
3605,801647,IGO375P,2025-12-30 09:28:35,0.0,75.90581940134638,9.63767223946145,LOW,1
3606,801648,IGO1821,2025-12-29 05:04:06,25.0,50.05066065220065,34.97973573911975,MEDIUM,1
3607,801648,IGO1822,2025-12-29 16:21:38,0.0,76.98772254828602,9.204910980685595,LOW,1
3608,801648,IGO1816,2025-12-30 08:08:33,35.0,56.044271876793886,38.58229124928245,MEDIUM,1
3609,801649,IGO265C,2025-12-30 04:48:37,0.0,10.454370078280569,35.818251968687775,MEDIUM,-1
3610,801649,IGO265C,2025-12-30 06:08:34,25.0,63.010154892905675,29.795938042837733,LOW,1
3611,801649,IGO106,2025-12-30 09:38:37,0.0,80.49501092094445,7.801995631622219,LOW,1
3612,80164b,IGO5393,2025-12-29 00:28:46,35.0,61.4859275039107,36.405628998435716,MEDIUM,1
3613,80164b,IGO213C,2025-12-29 10:04:07,0.0,69.74006932670818,12.103972269316728,LOW,1
3614,80164b,IGO733M,2025-12-29 16:21:38,0.0,75.85272198832197,9.658911204671211,LOW,1
3615,80164b,IGO6136,2025-12-29 18:35:17,0.0,74.1194905026993,10.352203798920279,LOW,1
3616,80164b,IGO1861,2025-12-30 03:28:39,0.0,72.11235663518252,11.155057345926991,LOW,1
3617,80164c,IGO1346,2025-12-29 07:54:02,10.0,81.39416271945476,13.442334912218097,LOW,1
3618,80164c,IGO5187,2025-12-29 10:04:07,0.0,69.62015692124459,12.151937231502167,LOW,1
3619,80164c,IGO864E,2025-12-29 18:13:07,0.0,51.00114982111718,19.59954007155313,LOW,1
3620,80164c,IGO6577,2025-12-29 23:28:38,0.0,77.0628987055207,9.174840517791722,LOW,1
3621,80164c,IGO6571,2025-12-30 09:58:35,0.0,80.55192446945576,7.779230212217698,LOW,1
3622,80164e,AIC2414,2025-12-29 05:54:05,0.0,77.25001577708841,9.099993689164638,LOW,1
3623,80164e,AIC2414,2025-12-29 07:44:01,35.0,67.96123812414397,33.81550475034241,MEDIUM,1
3624,80164e,AIC2415,2025-12-29 10:04:07,0.0,76.7632540523151,9.294698379073958,LOW,1
3625,80164f,AIC2702,2025-12-29 03:44:06,35.0,56.27921260900812,38.48831495639675,MEDIUM,1
3626,80164f,AIC2720,2025-12-29 06:54:07,0.0,59.46491344512855,16.21403462194858,LOW,1
3627,80164f,AIC1733,2025-12-29 16:11:36,35.0,37.5069945579074,45.99720217683704,MEDIUM,-1
3628,80164f,AIC1706,2025-12-30 01:18:37,35.0,63.91270262346237,35.43491895061505,MEDIUM,1
3629,80164f,AIC1806,2025-12-30 06:38:36,35.0,61.10361050453791,36.558555798184834,MEDIUM,1
3630,80164f,AIC1791,2025-12-30 09:18:35,25.0,37.8586939147408,39.85652243410368,MEDIUM,-1
3631,801650,AXB2920,2025-12-29 05:44:09,0.0,78.7205338044561,8.511786478217562,LOW,1
3632,801650,AXB2947,2025-12-29 08:04:08,0.0,70.16850349952041,11.932598600191836,LOW,1
3633,801650,AXB873,2025-12-29 15:51:45,0.0,94.45155713649795,2.2193771454008187,LOW,1
3634,801650,AXB2975,2025-12-30 08:08:33,0.0,71.50260818534888,11.398956725860451,LOW,1
3635,801657,AIC1806,2025-12-29 06:54:07,35.0,60.2924920583235,36.8830031766706,MEDIUM,1
3636,801657,AIC1791,2025-12-29 09:24:04,35.0,46.17409571363113,42.53036171454755,MEDIUM,1
3637,801657,AIC1740,2025-12-29 17:43:10,0.0,59.292988497955996,16.282804600817602,LOW,1
3638,801657,AIC1765,2025-12-30 09:28:35,0.0,72.8301385364069,10.867944585437238,LOW,1
3639,801659,AIC112,2025-12-29 03:34:08,35.0,63.69926148800865,35.52029540479654,MEDIUM,1
3640,801659,AIC544,2025-12-29 16:31:45,25.0,51.55111317973978,34.37955472810409,MEDIUM,1
3641,801659,AIC161,2025-12-30 02:38:38,35.0,57.59230407428585,37.96307837028566,MEDIUM,1
3642,80165a,AIC1858,2025-12-29 01:24:06,35.0,60.30421997012071,36.878312011951714,MEDIUM,1
3643,80165a,AIC1851,2025-12-29 17:43:10,0.0,82.14037031382017,7.143851874471932,LOW,1
3644,80165a,AIC1832,2025-12-30 00:38:34,0.0,56.45767132305501,17.416931470777996,LOW,1
3645,80165c,AXB842,2025-12-29 06:24:05,0.0,99.74782688548977,0.10086924580409118,LOW,1
3646,80165d,AXB1131,2025-12-30 07:48:33,35.0,67.5831530520685,33.9667387791726,MEDIUM,1
3647,80165d,AXB1521,2025-12-30 09:38:37,0.0,65.65090477612151,13.739638089551399,LOW,1
3648,80165e,AXB2969,2025-12-29 08:24:06,0.0,71.69702943109341,11.321188227562637,LOW,1
3649,80165e,AXB2653,2025-12-29 16:31:45,0.0,75.16115079507817,9.935539681968732,LOW,1
3650,80165e,AXB2653,2025-12-29 18:35:17,0.0,61.95381926436359,15.218472294254566,LOW,1
3651,80165e,AXB2969,2025-12-30 08:18:37,0.0,69.38316913198088,12.246732347207649,LOW,1
3652,80165e,AXB2506,2025-12-30 09:58:35,0.0,69.22945565898887,12.308217736404453,LOW,1
3653,801660,VTZTT,2025-12-29 15:51:45,0.0,89.42396255944618,4.230414976221527,LOW,1
3654,801661,IGO062,2025-12-29 04:24:05,50.0,40.4780296227834,53.80878815088664,MEDIUM,-1
3655,801661,IGO1601,2025-12-29 06:54:07,0.0,74.15632109649016,10.337471561403937,LOW,1
3656,801661,IGO078,2025-12-30 08:58:35,0.0,69.1736545628622,12.330538174855121,LOW,1
3657,801662,IGO91NP,2025-12-29 06:14:08,0.0,61.594459774510796,15.362216090195682,LOW,1
3658,801662,IGO92NP,2025-12-29 08:34:04,35.0,72.49619393652982,32.001522425388075,MEDIUM,1
3659,801662,IGO2083,2025-12-29 15:51:45,0.0,44.985891921976446,22.005643231209422,LOW,1
3660,801662,IGO2159,2025-12-29 17:33:04,0.0,74.51081754795507,10.195672980817973,LOW,1
3661,801662,IGO2026,2025-12-30 07:58:34,0.0,69.24469439790687,12.302122240837253,LOW,1
3662,801662,IGO64EH,2025-12-30 09:58:35,35.0,48.79154635678722,41.48338145728511,MEDIUM,1
3663,801663,IGO1086,2025-12-29 01:24:06,0.0,63.29897416935398,14.680410332258408,LOW,1
3664,801663,IGO1085,2025-12-29 04:24:05,0.0,77.56373895803434,8.974504416786266,LOW,1
3665,801663,IGO1086,2025-12-30 00:28:37,0.0,64.17285746783104,14.330857012867586,LOW,1
3666,801663,IGO1085,2025-12-30 04:18:35,35.0,60.82943514614819,36.668225941540726,MEDIUM,1
3667,801665,AIC2206,2025-12-29 00:48:39,50.0,41.84314809708037,53.26274076116785,MEDIUM,1
3668,801665,AIC111,2025-12-29 09:14:08,10.0,74.63444763822794,16.146220944708823,LOW,1
3669,801665,AIC112,2025-12-30 06:18:36,50.0,51.163734146238376,49.53450634150465,MEDIUM,1
3670,801666,AIC105,2025-12-29 04:04:06,35.0,56.84047537365705,38.263809850537186,MEDIUM,1
3671,801667,AIC2386,2025-12-28 23:48:41,0.0,94.76559450315021,2.0937621987399155,LOW,1
3672,801667,AIC2385,2025-12-29 10:04:07,0.0,96.06996401082068,1.5720143956717267,LOW,1
3673,801667,AIC2388,2025-12-29 15:51:45,0.0,96.77535158284411,1.2898593668623564,LOW,1
3674,801667,AIC2389,2025-12-29 23:28:38,0.0,63.82002823898598,14.47198870440561,LOW,1
3675,801667,AIC2239,2025-12-30 08:48:37,25.0,64.67378031993371,29.130487872026514,LOW,1
3676,801669,IGO5237,2025-12-29 06:54:07,0.0,81.36406126091832,7.454375495632672,LOW,1
3677,801669,IGO5237,2025-12-29 08:04:08,0.0,78.88713598751654,8.445145604993384,LOW,1
3678,801669,IGO363Y,2025-12-29 09:54:04,0.0,90.7046357260864,3.7181457095654427,LOW,1
3679,801669,IGO31HV,2025-12-29 15:51:45,0.0,65.63808413532725,13.744766345869103,LOW,1
3680,801669,IGO259W,2025-12-30 08:38:36,35.0,60.60007523182076,36.759969907271696,MEDIUM,1
3681,80166a,AKJ1811,2025-12-29 08:24:06,10.0,63.24993553161207,20.700025787355173,LOW,1
3682,80166a,AKJ1379,2025-12-29 15:51:45,10.0,50.71923524426366,25.71230590229454,LOW,1
3683,80166a,AKJ1378,2025-12-29 17:43:10,0.0,79.6190144505585,8.152394219776602,LOW,1
3684,80166a,AKJ1378,2025-12-29 18:45:15,0.0,98.0158751171686,0.793649953132558,LOW,1
3685,80166a,AKJ1812,2025-12-30 01:28:36,0.0,73.74611345406774,10.501554618372905,LOW,1
3686,80166a,AKJ1194,2025-12-30 06:38:36,0.0,61.0655888101674,15.573764475933041,LOW,1
3687,80166a,AKJ1410,2025-12-30 08:08:33,25.0,55.36292660460388,32.854829358158455,MEDIUM,1
3688,80166a,AKJ1410,2025-12-30 09:08:33,10.0,81.30131412561546,13.479474349753815,LOW,1
3689,80166c,AIC2380,2025-12-28 23:48:41,0.0,69.24169625650497,12.303321497398015,LOW,1
3690,80166c,AIC2381,2025-12-29 08:14:07,0.0,79.5892539330682,8.164298426772717,LOW,1
3691,80166c,AIC2015,2025-12-29 16:01:36,25.0,69.9883254747278,27.00466981010888,LOW,1
3692,80166d,AXB268,2025-12-29 03:34:08,10.0,82.75595186834035,12.897619252663862,LOW,1
3693,80166d,AXB1026,2025-12-29 07:14:05,0.0,75.24034593940064,9.903861624239745,LOW,1
3694,80166d,AXB1214,2025-12-29 15:51:45,0.0,14.68698903684877,34.125204385260496,MEDIUM,-1
3695,80166d,AXB1214,2025-12-29 18:13:07,0.0,57.20527829528453,17.11788868188619,LOW,1
3696,80166d,AXB1163,2025-12-29 23:38:34,0.0,64.18986090926796,14.324055636292815,LOW,1
3697,80166d,AXB1209,2025-12-30 01:48:39,0.0,64.89243452452232,14.043026190191075,LOW,1
3698,80166d,,2025-12-30 05:28:36,0.0,18.6208299812546,32.55166800749816,MEDIUM,-1
3699,80166d,AXB1176,2025-12-30 07:48:33,0.0,71.75085756858157,11.299656972567375,LOW,1
3700,80166d,AXB1176,2025-12-30 09:08:33,0.0,80.58796887831966,7.764812448672138,LOW,1
3701,801670,AXB2882,2025-12-29 16:21:38,0.0,75.29471881468068,9.88211247412773,LOW,1
3702,801671,AIC1765,2025-12-29 08:44:04,0.0,59.88092744731605,16.047629021073583,LOW,1
3703,801671,AIC1755,2025-12-29 15:51:45,0.0,71.21190774425784,11.515236902296863,LOW,1
3704,801672,AIC2906,2025-12-29 07:04:08,10.0,75.6914370091482,15.72342519634072,LOW,1
3705,801672,AIC2963,2025-12-29 09:04:08,10.0,70.0830639369627,17.966774425214922,LOW,1
3706,801672,AIC2511,2025-12-29 17:13:08,35.0,72.9782215892963,31.808711364281482,MEDIUM,1
3707,801672,AIC2402,2025-12-30 06:48:37,0.0,74.6269591270403,10.149216349183883,LOW,1
3708,801672,AIC2430,2025-12-30 09:58:35,35.0,57.09175453110051,38.163298187559796,MEDIUM,1
3709,801673,AXB1782,2025-12-29 16:41:44,0.0,75.81019748285694,9.675921006857227,LOW,1
3710,801673,AXB1782,2025-12-29 17:53:07,0.0,98.27290801281495,0.6908367948740193,LOW,1
3711,801673,AXB1513,2025-12-30 08:48:37,0.0,71.84228795892145,11.263084816431423,LOW,1
3712,801674,AIC1880,2025-12-28 23:48:41,10.0,64.5305132789512,20.18779468841952,LOW,1
3713,801674,AIC1843,2025-12-29 17:23:08,35.0,64.38130724707393,35.247477101170425,MEDIUM,1
3714,801675,VTHLX,2025-12-29 08:04:08,0.0,32.23669759526451,27.1053209618942,LOW,-1
3715,801675,VTHLX,2025-12-29 09:34:05,0.0,33.44587067543194,26.621651729827228,LOW,-1
3716,801675,VTHLX,2025-12-29 16:31:45,0.0,26.602406477318237,29.359037409072705,LOW,-1
3717,801675,VTHLX,2025-12-30 09:08:33,0.0,33.84940891206749,26.460236435173005,LOW,-1
3718,801678,IGO86U,2025-12-29 05:14:08,0.0,96.27064646353541,1.4917414145858345,LOW,1
3719,801678,IGO86U,2025-12-30 05:08:39,0.0,97.12250459640669,1.150998161437326,LOW,1
3720,80167a,VTVSG,2025-12-30 06:48:37,25.0,27.85353451884311,43.85858619246276,MEDIUM,-1
3721,80167b,AIC2918,2025-12-29 06:34:06,0.0,52.35735605879248,19.057057576483007,LOW,1
3722,80167b,AIC417,2025-12-29 09:44:08,0.0,77.68118047468988,8.927527810124047,LOW,1
3723,80167b,AIC2773,2025-12-29 16:21:38,50.0,52.485182724812304,49.005926910075075,MEDIUM,1
3724,80167b,AIC2774,2025-12-29 17:33:04,35.0,62.40052667750736,36.03978932899706,MEDIUM,1
3725,80167b,AIC2643,2025-12-29 23:38:34,50.0,33.78749851808338,56.48500059276665,MEDIUM,-1
3726,80167b,AIC2644,2025-12-30 06:58:37,0.0,73.77528639181425,10.489885443274302,LOW,1
3727,80167b,AIC2644,2025-12-30 09:08:33,10.0,70.99510700124809,17.601957199500767,LOW,1
3728,80167c,AXB1583,2025-12-28 23:58:46,0.0,76.06384903731087,9.574460385075652,LOW,1
3729,80167c,AXB2013,2025-12-29 10:24:06,0.0,94.05548856117973,2.3778045755281085,LOW,1
3730,80167c,AXB1583,2025-12-30 00:48:35,0.0,97.29046462681308,1.0838141492747695,LOW,1
3731,80167c,AXB1583,2025-12-30 01:48:39,0.0,71.34616843878342,11.461532624486631,LOW,1
3732,80167c,AXB2013,2025-12-30 09:08:33,0.0,88.2653406597628,4.6938637360948805,LOW,1
3733,80167d,AXB1063,2025-12-28 23:48:41,0.0,79.71169226251071,8.115323094995716,LOW,1
3734,80167d,AXB1252,2025-12-29 15:51:45,0.0,46.68493287543001,21.326026849827997,LOW,1
3735,80167d,AXB1059,2025-12-29 17:53:07,0.0,67.0662656643922,13.173493734243118,LOW,1
3736,80167e,AIC2535,2025-12-29 07:24:06,50.0,32.227413969178826,57.10903441232847,MEDIUM,-1
3737,80167e,AIC1777,2025-12-29 16:01:36,25.0,51.07561751199691,34.56975299520124,MEDIUM,1
3738,80167e,AIC1777,2025-12-29 17:33:04,0.0,71.76497907423219,11.294008370307125,LOW,1
3739,80167e,AIC1882,2025-12-30 00:58:38,35.0,56.18434484280853,38.52626206287659,MEDIUM,1
3740,80167e,AIC1882,2025-12-30 02:08:35,35.0,73.9565209160535,31.417391633578596,MEDIUM,1
3741,80167f,AIC1701,2025-12-29 05:24:05,35.0,55.69080850664884,38.723676597340464,MEDIUM,1
3742,80167f,AIC1808,2025-12-29 08:44:04,10.0,73.70890675161786,16.51643729935286,LOW,1
3743,80167f,AIC1837,2025-12-29 17:23:08,35.0,68.87225703591541,33.451097185633834,MEDIUM,1
3744,80167f,AIC1701,2025-12-30 04:38:37,50.0,35.4706384559625,55.811744617615005,MEDIUM,-1
3745,80167f,AIC1808,2025-12-30 08:48:37,10.0,80.11320885738066,13.954716457047738,LOW,1
3746,801680,AXB2837,2025-12-29 07:54:02,35.0,67.50112631182066,33.999549475271735,MEDIUM,1
3747,801680,AXB2835,2025-12-29 09:34:05,0.0,77.66375712516123,8.93449714993551,LOW,1
3748,801680,AXB2834,2025-12-29 18:23:08,35.0,74.9162301980295,31.033507920788203,MEDIUM,1
3749,801680,AXB2837,2025-12-30 07:58:34,35.0,75.77073401970272,30.691706392118917,MEDIUM,1
3750,801680,AXB2835,2025-12-30 09:38:37,0.0,83.54303389052075,6.582786443791702,LOW,1
3751,801681,AXB2893,2025-12-29 15:51:45,0.0,96.52996126634193,1.3880154934632287,LOW,1
3752,801685,AXB1226,2025-12-29 06:04:04,0.0,75.44985313543891,9.820058745824435,LOW,1
3753,801685,AXB264,2025-12-29 09:44:08,0.0,76.887406192049,9.2450375231804,LOW,1
3754,801685,AXB263,2025-12-29 17:01:38,0.0,97.1921227647319,1.1231508941072377,LOW,1
3755,801686,AXB1462,2025-12-29 15:51:45,0.0,61.180030009200685,15.527987996319727,LOW,1
3756,801686,AXB102,2025-12-30 07:08:35,25.0,40.43628305553771,38.82548677778492,MEDIUM,-1
3757,801686,AXB102,2025-12-30 08:08:33,0.0,55.316648400325214,17.873340639869916,LOW,1
3758,801689,AXB252,2025-12-29 05:14:08,50.0,50.81636589108805,49.673453643564784,MEDIUM,1
3759,801689,AXB1237,2025-12-29 08:44:04,0.0,68.23448492811119,12.706206028755526,LOW,1
3760,801689,AXB2841,2025-12-30 08:38:36,35.0,73.39018747122253,31.643925011510987,MEDIUM,1
3761,80168a,AXB236,2025-12-29 05:04:06,35.0,64.85527063581333,35.05789174567467,MEDIUM,1
3762,80168a,AXB1176,2025-12-29 07:34:07,0.0,79.7424644692665,8.103014212293402,LOW,1
3763,80168a,AXB1176,2025-12-29 08:54:06,0.0,72.10824160642626,11.156703357429496,LOW,1
3764,80168a,AXB2546,2025-12-29 16:21:38,0.0,70.9587925293985,11.616482988240604,LOW,1
3765,80168a,AXB1025,2025-12-30 01:48:39,10.0,61.10180808750147,21.559276764999414,LOW,1
3766,80168a,AXB1026,2025-12-30 08:08:33,0.0,78.84801977181073,8.46079209127571,LOW,1
3767,801697,AXB2883,2025-12-29 17:23:08,0.0,69.09850491239689,12.360598035041244,LOW,1
3768,801698,AXB2975,2025-12-29 08:04:08,0.0,68.52922629301392,12.588309482794433,LOW,1
3769,801698,AXB1089,2025-12-29 18:45:15,0.0,95.91601613592576,1.6335935456296966,LOW,1
3770,801698,AXB2920,2025-12-30 05:48:34,0.0,76.49763270869208,9.400946916523168,LOW,1
3771,801698,AXB2947,2025-12-30 07:58:34,0.0,69.86925236869251,12.052299052522995,LOW,1
3772,801699,AXB1221,2025-12-29 00:28:46,0.0,83.19138716840847,6.723445132636613,LOW,1
3773,801699,AXB1221,2025-12-29 01:44:09,0.0,63.38137615050469,14.647449539798124,LOW,1
3774,801699,AXB1179,2025-12-29 17:23:08,25.0,46.48886351360258,36.40445459455897,MEDIUM,1
3775,80169c,IGO078,2025-12-29 09:24:04,0.0,75.230419674677,9.907832130129202,LOW,1
3776,80169c,IGO533C,2025-12-30 07:28:36,0.0,76.12485584231406,9.550057663074375,LOW,1
3777,80169c,IGO6216,2025-12-30 09:28:35,35.0,63.06527537691245,35.77388984923502,MEDIUM,1
3778,80169e,AKJ1561,2025-12-29 07:44:01,0.0,68.97407882976037,12.410368468095852,LOW,1
3779,80169e,AKJ1562,2025-12-29 09:34:05,35.0,52.718911782339816,39.91243528706407,MEDIUM,1
3780,80169e,AKJ1563,2025-12-29 17:43:10,0.0,75.33942976933346,9.864228092266615,LOW,1
3781,80169e,AKJ1811,2025-12-30 06:18:36,10.0,76.12345614022104,15.550617543911585,LOW,1
3782,80169e,AKJ471G,2025-12-30 08:18:37,0.0,84.11990230767856,6.352039076928577,LOW,1
3783,80169e,AKJ471G,2025-12-30 09:28:35,0.0,65.82275533362623,13.670897866549508,LOW,1
3784,8016a1,AKJ781Z,2025-12-29 06:34:06,0.0,69.9932071292143,12.002717148314282,LOW,1
3785,8016a1,AKJ1373,2025-12-29 15:51:45,0.0,89.81643930860218,4.073424276559126,LOW,1
3786,8016a1,AKJ1373,2025-12-29 17:43:10,35.0,56.2953756280632,38.48184974877472,MEDIUM,1
3787,8016a1,AKJ1172,2025-12-30 00:28:37,35.0,47.958808180986324,41.816476727605476,MEDIUM,1
3788,8016a1,AKJ1172,2025-12-30 02:18:37,35.0,54.84151624295839,39.063393502816645,MEDIUM,1
3789,8016a1,AKJ366Z,2025-12-30 04:48:37,35.0,66.63745087591607,34.34501964963357,MEDIUM,1
3790,8016a1,AKJ366Z,2025-12-30 06:58:37,10.0,77.35497723087876,15.058009107648497,LOW,1
3791,8016a2,AKJ570,2025-12-29 05:14:08,50.0,49.28168372459397,50.287326510162416,MEDIUM,1
3792,8016a2,AKJ359M,2025-12-29 15:51:45,0.0,95.84331993162733,1.6626720273490663,LOW,1
3793,8016a2,AKJ359M,2025-12-29 17:23:08,0.0,74.69410459126733,10.122358163493068,LOW,1
3794,8016a2,AKJ562,2025-12-30 06:28:37,35.0,68.86127430363378,33.45549027854649,MEDIUM,1
3795,8016a2,AKJ1446,2025-12-30 09:28:35,0.0,70.51278947101922,11.794884211592313,LOW,1
3796,8016a3,IGO893,2025-12-29 09:34:05,50.0,50.75972519955959,49.69610992017617,MEDIUM,1
3797,8016a3,IGO6749,2025-12-29 15:51:45,35.0,56.3190736445003,38.47237054219988,MEDIUM,1
3798,8016a3,IGO5312,2025-12-29 18:03:07,35.0,63.27027857481744,35.691888570073026,MEDIUM,1
3799,8016a4,IGO452H,2025-12-29 05:34:08,0.0,83.27495760619385,6.6900169575224595,LOW,1
3800,8016a4,IGO157,2025-12-29 08:24:06,0.0,82.8865660832271,6.845373566709163,LOW,1
3801,8016a4,IGO6757,2025-12-29 17:13:08,50.0,67.76285737082384,42.89485705167046,MEDIUM,1
3802,8016a4,IGO705Y,2025-12-30 00:28:37,0.0,77.69227524975175,8.923089900099303,LOW,1
3803,8016a4,IGO6004,2025-12-30 05:38:33,0.0,82.57037981872598,6.971848072509608,LOW,1
3804,8016a4,IGO6004,2025-12-30 07:28:36,0.0,69.82413638554813,12.070345445780749,LOW,1
3805,8016a4,IGO236E,2025-12-30 09:38:37,0.0,87.872893470388,4.850842611844803,LOW,1
3806,8016a5,IGO072,2025-12-29 06:14:08,35.0,67.73097000382126,33.907611998471495,MEDIUM,1
3807,8016a5,IGO1611,2025-12-29 08:44:04,0.0,63.893384843350745,14.442646062659703,LOW,1
3808,8016a5,IGO1608,2025-12-30 01:48:39,0.0,77.73218072259908,8.907127710960367,LOW,1
3809,8016a5,IGO66P,2025-12-30 09:08:33,25.0,48.79288568896567,35.482845724413735,MEDIUM,1
3810,8016a6,AIC1705,2025-12-29 06:24:05,0.0,55.48324598714222,17.806701605143115,LOW,1
3811,8016a6,AIC1886,2025-12-29 09:04:08,0.0,78.24448562401815,8.70220575039274,LOW,1
3812,8016a6,AIC1753,2025-12-29 17:13:08,0.0,67.98552589457793,12.805789642168827,LOW,1
3813,8016a6,AIC1705,2025-12-30 06:18:36,35.0,57.5711391290742,37.97154434837032,MEDIUM,1
3814,8016a6,AIC1886,2025-12-30 08:48:37,0.0,76.05580553181244,9.577677787275025,LOW,1
3815,8016a7,AIC1828,2025-12-28 23:48:41,0.0,47.490478789058876,21.00380848437645,LOW,1
3816,8016a7,AIC1738,2025-12-29 16:51:45,35.0,57.14810714000552,38.14075714399779,MEDIUM,1
3817,8016a7,AIC1828,2025-12-29 23:28:38,35.0,72.76367030724496,31.894531877102015,MEDIUM,1
3818,8016a9,IGO6346,2025-12-29 06:54:07,0.0,72.71007103303208,10.915971586787169,LOW,1
3819,8016a9,IGO6346,2025-12-29 08:14:07,0.0,59.90525826653418,16.037896693386326,LOW,1
3820,8016a9,IGO5263,2025-12-29 09:44:08,25.0,46.36297457135982,36.454810171456074,MEDIUM,1
3821,8016a9,IGO27Y,2025-12-29 16:31:45,0.0,53.82213007567241,18.471147969731035,LOW,1
3822,8016a9,IGO084,2025-12-30 05:48:34,10.0,66.95323946437378,19.218704214250486,LOW,1
3823,8016ad,AXB2967,2025-12-29 00:48:39,0.0,73.29623432359202,10.681506270563194,LOW,1
3824,8016ad,AXB2718,2025-12-29 16:01:36,0.0,79.307315094196,8.2770739623216,LOW,1
3825,8016ad,AXB2967,2025-12-30 00:38:34,0.0,75.70635591963946,9.717457632144216,LOW,1
3826,8016ad,AXB2876,2025-12-30 10:08:34,0.0,70.97626849218987,11.609492603124052,LOW,1
3827,8016ae,AXB1081,2025-12-29 15:51:45,0.0,40.896624697895454,23.64135012084182,LOW,-1
3828,8016ae,AXB1081,2025-12-29 17:23:08,0.0,57.721587432180826,16.91136502712767,LOW,1
3829,8016ae,AXB6002,2025-12-30 10:08:34,35.0,52.9253752674114,39.829849893035444,MEDIUM,1
3830,8016af,AXB549,2025-12-29 18:13:07,0.0,82.01185691043061,7.195257235827757,LOW,1
3831,8016af,AXB550,2025-12-30 01:18:37,0.0,99.48753145921415,0.2049874163143386,LOW,1
3832,8016af,AXB550,2025-12-30 02:28:35,0.0,78.80966826404511,8.476132694381954,LOW,1
3833,8016af,AXB557,2025-12-30 09:38:37,0.0,72.92642545341475,10.8294298186341,LOW,1
3834,8016b1,IGO107V,2025-12-29 00:08:45,50.0,46.985104705903474,51.205958117638616,MEDIUM,1
3835,8016b1,IGO6249,2025-12-29 06:04:04,0.0,65.90166669307618,13.639333322769529,LOW,1
3836,8016b1,IGO6247,2025-12-29 09:14:08,10.0,52.020360579011914,25.191855768395236,LOW,1
3837,8016b1,IGO637H,2025-12-29 16:31:45,0.0,80.04341089001994,7.982635643992023,LOW,1
3838,8016b1,IGO731Y,2025-12-29 18:23:08,0.0,87.8239227936206,4.870430882551762,LOW,1
3839,8016b1,IGO110W,2025-12-30 07:58:34,0.0,65.0958418977228,13.961663240910879,LOW,1
3840,8016b1,IGO110W,2025-12-30 09:58:35,0.0,67.433315566766,13.026673773293602,LOW,1
3841,8016b4,VTFLX,2025-12-29 07:34:07,35.0,44.30698020364197,43.27720791854321,MEDIUM,1
3842,8016b5,IGO5264,2025-12-28 23:48:41,0.0,76.66381909825304,9.334472360698783,LOW,1
3843,8016b5,IGO6026,2025-12-29 06:34:06,0.0,69.24930463647539,12.300278145409846,LOW,1
3844,8016b5,IGO6624,2025-12-29 16:41:44,0.0,79.29023059089569,8.283907763641725,LOW,1
3845,8016b5,IGO6530,2025-12-30 01:18:37,25.0,57.79564162961961,31.881743348152156,MEDIUM,1
3846,8016b5,IGO603Y,2025-12-30 06:38:36,0.0,72.78407881964213,10.886368472143147,LOW,1
3847,8016b7,IGO2471,2025-12-29 05:44:09,0.0,81.63256764312615,7.34697294274954,LOW,1
3848,8016b7,IGO63DM,2025-12-29 09:34:05,10.0,79.13462483096075,14.346150067615701,LOW,1
3849,8016b7,IGO6762,2025-12-29 17:23:08,50.0,70.27647053202985,41.88941178718806,MEDIUM,1
3850,8016b7,IGO636C,2025-12-30 00:18:35,0.0,79.75006634257572,8.099973462969713,LOW,1
3851,8016b7,IGO704P,2025-12-30 05:48:34,0.0,73.23640790625751,10.705436837496997,LOW,1
3852,8016b8,IGO35U,2025-12-29 00:54:10,0.0,81.94117270277879,7.2235309188884855,LOW,1
3853,8016b8,IGO35U,2025-12-29 01:54:09,0.0,94.6829271215599,2.1268291513760404,LOW,1
3854,8016b8,IGO1412,2025-12-29 08:14:07,0.0,71.80266324941172,11.278934700235311,LOW,1
3855,8016b8,IGO143,2025-12-29 18:45:15,0.0,79.06352066627981,8.374591733488074,LOW,1
3856,8016b8,IGO6745,2025-12-30 01:28:36,0.0,63.94544739092321,14.421821043630715,LOW,1
3857,8016b8,IGO6585,2025-12-30 09:28:35,35.0,75.86049486587606,30.655802053649573,MEDIUM,1
3858,8016b9,IGO2046,2025-12-29 07:04:08,0.0,40.593873228610974,23.762450708555612,LOW,-1
3859,8016b9,IGO2347,2025-12-29 08:54:06,0.0,66.05024728936496,13.579901084254017,LOW,1
3860,8016b9,IGO6077,2025-12-29 16:41:44,0.0,75.39962497839039,9.840150008643844,LOW,1
3861,8016b9,IGO6570,2025-12-29 23:28:38,0.0,60.88387121745186,15.646451513019256,LOW,1
3862,8016b9,IGO1607,2025-12-30 01:58:37,0.0,72.73196507205968,10.907213971176128,LOW,1
3863,8016ba,IGO505L,2025-12-29 10:04:07,35.0,72.2585413415929,32.09658346336284,MEDIUM,1
3864,8016bc,IGO6196,2025-12-29 08:44:04,0.0,90.11449836974025,3.9542006521039017,LOW,1
3865,8016bc,IGO145Y,2025-12-29 17:01:38,35.0,61.51752826973835,36.39298869210466,MEDIUM,1
3866,8016bc,IGO495,2025-12-30 08:28:35,0.0,74.27222108695186,10.291111565219257,LOW,1
3867,8016be,IGO058,2025-12-29 08:44:04,0.0,98.69435918131083,0.5222563274756681,LOW,1
3868,8016be,IGO1068,2025-12-29 18:03:07,0.0,99.02783727133041,0.3888650914678351,LOW,1
3869,8016be,IGO094,2025-12-30 06:48:37,0.0,98.43722988052623,0.6251080477895073,LOW,1
3870,8016bf,IGO533C,2025-12-29 08:04:08,0.0,80.7558157126555,7.697673714937799,LOW,1
3871,8016bf,IGO6216,2025-12-29 09:54:04,0.0,76.30782099330065,9.47687160267974,LOW,1
3872,8016bf,IGO515,2025-12-29 17:33:04,10.0,51.778272924229654,25.28869083030814,LOW,1
3873,8016bf,IGO193J,2025-12-30 06:58:37,0.0,72.92325825680533,10.83069669727787,LOW,1
3874,8016c5,IGO1861,2025-12-29 03:44:06,0.0,73.1508007660641,10.739679693574363,LOW,1
3875,8016c5,IGO1862,2025-12-29 15:51:45,0.0,73.88517385174747,10.445930459301014,LOW,1
3876,8016c5,IGO694E,2025-12-29 18:35:17,0.0,80.70983430802191,7.716066276791236,LOW,1
3877,8016c5,IGO077,2025-12-30 00:58:38,0.0,79.02533082650791,8.389867669396835,LOW,1
3878,8016c6,AXB1254,2025-12-29 07:14:05,0.0,68.83883741092272,12.464465035630912,LOW,1
3879,8016c6,AXB1259,2025-12-29 15:51:45,0.0,69.06461224302211,12.374155102791157,LOW,1
3880,8016c6,AXB1531,2025-12-29 17:23:08,0.0,69.89735542697218,12.041057829211127,LOW,1
3881,8016c6,AXB1254,2025-12-30 06:38:36,0.0,68.6724660731571,12.531013570737162,LOW,1
3882,8016c7,AXB1348,2025-12-29 01:24:06,0.0,83.18969706731748,6.724121173073008,LOW,1
3883,8016c7,AXB1348,2025-12-29 02:44:02,0.0,67.58624303767371,12.965502784930516,LOW,1
3884,8016c7,AXB559,2025-12-29 15:51:45,0.0,65.69590142863653,13.721639428545387,LOW,1
3885,8016c7,AXB1195,2025-12-29 18:45:15,0.0,76.18469702983484,9.526121188066066,LOW,1
3886,8016c8,AXB2932,2025-12-29 23:28:38,0.0,98.39053795151544,0.6437848193938237,LOW,1
3887,8016c8,AXB1891,2025-12-30 07:58:34,0.0,72.66117281483919,10.935530874064325,LOW,1
3888,8016c9,AXB1581,2025-12-29 10:14:09,0.0,57.937317019073404,16.82507319237064,LOW,1
3889,8016c9,AXB2959,2025-12-29 16:11:36,0.0,74.98882731152855,10.00446907538858,LOW,1
3890,8016c9,AXB2959,2025-12-29 18:23:08,35.0,68.23269740588432,33.70692103764627,MEDIUM,1
3891,8016c9,AXB1580,2025-12-30 08:18:37,0.0,67.39706183061885,13.04117526775246,LOW,1
3892,8016ca,AXB1032,2025-12-29 09:34:05,0.0,61.67752760648591,15.328988957405636,LOW,1
3893,8016ca,AXB1034,2025-12-29 17:01:38,0.0,67.33052973783633,13.06778810486547,LOW,1
3894,8016cb,AXB2171,2025-12-29 06:34:06,0.0,72.30818614961993,11.07672554015203,LOW,1
3895,8016cc,AXB2807,2025-12-30 08:28:35,0.0,68.28063069037613,12.687747723849549,LOW,1
3896,8016ce,IGO952K,2025-12-28 23:58:46,0.0,77.44233547192971,9.023065811228117,LOW,1
3897,8016ce,IGO6465,2025-12-29 18:23:08,0.0,76.17407726802142,9.530369092791432,LOW,1
3898,8016ce,IGO625L,2025-12-30 07:38:20,0.0,85.98046429339794,5.607814282640823,LOW,1
3899,8016d2,IGO5166,2025-12-29 01:24:06,0.0,67.84480800347683,12.86207679860927,LOW,1
3900,8016d2,IGO440Y,2025-12-29 06:24:05,0.0,47.30142570249619,21.079429719001524,LOW,1
3901,8016d2,IGO5223,2025-12-29 08:14:07,0.0,61.63664095307378,15.345343618770489,LOW,1
3902,8016d2,IGO5172,2025-12-29 09:54:04,0.0,77.23477964923418,9.106088140306326,LOW,1
3903,8016d2,IGO365V,2025-12-29 15:51:45,35.0,62.17805888730469,36.128776445078124,MEDIUM,1
3904,8016d2,IGO316J,2025-12-29 18:13:07,0.0,75.32563058005049,9.869747767979806,LOW,1
3905,8016d2,IGO5201,2025-12-30 00:08:41,0.0,77.79030413190837,8.883878347236651,LOW,1
3906,8016d2,IGO5126,2025-12-30 06:28:37,25.0,43.93474295195003,37.42610281921999,MEDIUM,1
3907,8016d2,IGO863Y,2025-12-30 10:18:36,0.0,71.86451610713826,11.254193557144697,LOW,1
3908,8016d3,IGO6093,2025-12-29 16:41:44,0.0,77.73859561619875,8.9045617535205,LOW,1
3909,8016d3,IGO293P,2025-12-30 08:08:33,0.0,66.95471478848938,13.218114084604247,LOW,1
3910,8016d3,IGO795C,2025-12-30 09:48:34,0.0,53.2761541319661,18.68953834721356,LOW,1
3911,8016d4,IGO624K,2025-12-29 07:54:02,35.0,51.44215604245556,40.42313758301778,MEDIUM,1
3912,8016d4,IGO35U,2025-12-30 00:58:38,0.0,81.27445237523337,7.490219049906654,LOW,1
3913,8016d4,IGO1412,2025-12-30 08:18:37,0.0,84.73082050206496,6.1076717991740175,LOW,1
3914,8016d6,IGO625L,2025-12-29 07:44:01,0.0,87.48576007673027,5.005695969307891,LOW,1
3915,8016d6,IGO970H,2025-12-29 10:24:06,0.0,93.7217094460363,2.51131622158548,LOW,1
3916,8016d6,IGO419,2025-12-29 15:51:45,0.0,73.21910648812069,10.712357404751726,LOW,1
3917,8016d6,IGO569H,2025-12-29 18:03:07,0.0,77.52943446652884,8.988226213388463,LOW,1
3918,8016d7,IGO086,2025-12-29 07:24:06,0.0,97.80666388625292,0.8773344454988319,LOW,1
3919,8016d7,IGO6445,2025-12-30 05:38:33,0.0,66.97568128134692,13.209727487461231,LOW,1
3920,8016d7,IGO553,2025-12-30 07:28:36,0.0,83.17582542320338,6.729669830718649,LOW,1
3921,8016da,IGO37N,2025-12-29 07:14:05,10.0,72.02369618531485,17.19052152587406,LOW,1
3922,8016da,IGO1916,2025-12-29 16:41:44,0.0,69.83521729971665,12.065913080113342,LOW,1
3923,8016da,IGO092,2025-12-30 05:28:36,50.0,50.91072312561996,49.63571074975202,MEDIUM,1
3924,8016db,IGO6815,2025-12-29 08:44:04,0.0,71.49412152514029,11.402351389943886,LOW,1
3925,8016db,IGO72JC,2025-12-29 17:53:07,0.0,75.17899658189972,9.928401367240111,LOW,1
3926,8016db,IGO265P,2025-12-30 06:58:37,0.0,78.63423415525014,8.546306337899944,LOW,1
3927,8016dd,IGO5197,2025-12-28 23:48:41,25.0,42.495208763232554,38.001916494706975,MEDIUM,1
3928,8016dd,IGO596,2025-12-29 01:54:09,35.0,68.14307102848962,33.74277158860416,MEDIUM,1
3929,8016dd,IGO313V,2025-12-29 06:54:07,35.0,54.84954769051388,39.06018092379445,MEDIUM,1
3930,8016dd,IGO238C,2025-12-29 17:01:38,0.0,69.7034849751126,12.11860600995496,LOW,1
3931,8016dd,IGO238C,2025-12-29 18:03:07,0.0,79.784128525111,8.0863485899556,LOW,1
3932,8016dd,IGO5153,2025-12-29 23:28:38,0.0,88.90368472645343,4.438526109418627,LOW,1
3933,8016dd,IGO5153,2025-12-30 00:28:37,0.0,71.54686703070021,11.381253187719915,LOW,1
3934,8016de,IGO911E,2025-12-29 08:14:07,0.0,77.34550973738308,9.061796105046767,LOW,1
3935,8016de,IGO275E,2025-12-29 16:51:45,0.0,78.28948365052469,8.684206539790125,LOW,1
3936,8016de,IGO275E,2025-12-29 18:23:08,0.0,68.64893977382363,12.54042409047055,LOW,1
3937,8016de,IGO313V,2025-12-30 07:08:35,0.0,79.73532507079355,8.10586997168258,LOW,1
3938,8016df,IGO681,2025-12-29 02:04:07,35.0,69.5536034220619,33.17855863117524,MEDIUM,1
3939,8016df,IGO263V,2025-12-29 05:34:08,0.0,74.37000115815448,10.251999536738209,LOW,1
3940,8016df,IGO390F,2025-12-29 15:51:45,0.0,81.88765625354753,7.244937498580987,LOW,1
3941,8016df,IGO279H,2025-12-30 06:08:34,0.0,64.21437955381242,14.314248178475033,LOW,1
3942,8016e0,IGO773V,2025-12-29 18:13:07,0.0,76.0049572478456,9.598017100861762,LOW,1
3943,8016e0,IGO6794,2025-12-29 23:58:37,0.0,71.58134066609615,11.36746373356154,LOW,1
3944,8016e1,IGO1058,2025-12-29 05:04:06,35.0,63.00217658798564,35.799129364805744,MEDIUM,1
3945,8016e1,IGO336M,2025-12-29 07:44:01,0.0,75.41851850100754,9.832592599596985,LOW,1
3946,8016e1,IGO305F,2025-12-29 09:44:08,35.0,70.06950945076764,32.97219621969295,MEDIUM,1
3947,8016e1,IGO2414,2025-12-29 16:41:44,35.0,45.07392611544288,42.970429553822854,MEDIUM,1
3948,8016e1,IGO893,2025-12-30 09:48:34,25.0,53.81720588112926,33.47311764754829,MEDIUM,1
3949,8016fa,VUBCD,2025-12-29 10:14:09,0.0,63.463273422023015,14.614690631190795,LOW,1
3950,80171a,IGO314,2025-12-29 09:44:08,0.0,77.83611894879036,8.865552420483857,LOW,1
3951,80171a,IGO242,2025-12-30 01:18:37,0.0,71.84393482350663,11.26242607059735,LOW,1
3952,80171a,IGO681,2025-12-30 04:18:35,0.0,73.87612653584605,10.449549385661578,LOW,1
3953,80171a,IGO263V,2025-12-30 06:28:37,0.0,64.00063504343669,14.399745982625326,LOW,1
3954,80171b,IGO6212,2025-12-29 05:44:09,35.0,42.41942318100795,44.032230727596826,MEDIUM,1
3955,80171b,IGO345P,2025-12-29 09:14:08,0.0,74.172972782542,10.3308108869832,LOW,1
3956,80171b,IGO593M,2025-12-29 17:01:38,0.0,62.71451702392399,14.914193190430405,LOW,1
3957,801723,IGO1151,2025-12-29 08:14:07,35.0,58.056323608303316,37.77747055667868,MEDIUM,1
3958,801723,IGO5025,2025-12-29 15:51:45,25.0,65.24067355712138,28.90373057715145,LOW,1
3959,801723,IGO1232,2025-12-30 06:58:37,0.0,79.664488892703,8.134204442918799,LOW,1
3960,801725,IGO5103,2025-12-29 05:34:08,0.0,79.72186459906537,8.111254160373852,LOW,1
3961,801725,IGO584M,2025-12-29 17:13:08,10.0,78.01258170873027,14.794967316507893,LOW,1
3962,801725,IGO774P,2025-12-29 23:28:38,0.0,10.735608583458841,35.705756566616465,MEDIUM,-1
3963,801725,IGO84PE,2025-12-30 09:18:35,0.0,74.50749895719,10.197000417124002,LOW,1
3964,801726,IGO913H,2025-12-29 03:14:06,0.0,73.67622524927562,10.529509900289753,LOW,1
3965,801726,IGO637C,2025-12-29 05:44:09,0.0,72.87079418214672,10.851682327141312,LOW,1
3966,801726,IGO2073,2025-12-29 16:51:45,0.0,74.58154718113731,10.167381127545077,LOW,1
3967,801726,IGO770,2025-12-30 05:48:34,0.0,83.39204636069682,6.643181455721271,LOW,1
3968,801726,IGO770,2025-12-30 07:48:33,35.0,67.47154097466789,34.011383610132846,MEDIUM,1
3969,801726,IGO697H,2025-12-30 10:08:34,0.0,75.48259956616606,9.806960173533577,LOW,1
3970,80172c,IGO56Y,2025-12-29 01:24:06,35.0,35.66346110592391,46.734615557630434,MEDIUM,-1
3971,80172c,IGO276Y,2025-12-29 06:04:04,35.0,54.57468105758392,39.170127576966436,MEDIUM,1
3972,80172c,IGO276Y,2025-12-29 07:34:07,35.0,59.04220561545733,37.383117753817075,MEDIUM,1
3973,80172c,IGO214P,2025-12-29 09:34:05,35.0,61.793324532620396,36.28267018695184,MEDIUM,1
3974,80172c,IGO36NE,2025-12-29 16:31:45,10.0,66.9968632919443,19.20125468322228,LOW,1
3975,80172c,IGO36NE,2025-12-29 18:03:07,0.0,64.18015510553667,14.327937957785332,LOW,1
3976,80172c,IGO6114,2025-12-30 00:18:35,35.0,62.636337005296035,35.94546519788159,MEDIUM,1
3977,80172c,IGO6114,2025-12-30 01:48:39,0.0,46.41413147475198,21.434347410099207,LOW,1
3978,80172c,IGO5107,2025-12-30 06:18:36,0.0,59.95888074715753,16.01644770113699,LOW,1
3979,80172c,IGO566W,2025-12-30 09:28:35,0.0,74.11898205097935,10.352407179608258,LOW,1
3980,80172d,IGO1853,2025-12-29 02:14:08,0.0,66.90505596964519,13.237977612141925,LOW,1
3981,80172e,IGO1704,2025-12-29 06:54:07,0.0,80.3824307317662,7.847027707293518,LOW,1
3982,80172e,IGO345,2025-12-29 09:04:08,10.0,71.46243979147533,17.415024083409868,LOW,1
3983,80172e,IGO212V,2025-12-29 17:23:08,50.0,58.36012538204432,46.65594984718227,MEDIUM,1
3984,80172e,IGO6494,2025-12-30 06:48:37,50.0,61.30959979742418,45.47616008103033,MEDIUM,1
3985,80172e,IGO6513,2025-12-30 08:18:37,35.0,69.2783736371059,33.28865054515764,MEDIUM,1
3986,801731,VTDBI,2025-12-30 09:38:37,0.0,87.41406209364436,5.034375162542256,LOW,1
3987,801733,IGO770,2025-12-29 05:44:09,0.0,84.09284387271568,6.36286245091373,LOW,1
3988,801733,IGO770,2025-12-29 07:44:01,35.0,81.90278051571165,28.23888779371534,LOW,1
3989,801733,IGO697H,2025-12-29 10:14:09,0.0,77.7468312443017,8.90126750227932,LOW,1
3990,801733,IGO802U,2025-12-29 16:51:45,0.0,69.60808219362418,12.156767122550328,LOW,1
3991,801733,IGO5002,2025-12-30 06:08:34,0.0,77.01432866755657,9.194268532977373,LOW,1
3992,801735,VTKJR,2025-12-29 09:44:08,0.0,70.48184163714802,11.807263345140791,LOW,1
3993,801735,VTKJR,2025-12-29 15:51:45,0.0,70.69700408577931,11.721198365688275,LOW,1
3994,801736,IGO5215,2025-12-29 01:34:05,0.0,53.9326422715029,18.42694309139884,LOW,1
3995,801736,IGO5040,2025-12-29 16:21:38,0.0,67.11739610757219,13.153041556971125,LOW,1
3996,801736,IGO516E,2025-12-29 18:35:17,0.0,75.83220007373485,9.667119970506059,LOW,1
3997,801736,IGO591F,2025-12-30 09:38:37,0.0,69.14285376118752,12.342858495524991,LOW,1
3998,801738,IGO848,2025-12-29 16:21:38,0.0,64.00194542531028,14.399221829875888,LOW,1
3999,801739,VTJMR,2025-12-30 09:58:35,25.0,48.59493199019494,35.56202720392203,MEDIUM,1
4000,80173c,IGO476,2025-12-28 23:48:41,0.0,78.43444917292098,8.62622033083161,LOW,1
4001,80173c,IGO6541,2025-12-29 16:01:36,0.0,64.8317365712945,14.0673053714822,LOW,1
4002,80173c,IGO6633,2025-12-30 06:58:37,0.0,74.19566930777857,10.321732276888572,LOW,1
4003,80173c,IGO244F,2025-12-30 09:08:33,0.0,78.99942427134657,8.400230291461373,LOW,1
4004,801741,IGO2106,2025-12-29 05:54:05,10.0,73.53165268790971,16.587338924836118,LOW,1
4005,801741,IGO5165,2025-12-29 10:04:07,0.0,75.87396521806154,9.650413912775385,LOW,1
4006,801741,IGO515J,2025-12-29 16:21:38,0.0,64.70391763663042,14.118432945347832,LOW,1
4007,801741,IGO2106,2025-12-30 05:58:33,10.0,69.79522390545,18.08191043782,LOW,1
4008,801741,IGO5165,2025-12-30 10:08:34,0.0,75.51370610105057,9.794517559579772,LOW,1
4009,801742,IGO239U,2025-12-28 23:58:46,0.0,76.61420481413869,9.354318074344524,LOW,1
4010,801742,IGO234V,2025-12-29 07:54:02,35.0,72.33707089743723,32.06517164102511,MEDIUM,1
4011,801742,IGO248K,2025-12-29 10:04:07,0.0,78.30714286950665,8.67714285219734,LOW,1
4012,801742,IGO439H,2025-12-29 17:33:04,0.0,60.478382950515666,15.808646819793735,LOW,1
4013,801742,IGO239U,2025-12-30 01:18:37,25.0,44.859662963932216,37.05613481442711,MEDIUM,1
4014,801742,IGO234V,2025-12-30 07:48:33,0.0,71.53940705280475,11.384237178878102,LOW,1
4015,801742,IGO248K,2025-12-30 09:48:34,35.0,64.5988555112659,35.16045779549364,MEDIUM,1
4016,801743,VTPVV,2025-12-29 15:51:45,0.0,59.755316787581535,16.09787328496739,LOW,1
4017,801743,VTPVV,2025-12-30 09:38:37,0.0,74.30660712573929,10.277357149704285,LOW,1
4018,801744,IGO1090,2025-12-29 02:04:07,0.0,72.07857712250383,11.168569150998469,LOW,1
4019,801744,IGO1011,2025-12-29 09:24:04,0.0,73.62866183418562,10.548535266325752,LOW,1
4020,801744,IGO1051,2025-12-30 05:08:39,0.0,76.03874763230824,9.584500947076704,LOW,1
4021,801745,IGO278P,2025-12-29 05:14:08,25.0,46.75550859246255,36.297796563014984,MEDIUM,1
4022,801745,IGO2051,2025-12-29 10:24:06,0.0,75.16232674714493,9.935069301142029,LOW,1
4023,801745,IGO605C,2025-12-29 16:51:45,0.0,80.58804687518456,7.764781249926177,LOW,1
4024,801745,IGO227H,2025-12-29 23:28:38,0.0,66.05484217473388,13.57806313010645,LOW,1
4025,801746,IGO6117,2025-12-29 00:28:46,0.0,71.34153400642873,11.463386397428508,LOW,1
4026,801746,IGO478,2025-12-29 16:51:45,0.0,49.273661572515884,20.29053537099365,LOW,1
4027,801746,IGO6139,2025-12-30 05:08:39,0.0,67.6205989679641,12.95176041281436,LOW,1
4028,801746,IGO505,2025-12-30 07:48:33,35.0,55.1961066873687,38.92155732505252,MEDIUM,1
4029,801748,IGO5136,2025-12-29 00:08:45,0.0,62.59900720961514,14.960397116153946,LOW,1
4030,801748,IGO5066,2025-12-29 06:34:06,0.0,80.71114397210853,7.715542411156588,LOW,1
4031,801748,IGO846K,2025-12-29 09:14:08,0.0,79.36097347494834,8.255610610020666,LOW,1
4032,801748,IGO2417,2025-12-29 15:51:45,0.0,61.13286046031361,15.546855815874558,LOW,1
4033,801748,IGO254V,2025-12-29 18:03:07,35.0,53.317033195093416,39.67318672196264,MEDIUM,1
4034,801748,IGO6367,2025-12-29 23:28:38,0.0,39.02870756064623,24.38851697574151,LOW,-1
4035,801748,IGO421P,2025-12-30 02:08:35,0.0,65.2788580722861,13.888456771085561,LOW,1
4036,801748,IGO6409,2025-12-30 06:18:36,10.0,79.34305095004035,14.26277961998386,LOW,1
4037,801748,IGO6748,2025-12-30 10:08:34,0.0,69.27535676168911,12.289857295324357,LOW,1
4038,801749,IGO412W,2025-12-29 18:23:08,0.0,71.71845720920774,11.312617116316904,LOW,1
4039,801749,IGO6708,2025-12-29 23:58:37,35.0,68.01072953707268,33.79570818517093,MEDIUM,1
4040,80174a,IGO6746,2025-12-29 08:34:04,0.0,71.94013382996556,11.223946468013777,LOW,1
4041,80174a,IGO6096,2025-12-29 18:03:07,0.0,77.77375366554566,8.890498533781738,LOW,1
4042,80174a,IGO5291,2025-12-29 23:28:38,0.0,81.12400145479876,7.550399418080497,LOW,1
4043,80174a,IGO456,2025-12-30 04:38:37,10.0,74.08607696334434,16.365569214662266,LOW,1
4044,80174a,IGO492H,2025-12-30 07:08:35,10.0,76.04786034969732,15.580855860121074,LOW,1
4045,80174a,IGO492H,2025-12-30 08:38:36,0.0,49.15484400090939,20.338062399636243,LOW,1
4046,80174b,IGO439J,2025-12-28 23:48:41,0.0,80.40273725747885,7.838905097008461,LOW,1
4047,80174b,IGO439J,2025-12-29 01:34:05,10.0,67.76127195505025,18.895491217979902,LOW,1
4048,80174b,IGO736E,2025-12-29 18:13:07,0.0,77.91041924826389,8.835832300694443,LOW,1
4049,80174b,IGO424,2025-12-30 07:38:20,0.0,75.09770142945348,9.96091942821861,LOW,1
4050,80174c,IGO5WA,2025-12-29 10:24:06,0.0,62.159415851443555,15.13623365942258,LOW,1
4051,80174c,IGO3CA,2025-12-29 17:53:07,0.0,65.00643750991371,13.997424996034518,LOW,1
4052,80174d,IGO262J,2025-12-28 23:48:41,0.0,96.95007496171225,1.2199700153151014,LOW,1
4053,80174d,IGO749C,2025-12-29 09:14:08,25.0,75.57241845914645,24.771032616341422,LOW,1
4054,80174d,IGO302F,2025-12-29 17:01:38,10.0,75.46259351806437,15.814962592774254,LOW,1
4055,80174d,IGO439J,2025-12-30 03:08:38,0.0,85.4904943839011,5.803802246439563,LOW,1
4056,80174d,IGO6796,2025-12-30 06:38:36,0.0,79.45638054371949,8.217447782512204,LOW,1
4057,801750,SDG186,2025-12-29 16:41:44,0.0,81.38910570856935,7.444357716572262,LOW,1
4058,801751,IGO2TH,2025-12-29 10:14:09,0.0,55.740313237722845,17.703874704910863,LOW,1
4059,801751,IGO6HV,2025-12-29 16:31:45,0.0,54.78831693597385,18.08467322561046,LOW,1
4060,801751,IGO1YE,2025-12-30 07:38:20,0.0,59.147436100752365,16.341025559699055,LOW,1
4061,801751,IGO7419,2025-12-30 09:18:35,0.0,51.08194018202508,19.56722392718997,LOW,1
4062,801752,IGO7561,2025-12-29 07:44:01,0.0,62.543532288009565,14.982587084796174,LOW,1
4063,801752,IGO7562,2025-12-29 10:04:07,0.0,54.523565506113954,18.190573797554418,LOW,1
4064,801752,IGO456V,2025-12-29 16:51:45,0.0,76.64598118356767,9.341607526572933,LOW,1
4065,801752,IGO960C,2025-12-29 18:45:15,0.0,82.42274613527596,7.030901545889617,LOW,1
4066,801752,IGO6592,2025-12-30 08:28:35,0.0,44.89186296255803,22.04325481497679,LOW,1
4067,801753,IGO7091,2025-12-30 06:28:37,0.0,61.09981489449672,15.560074042201315,LOW,1
4068,801753,IGO4HC,2025-12-30 08:18:37,0.0,74.08548648061726,10.365805407753095,LOW,1
4069,801755,IGO7236,2025-12-30 06:18:36,0.0,65.10899508433255,13.95640196626698,LOW,1
4070,801755,IGO7245,2025-12-30 07:58:34,0.0,64.8508145933419,14.059674162663242,LOW,1
4071,801755,IGO7715,2025-12-30 10:08:34,0.0,56.22113512984169,17.511545948063326,LOW,1
4072,801759,IGO651,2025-12-29 00:08:45,35.0,71.60314129530687,32.358743481877255,MEDIUM,1
4073,801759,IGO430L,2025-12-29 06:14:08,10.0,69.87903743638226,18.048385025447097,LOW,1
4074,801759,IGO849K,2025-12-29 17:13:08,0.0,70.38805652381691,11.844777390473235,LOW,1
4075,801759,IGO459,2025-12-30 01:08:40,0.0,77.10403984530329,9.158384061878683,LOW,1
4076,80175a,IGO1051,2025-12-29 04:14:05,35.0,57.838759632372074,37.86449614705117,MEDIUM,1
4077,80175a,IGO1064,2025-12-29 10:24:06,0.0,92.710949326265,2.9156202694940023,LOW,1
4078,80175a,IGO1081,2025-12-29 15:51:45,0.0,91.97647840150924,3.209408639396304,LOW,1
4079,80175a,IGO1082,2025-12-29 23:28:38,0.0,58.47608673586656,16.609565305653376,LOW,1
4080,80175a,IGO1073,2025-12-30 05:48:34,35.0,44.055025239296,43.377989904281606,MEDIUM,1
4081,80175a,IGO1073,2025-12-30 06:48:37,0.0,93.9840734129374,2.4063706348250378,LOW,1
4082,80175f,IGO456,2025-12-29 04:14:05,0.0,78.50085328553517,8.599658685785931,LOW,1
4083,80175f,IGO492H,2025-12-29 07:24:06,0.0,77.00217780469137,9.199128878123451,LOW,1
4084,80175f,IGO457C,2025-12-29 18:45:15,0.0,63.65776128007743,14.536895487969028,LOW,1
4085,80175f,IGO651,2025-12-30 00:28:37,25.0,49.64764949217559,35.140940203129766,MEDIUM,1
4086,80175f,IGO651,2025-12-30 01:28:36,35.0,78.14761533783594,29.740953864865624,LOW,1
4087,801767,IGO424F,2025-12-29 00:38:36,0.0,81.56613386284805,7.373546454860781,LOW,1
4088,801767,IGO6740,2025-12-29 10:14:09,0.0,7.259900485666191,37.096039805733525,MEDIUM,-1
4089,801767,IGO170,2025-12-29 17:43:10,0.0,61.65499391034622,15.338002435861512,LOW,1
4090,801767,IGO5136,2025-12-30 01:18:37,0.0,52.219500488828714,19.112199804468514,LOW,1
4091,801767,IGO5136,2025-12-30 03:58:40,0.0,21.431208154335298,31.427516738265883,MEDIUM,-1
4092,801767,IGO753J,2025-12-30 07:28:36,35.0,43.110862338749364,43.75565506450026,MEDIUM,1
4093,801767,IGO5077,2025-12-30 09:58:35,10.0,61.189342004856975,21.524263198057213,LOW,1
4094,801768,IGO1053,2025-12-29 09:54:04,0.0,76.30830839665617,9.476676641337532,LOW,1
4095,801768,IGO1054,2025-12-29 15:51:45,0.0,50.325526111155696,19.86978955553772,LOW,1
4096,801768,IGO1053,2025-12-30 09:28:35,0.0,66.28155956180312,13.487376175278753,LOW,1
4097,801772,IGO2137,2025-12-29 01:54:09,0.0,58.04877401529578,16.78049039388169,LOW,1
4098,801772,IGO264C,2025-12-29 08:34:04,0.0,82.53412406838,6.986350372648002,LOW,1
4099,801772,IGO372L,2025-12-29 16:01:36,0.0,81.09329192903432,7.5626832283862715,LOW,1
4100,801772,IGO6131,2025-12-30 00:28:37,50.0,66.17600927312101,43.5295962907516,MEDIUM,1
4101,801772,IGO36AT,2025-12-30 08:38:36,25.0,62.08833255065784,30.164666979736865,MEDIUM,1
4102,801775,IGO6818,2025-12-29 01:04:06,10.0,74.11266000442596,16.354935998229614,LOW,1
4103,801775,IGO6065,2025-12-29 05:04:06,0.0,71.36386925716496,11.454452297134015,LOW,1
4104,801775,IGO6065,2025-12-29 06:24:05,35.0,44.726479426622745,43.109408229350905,MEDIUM,1
4105,801775,IGO315L,2025-12-29 08:14:07,0.0,70.05631241596946,11.977475033612217,LOW,1
4106,801775,IGO315L,2025-12-29 09:14:08,10.0,79.77163456513632,14.091346173945471,LOW,1
4107,801775,IGO6295,2025-12-29 16:51:45,50.0,59.62259402665852,46.1509623893366,MEDIUM,1
4108,801775,IGO695,2025-12-29 18:35:17,0.0,63.02252089453037,14.790991642187851,LOW,1
4109,801775,IGO696,2025-12-30 00:18:35,50.0,61.16244887114012,45.53502045154395,MEDIUM,1
4110,801775,IGO5065,2025-12-30 03:18:38,0.0,80.9781256985926,7.608749720562958,LOW,1
4111,801775,IGO5065,2025-12-30 05:08:39,0.0,79.53404091137628,8.186383635449488,LOW,1
4112,801775,IGO5329,2025-12-30 08:08:33,0.0,76.63356205601666,9.346575177593337,LOW,1
4113,801775,IGO5329,2025-12-30 09:28:35,50.0,51.77538885974359,49.289844456102564,MEDIUM,1
4114,801776,GOA5206,2025-12-29 16:51:45,0.0,65.584829977047,13.766068009181204,LOW,1
4115,801778,IGO6021,2025-12-29 07:44:01,10.0,73.76145602002119,16.495417591991526,LOW,1
4116,801778,IGO363E,2025-12-29 09:34:05,10.0,70.90635859402481,17.637456562390078,LOW,1
4117,801778,IGO723U,2025-12-29 17:01:38,0.0,82.11310974674214,7.154756101303144,LOW,1
4118,801778,IGO2062,2025-12-29 23:28:38,0.0,5.027318921291935,37.98907243148323,MEDIUM,-1
4119,801778,IGO2062,2025-12-30 05:18:34,0.0,20.21521513395546,31.913913946417814,MEDIUM,-1
4120,801778,IGO521,2025-12-30 08:28:35,0.0,20.8561138228031,31.657554470878765,MEDIUM,-1
4121,801778,IGO521,2025-12-30 09:38:37,0.0,61.94130567793168,15.223477728827328,LOW,1
4122,80177b,AXB816,2025-12-30 07:08:35,0.0,97.56612596603077,0.9735496135876929,LOW,1
4123,80177c,AXB1230,2025-12-29 04:34:06,10.0,73.79772135974014,16.480911456103946,LOW,1
4124,80177c,AXB1230,2025-12-29 06:14:08,0.0,69.55465908874325,12.1781363645027,LOW,1
4125,80177c,AXB1236,2025-12-29 08:34:04,0.0,79.7929527459079,8.082818901636841,LOW,1
4126,80177c,AXB1245,2025-12-29 16:41:44,0.0,66.5015190489084,13.399392380436637,LOW,1
4127,80177d,IGO2062,2025-12-28 23:48:41,0.0,54.093217359501644,18.362713056199343,LOW,1
4128,80177d,IGO563V,2025-12-29 05:54:05,0.0,64.17706229098285,14.329175083606863,LOW,1
4129,80177d,IGO754F,2025-12-29 08:24:06,0.0,56.63810574439608,17.34475770224157,LOW,1
4130,80177d,IGO6021,2025-12-30 07:38:20,0.0,81.44804647151773,7.420781411392909,LOW,1
4131,80177d,IGO363E,2025-12-30 09:58:35,0.0,76.17212180892498,9.531151276430007,LOW,1
4132,80177e,IGO5322,2025-12-28 23:58:46,10.0,66.20119745417792,19.519521018328835,LOW,1
4133,80177e,IGO5114,2025-12-29 06:24:05,35.0,70.74262165258058,32.702951338967765,MEDIUM,1
4134,80177e,IGO692E,2025-12-29 08:54:06,35.0,64.51598241612616,35.19360703354953,MEDIUM,1
4135,80177e,IGO304F,2025-12-29 17:43:10,0.0,78.82095011195075,8.4716199552197,LOW,1
4136,80177e,IGO275K,2025-12-29 23:48:40,10.0,73.84795452553554,16.460818189785783,LOW,1
4137,80177e,IGO612M,2025-12-30 07:38:20,0.0,62.66780703970684,14.932877184117267,LOW,1
4138,801783,AXB1228,2025-12-29 07:24:06,0.0,80.68894735548399,7.7244210578064045,LOW,1
4139,801783,AXB1032,2025-12-30 09:18:35,0.0,58.62362948806864,16.550548204772547,LOW,1
4140,801784,AXB2780,2025-12-29 07:14:05,0.0,68.78445160661768,12.48621935735293,LOW,1
4141,801784,AXB2887,2025-12-29 09:24:04,0.0,63.09152273498188,14.763390906007249,LOW,1
4142,801784,AXB1217,2025-12-29 16:21:38,0.0,77.94979414830773,8.820082340676908,LOW,1
4143,801784,AXB1217,2025-12-29 18:03:07,0.0,61.63521580749494,15.345913677002025,LOW,1
4144,801784,AXB2681,2025-12-30 00:38:34,0.0,75.80283544595535,9.67886582161786,LOW,1
4145,801784,AXB2019,2025-12-30 09:58:35,0.0,61.89585851540618,15.241656593837527,LOW,1
4146,801786,AKJ575,2025-12-29 10:14:09,0.0,97.38545648152099,1.0458174073916042,LOW,1
4147,801786,AKJ884M,2025-12-29 15:51:45,0.0,59.50520476067146,16.197918095731417,LOW,1
4148,801786,AKJ550,2025-12-29 18:03:07,0.0,66.210980594378,13.5156077622488,LOW,1
4149,801786,AKJ551,2025-12-30 06:38:36,0.0,66.1271107430614,13.549155702775444,LOW,1
4150,801786,AKJ1914,2025-12-30 08:58:35,25.0,62.34955286558193,30.06017885376723,MEDIUM,1
4151,801788,IGO696,2025-12-28 23:48:41,0.0,16.33589533836041,33.46564186465584,MEDIUM,-1
4152,801788,IGO2119,2025-12-29 07:04:08,0.0,55.26358313520825,17.894566745916702,LOW,1
4153,801788,IGO383M,2025-12-29 15:51:45,0.0,73.16492100050546,10.734031599797817,LOW,1
4154,801788,IGO190,2025-12-29 18:03:07,0.0,74.8365715248115,10.065371390075398,LOW,1
4155,801788,IGO729M,2025-12-29 23:28:38,0.0,77.36174158697074,9.055303365211705,LOW,1
4156,801788,IGO638M,2025-12-30 05:58:33,0.0,65.89159232945545,13.643363068217822,LOW,1
4157,801788,IGO638M,2025-12-30 07:28:36,0.0,40.08583788130897,23.965664847476415,LOW,-1
4158,801792,IGO36AT,2025-12-29 10:04:07,10.0,77.47101077895161,15.011595688419357,LOW,1
4159,801792,IGO573P,2025-12-29 15:51:45,0.0,83.3603678784986,6.6558528486005635,LOW,1
4160,801792,IGO573P,2025-12-29 17:43:10,25.0,76.10474849438177,24.558100602247293,LOW,1
4161,801792,IGO29DY,2025-12-30 07:08:35,0.0,63.45950784409846,14.616196862360617,LOW,1
4162,801792,IGO29DY,2025-12-30 08:48:37,25.0,58.19584340163651,31.721662639345396,MEDIUM,1
4163,801793,IGO115,2025-12-28 23:48:41,0.0,69.46429373250015,12.21428250699994,LOW,1
4164,801793,IGO52M,2025-12-29 16:01:36,0.0,76.32700312936655,9.469198748253381,LOW,1
4165,801793,IGO56Y,2025-12-30 01:28:36,0.0,44.96250456277142,22.01499817489143,LOW,1
4166,801793,IGO523W,2025-12-30 04:48:37,10.0,65.99748327763861,19.601006688944558,LOW,1
4167,801793,IGO141J,2025-12-30 08:08:33,25.0,61.6073130280643,30.357074788774284,MEDIUM,1
4168,801793,IGO5076,2025-12-30 09:58:35,35.0,59.515724818161196,37.19371007273553,MEDIUM,1
4169,801798,IGO29DY,2025-12-29 07:14:05,0.0,78.28289502509114,8.686841989963545,LOW,1
4170,801798,IGO29DY,2025-12-29 09:04:08,0.0,84.01796628774483,6.39281348490207,LOW,1
4171,801798,IGO6043,2025-12-29 15:51:45,0.0,27.623092002641872,28.950763198943253,LOW,-1
4172,801798,IGO656J,2025-12-29 17:23:08,0.0,80.28992810334285,7.884028758662862,LOW,1
4173,801798,IGO656J,2025-12-29 18:45:15,0.0,67.80190197666032,12.879239209335873,LOW,1
4174,801798,IGO721K,2025-12-30 01:58:37,0.0,78.44242304498647,8.623030782005413,LOW,1
4175,801798,IGO721K,2025-12-30 03:08:38,0.0,49.985209526985706,20.00591618920572,LOW,1
4176,801798,IGO276Y,2025-12-30 05:58:33,35.0,55.09795668673603,38.960817325305584,MEDIUM,1
4177,801798,IGO276Y,2025-12-30 07:28:36,35.0,46.53081161780097,42.38767535287961,MEDIUM,1
4178,801798,IGO214P,2025-12-30 09:28:35,35.0,66.87041882360458,34.25183247055817,MEDIUM,1
4179,80179a,AXB2176,2025-12-29 17:33:04,0.0,80.14380175863191,7.942479296547237,LOW,1
4180,80179b,AKJ1560,2025-12-28 23:48:41,0.0,57.768851146719726,16.89245954131211,LOW,1
4181,80179b,AKJ1304,2025-12-29 07:14:05,25.0,40.098729098785945,38.96050836048562,MEDIUM,-1
4182,80179b,AKJ1304,2025-12-29 08:24:06,0.0,75.46261469358936,9.814954122564258,LOW,1
4183,80179b,AKJ1305,2025-12-29 16:51:45,0.0,61.53923831543341,15.384304673826637,LOW,1
4184,80179b,AKJ1141,2025-12-29 23:28:38,0.0,76.90752465473011,9.236990138107956,LOW,1
4185,80179b,AKJ1141,2025-12-30 00:58:38,35.0,70.98098700459599,32.60760519816161,MEDIUM,1
4186,80179b,AKJ1304,2025-12-30 05:48:34,0.0,70.82547001407582,11.669811994369674,LOW,1
4187,8017a0,IGO5065,2025-12-29 03:04:06,35.0,58.62038215016536,37.551847139933855,MEDIUM,1
4188,8017a0,IGO5065,2025-12-29 05:14:08,0.0,78.84504215877432,8.461983136490273,LOW,1
4189,8017a0,IGO5329,2025-12-29 08:24:06,50.0,44.805074544914234,52.077970182034306,MEDIUM,1
4190,8017a0,IGO5329,2025-12-29 09:54:04,50.0,52.65150257439403,48.939398970242394,MEDIUM,1
4191,8017a0,IGO6554,2025-12-29 17:43:10,0.0,70.52458007792129,11.790167968831486,LOW,1
4192,8017a0,IGO795F,2025-12-30 01:08:40,35.0,59.37391024548831,37.25043590180468,MEDIUM,1
4193,8017a0,IGO795F,2025-12-30 02:18:37,35.0,75.35938916707832,30.856244333168675,MEDIUM,1
4194,8017a1,AXB1056,2025-12-29 00:48:39,0.0,70.35467060115505,11.858131759537981,LOW,1
4195,8017a1,AXB2678,2025-12-29 09:44:08,35.0,70.62040129141097,32.75183948343561,MEDIUM,1
4196,8017a1,AXB1036,2025-12-29 15:51:45,0.0,63.684857830488156,14.526056867804739,LOW,1
4197,8017a2,AXB2681,2025-12-29 00:28:46,0.0,73.62225452213893,10.551098191144428,LOW,1
4198,8017a2,AXB242,2025-12-29 07:24:06,0.0,67.55349650458673,12.978601398165308,LOW,1
4199,8017a2,AXB241,2025-12-29 16:21:38,25.0,64.10188684944491,29.35924526022204,LOW,1
4200,8017e4,IGO64J,2025-12-29 00:18:37,0.0,78.04500347783294,8.781998608866827,LOW,1
4201,8017e4,IGO41E,2025-12-29 08:04:08,10.0,70.09384230444803,17.962463078220786,LOW,1
4202,8017e4,IGO70H,2025-12-29 16:01:36,35.0,77.38979796274944,30.044080814900227,MEDIUM,1
4203,8017e4,IGO503L,2025-12-29 18:03:07,0.0,55.73894644406709,17.704421422373166,LOW,1
4204,8017e4,IGO2296,2025-12-30 02:48:39,25.0,48.954056280235115,35.41837748790596,MEDIUM,1
4205,8017e4,IGO2119,2025-12-30 06:58:37,0.0,54.149033116167836,18.340386753532865,LOW,1
4206,8017e5,IGO604M,2025-12-28 23:58:46,10.0,79.87188335316907,14.051246658732373,LOW,1
4207,8017e5,IGO357F,2025-12-29 03:34:08,25.0,65.10999137251837,28.956003450992654,LOW,1
4208,8017e5,IGO357F,2025-12-29 04:54:04,25.0,38.3558422795977,39.657663088160916,MEDIUM,-1
4209,8017e5,IGO656,2025-12-29 07:24:06,10.0,80.17267731059516,13.930929075761934,LOW,1
4210,8017e5,IGO675,2025-12-29 09:24:04,0.0,81.56598714185046,7.373605143259818,LOW,1
4211,8017e5,IGO362V,2025-12-29 15:51:45,0.0,81.72913717285039,7.308345130859846,LOW,1
4212,8017e5,IGO6341,2025-12-30 00:48:35,0.0,71.59538920633204,11.361844317467183,LOW,1
4213,8017e5,IGO6746,2025-12-30 08:28:35,35.0,65.87955439526272,34.64817824189491,MEDIUM,1
4214,8017e5,IGO6747,2025-12-30 10:18:36,0.0,82.1778382347087,7.12886470611652,LOW,1
4215,8017ee,IGO424,2025-12-29 07:34:07,10.0,81.67126841424614,13.331492634301544,LOW,1
4216,8017ee,IGO807W,2025-12-29 09:24:04,10.0,68.45211144335553,18.619155422657787,LOW,1
4217,8017ee,IGO12W,2025-12-29 16:11:36,0.0,67.98277376689683,12.80689049324127,LOW,1
4218,8017ee,IGO64J,2025-12-30 00:08:41,0.0,82.6646726071257,6.934130957149723,LOW,1
4219,8017ee,IGO41E,2025-12-30 07:58:34,0.0,72.51153375176695,10.995386499293222,LOW,1
4220,8017ef,VTRRR,2025-12-29 16:51:45,0.0,64.14532443166834,14.341870227332663,LOW,1
4221,8017f2,IGO237P,2025-12-29 03:54:07,35.0,56.689933564534186,38.32402657418633,MEDIUM,1
4222,8017f2,IGO513,2025-12-29 06:34:06,0.0,58.251647518542995,16.6993409925828,LOW,1
4223,8017f2,IGO521,2025-12-29 10:24:06,0.0,73.41952287449779,10.632190850200885,LOW,1
4224,8017f2,IGO6776,2025-12-29 16:11:36,25.0,67.94278861584228,27.82288455366309,LOW,1
4225,8017f2,IGO6010,2025-12-30 05:58:33,35.0,76.03536789437779,30.585852842248887,MEDIUM,1
4226,8017f2,IGO807W,2025-12-30 09:38:37,0.0,75.91056454808283,9.635774180766868,LOW,1
4227,8017f3,IGO792Y,2025-12-29 00:48:39,0.0,72.55267887608876,10.978928449564496,LOW,1
4228,8017f3,IGO523W,2025-12-29 04:54:04,0.0,74.77131233890933,10.09147506443627,LOW,1
4229,8017f3,IGO141J,2025-12-29 08:14:07,0.0,76.13204521621057,9.547181913515772,LOW,1
4230,8017f3,IGO5076,2025-12-29 10:14:09,0.0,78.31167744989564,8.675329020041744,LOW,1
4231,8017f3,IGO5294,2025-12-29 16:41:44,0.0,69.64701792503394,12.141192829986426,LOW,1
4232,8017f3,IGO792Y,2025-12-30 00:58:38,0.0,69.3822626052283,12.24709495790868,LOW,1
4233,8017f3,IGO656,2025-12-30 06:38:36,0.0,73.02014258794354,10.791942964822585,LOW,1
4234,8017f3,IGO675,2025-12-30 08:28:35,0.0,79.4339746464384,8.22641014142464,LOW,1
4235,8017ff,IGO1060,2025-12-29 00:08:45,0.0,79.26269762282821,8.294920950868715,LOW,1
4236,8017ff,IGO6045,2025-12-29 03:54:07,35.0,58.188910451373935,37.72443581945043,MEDIUM,1
4237,8017ff,IGO275V,2025-12-29 18:13:07,0.0,79.06277073074537,8.374891707701853,LOW,1
4238,8017ff,IGO6818,2025-12-30 02:38:38,0.0,79.34679809737254,8.261280761050983,LOW,1
4239,8017ff,IGO6718,2025-12-30 07:38:20,0.0,81.16128466361984,7.535486134552065,LOW,1
4240,801800,IGO6114,2025-12-28 23:58:46,0.0,61.092959972604426,15.56281601095823,LOW,1
4241,801800,IGO271U,2025-12-29 07:34:07,35.0,65.51074953044503,34.79570018782199,MEDIUM,1
4242,801800,IGO262V,2025-12-29 09:14:08,35.0,58.64753532154685,37.54098587138127,MEDIUM,1
4243,801800,IGO863M,2025-12-29 15:51:45,35.0,38.10840520067847,45.75663791972862,MEDIUM,-1
4244,801800,IGO402C,2025-12-29 18:23:08,0.0,76.37585940615013,9.44965623753995,LOW,1
4245,801800,IGO2137,2025-12-30 01:38:40,0.0,58.293773044467976,16.68249078221281,LOW,1
4246,801800,IGO264C,2025-12-30 08:18:37,0.0,79.36856935488146,8.252572258047417,LOW,1
4247,801800,IGO264C,2025-12-30 10:18:36,0.0,64.14353470877083,14.342586116491669,LOW,1
4248,801804,IGO1059,2025-12-29 16:51:45,0.0,77.84805653026618,8.86077738789353,LOW,1
4249,801804,IGO1059,2025-12-29 18:03:07,0.0,97.09230163059918,1.1630793477603276,LOW,1
4250,801804,IGO1060,2025-12-30 01:18:37,10.0,81.22275273020796,13.510898907916818,LOW,1
4251,801804,IGO1011,2025-12-30 09:08:33,0.0,71.45037552780032,11.419849788879873,LOW,1
4252,801805,IGO1021,2025-12-29 02:24:07,0.0,64.06350435081538,14.37459825967385,LOW,1
4253,801805,IGO94V,2025-12-29 16:51:45,10.0,62.915021869730744,20.8339912521077,LOW,1
4254,801805,IGO32E,2025-12-29 23:28:38,10.0,74.14969034683071,16.340123861267717,LOW,1
4255,801806,IGO721K,2025-12-29 00:48:39,0.0,71.54439620717072,11.382241517131712,LOW,1
4256,801806,IGO721K,2025-12-29 02:04:07,35.0,53.61335821612027,39.55465671355189,MEDIUM,1
4257,801806,IGO1071,2025-12-29 04:34:06,0.0,76.89144017557159,9.243423929771366,LOW,1
4258,801806,IGO1089,2025-12-29 17:43:10,0.0,67.69796899492427,12.920812402030293,LOW,1
4259,801806,IGO1090,2025-12-30 02:08:35,35.0,74.73307255447075,31.1067709782117,MEDIUM,1
4260,801806,IGO1071,2025-12-30 05:08:39,0.0,77.83641820801361,8.865432716794556,LOW,1
4261,80180b,IGO753J,2025-12-29 07:14:05,35.0,53.52372775542717,39.59050889782914,MEDIUM,1
4262,80180b,IGO5077,2025-12-29 10:14:09,10.0,65.63086113593778,19.747655545624887,LOW,1
4263,80180b,IGO1063,2025-12-29 15:51:45,0.0,93.70095286725096,2.5196188530996153,LOW,1
4264,80180c,IGO795F,2025-12-29 01:54:09,35.0,66.9925076362444,34.20299694550224,MEDIUM,1
4265,80180c,IGO449,2025-12-29 05:34:08,0.0,71.56358162155244,11.374567351379023,LOW,1
4266,80180c,IGO449,2025-12-29 06:44:08,10.0,69.56585263894286,18.173658944422858,LOW,1
4267,80180c,IGO463P,2025-12-29 09:34:05,0.0,79.94380587112683,8.02247765154927,LOW,1
4268,80180c,IGO41MK,2025-12-29 17:13:08,10.0,77.63846918038995,14.944612327844021,LOW,1
4269,80180c,IGO604M,2025-12-29 23:38:34,0.0,70.77090541045192,11.691637835819234,LOW,1
4270,80180c,IGO357F,2025-12-30 02:48:39,0.0,71.59712946216365,11.361148215134541,LOW,1
4271,80180c,IGO357F,2025-12-30 03:58:40,0.0,65.92769029331987,13.628923882672053,LOW,1
4272,80180c,IGO271U,2025-12-30 06:18:36,25.0,51.348610748091154,34.460555700763535,MEDIUM,1
4273,80180c,IGO271U,2025-12-30 07:18:12,35.0,60.95351381241045,36.61859447503582,MEDIUM,1
4274,80180c,IGO262V,2025-12-30 09:08:33,0.0,63.69849752206023,14.52060099117591,LOW,1
4275,80180e,IGO275K,2025-12-28 23:48:41,0.0,58.08129106934445,16.76748357226222,LOW,1
4276,80180e,IGO612M,2025-12-29 07:34:07,10.0,64.78605461933189,20.085578152267246,LOW,1
4277,80180e,IGO793Y,2025-12-29 17:01:38,0.0,71.72194591971527,11.311221632113893,LOW,1
4278,80180e,IGO5322,2025-12-30 00:28:37,10.0,67.99271066134938,18.80291573546025,LOW,1
4279,80180e,IGO5114,2025-12-30 06:38:36,0.0,70.772235100605,11.691105959758,LOW,1
4280,80180e,IGO692E,2025-12-30 08:48:37,10.0,65.47047793677784,19.811808825288864,LOW,1
4281,801816,IGO2247,2025-12-29 02:14:08,0.0,77.17628331322885,9.12948667470846,LOW,1
4282,801816,IGO2247,2025-12-29 03:34:08,50.0,52.658563706119104,48.93657451755236,MEDIUM,1
4283,801816,IGO334E,2025-12-29 05:54:05,35.0,62.24981055745585,36.10007577701766,MEDIUM,1
4284,801816,IGO334E,2025-12-29 08:04:08,35.0,75.41830589650706,30.832677641397176,MEDIUM,1
4285,801816,IGO127P,2025-12-29 09:54:04,35.0,62.28353868018847,36.086584527924614,MEDIUM,1
4286,801816,IGO789,2025-12-29 16:01:36,0.0,72.62582812381993,10.949668750472028,LOW,1
4287,801816,IGO115,2025-12-30 00:28:37,10.0,78.92876551118967,14.428493795524133,LOW,1
4288,801816,IGO2247,2025-12-30 02:28:35,50.0,48.67734112043184,50.529063551827264,MEDIUM,1
4289,801816,IGO2247,2025-12-30 03:58:40,50.0,45.28675925873114,51.88529629650755,MEDIUM,1
4290,801816,IGO334E,2025-12-30 05:58:33,35.0,67.4934648484579,34.002614060616835,MEDIUM,1
4291,801816,IGO334E,2025-12-30 07:58:34,35.0,73.32798554292744,31.668805782829025,MEDIUM,1
4292,801816,IGO127P,2025-12-30 09:48:34,25.0,49.62080663689164,35.15167734524334,MEDIUM,1
4293,801819,IGO1082,2025-12-29 00:18:37,35.0,74.6615389468457,31.135384421261723,MEDIUM,1
4294,801819,IGO1073,2025-12-29 06:24:05,0.0,46.28211788417236,21.487152846331057,LOW,1
4295,801819,IGO1074,2025-12-29 15:51:45,0.0,58.2634968861779,16.69460124552884,LOW,1
4296,801819,IGO567P,2025-12-29 17:43:10,0.0,79.85375867238766,8.058496531044938,LOW,1
4297,801819,IGO262J,2025-12-30 01:38:40,25.0,50.20942524987614,34.916229900049544,MEDIUM,1
4298,801819,IGO749C,2025-12-30 08:58:35,35.0,64.1863474219354,35.32546103122584,MEDIUM,1
4299,80181c,VTSRE,2025-12-29 09:54:04,0.0,64.3382611172298,14.264695553108078,LOW,1
4300,801822,IGO1014,2025-12-29 08:24:06,0.0,19.200676435211673,32.319729425915334,MEDIUM,-1
4301,801822,IGO1013,2025-12-29 10:04:07,35.0,63.37983656024995,35.64806537590002,MEDIUM,1
4302,801822,IGO1013,2025-12-30 10:18:36,0.0,76.50996551660991,9.396013793356037,LOW,1
4303,801823,IGO5107,2025-12-29 06:44:08,0.0,59.741613668716305,16.103354532513478,LOW,1
4304,801823,IGO566W,2025-12-29 10:24:06,0.0,67.61087899437244,12.955648402251024,LOW,1
4305,801823,IGO5371,2025-12-29 16:11:36,0.0,65.82805672220184,13.668777311119266,LOW,1
4306,801823,IGO762M,2025-12-29 18:13:07,50.0,59.991851521622145,46.00325939135114,MEDIUM,1
4307,801823,IGO6045,2025-12-30 04:08:35,35.0,73.7162635848739,31.51349456605044,MEDIUM,1
4308,801823,IGO6403,2025-12-30 07:28:36,0.0,63.70627010828143,14.51749195668743,LOW,1
4309,801824,IGO526M,2025-12-29 05:14:08,0.0,61.91831657122288,15.232673371510849,LOW,1
4310,801824,IGO391,2025-12-29 08:14:07,10.0,64.21889677204989,20.312441291180043,LOW,1
4311,801824,IGO125C,2025-12-29 10:04:07,0.0,82.68261820258557,6.926952718965771,LOW,1
4312,801824,IGO312J,2025-12-29 17:01:38,0.0,70.76140411548229,11.695438353807084,LOW,1
4313,801824,IGO93F,2025-12-30 04:38:37,10.0,63.30929339030973,20.676282643876107,LOW,1
4314,801828,IGO245J,2025-12-29 17:53:07,0.0,77.54972427736344,8.980110289054625,LOW,1
4315,801828,IGO28Q,2025-12-30 01:08:40,35.0,52.24111728818898,40.10355308472441,MEDIUM,1
4316,801828,IGO37N,2025-12-30 07:28:36,35.0,73.03854189516844,31.784583241932626,MEDIUM,1
4317,80182a,IGO242,2025-12-29 01:14:06,0.0,72.04829688395948,11.180681246416208,LOW,1
4318,80182a,IGO242,2025-12-29 08:24:06,0.0,80.19672146135696,7.921311415457217,LOW,1
4319,80182a,IGO242,2025-12-29 09:24:04,0.0,79.36489085457895,8.254043658168422,LOW,1
4320,80182a,IGO614,2025-12-29 16:11:36,0.0,97.4244719037189,1.0302112385124418,LOW,1
4321,80182a,IGO724,2025-12-29 18:25:18,0.0,85.51120301075538,5.7955187956978484,LOW,1
4322,80182a,IGO911E,2025-12-30 07:38:20,0.0,77.60821928964897,8.956712284140412,LOW,1
4323,80182d,IGO561H,2025-12-29 17:43:10,0.0,72.50136034848502,10.999455860605991,LOW,1
4324,80182d,IGO5264,2025-12-30 00:18:35,0.0,71.36802450901662,11.452790196393352,LOW,1
4325,80182d,IGO6026,2025-12-30 06:38:36,0.0,61.71485822004592,15.314056711981634,LOW,1
4326,80182f,IGO6064,2025-12-29 00:48:39,10.0,77.72690811367887,14.90923675452845,LOW,1
4327,80182f,IGO6403,2025-12-29 07:04:08,25.0,54.74394515022047,33.102421939911814,MEDIUM,1
4328,80182f,IGO6022,2025-12-29 16:31:45,0.0,68.05622164755583,12.777511340977668,LOW,1
4329,80182f,IGO395,2025-12-29 23:28:38,0.0,37.99888803021063,24.80044478791575,LOW,-1
4330,80182f,IGO1021,2025-12-30 02:18:37,35.0,65.86384328568839,34.654462685724646,MEDIUM,1
4331,801839,IGO6176,2025-12-29 07:24:06,0.0,76.25474114484217,9.498103542063133,LOW,1
4332,801839,IGO6075,2025-12-29 09:34:05,0.0,74.82263619911579,10.070945520353684,LOW,1
4333,80183a,IGO6405,2025-12-29 08:14:07,35.0,56.88678400376932,38.24528639849227,MEDIUM,1
4334,80183a,IGO6501,2025-12-29 15:51:45,0.0,67.08984020222357,13.164063919110573,LOW,1
4335,80183a,IGO324P,2025-12-29 18:03:07,0.0,73.44623769524735,10.621504921901062,LOW,1
4336,80183a,IGO7561,2025-12-30 07:38:20,0.0,74.26553845776681,10.293784616893277,LOW,1
4337,80183a,IGO7562,2025-12-30 09:18:35,0.0,54.363717589152834,18.25451296433887,LOW,1
4338,80183b,IGO5323,2025-12-29 04:14:05,0.0,74.28371807242992,10.286512771028033,LOW,1
4339,80183b,IGO799P,2025-12-29 06:04:04,25.0,42.60020732469794,37.959917070120824,MEDIUM,1
4340,80183b,IGO799P,2025-12-29 07:04:08,0.0,73.35724201346301,10.657103194614798,LOW,1
4341,80183b,IGO117W,2025-12-29 09:34:05,0.0,56.62895821041272,17.34841671583491,LOW,1
4342,80183b,IGO486P,2025-12-29 15:51:45,0.0,56.37718310248816,17.449126759004738,LOW,1
4343,80183b,IGO920K,2025-12-29 17:53:07,0.0,62.416413900977396,15.033434439609042,LOW,1
4344,80183b,IGO146H,2025-12-29 23:28:38,0.0,70.494187457175,11.80232501713,LOW,1
4345,80183b,IGO5323,2025-12-30 03:58:40,25.0,62.29634675763251,30.081461296946998,MEDIUM,1
4346,80183b,IGO799P,2025-12-30 05:58:33,10.0,66.22553560479034,19.509785758083865,LOW,1
4347,80183b,IGO117W,2025-12-30 08:28:35,0.0,74.80654362593798,10.07738254962481,LOW,1
4348,801848,AXB001,2025-12-29 18:13:07,35.0,56.442924303183986,38.42283027872641,MEDIUM,1
4349,801849,SDG619,2025-12-29 16:41:44,0.0,77.30318993304783,9.078724026780867,LOW,1
4350,80184b,IGO492E,2025-12-29 09:54:04,0.0,67.52091444533778,12.991634221864889,LOW,1
4351,80184b,IGO6226,2025-12-29 16:51:45,0.0,74.12106718745423,10.351573125018309,LOW,1
4352,80184b,IGO6227,2025-12-29 18:23:08,0.0,68.54182164646764,12.583271341412946,LOW,1
4353,80184b,IGO492E,2025-12-30 07:48:33,0.0,76.38713629119829,9.445145483520685,LOW,1
4354,80184b,IGO270F,2025-12-30 09:48:34,0.0,76.60055865677225,9.3597765372911,LOW,1
4355,80184e,IGO6010,2025-12-29 06:04:04,10.0,77.2700216760386,15.091991329584562,LOW,1
4356,80184e,IGO435H,2025-12-29 16:31:45,35.0,75.7534556698021,30.698617732079164,MEDIUM,1
4357,80184e,IGO637K,2025-12-29 18:45:15,0.0,76.31241565974713,9.475033736101148,LOW,1
4358,80184e,IGO424F,2025-12-30 00:08:41,10.0,73.70521346371724,16.517914614513103,LOW,1
4359,80184e,IGO461H,2025-12-30 10:18:36,0.0,74.7354829834602,10.10580680661592,LOW,1
4360,801850,IGO6452,2025-12-29 00:08:45,0.0,79.26335030882339,8.294659876470645,LOW,1
4361,801850,IGO109,2025-12-29 16:31:45,0.0,54.26564210612856,18.293743157548576,LOW,1
4362,801850,IGO25RA,2025-12-29 18:13:07,0.0,68.06727140458183,12.773091438167269,LOW,1
4363,801850,IGO711Y,2025-12-30 00:18:35,0.0,69.79639704270804,12.081441182916786,LOW,1
4364,801850,IGO692P,2025-12-30 08:58:35,0.0,82.27098033683315,7.091607865266742,LOW,1
4365,801851,IGO2602,2025-12-29 16:11:36,0.0,43.92819967956546,22.42872012817382,LOW,1
4366,801851,IGO5010,2025-12-30 01:28:36,0.0,58.942275718311144,16.423089712675544,LOW,1
4367,80185f,IGO205L,2025-12-29 17:43:10,0.0,97.52275898282147,0.9908964068714113,LOW,1
4368,80185f,IGO5003,2025-12-29 23:38:34,0.0,76.03539099333886,9.585843602664454,LOW,1
4369,80185f,IGO624K,2025-12-30 05:28:36,35.0,60.94724870514849,36.621100517940604,MEDIUM,1
4370,801862,IGO5029,2025-12-28 23:48:41,0.0,82.19585610536045,7.121657557855821,LOW,1
4371,801862,IGO601W,2025-12-29 08:44:04,0.0,47.20292252212986,21.11883099114806,LOW,1
4372,801862,IGO674,2025-12-29 17:23:08,0.0,60.232931350549215,15.906827459780315,LOW,1
4373,801862,IGO123F,2025-12-30 00:08:41,0.0,75.77325279914724,9.690698880341102,LOW,1
4374,801862,IGO207,2025-12-30 07:48:33,35.0,43.216896767602194,43.713241292959125,MEDIUM,1
4375,801864,IGO705Y,2025-12-28 23:48:41,0.0,65.1069334031094,13.957226638756243,LOW,1
4376,801864,IGO602E,2025-12-29 06:24:05,0.0,61.76765325248583,15.292938699005669,LOW,1
4377,801864,IGO2646,2025-12-29 09:44:08,10.0,78.36542006546631,14.653831973813476,LOW,1
4378,801864,IGO2207,2025-12-29 15:51:45,0.0,67.83232881819593,12.867068472721627,LOW,1
4379,86d9da,JAL753,2025-12-30 00:28:37,0.0,76.08108197161462,9.56756721135415,LOW,1
4380,86d9da,JAL754,2025-12-30 04:18:35,0.0,83.01470252224475,6.794118991102102,LOW,1
4381,86da40,JAL753,2025-12-29 00:08:45,35.0,72.3277863816021,32.068885447359165,MEDIUM,1
4382,86da40,JAL754,2025-12-29 04:34:06,0.0,84.79141976568576,6.083432093725697,LOW,1
4383,86e75e,JAL59,2025-12-29 03:04:06,0.0,94.7068935470783,2.117242581168682,LOW,1
4384,86e75e,JAL50,2025-12-29 15:51:45,0.0,93.023725911393,2.7905096354428,LOW,1
4385,86e780,JAL59,2025-12-30 03:18:38,0.0,85.2996627748424,5.880134890063039,LOW,1
4386,86e808,JAL39,2025-12-29 15:51:45,0.0,57.35555848013894,17.057776607944426,LOW,1
4387,86ebb6,ANA837,2025-12-29 15:51:45,25.0,49.96254398183257,35.01498240726697,MEDIUM,1
4388,880441,AIQ252,2025-12-30 08:28:35,35.0,30.91023419868439,48.635906320526246,MEDIUM,-1
4389,88044a,AIQ120,2025-12-29 23:28:38,0.0,46.12944519226986,21.548221923092058,LOW,1
4390,88044a,AIQ121,2025-12-30 00:48:35,0.0,69.71529352107713,12.11388259156915,LOW,1
4391,88045a,AIQ120,2025-12-28 23:48:41,0.0,34.87546170113235,26.04981531954706,LOW,-1
4392,88045a,AIQ121,2025-12-29 01:04:06,0.0,56.51398695298564,17.394405218805744,LOW,1
4393,880847,AIQ144,2025-12-29 18:13:07,0.0,92.77343668611636,2.890625325553458,LOW,1
4394,880847,AIQ145,2025-12-30 00:28:37,0.0,96.35399211747394,1.4584031530104256,LOW,1
4395,880851,AIQ138,2025-12-29 00:48:39,0.0,60.43109338102782,15.827562647588872,LOW,1
4396,880855,AIQ147,2025-12-28 23:58:46,0.0,74.30635713654893,10.277457145380431,LOW,1
4397,88085a,AIQ131,2025-12-29 01:14:06,0.0,91.38756060748925,3.4449757570043005,LOW,1
4398,88085a,AIQ123,2025-12-29 15:51:45,0.0,93.38350105115109,2.646599579539566,LOW,1
4399,880c43,AIQ183,2025-12-29 15:51:45,0.0,78.91987820806588,8.432048716773648,LOW,1
4400,880c44,AIQ147,2025-12-30 00:18:35,0.0,59.04215348879621,16.383138604481516,LOW,1
4401,880c45,AIQ171,2025-12-28 23:48:41,0.0,84.63789434494171,6.144842262023315,LOW,1
4402,880c45,AIQ125,2025-12-29 23:58:37,0.0,77.34537477779034,9.061850088883864,LOW,1
4403,880c48,AIQ171,2025-12-30 00:08:41,0.0,81.72820923644976,7.308716305420098,LOW,1
4404,8830e9,TLM217,2025-12-30 03:18:38,0.0,90.09146645534183,3.963413417863268,LOW,1
4405,8830f1,TLM213,2025-12-29 03:44:06,0.0,93.69191157799509,2.523235368801966,LOW,1
4406,8830f1,TLM218,2025-12-29 23:28:38,0.0,73.04255838290211,10.782976646839154,LOW,1
4407,8830f1,TLM219,2025-12-30 02:58:37,0.0,96.75241138607521,1.2990354455699162,LOW,1
4408,8830f1,TLM219,2025-12-30 03:58:40,0.0,97.33471985512897,1.0661120579484133,LOW,1
4409,8830f2,TLM240,2025-12-28 23:48:41,0.0,97.02838490400381,1.188646038398474,LOW,1
4410,8830f2,TLM241,2025-12-29 03:34:08,0.0,90.56349525975155,3.774601896099381,LOW,1
4411,8830f2,TLM241,2025-12-29 04:44:07,0.0,96.32471202168485,1.4701151913260617,LOW,1
4412,8830f4,TLM242,2025-12-29 00:48:39,0.0,61.1337560493757,15.54649758024972,LOW,1
4413,8830f4,TLM243,2025-12-29 03:04:06,0.0,62.23889799320831,15.104440802716676,LOW,1
4414,8830f7,TLM221,2025-12-29 15:51:45,0.0,98.48050979382874,0.6077960824685023,LOW,1
4415,8832a8,TLM215,2025-12-29 16:11:36,0.0,49.26325454968742,20.294698180125035,LOW,1
4416,8832aa,TLM211,2025-12-29 02:54:07,0.0,78.60761030941237,8.556955876235055,LOW,1
4417,8832aa,TLM211,2025-12-29 04:34:06,0.0,98.43150899351541,0.627396402593837,LOW,1
4418,8832aa,TLM211,2025-12-29 05:34:08,0.0,94.83380983910924,2.066476064356306,LOW,1
4419,8832b9,TLM218,2025-12-28 23:48:41,0.0,59.60932126826639,16.156271492693445,LOW,1
4420,8832b9,TLM219,2025-12-29 01:34:05,35.0,59.230817346362045,37.30767306145518,MEDIUM,1
4421,8832b9,TLM219,2025-12-29 02:54:07,0.0,95.32326966195309,1.8706921352187635,LOW,1
4422,8832cb,TLM216,2025-12-28 23:48:41,0.0,71.97571547094527,11.20971381162189,LOW,1
4423,8832cb,TLM217,2025-12-29 02:54:07,0.0,58.17732284530724,16.729070861877105,LOW,1
4424,8832d1,TLM244,2025-12-29 15:51:45,0.0,75.6397080788999,9.74411676844004,LOW,1
4425,8832d1,TLM245,2025-12-29 18:03:07,0.0,67.11256719925237,13.154973120299054,LOW,1
4426,8832d4,TLM242,2025-12-30 00:08:41,0.0,97.40586650514675,1.0376533979413012,LOW,1
4427,8832d4,TLM242,2025-12-30 01:08:40,0.0,77.36148699309041,9.055405202763836,LOW,1
4428,8832d4,TLM243,2025-12-30 03:58:40,0.0,94.39291654553197,2.2428333817872104,LOW,1
4429,8850ae,THA318,2025-12-28 23:48:41,0.0,57.713320454263254,16.9146718182947,LOW,1
4430,8850ae,THA318,2025-12-29 01:14:06,0.0,94.93796503987599,2.024813984049604,LOW,1
4431,8850b0,THA318,2025-12-29 23:48:40,35.0,57.540252237646456,37.983899104941415,MEDIUM,1
4432,8850b0,THA318,2025-12-30 01:28:36,0.0,91.00904633530482,3.5963814658780735,LOW,1
4433,8850b7,THA319,2025-12-30 09:48:34,0.0,93.37228924485338,2.651084302058649,LOW,1
4434,8850b8,THA310,2025-12-29 00:28:46,0.0,61.480620707454946,15.407751717018023,LOW,1
4435,8850b8,THA310,2025-12-30 00:28:37,0.0,64.42544958500149,14.229820165999406,LOW,1
4436,885102,THA955,2025-12-30 00:18:35,0.0,58.67206520121693,16.53117391951323,LOW,1
4437,885107,THA961,2025-12-29 00:18:37,0.0,60.86520496071789,15.653918015712845,LOW,1
4438,885107,THA960,2025-12-29 23:38:34,0.0,64.29594991464711,14.281620034141156,LOW,1
4439,885108,THA954,2025-12-29 23:38:34,0.0,60.98691729290428,15.60523308283829,LOW,1
4440,88510a,THA955,2025-12-29 00:54:10,0.0,58.149037173772776,16.74038513049089,LOW,1
4441,88510d,THA960,2025-12-29 00:18:37,0.0,76.80995717211273,9.276017131154907,LOW,1
4442,88510d,THA961,2025-12-29 23:58:37,0.0,61.95544249347254,15.217823002610984,LOW,1
4443,88510f,THA325,2025-12-29 23:28:38,0.0,78.42782522994897,8.628869908020414,LOW,1
4444,885112,THA342,2025-12-29 02:14:08,0.0,86.32174295648595,5.471302817405621,LOW,1
4445,885112,THA349,2025-12-29 18:23:08,0.0,99.24976361708558,0.3000945531657692,LOW,1
4446,885112,THA350,2025-12-30 01:08:40,0.0,58.85543788260669,16.457824846957326,LOW,1
4447,885114,THA900,2025-12-29 00:38:36,0.0,87.02003914975873,5.191984340096508,LOW,1
4448,885114,THA901,2025-12-30 00:58:38,0.0,54.73596828327659,18.105612686689366,LOW,1
4449,885116,THA901,2025-12-29 00:18:37,0.0,63.16423634411222,14.734305462355113,LOW,1
4450,885116,THA900,2025-12-30 00:18:35,0.0,79.84637104454417,8.061451582182332,LOW,1
4451,885118,THA925,2025-12-30 00:08:41,0.0,50.510111097645236,19.795955560941906,LOW,1
4452,885119,THA925,2025-12-29 00:08:45,0.0,63.78170280503586,14.487318877985656,LOW,1
4453,88511a,THA924,2025-12-30 00:18:35,0.0,29.16430389309008,28.33427844276397,LOW,-1
4454,885152,THA346D,2025-12-29 16:01:36,25.0,22.240712953062175,46.10371481877513,MEDIUM,-1
4455,885157,THA345,2025-12-29 18:13:07,0.0,96.85410129958306,1.2583594801667743,LOW,1
4456,88516b,THA921,2025-12-30 00:58:38,0.0,61.556026277292446,15.377589489083022,LOW,1
4457,88516c,THA950,2025-12-29 23:28:38,0.0,56.61118891973161,17.355524432107355,LOW,1
4458,88516e,THA316,2025-12-30 02:38:38,0.0,50.0369764684794,19.985209412608242,LOW,1
4459,88516f,THA971,2025-12-29 00:08:45,0.0,25.739199234329103,29.704320306268357,LOW,-1
4460,88516f,THA970,2025-12-30 00:08:41,0.0,92.96439843501102,2.814240625995592,LOW,1
4461,88516f,THA970,2025-12-30 00:58:38,0.0,69.20914366896992,12.316342532412035,LOW,1
4462,885170,THA970,2025-12-29 00:48:39,0.0,68.53154717879745,12.58738112848102,LOW,1
4463,885170,THA971,2025-12-29 23:58:37,0.0,77.17073298258647,9.131706806965411,LOW,1
4464,885170,THA971,2025-12-30 02:38:38,0.0,73.1067384094453,10.757304636221882,LOW,1
4465,885175,THA930,2025-12-29 00:28:46,0.0,71.35658183676765,11.457367265292943,LOW,1
4466,885175,THA931,2025-12-30 00:38:34,0.0,57.446922788572586,17.021230884570965,LOW,1
4467,885176,THA921,2025-12-29 00:38:36,0.0,56.401145525461146,17.439541789815543,LOW,1
4468,885176,THA922,2025-12-29 16:01:36,0.0,56.805289229203076,17.27788430831877,LOW,1
4469,885177,THA931,2025-12-29 00:08:45,0.0,63.86872535229356,14.452509859082577,LOW,1
4470,885177,THA916,2025-12-29 15:51:45,0.0,93.29845494144851,2.6806180234205956,LOW,1
4471,885177,THA917,2025-12-30 10:08:34,0.0,90.14709798719332,3.9411608051226725,LOW,1
4472,885178,THA923,2025-12-29 08:04:08,0.0,72.80771767483022,10.876912930067915,LOW,1
4473,885178,THA930,2025-12-29 23:48:40,0.0,58.083918511153776,16.76643259553849,LOW,1
4474,885179,THA951,2025-12-29 00:48:39,0.0,65.71458323974403,13.71416670410239,LOW,1
4475,885179,THA920,2025-12-29 23:28:38,0.0,65.9171271586845,13.633149136526203,LOW,1
4476,88517a,THA951,2025-12-30 00:48:35,0.0,65.9356277071042,13.625748917158319,LOW,1
4477,885221,THA934,2025-12-29 00:48:39,0.0,64.15442258317623,14.33823096672951,LOW,1
4478,885223,THA934,2025-12-29 23:58:37,0.0,56.96979103184346,17.21208358726262,LOW,1
4479,885226,THA935,2025-12-29 00:18:37,0.0,58.15374635360057,16.738501458559774,LOW,1
4480,885281,THA910,2025-12-29 23:38:34,0.0,62.59816071679693,14.960735713281228,LOW,1
4481,885282,THA910,2025-12-29 00:28:46,0.0,77.40982332597491,9.036070669610035,LOW,1
4482,885282,THA911,2025-12-30 00:28:37,0.0,60.42046529190207,15.831813883239173,LOW,1
4483,885283,THA911,2025-12-29 00:28:46,0.0,67.96960762480654,12.812156950077384,LOW,1
4484,8852e1,THA331,2025-12-28 23:48:41,0.0,37.21822876388065,25.11270849444774,LOW,-1
4485,8852e1,THA332,2025-12-29 06:54:07,0.0,27.435644629299908,29.02574214828004,LOW,-1
4486,8852e2,THA331,2025-12-29 23:28:38,0.0,48.255141579002995,20.697943368398803,LOW,1
4487,8852e2,THA332,2025-12-30 04:38:37,0.0,30.91088507534798,27.63564596986081,LOW,-1
4488,8852e3,THA940,2025-12-29 00:48:39,0.0,74.59414680605529,10.162341277577884,LOW,1
4489,8852e3,THA941,2025-12-30 00:08:41,0.0,58.38151126190195,16.64739549523922,LOW,1
4490,8852e4,THA941,2025-12-29 00:08:45,0.0,61.560114191364136,15.375954323454346,LOW,1
4491,8852e4,THA940,2025-12-29 23:58:37,0.0,80.05187363659363,7.97925054536255,LOW,1
4492,8852e4,THA940,2025-12-30 02:48:39,0.0,93.25261426443006,2.698954294227974,LOW,1
4493,885301,THA344,2025-12-29 02:54:07,0.0,93.9719355354299,2.4112257858280373,LOW,1
4494,885306,THA327,2025-12-29 10:24:06,0.0,88.20239842717805,4.719040629128779,LOW,1
4495,88530a,THA344,2025-12-30 02:58:37,0.0,92.25387981518547,3.098448073925812,LOW,1
4496,88530a,THA344,2025-12-30 03:58:40,0.0,96.58731899511734,1.365072401953063,LOW,1
4497,88530b,THA351,2025-12-29 23:28:38,0.0,93.49947687196627,2.600209251213494,LOW,1
4498,88530b,THA351,2025-12-30 01:08:40,0.0,72.16050842449886,11.135796630200458,LOW,1
4499,88530b,THA352,2025-12-30 03:28:39,0.0,72.87337726157809,10.850649095368766,LOW,1
4500,88530b,THA352,2025-12-30 04:48:37,0.0,94.1066762087997,2.357329516480121,LOW,1
4501,88530f,THA303,2025-12-29 16:41:44,10.0,47.09946354675833,27.16021458129667,LOW,1
4502,88530f,THA304,2025-12-29 18:03:07,35.0,47.525763903399145,41.98969443864034,MEDIUM,1
4503,88530f,THA301,2025-12-30 09:28:35,0.0,45.49178561296525,21.8032857548139,LOW,1
4504,885311,THA339,2025-12-28 23:48:41,50.0,50.48899303354785,49.804402786580866,MEDIUM,1
4505,885311,THA340,2025-12-29 01:24:06,0.0,80.19338326644673,7.922646693421308,LOW,1
4506,885312,THA313,2025-12-29 23:28:38,0.0,66.90664345718301,13.237342617126798,LOW,1
4507,885312,THA314,2025-12-30 01:58:37,35.0,40.320606702682,44.8717573189272,MEDIUM,-1
4508,885313,THA323,2025-12-29 06:24:05,0.0,39.95883998852931,24.016464004588276,LOW,-1
4509,885313,THA339,2025-12-29 23:48:40,0.0,74.12271710858607,10.350913156565571,LOW,1
4510,885313,THA340,2025-12-30 01:48:39,0.0,80.47309213581543,7.8107631456738265,LOW,1
4511,885313,THA323,2025-12-30 06:48:37,0.0,97.68368325829624,0.9265266966815034,LOW,1
4512,885313,THA323,2025-12-30 07:48:33,0.0,53.99241208167487,18.403035167330053,LOW,1
4513,885314,THA351,2025-12-29 00:38:36,0.0,71.84982856025032,11.260068575899874,LOW,1
4514,885314,THA352,2025-12-29 02:54:07,0.0,79.25932330749234,8.296270677003065,LOW,1
4515,885315,THA313,2025-12-28 23:58:46,50.0,67.27886921462063,43.08845231415175,MEDIUM,1
4516,885315,THA314,2025-12-29 02:04:07,25.0,62.45987995306809,30.016048018772764,MEDIUM,1
4517,885961,TVJ760,2025-12-29 00:28:46,25.0,68.49424445215223,27.60230221913911,LOW,1
4518,885961,TVJ761,2025-12-29 02:54:07,0.0,69.71689276891631,12.113242892433476,LOW,1
4519,885961,TVJ761,2025-12-29 04:24:05,0.0,96.61525965051075,1.3538961397956997,LOW,1
4520,885961,TVJ761,2025-12-29 05:24:05,0.0,95.81783062782506,1.672867748869976,LOW,1
4521,88596e,TVJ762,2025-12-29 01:24:06,10.0,61.81102859595012,21.275588561619955,LOW,1
4522,88596e,TVJ763,2025-12-29 03:14:06,25.0,54.62076110953459,33.15169555618617,MEDIUM,1
4523,885973,TVJ760,2025-12-30 00:28:37,0.0,79.0258934736634,8.38964261053464,LOW,1
4524,885973,TVJ761,2025-12-30 03:08:38,0.0,74.6218606012582,10.151255759496719,LOW,1
4525,885974,TVJ751,2025-12-30 04:08:35,0.0,96.48142177308559,1.4074312907657658,LOW,1
4526,886288,TAX230,2025-12-29 16:11:36,0.0,73.13434086831991,10.746263652672036,LOW,1
4527,886288,TAX231,2025-12-29 23:28:38,0.0,92.83488437674173,2.8660462493033094,LOW,1
4528,886289,TAX865,2025-12-29 03:24:06,0.0,21.396263457422307,31.44149461703108,MEDIUM,-1
4529,886289,TAX864,2025-12-29 17:13:08,0.0,89.57511550441667,4.1699537982333315,LOW,1
4530,886289,TAX865,2025-12-30 03:58:40,0.0,61.605613388667145,15.357754644533143,LOW,1
4531,8880df,HVN36,2025-12-29 00:54:10,0.0,80.05267397339522,7.978930410641914,LOW,1
4532,8880df,HVN37,2025-12-30 00:48:35,0.0,75.76788822848421,9.692844708606316,LOW,1
4533,8880e0,HVN35,2025-12-29 01:04:06,0.0,72.91518427659734,10.833926289361063,LOW,1
4534,8880e0,HVN34,2025-12-29 23:38:34,0.0,74.62405414443832,10.150378342224673,LOW,1
4535,8880e1,HVN31,2025-12-29 01:14:06,0.0,71.1772666453732,11.529093341850723,LOW,1
4536,8880e1,HVN30,2025-12-30 00:08:41,0.0,78.84207157947017,8.463171368211931,LOW,1
4537,8880e2,HVN30,2025-12-29 00:08:45,0.0,32.4521629471371,27.019134821145162,LOW,-1
4538,8880e4,HVN972,2025-12-29 00:48:39,0.0,90.15213441617139,3.939146233531443,LOW,1
4539,8880e4,HVN980,2025-12-30 02:08:35,25.0,28.21138783761772,43.715444864952914,MEDIUM,-1
4540,8880e8,VJC1926,2025-12-29 01:54:09,0.0,95.80181051084288,1.6792757956628463,LOW,1
4541,8880e9,VJC1806,2025-12-29 02:24:07,0.0,92.13314065518585,3.146743737925658,LOW,1
4542,8880ee,VJC1811,2025-12-29 23:28:38,35.0,73.4904848583834,31.60380605664664,MEDIUM,1
4543,8880ee,VJC1812,2025-12-30 01:38:40,0.0,77.17557223398855,9.129771106404581,LOW,1
4544,8880ee,VJC1812,2025-12-30 04:18:35,0.0,96.78549551637386,1.2858017934504575,LOW,1
4545,8880f6,HVN32,2025-12-28 23:48:41,0.0,22.64850484639238,30.940598061443048,MEDIUM,-1
4546,8880f6,HVN39,2025-12-29 23:28:38,0.0,53.060136146261236,18.775945541495506,LOW,1
4547,8880f7,HVN56,2025-12-28 23:48:41,0.0,84.29230737081619,6.283077051673525,LOW,1
4548,8880f7,HVN62,2025-12-30 01:18:37,0.0,65.84725682595145,13.661097269619422,LOW,1
4549,8880f8,HVN55,2025-12-29 01:24:06,0.0,69.3646892886036,12.25412428455856,LOW,1
4550,8880f8,HVN56,2025-12-29 23:38:34,0.0,79.56548636723358,8.17380545310657,LOW,1
4551,888123,HVN19,2025-12-29 00:18:37,0.0,79.73546871573322,8.105812513706713,LOW,1
4552,888123,HVN18,2025-12-30 00:18:35,0.0,67.68255096122861,12.926979615508555,LOW,1
4553,888128,VJC1802,2025-12-30 02:48:39,0.0,96.00152436046936,1.5993902558122557,LOW,1
4554,888129,HVN980,2025-12-28 23:48:41,0.0,50.814672343782355,19.67413106248706,LOW,1
4555,888129,HVN33,2025-12-29 23:58:37,0.0,53.85649815000744,18.457400739997023,LOW,1
4556,88812a,HVN37,2025-12-29 00:54:10,0.0,69.21601381059746,12.313594475761017,LOW,1
4557,88812a,HVN36,2025-12-30 00:38:34,0.0,66.20518354199386,13.517926583202456,LOW,1
4558,88812b,HVN51,2025-12-30 00:58:38,0.0,86.46272708751191,5.414909164995237,LOW,1
4559,88812b,HVN51,2025-12-30 01:48:39,0.0,67.33373827299039,13.066504690803846,LOW,1
4560,88812d,HVN18,2025-12-29 00:38:36,0.0,69.9011537666414,12.039538493343441,LOW,1
4561,88812d,HVN73,2025-12-30 01:38:40,0.0,58.543925074864916,16.582429970054033,LOW,1
4562,888152,HVN978,2025-12-29 23:28:38,0.0,66.82970575661959,13.268117697352166,LOW,1
4563,888153,HVN11,2025-12-29 23:38:34,0.0,73.67807149592439,10.528771401630246,LOW,1
4564,888153,HVN11,2025-12-30 02:38:38,0.0,94.78616333950805,2.08553466419678,LOW,1
4565,888164,HVN982,2025-12-29 01:54:09,0.0,87.31573047811973,5.073707808752108,LOW,1
4566,888167,HVN19,2025-12-30 00:38:34,0.0,69.32303692233143,12.27078523106743,LOW,1
4567,888168,HVN10,2025-12-28 23:48:41,0.0,79.76083799537147,8.095664801851411,LOW,1
4568,888198,HVN984,2025-12-29 01:34:05,0.0,95.10716492099802,1.9571340316007935,LOW,1
4569,8881ab,VJC910,2025-12-30 00:58:38,25.0,53.02906062214856,33.78837575114058,MEDIUM,1
4570,8881ab,VJC910,2025-12-30 02:28:35,0.0,86.13394648920745,5.546421404317022,LOW,1
4571,8881c6,VJC896,2025-12-29 00:28:46,0.0,29.307157422448753,28.2771370310205,LOW,-1
4572,888218,VJC884,2025-12-29 01:04:06,25.0,51.59641417352479,34.361434330590086,MEDIUM,1
4573,888218,VJC884,2025-12-29 02:54:07,0.0,93.55034185336932,2.579863258652273,LOW,1
4574,888218,VJC1806,2025-12-30 02:58:37,0.0,93.47752835745727,2.6089886570170906,LOW,1
4575,894059,GFA270,2025-12-29 01:54:09,0.0,64.27957058398614,14.288171766405544,LOW,1
4576,89405b,GFA060,2025-12-29 04:04:06,0.0,98.2933439939757,0.6826624024097214,LOW,1
4577,89405b,GFA060,2025-12-29 05:14:08,35.0,70.15244203363035,32.93902318654786,MEDIUM,1
4578,89405d,GFA060,2025-12-30 03:58:40,35.0,75.42484445599628,30.830062217601487,MEDIUM,1
4579,89405d,GFA061,2025-12-30 05:58:33,0.0,66.33332414648002,13.46667034140799,LOW,1
4580,89408d,GFA124,2025-12-29 04:24:05,0.0,91.8915480372022,3.2433807851191205,LOW,1
4581,89408d,GFA125,2025-12-29 18:45:15,0.0,91.89774781415545,3.24090087433782,LOW,1
4582,89408d,GFA165,2025-12-30 04:58:38,0.0,95.6237366094203,1.750505356231878,LOW,1
4583,89408f,GFA152,2025-12-29 05:14:08,0.0,91.5234908375538,3.3906036649784825,LOW,1
4584,89408f,GFA153,2025-12-30 00:28:37,0.0,98.1040498823138,0.7583800470744791,LOW,1
4585,894094,GFA056,2025-12-30 04:18:35,10.0,59.256347666756504,22.297460933297398,LOW,1
4586,894097,GFA165,2025-12-29 05:14:08,0.0,94.39445856395348,2.242216574418609,LOW,1
4587,89409c,GFA284,2025-12-29 02:24:07,0.0,71.02859328752066,11.588562684991736,LOW,1
4588,89409f,GFA152,2025-12-30 05:08:39,0.0,89.92847844519432,4.028608621922274,LOW,1
4589,8940a0,GFA122,2025-12-30 04:58:38,0.0,87.94212987518125,4.8231480499275,LOW,1
4590,8940a1,GFA250,2025-12-29 10:24:06,0.0,71.98516691740176,11.205933233039298,LOW,1
4591,8940c3,GFA130,2025-12-29 03:44:06,35.0,61.531606493363256,36.3873574026547,MEDIUM,1
4592,8940c3,GFA131,2025-12-29 06:14:08,0.0,68.7173775556162,12.513048977753522,LOW,1
4593,8940c3,GFA248,2025-12-29 18:13:07,0.0,73.56843916385012,10.572624334459954,LOW,1
4594,8940c4,DHX723,2025-12-29 16:21:38,0.0,88.79178286625277,4.483286853498891,LOW,1
4595,8940c4,DHX726,2025-12-30 07:18:12,0.0,93.62407746256864,2.5503690149725458,LOW,1
4596,8940c5,GFA765,2025-12-29 16:41:44,0.0,67.35417819383163,13.05832872246735,LOW,1
4597,8940c5,GFA284,2025-12-30 02:18:37,0.0,91.41037460530583,3.435850157877667,LOW,1
4598,8940ca,GFA130,2025-12-30 04:18:35,35.0,68.87819457480819,33.44872217007672,MEDIUM,1
4599,8940ca,GFA131,2025-12-30 06:08:34,0.0,63.21831481495348,14.712674074018608,LOW,1
4600,8940cd,GFA274,2025-12-29 03:34:08,0.0,93.7867284312672,2.4853086274931173,LOW,1
4601,8940cd,GFA275,2025-12-29 06:34:06,0.0,96.99985272546311,1.2000589098147545,LOW,1
4602,8940cd,GFA274,2025-12-30 03:28:39,0.0,98.2618710122965,0.6952515950814018,LOW,1
4603,8940cd,GFA275,2025-12-30 06:38:36,0.0,98.39349233819112,0.6426030647235508,LOW,1
4604,8940d2,GFA282,2025-12-29 02:24:07,0.0,65.7337401546641,13.70650393813436,LOW,1
4605,8940d2,GFA283,2025-12-29 05:14:08,0.0,82.9275550885177,6.828977964592918,LOW,1
4606,8940d2,GFA068,2025-12-30 02:48:39,0.0,98.76322070736363,0.49471171705454825,LOW,1
4607,8940d2,GFA069,2025-12-30 06:08:34,0.0,87.08685487491809,5.165258050032765,LOW,1
4608,8940d3,GFA068,2025-12-29 02:44:02,0.0,77.36619151969755,9.05352339212098,LOW,1
4609,8940d3,GFA069,2025-12-29 06:04:04,0.0,81.939016718903,7.2243933124387985,LOW,1
4610,8940d3,GFA069,2025-12-29 07:04:08,0.0,96.0472731508964,1.5810907396414393,LOW,1
4611,8940d3,GFA282,2025-12-30 02:18:37,0.0,68.36634352932988,12.653462588268049,LOW,1
4612,8940d3,GFA283,2025-12-30 05:28:36,0.0,83.86268659617267,6.454925361530934,LOW,1
4613,8940d3,GFA283,2025-12-30 06:18:36,0.0,97.56313024833261,0.974747900666955,LOW,1
4614,8940d7,GFA056,2025-12-29 04:14:05,35.0,64.30293114383755,35.27882754246498,MEDIUM,1
4615,8940d7,GFA057,2025-12-29 06:24:05,0.0,72.62911233739077,10.948355065043694,LOW,1
4616,895053,RBA2,2025-12-30 01:48:39,0.0,76.01812697558124,9.592749209767504,LOW,1
4617,89505d,RBA98,2025-12-29 09:34:05,0.0,91.98030444703178,3.2078782211872863,LOW,1
4618,8953e3,V8OAS,2025-12-30 08:38:36,0.0,79.76975511400158,8.092097954399367,LOW,1
4619,8960d4,UAE362,2025-12-29 15:51:45,0.0,91.94697692617812,3.2212092295287507,LOW,1
4620,8960d4,UAE363,2025-12-30 00:58:38,0.0,88.27356976872683,4.690572092509268,LOW,1
4621,8960dc,UAE1N,2025-12-30 07:48:33,0.0,67.08462214045204,13.166151143819185,LOW,1
4622,8960e0,UAE348,2025-12-29 06:24:05,0.0,92.5674630247301,2.973014790107959,LOW,1
4623,8960e0,UAE349,2025-12-30 04:18:35,0.0,99.02391943315466,0.39043222673813605,LOW,1
4624,8960f4,UAE367,2025-12-29 03:04:06,0.0,95.66121767796528,1.735512928813887,LOW,1
4625,896108,UAE332,2025-12-29 08:44:04,0.0,92.71166433200578,2.9153342671976876,LOW,1
4626,89610e,UAE4E,2025-12-29 07:44:01,0.0,97.03172435603899,1.187310257584403,LOW,1
4627,89610e,UAE3M,2025-12-30 07:48:33,0.0,97.77520937512894,0.8899162499484249,LOW,1
4628,896110,UAE1N,2025-12-29 07:04:08,0.0,61.33975054183136,15.464099783267457,LOW,1
4629,896110,UAE546,2025-12-29 18:45:15,0.0,96.27842419468676,1.4886303221252946,LOW,1
4630,896110,UAE4E,2025-12-30 07:48:33,0.0,96.97999135029094,1.2080034598836222,LOW,1
4631,896112,UAE356,2025-12-30 08:18:37,0.0,95.27995268732755,1.8880189250689796,LOW,1
4632,896114,UAE75V,2025-12-29 18:35:17,0.0,73.46496926417078,10.61401229433169,LOW,1
4633,896114,UAE526,2025-12-30 07:18:12,0.0,97.266236387141,1.0935054451435975,LOW,1
4634,896116,UAE566,2025-12-29 17:23:08,0.0,64.18582608825297,14.325669564698813,LOW,1
4635,89611d,UAE349,2025-12-29 03:34:08,0.0,97.2830660885217,1.0867735645913228,LOW,1
4636,89611e,UAE363,2025-12-29 00:54:10,0.0,90.73988454399293,3.704046182402829,LOW,1
4637,89611f,UAE332,2025-12-30 08:28:35,0.0,79.02586568717268,8.389653725130927,LOW,1
4638,896121,UAE395,2025-12-29 01:14:06,0.0,83.38715377077322,6.645138491690711,LOW,1
4639,896173,UAE3PX,2025-12-29 01:04:06,0.0,78.29951723694035,8.680193105223863,LOW,1
4640,896177,UAE387,2025-12-29 04:34:06,0.0,97.0738583540379,1.170456658384842,LOW,1
4641,89617a,UAE8M,2025-12-30 02:48:39,10.0,68.73014702557194,18.507941189771223,LOW,1
4642,89617d,UAE378,2025-12-30 07:58:34,0.0,94.27692911835406,2.2892283526583754,LOW,1
4643,89617f,UAE378,2025-12-29 08:04:08,0.0,92.72799980423332,2.908800078306672,LOW,1
4644,89617f,UAE394,2025-12-30 08:48:37,0.0,89.68970939630579,4.124116241477686,LOW,1
4645,896186,UAE302,2025-12-30 06:58:37,0.0,71.45753372373653,11.416986510505389,LOW,1
4646,896191,UAE314,2025-12-29 01:34:05,0.0,92.67938151665226,2.9282473933390976,LOW,1
4647,896197,UAE316,2025-12-30 07:58:34,0.0,92.36520865592792,3.053916537628834,LOW,1
4648,896198,UAE385,2025-12-29 03:04:06,0.0,98.25724731877243,0.6971010724910287,LOW,1
4649,896209,UAE3M,2025-12-29 07:34:07,0.0,96.3423589509685,1.4630564196125988,LOW,1
4650,89620a,UAE359,2025-12-29 02:54:07,0.0,94.95723088490018,2.017107646039926,LOW,1
4651,89620d,UAE544,2025-12-29 06:44:08,0.0,77.6589046701737,8.93643813193052,LOW,1
4652,89620d,UAE545,2025-12-29 10:24:06,0.0,83.12770313659178,6.74891874536329,LOW,1
4653,89620d,UAE528,2025-12-29 18:23:08,0.0,95.42990429927794,1.8280382802888255,LOW,1
4654,89620e,UAE3PX,2025-12-30 01:08:40,0.0,77.91067430987765,8.83573027604894,LOW,1
4655,896212,UAE526,2025-12-29 07:14:05,0.0,97.67591601917569,0.929633592329725,LOW,1
4656,896213,UAE56F,2025-12-29 03:14:06,0.0,88.98620078630341,4.405519685478635,LOW,1
4657,896213,UAE544,2025-12-30 06:38:36,0.0,81.84779888649011,7.260880445403956,LOW,1
4658,896214,UAE512,2025-12-29 01:14:06,50.0,60.29168537380123,45.88332585047951,MEDIUM,1
4659,896214,UAE21W,2025-12-29 04:34:06,25.0,43.062372930572536,37.77505082777098,MEDIUM,1
4660,896214,UAE517,2025-12-29 16:31:45,0.0,82.2906280716824,7.083748771327038,LOW,1
4661,896214,UAE510,2025-12-30 08:18:37,35.0,65.77791624573088,34.68883350170765,MEDIUM,1
4662,896215,UAE65T,2025-12-29 01:34:05,0.0,83.40122924019872,6.639508303920514,LOW,1
4663,896218,UAE2V,2025-12-30 06:58:37,50.0,57.019734312024596,47.19210627519016,MEDIUM,1
4664,896218,UAE89V,2025-12-30 09:18:35,35.0,54.28334334494653,39.286662662021385,MEDIUM,1
4665,896219,UAE6Q,2025-12-30 02:18:37,0.0,75.2472628212857,9.90109487148572,LOW,1
4666,896219,UAE1P,2025-12-30 04:58:38,35.0,63.561224037667884,35.57551038493285,MEDIUM,1
4667,89621a,UAE530,2025-12-29 07:24:06,35.0,51.281298268904436,40.487480692438226,MEDIUM,1
4668,89621a,UAE531,2025-12-29 10:04:07,0.0,67.21786162834539,13.112855348661846,LOW,1
4669,89621b,UAE2V,2025-12-29 06:24:05,50.0,45.84980667188336,51.660077331246654,MEDIUM,1
4670,89621b,UAE89V,2025-12-29 09:24:04,0.0,75.22720919442135,9.909116322231462,LOW,1
4671,89621b,UAE56F,2025-12-30 02:58:37,0.0,84.19555417110377,6.321778331558495,LOW,1
4672,89625c,ETD341,2025-12-29 04:14:05,0.0,87.57284076357853,4.97086369456859,LOW,1
4673,89625c,ETD2LP,2025-12-30 02:18:37,0.0,61.746394652723886,15.301442138910446,LOW,1
4674,89625c,ETD265,2025-12-30 04:08:35,0.0,70.22677971503306,11.909288113986776,LOW,1
4675,89627b,ETD394,2025-12-29 01:44:09,0.0,75.76492419196853,9.694030323212587,LOW,1
4676,89627b,ETD395,2025-12-29 04:44:07,0.0,97.07838665756533,1.1686453369738672,LOW,1
4677,8962d0,ABY448,2025-12-30 02:48:39,0.0,96.29767813339066,1.4809287466437355,LOW,1
4678,8962d0,ABY448,2025-12-30 03:58:40,25.0,73.74169054078958,25.50332378368417,LOW,1
4679,8962e6,ETD402,2025-12-30 04:18:35,0.0,97.79857786036446,0.8805688558542158,LOW,1
4680,896305,UAE42N,2025-12-29 01:24:06,0.0,96.15256213372211,1.5389751465111545,LOW,1
4681,896305,UAE525,2025-12-29 05:14:08,0.0,97.18170587586741,1.1273176496530368,LOW,1
4682,896305,UAE46F,2025-12-29 15:51:45,35.0,53.733325272657275,39.50666989093709,MEDIUM,1
4683,896306,UAE3KV,2025-12-28 23:48:41,0.0,96.56498502292324,1.3740059908307047,LOW,1
4684,896306,UAE9U,2025-12-29 09:14:08,35.0,52.46191555147258,40.01523377941097,MEDIUM,1
4685,896308,UAE542,2025-12-29 00:38:36,0.0,71.73905072946933,11.30437970821227,LOW,1
4686,896308,UAE543,2025-12-29 05:14:08,0.0,95.70730005447524,1.717079978209904,LOW,1
4687,896308,UAE399,2025-12-30 03:18:38,0.0,97.22224532074549,1.1111018717018055,LOW,1
4688,896309,UAE510,2025-12-29 08:04:08,35.0,57.387387597260435,38.045044961095826,MEDIUM,1
4689,89630b,UAE338,2025-12-29 07:44:01,0.0,92.18094027309574,3.127623890761703,LOW,1
4690,89630b,UAE3KV,2025-12-29 23:48:40,0.0,95.07080988551785,1.9716760457928615,LOW,1
4691,89630b,UAE9U,2025-12-30 08:28:35,35.0,33.82098315665317,47.47160673733873,MEDIUM,-1
4692,89630f,UAE65T,2025-12-30 01:38:40,0.0,93.75873523316349,2.4965059067346034,LOW,1
4693,896311,UAE371,2025-12-29 05:04:06,0.0,96.39068382324774,1.4437264707009037,LOW,1
4694,896311,UAE335,2025-12-30 03:08:38,0.0,95.23342649265841,1.9066294029366362,LOW,1
4695,896313,UAE359,2025-12-30 02:38:38,0.0,98.05208086759488,0.7791676529620475,LOW,1
4696,896314,UAE396,2025-12-29 15:51:45,0.0,95.84891738938227,1.660433044247094,LOW,1
4697,896315,UAE504,2025-12-29 07:44:01,35.0,61.97600936702207,36.20959625319117,MEDIUM,1
4698,896318,UAE305,2025-12-30 09:48:34,0.0,93.40776440163691,2.636894239345236,LOW,1
4699,896319,UAE393,2025-12-29 02:34:07,0.0,96.86195292062112,1.2552188317515516,LOW,1
4700,896319,UAE42N,2025-12-30 01:48:39,0.0,92.757954774961,2.896818090015603,LOW,1
4701,896319,UAE525,2025-12-30 05:08:39,0.0,97.46903158796525,1.012387364813901,LOW,1
4702,89631b,UAE356,2025-12-29 08:14:07,0.0,89.80648799830753,4.077404800676987,LOW,1
4703,89631b,UAE338,2025-12-30 07:58:34,0.0,91.59795355134393,3.3608185794624266,LOW,1
4704,89631c,UAE6Q,2025-12-29 02:14:08,35.0,72.7858615203912,31.88565539184352,MEDIUM,1
4705,896326,ETD440,2025-12-30 02:28:35,0.0,83.30164349799111,6.679342600803557,LOW,1
4706,896327,ETD476,2025-12-29 01:34:05,0.0,90.3065136292022,3.87739454831912,LOW,1
4707,89633a,ETD392,2025-12-30 07:18:12,0.0,77.45670998435608,9.017316006257568,LOW,1
4708,89633a,ETD393,2025-12-30 09:58:35,0.0,83.26088771867235,6.69564491253106,LOW,1
4709,896353,ETD401,2025-12-29 05:04:06,0.0,96.03494426413458,1.586022294346168,LOW,1
4710,896354,ETD402,2025-12-29 03:04:06,0.0,96.39006234285958,1.4439750628561683,LOW,1
4711,896354,ETD402,2025-12-29 03:54:07,0.0,99.25119434360677,0.29952226255729214,LOW,1
4712,896354,ETD476,2025-12-30 01:48:39,0.0,95.66122813603656,1.7355087455853777,LOW,1
4713,896357,ETD936,2025-12-29 06:04:04,0.0,86.61544912755147,5.353820348979411,LOW,1
4714,896366,ABY526,2025-12-30 07:48:33,0.0,57.13426656121258,17.14629337551497,LOW,1
4715,896388,ETD6CK,2025-12-29 06:44:08,0.0,72.8792995629889,10.848280174804438,LOW,1
4716,896388,ETD8KP,2025-12-29 10:24:06,0.0,87.77156837828048,4.89137264868781,LOW,1
4717,89638d,ABY465,2025-12-29 16:41:44,50.0,63.099305922050874,44.76027763117965,MEDIUM,1
4718,89638d,ABY466,2025-12-29 18:45:15,0.0,76.20708769221541,9.517164923113837,LOW,1
4719,89638d,ABY471,2025-12-30 01:18:37,0.0,61.538521875405266,15.384591249837895,LOW,1
4720,89638d,ABY472,2025-12-30 04:18:35,0.0,84.3755173879059,6.24979304483764,LOW,1
4721,896397,ETD6SN,2025-12-30 01:08:40,0.0,80.29267975972897,7.8829280961084125,LOW,1
4722,896397,ETD341,2025-12-30 04:38:37,0.0,89.23363144138203,4.306547423447188,LOW,1
4723,89639a,UAE353,2025-12-30 01:58:37,0.0,93.89926835066099,2.4402926597356043,LOW,1
4724,89639c,UAE7MY,2025-12-29 06:34:06,0.0,95.18109985573496,1.9275600577060175,LOW,1
4725,89639d,UAE75T,2025-12-29 02:54:07,0.0,97.01267639016959,1.1949294439321647,LOW,1
4726,89639d,UAE7MY,2025-12-30 06:48:37,0.0,91.75340866596218,3.298636533615127,LOW,1
4727,89639e,UAE75T,2025-12-30 02:48:39,0.0,99.0923720705402,0.36305117178392265,LOW,1
4728,89639f,UAE381,2025-12-29 01:24:06,0.0,92.47490573268905,3.010037706924379,LOW,1
4729,8963a3,UAE9446,2025-12-29 00:48:39,0.0,87.65772197487607,4.936911210049573,LOW,1
4730,8963ab,ETD391,2025-12-29 17:01:38,0.0,91.23484690858473,3.506061236566109,LOW,1
4731,8963ab,ETD331,2025-12-30 10:08:34,0.0,66.70351012125859,13.318595951496565,LOW,1
4732,8963af,FDB565,2025-12-29 02:14:08,0.0,70.40134936539019,11.839460253843924,LOW,1
4733,8963af,FDB566,2025-12-29 06:24:05,0.0,96.57545597479283,1.3698176100828676,LOW,1
4734,8963c9,ABY448,2025-12-29 03:34:08,0.0,59.59230785796276,16.163076856814897,LOW,1
4735,8963c9,ABY587,2025-12-29 23:48:40,0.0,87.68229555598211,4.927081777607157,LOW,1
4736,8963c9,ABY588,2025-12-30 03:08:38,0.0,87.99241716935575,4.803033132257702,LOW,1
4737,8963cf,ETD218,2025-12-29 01:44:09,50.0,44.51259747118014,52.194961011527944,MEDIUM,1
4738,8963cf,ETD89J,2025-12-29 05:34:08,25.0,56.99492531350642,32.20202987459743,MEDIUM,1
4739,8963d2,UAE5K,2025-12-29 07:24:06,0.0,78.96107030860497,8.41557187655801,LOW,1
4740,8963d2,UAE7P,2025-12-29 10:24:06,0.0,95.99686686299765,1.6012532548009404,LOW,1
4741,8963d6,UAE394,2025-12-29 08:44:04,0.0,91.38457456099945,3.4461701756002188,LOW,1
4742,8963d6,UAE395,2025-12-30 01:08:40,0.0,91.2046526537092,3.518138938516319,LOW,1
4743,8963d7,UAE397,2025-12-29 01:14:06,0.0,94.27430557730668,2.290277769077329,LOW,1
4744,8963d7,UAE5K,2025-12-30 07:28:36,0.0,80.406367948258,7.837452820696803,LOW,1
4745,8963d7,UAE7P,2025-12-30 10:18:36,0.0,81.35564955826761,7.457740176692955,LOW,1
4746,8963db,UAE382,2025-12-29 07:14:05,0.0,71.475814044624,11.4096743821504,LOW,1
4747,8963dc,UAE329,2025-12-29 01:24:06,0.0,90.92282193339503,3.630871226641989,LOW,1
4748,8963dd,UAE504,2025-12-30 07:48:33,35.0,46.52598380920341,42.38960647631863,MEDIUM,1
4749,8963de,UAE512,2025-12-30 01:48:39,0.0,74.14481061503831,10.342075753984677,LOW,1
4750,8963de,UAE21W,2025-12-30 04:38:37,25.0,57.39559997824993,32.041760008700024,MEDIUM,1
4751,8963e0,UAE335,2025-12-29 02:44:02,0.0,94.98746733360971,2.0050130665561143,LOW,1
4752,8963e0,UAE542,2025-12-30 00:48:35,0.0,83.18871826192861,6.7245126952285545,LOW,1
4753,8963e0,UAE543,2025-12-30 04:38:37,0.0,82.31428171901796,7.074287312392818,LOW,1
4754,8963e1,UAE393,2025-12-30 02:28:35,0.0,97.50491548688589,0.9980338052456432,LOW,1
4755,8963e3,UAE371,2025-12-30 04:58:38,0.0,97.2393985447946,1.1042405820821615,LOW,1
4756,8963e5,UAE416,2025-12-29 02:34:07,0.0,98.8265208197246,0.4693916721101573,LOW,1
4757,8963e5,UAE417,2025-12-30 01:58:37,0.0,97.94131834127093,0.8234726634916285,LOW,1
4758,8963e8,UAE353,2025-12-29 02:24:07,0.0,92.82880097211068,2.8684796111557262,LOW,1
4759,8963e9,UAE417,2025-12-29 01:44:09,0.0,96.4202685881601,1.4318925647359606,LOW,1
4760,8963e9,UAE416,2025-12-30 02:38:38,0.0,97.85904114819043,0.8563835407238287,LOW,1
4761,8963ec,UAE303,2025-12-29 01:34:05,0.0,91.3888427275524,3.4444629089790397,LOW,1
4762,8963f4,UAE384,2025-12-29 08:04:08,0.0,96.69320454402359,1.3227181823905654,LOW,1
4763,8963f4,UAE385,2025-12-30 03:18:38,0.0,99.4624714907856,0.21501140368575877,LOW,1
4764,8963f6,UAE376,2025-12-29 08:54:06,0.0,96.5691874463186,1.3723250214725624,LOW,1
4765,8963f6,UAE377,2025-12-30 03:58:40,0.0,96.29258904438228,1.4829643822470873,LOW,1
4766,8963f9,ETD1CB,2025-12-29 06:24:05,10.0,75.87159473606714,15.651362105573146,LOW,1
4767,896411,ABY512,2025-12-29 07:44:01,35.0,59.33604895811411,37.26558041675436,MEDIUM,1
4768,896411,ABY513,2025-12-29 10:14:09,0.0,79.14572763475873,8.341708946096508,LOW,1
4769,89642a,ETD8KU,2025-12-29 18:23:08,0.0,98.0340332053526,0.7863867178589601,LOW,1
4770,89642d,ABY410,2025-12-29 02:54:07,0.0,69.23467180761827,12.306131276952692,LOW,1
4771,89642d,ABY442,2025-12-29 16:31:45,0.0,94.7773943276277,2.0890422689489188,LOW,1
4772,89642d,ABY442,2025-12-29 17:43:10,35.0,77.76721017527645,29.893115929889422,LOW,1
4773,89642e,ABY405,2025-12-30 03:38:37,0.0,68.81025881764579,12.475896472941685,LOW,1
4774,89642e,ABY406,2025-12-30 05:28:36,0.0,57.541731592092816,16.983307363162876,LOW,1
4775,89643d,ETD3QD,2025-12-29 06:24:05,0.0,65.326024917497,13.869590033001202,LOW,1
4776,89643f,ETD6CK,2025-12-30 06:38:36,0.0,81.071333511429,7.571466595428399,LOW,1
4777,89643f,ETD8KP,2025-12-30 10:18:36,0.0,85.95933603790255,5.616265584838982,LOW,1
4778,896440,ETD392,2025-12-29 07:04:08,0.0,76.24448870847624,9.502204516609504,LOW,1
4779,896440,ETD393,2025-12-29 10:14:09,0.0,87.23791636898426,5.104833452406297,LOW,1
4780,896442,ETD9681,2025-12-29 01:34:05,0.0,84.70263883963699,6.118944464145205,LOW,1
4781,896442,ETD9681,2025-12-29 04:04:06,0.0,94.88308622888931,2.0467655084442753,LOW,1
4782,896442,ETD937,2025-12-29 17:33:04,0.0,89.20507791248353,4.317968835006588,LOW,1
4783,896442,ETD938,2025-12-30 02:38:38,0.0,91.5850598538444,3.3659760584622407,LOW,1
4784,896458,UAE5JM,2025-12-29 15:51:45,0.0,96.50391269953055,1.398434920187782,LOW,1
4785,896459,UAE384,2025-12-30 08:08:33,0.0,93.78230795394266,2.487076818422935,LOW,1
4786,89645a,UAE500,2025-12-29 01:24:06,35.0,53.07048401065894,39.77180639573643,MEDIUM,1
4787,89645b,UAE568,2025-12-29 01:44:09,35.0,62.73154716416784,35.907381134332866,MEDIUM,1
4788,896461,ETD498,2025-12-29 01:44:09,0.0,96.4039033757758,1.438438649689681,LOW,1
4789,896462,ETD498,2025-12-30 02:08:35,0.0,97.42810770007698,1.0287569199692086,LOW,1
4790,89646a,FDB579,2025-12-30 06:08:34,0.0,67.93973800321582,12.824104798713671,LOW,1
4791,89646a,FDB580,2025-12-30 09:48:34,0.0,91.37149876375916,3.451400494496335,LOW,1
4792,896471,UAE568,2025-12-30 01:58:37,35.0,67.09302988337413,34.16278804665035,MEDIUM,1
4793,896471,UAE569,2025-12-30 05:18:34,0.0,69.07071123789454,12.371715504842184,LOW,1
4794,896472,UAE380,2025-12-29 15:51:45,0.0,90.87456367030563,3.650174531877747,LOW,1
4795,896472,UAE381,2025-12-30 01:48:39,0.0,94.5415702281208,2.1833719087516785,LOW,1
4796,896472,UAE381,2025-12-30 04:18:35,0.0,95.95026346162118,1.6198946153515295,LOW,1
4797,896473,UAE80T,2025-12-29 15:51:45,0.0,86.38112593403383,5.447549626386468,LOW,1
4798,896474,UAE372,2025-12-29 15:51:45,0.0,94.53359781748547,2.1865608730058113,LOW,1
4799,896474,UAE373,2025-12-29 23:28:38,0.0,92.52258153085758,2.9909673876569687,LOW,1
4800,896475,UAE316,2025-12-29 07:44:01,0.0,82.10095477976583,7.159618088093669,LOW,1
4801,896478,UAE374,2025-12-29 03:34:08,0.0,87.2792429897811,5.0883028040875615,LOW,1
4802,896478,UAE374,2025-12-30 03:48:37,0.0,88.22183410293009,4.711266358827965,LOW,1
4803,896478,UAE374,2025-12-30 04:48:37,0.0,93.15949062550654,2.736203749797386,LOW,1
4804,89647b,UAE7Q,2025-12-29 02:44:02,0.0,98.14095543289906,0.7436178268403751,LOW,1
4805,89647b,UAE366,2025-12-30 07:48:33,0.0,80.10482688178863,7.95806924728455,LOW,1
4806,89647d,UAE318,2025-12-29 07:34:07,0.0,92.31675544886906,3.0732978204523764,LOW,1
4807,896481,UAE5AM,2025-12-30 02:58:37,0.0,94.19178803989774,2.323284784040902,LOW,1
4808,896482,UAE377,2025-12-29 04:04:06,0.0,94.88402972153361,2.0463881113865567,LOW,1
4809,896482,UAE376,2025-12-30 09:28:35,0.0,95.05820006312383,1.9767199747504662,LOW,1
4810,896484,UAE368,2025-12-30 07:18:12,0.0,97.16408234709637,1.1343670611614527,LOW,1
4811,896485,ABY422,2025-12-30 02:58:37,35.0,65.93041233692944,34.627835065228226,MEDIUM,1
4812,896486,ABY518,2025-12-29 07:34:07,50.0,45.85726940225565,51.657092239097736,MEDIUM,1
4813,896486,ABY519,2025-12-29 10:14:09,0.0,82.67547604986078,6.929809580055689,LOW,1
4814,896488,ETD6RM,2025-12-29 01:04:06,0.0,61.55551748687872,15.377793005248513,LOW,1
4815,896488,ETD233,2025-12-29 04:34:06,0.0,74.41905678976865,10.232377284092543,LOW,1
4816,896488,ETD401,2025-12-30 05:18:34,0.0,97.47254672136512,1.010981311453952,LOW,1
4817,896489,ETD474,2025-12-30 00:58:38,0.0,93.47833149873739,2.6086674005050443,LOW,1
4818,89648a,ETD50E,2025-12-30 01:28:36,0.0,93.3306406909536,2.66774372361856,LOW,1
4819,89648a,ETD5ZK,2025-12-30 04:58:38,0.0,95.76818290064767,1.6927268397409307,LOW,1
4820,89648e,FDB579,2025-12-29 06:14:08,0.0,73.34174014357697,10.663303942569213,LOW,1
4821,89648e,FDB580,2025-12-29 09:54:04,0.0,96.99252519642583,1.2029899214296678,LOW,1
4822,896496,ABY463,2025-12-29 01:44:09,10.0,83.30846718451389,12.676613126194447,LOW,1
4823,896496,ABY464,2025-12-29 05:04:06,0.0,81.15522239792712,7.537911040829153,LOW,1
4824,89649f,UAE382,2025-12-30 08:38:36,0.0,83.34435093876704,6.662259624493186,LOW,1
4825,8964a0,UAE404,2025-12-30 02:28:35,0.0,92.80169223235816,2.8793231070567344,LOW,1
4826,8964a2,UAE15K,2025-12-30 07:28:36,0.0,95.43607936222338,1.8255682551106476,LOW,1
4827,8964a4,UAE404,2025-12-29 01:44:09,0.0,89.04848441704328,4.380606233182687,LOW,1
4828,8964af,UAE366,2025-12-29 08:24:06,0.0,91.26327396389603,3.49469041444159,LOW,1
4829,8964af,UAE367,2025-12-30 03:18:38,0.0,96.19697589065625,1.5212096437375011,LOW,1
4830,8964b1,UAE5CL,2025-12-29 02:34:07,0.0,93.52036713816115,2.591853144735541,LOW,1
4831,8964b2,UAE500,2025-12-30 01:38:40,35.0,59.881022660726,37.0475909357096,MEDIUM,1
4832,8964b6,UAE414,2025-12-29 06:04:04,0.0,93.14089289941997,2.743642840232013,LOW,1
4833,8964b7,UAE62P,2025-12-30 07:58:34,0.0,95.99603696778115,1.6015852128875396,LOW,1
4834,8964bb,ETD3JC,2025-12-28 23:48:41,0.0,93.0237560997119,2.790497560115239,LOW,1
4835,8964bb,ETD870,2025-12-30 01:58:37,0.0,91.57153190428969,3.371387238284126,LOW,1
4836,8964bc,ETD415,2025-12-30 05:08:39,0.0,97.33634680003551,1.0654612799857943,LOW,1
4837,8964bd,ETD91N,2025-12-29 01:24:06,0.0,98.053800840609,0.7784796637564,LOW,1
4838,8964be,ETD800,2025-12-30 01:58:37,0.0,87.113128135045,5.154748745981999,LOW,1
4839,8964c1,ETD408,2025-12-29 01:54:09,0.0,94.50911523696429,2.1963539052142838,LOW,1
4840,8964c1,ETD91N,2025-12-30 00:18:35,0.0,91.40813412250924,3.4367463509963048,LOW,1
4841,8964c2,ETD432,2025-12-29 02:14:08,0.0,91.36113609278812,3.4555455628847542,LOW,1
4842,8964c2,ETD433,2025-12-29 08:24:06,0.0,94.11837502476082,2.3526499900956708,LOW,1
4843,8964c2,ETD206,2025-12-30 00:58:38,10.0,47.71387718726855,26.91444912509258,LOW,1
4844,8964cf,FDB1133,2025-12-30 06:38:36,0.0,60.343167252108074,15.86273309915677,LOW,1
4845,8964cf,FDB1134,2025-12-30 09:28:35,0.0,80.50596139294262,7.797615442822951,LOW,1
4846,8964d1,FDB443,2025-12-30 09:58:35,0.0,70.32358590147146,11.870565639411417,LOW,1
4847,8964d2,FDB1463,2025-12-29 05:44:09,0.0,94.52553922682469,2.1897843092701237,LOW,1
4848,8964d2,FDB1464,2025-12-29 15:51:45,0.0,97.59494976366953,0.962020094532187,LOW,1
4849,8964d9,ABY467,2025-12-30 02:18:37,0.0,98.65722835496342,0.5371086580146311,LOW,1
4850,8964d9,ABY468,2025-12-30 05:08:39,0.0,97.16550242077112,1.1337990316915523,LOW,1
4851,8964da,ABY405,2025-12-29 03:34:08,10.0,66.86682755895126,19.2532689764195,LOW,1
4852,8964da,ABY406,2025-12-29 05:24:05,0.0,55.88348326428836,17.646606694284657,LOW,1
4853,8964e3,UAE302,2025-12-29 07:54:02,0.0,91.93196228426989,3.2272150862920457,LOW,1
4854,8964e3,UAE303,2025-12-30 01:28:36,0.0,93.00141845411096,2.7994326183556155,LOW,1
4855,8964f9,ETD870,2025-12-29 01:54:09,0.0,91.00252074175476,3.5989917032980943,LOW,1
4856,896503,ABY422,2025-12-29 02:24:07,35.0,68.16057037826829,33.735771848692686,MEDIUM,1
4857,896503,ABY536,2025-12-30 04:48:37,0.0,62.56015409196081,14.975938363215676,LOW,1
4858,896503,ABY537,2025-12-30 07:38:20,0.0,76.19315597373358,9.522737610506567,LOW,1
4859,896504,ABY467,2025-12-29 02:44:02,0.0,88.9466645991073,4.421334160357083,LOW,1
4860,896504,ABY468,2025-12-29 05:24:05,0.0,95.33063983028201,1.8677440678871962,LOW,1
4861,896504,ABY533,2025-12-29 16:01:36,0.0,73.62833064527477,10.548667741890092,LOW,1
4862,89650a,ETD948,2025-12-29 01:34:05,0.0,96.21034424260466,1.515862302958135,LOW,1
4863,89652d,ABY800,2025-12-30 01:28:36,0.0,95.903161541558,1.6387353833767975,LOW,1
4864,896531,FDB1133,2025-12-29 07:14:05,0.0,65.93723907945848,13.62510436821661,LOW,1
4865,896531,FDB1134,2025-12-29 10:24:06,0.0,81.96415161555375,7.214339353778502,LOW,1
4866,896534,ETD898,2025-12-30 02:08:35,0.0,85.3393334899491,5.8642666040203615,LOW,1
4867,896535,ETD898,2025-12-29 02:44:02,0.0,91.01768128859544,3.592927484561824,LOW,1
4868,896536,ETD73G,2025-12-29 00:38:36,0.0,93.96348260455669,2.414606958177325,LOW,1
4869,896537,ETD473,2025-12-29 01:44:09,0.0,98.65951863949428,0.536192544202288,LOW,1
4870,896538,ETD415,2025-12-29 04:34:06,0.0,95.17087286026859,1.931650855892565,LOW,1
4871,896538,ETD3JC,2025-12-29 23:38:34,0.0,98.93308393844576,0.4267664246216953,LOW,1
4872,89653a,ETD218,2025-12-30 01:48:39,35.0,55.75497158281794,38.69801136687283,MEDIUM,1
4873,89653a,ETD89J,2025-12-30 04:18:35,35.0,54.020182221931165,39.39192711122753,MEDIUM,1
4874,89653b,ETD473,2025-12-30 01:48:39,0.0,98.77259655290297,0.49096137883881286,LOW,1
4875,89653d,ETD474,2025-12-29 01:34:05,0.0,89.19136969053793,4.32345212378483,LOW,1
4876,896556,FDB9JS,2025-12-30 08:18:37,0.0,93.23052642345624,2.7077894306175043,LOW,1
4877,896557,FDB441,2025-12-29 10:24:06,0.0,71.65040339584996,11.339838641660016,LOW,1
4878,896558,ABY699,2025-12-29 06:04:04,0.0,98.15087322138292,0.7396507114468307,LOW,1
4879,896559,ABY687,2025-12-30 04:18:35,0.0,95.51366893415198,1.7945324263392082,LOW,1
4880,89655a,UAE318,2025-12-30 07:48:33,0.0,89.56953829442638,4.172184682229449,LOW,1
4881,89655c,UAE62P,2025-12-29 06:54:07,0.0,87.16687412604949,5.133250349580203,LOW,1
4882,89655d,UAE414,2025-12-30 06:48:37,0.0,97.89587107010247,0.841651571959011,LOW,1
4883,89655e,UAE5AM,2025-12-29 02:44:02,0.0,97.53150450029126,0.987398199883495,LOW,1
4884,89656a,FDB435,2025-12-29 00:38:36,0.0,81.5931569505318,7.362737219787277,LOW,1
4885,89656a,FDB436,2025-12-29 03:34:08,0.0,96.04052451928607,1.5837901922855737,LOW,1
4886,89656a,FDB561,2025-12-30 03:28:39,0.0,63.18515942284398,14.725936230862409,LOW,1
4887,89656a,FDB562,2025-12-30 07:28:36,0.0,93.41120079069177,2.635519683723294,LOW,1
4888,89656e,ETD73G,2025-12-30 00:38:34,0.0,87.94198879044416,4.823204483822337,LOW,1
4889,896582,ABY821,2025-12-29 03:34:08,0.0,96.69918228093341,1.3203270876266346,LOW,1
4890,896582,ABY821,2025-12-29 04:34:06,0.0,96.1577498525897,1.536900058964119,LOW,1
4891,896582,ABY822,2025-12-29 10:24:06,0.0,95.18786840583726,1.9248526376650945,LOW,1
4892,896582,ABY821,2025-12-30 03:38:37,0.0,95.36607716154147,1.8535691353834125,LOW,1
4893,896582,ABY821,2025-12-30 04:28:41,0.0,96.69377882671542,1.3224884693138337,LOW,1
4894,896585,ADY144,2025-12-29 00:18:37,0.0,72.16755988921858,11.132976044312569,LOW,1
4895,896587,ABY511,2025-12-29 23:28:38,0.0,87.56838518671358,4.972645925314566,LOW,1
4896,896587,ABY512,2025-12-30 07:28:36,35.0,42.54009303825534,43.983962784697866,MEDIUM,1
4897,89659c,ETD206,2025-12-29 00:48:39,0.0,70.46829364730273,11.812682541078908,LOW,1
4898,89659c,ETD4XQ,2025-12-29 05:04:06,0.0,75.85701525108904,9.657193899564385,LOW,1
4899,89659c,ETD216,2025-12-29 18:45:15,0.0,72.43165151512848,11.027339393948608,LOW,1
4900,89659d,ABY587,2025-12-28 23:48:41,0.0,71.26303488577378,11.49478604569049,LOW,1
4901,89659d,ABY588,2025-12-29 03:14:06,0.0,81.15159455756597,7.539362176973611,LOW,1
4902,8965ac,ADY133,2025-12-29 03:24:06,35.0,66.5950951365355,34.3619619453858,MEDIUM,1
4903,8965ac,ADY134,2025-12-29 05:04:06,0.0,68.36442024717446,12.654231901130215,LOW,1
4904,8965ac,ADY133,2025-12-30 02:18:37,0.0,99.14675141905522,0.3412994323779117,LOW,1
4905,8965ac,ADY133,2025-12-30 03:28:39,35.0,69.99742082518098,33.001031669927606,MEDIUM,1
4906,8965ac,ADY134,2025-12-30 05:08:39,0.0,83.02484336823859,6.790062652704563,LOW,1
4907,8965b2,FDB1482,2025-12-28 23:58:46,0.0,94.88072150722353,2.0477113971105894,LOW,1
4908,8965b3,FDB1481,2025-12-29 15:51:45,0.0,95.61064442676737,1.755742229293054,LOW,1
4909,8965b3,FDB1482,2025-12-30 00:48:35,0.0,97.01107614133934,1.1955695434642621,LOW,1
4910,8965b9,UAE9875,2025-12-29 09:54:04,0.0,92.40344981008285,3.038620075966861,LOW,1
4911,8965c2,FDB1463,2025-12-30 05:48:34,0.0,96.19480791085752,1.522076835656992,LOW,1
4912,8965c3,FDB9JS,2025-12-29 08:14:07,0.0,96.24960282850914,1.500158868596344,LOW,1
4913,8965c3,FDB1604,2025-12-29 23:38:34,0.0,99.27078587421116,0.2916856503155373,LOW,1
4914,8965d0,FDB461,2025-12-28 23:48:41,35.0,50.16063618628073,40.935745525487704,MEDIUM,1
4915,8965d0,FDB9UR,2025-12-29 01:44:09,0.0,77.0914325092319,9.163426996307242,LOW,1
4916,8965d6,FDB435,2025-12-30 00:38:34,0.0,93.11597821176832,2.753608715292671,LOW,1
4917,8965d6,FDB436,2025-12-30 03:38:37,0.0,96.01109871311023,1.5955605147559084,LOW,1
4918,8965e1,ADY200,2025-12-29 03:04:06,0.0,69.26023742794615,12.29590502882154,LOW,1
4919,8965ee,ADY061,2025-12-29 18:23:08,0.0,94.50127170788605,2.199491316845581,LOW,1
4920,8965f6,ABY511,2025-12-28 23:48:41,0.0,90.27143088898188,3.8914276444072473,LOW,1
4921,8965f6,ABY502,2025-12-30 01:58:37,0.0,79.00448562495411,8.398205750018354,LOW,1
4922,8965f6,ABY503,2025-12-30 05:48:34,0.0,94.36297921918325,2.254808312326702,LOW,1
4923,8965f7,ABY509,2025-12-29 15:51:45,0.0,94.67046629500231,2.1318134819990746,LOW,1
4924,8965f7,ABY518,2025-12-30 05:28:36,0.0,45.895214684942836,21.64191412602287,LOW,1
4925,8965f7,ABY519,2025-12-30 08:58:35,0.0,81.99167941372357,7.203328234510571,LOW,1
4926,8965f9,ADY043,2025-12-29 08:04:08,0.0,78.345024543028,8.661990182788799,LOW,1
4927,8965f9,ADY044,2025-12-29 10:24:06,0.0,80.74679591675212,7.7012816332991525,LOW,1
4928,8965f9,ADY043,2025-12-30 07:48:33,0.0,59.053053495319354,16.37877860187226,LOW,1
4929,8965fa,ADY248,2025-12-29 18:23:08,0.0,68.90442704621823,12.438229181512709,LOW,1
4930,8965fb,ADY141,2025-12-29 02:14:08,0.0,90.36891203760523,3.8524351849579093,LOW,1
4931,8965fb,ADY142,2025-12-29 05:14:08,0.0,80.13944144900002,7.944223420399993,LOW,1
4932,8965fb,ADY127,2025-12-30 02:38:38,0.0,59.962160299084005,16.015135880366397,LOW,1
4933,8965fb,ADY128,2025-12-30 05:18:34,0.0,77.15543764305535,9.13782494277786,LOW,1
4934,896603,FDB445,2025-12-29 04:14:05,0.0,44.39689219378126,22.241243122487496,LOW,1
4935,896603,FDB446,2025-12-29 05:54:05,0.0,76.10116903240947,9.559532387036212,LOW,1
4936,896603,FDB550,2025-12-29 18:03:07,0.0,95.96839918792888,1.6126403248284475,LOW,1
4937,896606,FDB9RF,2025-12-28 23:48:41,35.0,67.28341614386922,34.08663354245231,MEDIUM,1
4938,89660c,FDB523,2025-12-29 17:43:10,0.0,91.88693282122698,3.245226871509209,LOW,1
4939,896615,UAE9878,2025-12-29 18:23:08,0.0,89.93703107098858,4.025187571604568,LOW,1
4940,896615,UAE9879,2025-12-30 06:28:37,0.0,91.49369596974363,3.4025216121025497,LOW,1
4941,896616,UAE9870,2025-12-29 08:44:04,0.0,85.1614183742309,5.9354326503076384,LOW,1
4942,896616,UAE9871,2025-12-29 18:13:07,0.0,91.53219000242719,3.387123999029126,LOW,1
4943,896616,UAE9782,2025-12-30 05:18:34,0.0,87.21067176328297,5.11573129468681,LOW,1
4944,896617,UAE9855,2025-12-29 03:24:06,0.0,90.84474782131147,3.6621008714754115,LOW,1
4945,896622,UAE364,2025-12-30 10:18:36,0.0,96.2655827344596,1.4937669062161605,LOW,1
4946,896625,UAE310,2025-12-30 09:18:35,0.0,83.34594646358501,6.661621414565997,LOW,1
4947,896627,UAE364,2025-12-29 09:04:08,0.0,86.9089420390373,5.236423184385081,LOW,1
4948,89662e,ADY141,2025-12-30 02:38:38,0.0,76.32362564467903,9.470549742128389,LOW,1
4949,89662e,ADY142,2025-12-30 05:18:34,0.0,83.53990824512998,6.584036701948008,LOW,1
4950,896633,ADY063,2025-12-29 17:53:07,0.0,91.30853391752537,3.4765864329898535,LOW,1
4951,896644,FDB569,2025-12-29 23:28:38,0.0,73.63553360839543,10.545786556641827,LOW,1
4952,896644,FDB570,2025-12-30 02:38:38,0.0,92.59423192265405,2.9623072309383818,LOW,1
4953,89664b,ABY515,2025-12-28 23:58:46,0.0,95.84690592652969,1.6612376293881255,LOW,1
4954,89664b,ABY454,2025-12-30 02:08:35,0.0,98.96224013503145,0.41510394598741984,LOW,1
4955,89664c,ETD440,2025-12-29 02:24:07,0.0,93.27681754235729,2.689272983057083,LOW,1
4956,89665d,ABY536,2025-12-29 05:14:08,0.0,63.94803738564084,14.420785045743665,LOW,1
4957,89665d,ABY537,2025-12-29 07:44:01,0.0,78.03821154021983,8.784715383912067,LOW,1
4958,896660,FDB574,2025-12-30 00:38:34,0.0,74.29595748764534,10.281617004941864,LOW,1
4959,896663,FDB574,2025-12-29 00:18:37,0.0,73.75249552355848,10.499001790576608,LOW,1
4960,896664,FDB569,2025-12-28 23:48:41,0.0,77.75349173859892,8.89860330456043,LOW,1
4961,896664,FDB570,2025-12-29 02:54:07,0.0,95.33739652902443,1.8650413883902275,LOW,1
4962,896665,FDB2UB,2025-12-29 18:13:07,0.0,88.02984873193412,4.7880605072263505,LOW,1
4963,896668,ABY571,2025-12-29 18:45:15,0.0,94.30409001002614,2.2783639959895425,LOW,1
4964,89666a,ABY526,2025-12-29 08:04:08,0.0,72.47353771803701,11.010584912785198,LOW,1
4965,89666a,ABY527,2025-12-29 10:24:06,0.0,81.21763036900828,7.51294785239669,LOW,1
4966,896678,ETD238,2025-12-29 18:13:07,0.0,81.1090562383599,7.556377504656041,LOW,1
4967,89667a,UAE502,2025-12-29 16:51:45,10.0,68.08209080627775,18.767163677488902,LOW,1
4968,89667b,UAE440,2025-12-29 05:44:09,0.0,92.30812662695548,3.076749349217806,LOW,1
4969,89667b,UAE441,2025-12-30 02:58:37,0.0,95.69623730324865,1.7215050787005397,LOW,1
4970,89667c,UAE311,2025-12-29 02:14:08,0.0,96.8753872678942,1.249845092842321,LOW,1
4971,89667c,UAE311,2025-12-29 04:34:06,0.0,98.7559933643219,0.49760265427124184,LOW,1
4972,89667d,UAE441,2025-12-29 02:54:07,0.0,95.9001164215556,1.6399534313777622,LOW,1
4973,89667d,UAE440,2025-12-30 05:38:33,0.0,95.19795732966533,1.9208170681338688,LOW,1
4974,89668b,ABY463,2025-12-30 01:58:37,35.0,61.1047279748254,36.55810881006984,MEDIUM,1
4975,89668b,ABY464,2025-12-30 03:38:37,25.0,51.7828687617051,34.28685249531796,MEDIUM,1
4976,896690,ABY471,2025-12-29 01:24:06,0.0,66.65455191649342,13.338179233402634,LOW,1
4977,896690,ABY472,2025-12-29 04:04:06,0.0,87.49569355099408,5.00172257960237,LOW,1
4978,896697,ETD50E,2025-12-29 01:04:06,0.0,92.19227379713108,3.1230904811475684,LOW,1
4979,896697,ETD5ZK,2025-12-29 04:34:06,0.0,94.72664296905717,2.1093428123771334,LOW,1
4980,896697,ETD6RM,2025-12-30 01:48:39,0.0,76.71718266250838,9.31312693499665,LOW,1
4981,896697,ETD233,2025-12-30 04:38:37,0.0,83.57734942591863,6.56906022963255,LOW,1
4982,896698,ETD215,2025-12-29 16:21:38,0.0,60.3298126365236,15.86807494539056,LOW,1
4983,896698,ETD394,2025-12-30 01:28:36,0.0,77.72421201184576,8.910315195261694,LOW,1
4984,896698,ETD395,2025-12-30 04:28:41,0.0,90.7510639221144,3.6995744311542413,LOW,1
4985,896699,ETD212,2025-12-30 07:18:12,35.0,63.926364079977986,35.429454368008805,MEDIUM,1
4986,896699,ETD213,2025-12-30 09:38:37,0.0,71.92371354669193,11.230514581323229,LOW,1
4987,89669a,ETD358,2025-12-29 18:23:08,0.0,96.9751051998585,1.2099579200565984,LOW,1
4988,89669a,ETD1CB,2025-12-30 06:18:36,10.0,75.01164058004755,15.995343767980978,LOW,1
4989,8966a3,ABY496,2025-12-29 02:04:07,0.0,72.77043467948874,10.891826128204503,LOW,1
4990,8966a3,ABY497,2025-12-29 04:04:06,0.0,75.17551462504319,9.929794149982724,LOW,1
4991,8966a3,ABY520,2025-12-29 18:23:08,0.0,77.56058504386938,8.975765982452248,LOW,1
4992,8966a7,ETD405,2025-12-29 15:51:45,0.0,96.3955815536183,1.4417673785526803,LOW,1
4993,8966a7,ETD405,2025-12-29 17:13:08,0.0,95.87377105850886,1.650491576596454,LOW,1
4994,8966a7,ETD434,2025-12-30 02:08:35,0.0,94.91038868115047,2.035844527539814,LOW,1
4995,8966a8,ETD422,2025-12-29 00:48:39,0.0,90.37433132029821,3.850267471880716,LOW,1
4996,8966a8,ETD423,2025-12-29 09:54:04,0.0,98.72112426443658,0.511550294225367,LOW,1
4997,8966aa,ETD434,2025-12-29 01:54:09,0.0,94.14884971750291,2.340460112998835,LOW,1
4998,8966ab,ETD404,2025-12-30 07:48:33,0.0,94.09898966327802,2.3604041346887925,LOW,1
4999,8966ac,ETD426,2025-12-30 02:18:37,0.0,91.3135556994476,3.4745777202209585,LOW,1
5000,8966ac,ETD427,2025-12-30 08:48:37,0.0,89.203836690335,4.318465323866002,LOW,1
5001,8966af,ABY502,2025-12-29 02:04:07,0.0,64.25931257255426,14.296274970978295,LOW,1
5002,8966af,ABY503,2025-12-29 05:24:05,0.0,85.86961044302153,5.652155822791389,LOW,1
5003,8966b0,ABY496,2025-12-30 01:08:40,0.0,65.7858165431397,13.68567338274412,LOW,1
5004,8966b0,ABY497,2025-12-30 03:58:40,0.0,80.28200720580703,7.887197117677187,LOW,1
5005,8966bc,ETD416,2025-12-29 05:54:05,0.0,92.85459622715452,2.858161509138194,LOW,1
5006,8966bc,ETD417,2025-12-29 16:31:45,0.0,96.09063191941256,1.5637472322349766,LOW,1
5007,8966be,ETD212,2025-12-29 06:34:06,0.0,80.13963547733688,7.9441458090652475,LOW,1
5008,8966be,ETD213,2025-12-29 09:14:08,0.0,82.40148522414331,7.0394059103426745,LOW,1
5009,8966be,ETD416,2025-12-30 06:28:37,0.0,94.58133734966874,2.167465060132503,LOW,1
5010,8966c7,ETD800,2025-12-29 00:48:39,0.0,76.24363398157017,9.502546407371932,LOW,1
5011,8966cf,ETD204,2025-12-29 18:03:07,10.0,75.53764257005498,15.784942971978007,LOW,1
5012,8966d3,ETD7KP,2025-12-29 02:14:08,0.0,96.24146773334868,1.5034129066605262,LOW,1
5013,8966d4,ETD7KP,2025-12-30 01:38:40,0.0,87.6109052571558,4.955637897137677,LOW,1
5014,8966e0,CGS506,2025-12-29 01:24:06,0.0,81.56059910723151,7.375760357107396,LOW,1
5015,8966e0,CGS506,2025-12-29 03:34:08,0.0,93.71874139025749,2.5125034438970033,LOW,1
5016,89670a,ADY127,2025-12-29 02:24:07,0.0,65.7515380901662,13.699384763933518,LOW,1
5017,896717,ABY756,2025-12-30 03:48:37,0.0,97.33615083887128,1.0655396644514894,LOW,1
5018,896718,ABY823,2025-12-29 05:54:05,0.0,88.74309197887199,4.5027632084512055,LOW,1
5019,896719,ABY699,2025-12-30 06:18:36,0.0,97.619960929081,0.9520156283675988,LOW,1
5020,89671c,ABY823,2025-12-30 06:18:36,0.0,94.92175465121302,2.0312981395147918,LOW,1
5021,89671d,ABY756,2025-12-29 02:34:07,0.0,95.10180285436319,1.9592788582547258,LOW,1
5022,89900e,EVA088,2025-12-28 23:48:41,0.0,91.55166964064098,3.379332143743608,LOW,1
5023,899014,CAL5522,2025-12-29 04:54:04,0.0,69.89790648251568,12.04083740699373,LOW,1
5024,899022,CAL061,2025-12-30 01:18:37,0.0,45.40671408896092,21.837314364415633,LOW,1
5025,899036,EVA068,2025-12-29 10:14:09,0.0,93.01712590294399,2.793149638822405,LOW,1
5026,899038,EVA087,2025-12-29 01:24:06,0.0,77.97021867283878,8.811912530864488,LOW,1
5027,899038,EVA088,2025-12-29 23:28:38,0.0,75.06084177762975,9.975663288948102,LOW,1
5028,89907b,EVA071,2025-12-29 01:24:06,0.0,75.94280803005829,9.622876787976686,LOW,1
5029,89907b,EVA072,2025-12-29 23:28:38,0.0,88.99398137542755,4.40240744982898,LOW,1
5030,89907c,EVA095,2025-12-30 01:18:37,0.0,75.95936373856419,9.616254504574323,LOW,1
5031,89907e,EVA065,2025-12-29 01:34:05,0.0,74.89357725057516,10.042569099769935,LOW,1
5032,89907e,EVA066,2025-12-29 23:28:38,0.0,90.24923995470587,3.9003040181176516,LOW,1
5033,899080,EVA068,2025-12-30 10:08:34,0.0,78.75246985274289,8.499012058902844,LOW,1
5034,899081,EVA087,2025-12-30 01:38:40,0.0,70.68762310532867,11.724950757868534,LOW,1
5035,899094,EVA062,2025-12-29 04:04:06,0.0,57.09032658754481,17.163869364982077,LOW,1
5036,899094,EVA061,2025-12-30 02:38:38,0.0,47.63569384867141,20.94572246053144,LOW,1
5037,8990ec,CAL063,2025-12-30 01:28:36,0.0,50.40154400649594,19.839382397401625,LOW,1
5038,8990f4,CAL082,2025-12-30 09:38:37,0.0,79.65729301121009,8.137082795515965,LOW,1
5039,899125,CAL063,2025-12-29 03:14:06,0.0,56.71337803770142,17.314648784919434,LOW,1
5040,899139,EVA096,2025-12-28 23:48:41,0.0,93.36346375327123,2.654614498691507,LOW,1
5041,899139,EVA071,2025-12-30 01:18:37,0.0,71.34848368049822,11.460606527800714,LOW,1
5042,899160,CAL061,2025-12-29 01:24:06,0.0,39.10534795777697,24.357860816889215,LOW,-1
5043,89916c,CAL073,2025-12-29 00:54:10,0.0,74.23739831646196,10.305040673415215,LOW,1
5044,89916c,CAL074,2025-12-29 23:28:38,0.0,92.56652877052103,2.9733884917915874,LOW,1
5045,8991a4,CAL5637,2025-12-29 07:44:01,0.0,51.94067453376417,19.223730186494336,LOW,1
5046,8991a4,CAL5640,2025-12-30 06:28:37,50.0,39.25783875185163,54.29686449925935,MEDIUM,-1
5047,8991a4,CAL5640,2025-12-30 09:18:35,0.0,58.20000442501547,16.719998229993813,LOW,1
5048,8a03a6,GIA901,2025-12-29 07:24:06,0.0,94.47052322720138,2.211790709119447,LOW,1
5049,8a03a6,GIA901,2025-12-30 07:18:12,0.0,88.07459664822333,4.770161340710667,LOW,1
5050,8a0452,GIA991,2025-12-28 23:58:46,0.0,97.229871804197,1.1080512783211987,LOW,1
5051,8a0452,GIA991,2025-12-29 23:28:38,0.0,98.20086487031374,0.7196540518745054,LOW,1
5052,8a04f7,GIA983,2025-12-29 06:14:08,0.0,89.92858814824412,4.028564740702353,LOW,1
5053,8a04f7,GIA982,2025-12-29 18:13:07,0.0,96.9876990978937,1.2049203608425216,LOW,1
5054,8a04f7,GIA983,2025-12-30 06:08:34,0.0,95.40485784666669,1.8380568613333255,LOW,1
5055,8a0536,GIA981,2025-12-29 04:14:05,0.0,97.0123225833508,1.1950709666596822,LOW,1
5056,8a0536,GIA969,2025-12-30 02:08:35,0.0,93.84361347032646,2.4625546118694164,LOW,1
5057,8a0537,GIA088,2025-12-29 04:44:07,0.0,93.9023273112407,2.4390690755037214,LOW,1
5058,8a0537,GIA089,2025-12-30 04:28:41,0.0,97.3080034916296,1.0767986033481578,LOW,1
5059,8a0576,LNI113,2025-12-30 07:48:33,0.0,97.45892575818971,1.016429696724117,LOW,1
5060,8a0577,LNI081,2025-12-29 03:44:06,0.0,88.02277272559047,4.790890909763812,LOW,1
5061,8a0577,LNI085,2025-12-30 04:28:41,0.0,98.63368039161342,0.5465278433546302,LOW,1
5062,8a0578,LNI111,2025-12-29 04:44:07,0.0,99.10072194083558,0.3597112236657665,LOW,1
5063,8a0579,GIA969,2025-12-29 00:28:46,0.0,98.40911468351614,0.6363541265935453,LOW,1
5064,8a0579,GIA981,2025-12-30 01:48:39,0.0,94.40773203266406,2.2369071869343773,LOW,1
5065,8a0816,LNI093,2025-12-30 01:48:39,0.0,99.00820928333907,0.39671628666437186,LOW,1
5066,8a083c,LNI107,2025-12-29 07:04:08,0.0,99.20856890639465,0.3165724374421416,LOW,1
5067,8a08b2,LNI105,2025-12-29 04:34:06,0.0,99.2453902489447,0.30184390042211934,LOW,1
5068,8a0a13,UBG338,2025-12-29 00:18:37,0.0,61.34628017447798,15.461487930208808,LOW,1
5069,8a0a13,UBG217,2025-12-29 09:14:08,0.0,76.87960839784353,9.24815664086259,LOW,1
5070,8a0a13,UBG349,2025-12-29 17:01:38,0.0,49.72694592145149,20.109221631419405,LOW,1
5071,8a0a13,UBG349,2025-12-29 18:35:17,0.0,69.02885178372236,12.388459286511058,LOW,1
5072,8a0a13,UBG350,2025-12-30 05:18:34,0.0,70.33721457727506,11.865114169089976,LOW,1
5073,8a0a13,UBG350,2025-12-30 07:28:36,0.0,61.799329236565974,15.28026830537361,LOW,1
5074,8a0a13,UBG315,2025-12-30 09:28:35,0.0,69.01646403985815,12.39341438405674,LOW,1
5075,a1efdd,N224A,2025-12-30 03:18:38,0.0,11.309031264614738,35.47638749415411,MEDIUM,-1
5076,a22d9f,UAL83,2025-12-29 01:24:06,35.0,53.36628898148254,39.653484407406985,MEDIUM,1
5077,a31a50,UAL83,2025-12-30 02:58:37,0.0,82.22034855084227,7.111860579663091,LOW,1
5078,a548ec,N44GT,2025-12-29 00:54:10,0.0,16.85520305970133,33.257918776119475,MEDIUM,-1
5079,a6aec0,N53GX,2025-12-28 23:48:41,0.0,88.52432535290365,4.590269858838542,LOW,1
5080,a7dba2,UPS24,2025-12-29 18:45:15,0.0,89.71940534581717,4.112237861673134,LOW,1
5081,a7dba2,UPS15,2025-12-30 06:28:37,0.0,53.49520954987685,18.601916180049262,LOW,1
5082,a81f7b,UPS9,2025-12-30 07:48:33,0.0,79.14215591869932,8.343137632520273,LOW,1
5083,a82cbb,N626CB,2025-12-30 04:08:35,0.0,18.753873306785998,32.4984506772856,MEDIUM,-1
5084,a96f37,GTI308,2025-12-30 02:58:37,0.0,87.57044568049042,4.971821727803832,LOW,1
5085,a97677,ARHD28,2025-12-29 15:51:45,0.0,41.06603750194818,23.573584999220728,LOW,-1
5086,a97677,ARHD21,2025-12-30 09:38:37,0.0,34.435188106476076,26.225924757409572,LOW,-1
5087,aa3086,NCR561,2025-12-29 15:51:45,0.0,95.38924235527075,1.844303057891699,LOW,1
5088,aa5f0e,N7678W,2025-12-30 01:58:37,0.0,23.37125868135852,30.651496527456597,MEDIUM,-1
5089,ab7268,AAL293,2025-12-30 00:58:38,25.0,54.75656453919234,33.097374184323066,MEDIUM,1
5090,ab8b7f,FDX5030,2025-12-30 06:58:37,0.0,90.02204884892973,3.991180460428109,LOW,1
5091,ab8f36,FDX6092,2025-12-30 07:18:12,0.0,79.98949247490543,8.004203010037827,LOW,1
5092,ab8f36,FDX6092,2025-12-30 10:08:34,0.0,78.42174404535045,8.63130238185982,LOW,1
5093,abda7d,FDX8,2025-12-30 08:18:37,35.0,58.64218721074485,37.54312511570206,MEDIUM,1
5094,ac45d5,FDX5124,2025-12-29 16:11:36,0.0,93.07086935453381,2.7716522581864753,LOW,1
5095,ac498c,FDX5279,2025-12-30 05:58:33,0.0,52.72547000803336,18.909811996786654,LOW,1
5096,ac498c,FDX5279,2025-12-30 10:18:36,0.0,79.56690567127568,8.17323773148973,LOW,1
5097,ac5c1f,FDX5272,2025-12-29 10:24:06,0.0,76.15135962965492,9.539456148138033,LOW,1
5098,c01040,ACA51,2025-12-30 01:58:37,10.0,75.73231844465141,15.707072622139435,LOW,1
5099,c01729,ACA43,2025-12-28 23:58:46,25.0,54.63858603329711,33.14456558668115,MEDIUM,1
5100,c02ee7,ACA51,2025-12-29 01:04:06,35.0,61.4173999924048,36.43304000303808,MEDIUM,1
5101,c058be,ACA856,2025-12-30 01:58:37,10.0,67.15337015180891,19.138651939276436,LOW,1
